source,frame_index,visible,x1,y1,x2,y2,note
/Users/bround/Desktop/Датасеты/Dataset_Mendeley_data/Unlabelled _UAV_Videos/Flight Test 2/FT2_complete_unprocessed_videos/2023-11-23 14-56-24.mp4,0,0,,,,,invisible
/Users/bround/Desktop/Датасеты/Dataset_Mendeley_data/Unlabelled _UAV_Videos/Flight Test 2/FT2_complete_unprocessed_videos/2023-11-23 14-56-24.mp4,1,0,,,,,invisible
/Users/bround/Desktop/Датасеты/Dataset_Mendeley_data/Unlabelled _UAV_Videos/Flight Test 2/FT2_complete_unprocessed_videos/2023-11-23 14-56-24.mp4,2,0,,,,,invisible
/Users/bround/Desktop/Датасеты/Dataset_Mendeley_data/Unlabelled _UAV_Videos/Flight Test 2/FT2_complete_unprocessed_videos/2023-11-23 14-56-24.mp4,3,0,,,,,invisible
/Users/bround/Desktop/Датасеты/Dataset_Mendeley_data/Unlabelled _UAV_Videos/Flight Test 2/FT2_complete_unprocessed_videos/2023-11-23 14-56-24.mp4,4,0,,,,,invisible
/Users/bround/Desktop/Датасеты/Dataset_Mendeley_data/Unlabelled _UAV_Videos/Flight Test 2/FT2_complete_unprocessed_videos/2023-11-23 14-56-24.mp4,5,0,,,,,invisible
/Users/bround/Desktop/Датасеты/Dataset_Mendeley_data/Unlabelled _UAV_Videos/Flight Test 2/FT2_complete_unprocessed_videos/2023-11-23 14-56-24.mp4,6,0,,,,,invisible
/Users/bround/Desktop/Датасеты/Dataset_Mendeley_data/Unlabelled _UAV_Videos/Flight Test 2/FT2_complete_unprocessed_videos/2023-11-23 14-56-24.mp4,7,0,,,,,invisible
/Users/bround/Desktop/Датасеты/Dataset_Mendeley_data/Unlabelled _UAV_Videos/Flight Test 2/FT2_complete_unprocessed_videos/2023-11-23 14-56-24.mp4,8,0,,,,,invisible
/Users/bround/Desktop/Датасеты/Dataset_Mendeley_data/Unlabelled _UAV_Videos/Flight Test 2/FT2_complete_unprocessed_videos/2023-11-23 14-56-24.mp4,9,0,,,,,invisible
/Users/bround/Desktop/Датасеты/Dataset_Mendeley_data/Unlabelled _UAV_Videos/Flight Test 2/FT2_complete_unprocessed_videos/2023-11-23 14-56-24.mp4,10,0,,,,,invisible
/Users/bround/Desktop/Датасеты/Dataset_Mendeley_data/Unlabelled _UAV_Videos/Flight Test 2/FT2_complete_unprocessed_videos/2023-11-23 14-56-24.mp4,11,0,,,,,invisible
/Users/bround/Desktop/Датасеты/Dataset_Mendeley_data/Unlabelled _UAV_Videos/Flight Test 2/FT2_complete_unprocessed_videos/2023-11-23 14-56-24.mp4,12,0,,,,,invisible
/Users/bround/Desktop/Датасеты/Dataset_Mendeley_data/Unlabelled _UAV_Videos/Flight Test 2/FT2_complete_unprocessed_videos/2023-11-23 14-56-24.mp4,13,0,,,,,invisible
/Users/bround/Desktop/Датасеты/Dataset_Mendeley_data/Unlabelled _UAV_Videos/Flight Test 2/FT2_complete_unprocessed_videos/2023-11-23 14-56-24.mp4,54,0,,,,,invisible
/Users/bround/Desktop/Датасеты/Dataset_Mendeley_data/Unlabelled _UAV_Videos/Flight Test 2/FT2_complete_unprocessed_videos/2023-11-23 14-56-24.mp4,68,0,,,,,invisible
/Users/bround/Desktop/Датасеты/Dataset_Mendeley_data/Unlabelled _UAV_Videos/Flight Test 2/FT2_complete_unprocessed_videos/2023-11-23 14-56-24.mp4,76,0,,,,,invisible
/Users/bround/Desktop/Датасеты/Dataset_Mendeley_data/Unlabelled _UAV_Videos/Flight Test 2/FT2_complete_unprocessed_videos/2023-11-23 14-56-24.mp4,85,0,,,,,invisible
/Users/bround/Desktop/Датасеты/Dataset_Mendeley_data/Unlabelled _UAV_Videos/Flight Test 2/FT2_complete_unprocessed_videos/2023-11-23 14-56-24.mp4,100,1,12,238,56,265,manual
/Users/bround/Desktop/Датасеты/Dataset_Mendeley_data/Unlabelled _UAV_Videos/Flight Test 2/FT2_complete_unprocessed_videos/2023-11-23 14-56-24.mp4,102,1,12,167,56,194,propagated:0.853
/Users/bround/Desktop/Датасеты/Dataset_Mendeley_data/Unlabelled _UAV_Videos/Flight Test 2/FT2_complete_unprocessed_videos/2023-11-23 14-56-24.mp4,103,1,12,183,56,210,propagated:0.891
/Users/bround/Desktop/Датасеты/Dataset_Mendeley_data/Unlabelled _UAV_Videos/Flight Test 2/FT2_complete_unprocessed_videos/2023-11-23 14-56-24.mp4,104,1,12,142,56,169,propagated:0.921
/Users/bround/Desktop/Датасеты/Dataset_Mendeley_data/Unlabelled _UAV_Videos/Flight Test 2/FT2_complete_unprocessed_videos/2023-11-23 14-56-24.mp4,105,1,12,156,56,183,propagated:0.943
/Users/bround/Desktop/Датасеты/Dataset_Mendeley_data/Unlabelled _UAV_Videos/Flight Test 2/FT2_complete_unprocessed_videos/2023-11-23 14-56-24.mp4,106,1,12,156,56,183,propagated:0.959
/Users/bround/Desktop/Датасеты/Dataset_Mendeley_data/Unlabelled _UAV_Videos/Flight Test 2/FT2_complete_unprocessed_videos/2023-11-23 14-56-24.mp4,107,1,12,156,56,183,propagated:0.971
/Users/bround/Desktop/Датасеты/Dataset_Mendeley_data/Unlabelled _UAV_Videos/Flight Test 2/FT2_complete_unprocessed_videos/2023-11-23 14-56-24.mp4,108,1,12,156,56,183,propagated:0.979
/Users/bround/Desktop/Датасеты/Dataset_Mendeley_data/Unlabelled _UAV_Videos/Flight Test 2/FT2_complete_unprocessed_videos/2023-11-23 14-56-24.mp4,109,1,12,156,56,183,propagated:0.985
/Users/bround/Desktop/Датасеты/Dataset_Mendeley_data/Unlabelled _UAV_Videos/Flight Test 2/FT2_complete_unprocessed_videos/2023-11-23 14-56-24.mp4,110,1,12,158,56,185,propagated:0.989
/Users/bround/Desktop/Датасеты/Dataset_Mendeley_data/Unlabelled _UAV_Videos/Flight Test 2/FT2_complete_unprocessed_videos/2023-11-23 14-56-24.mp4,111,1,56,239,108,266,manual
/Users/bround/Desktop/Датасеты/Dataset_Mendeley_data/Unlabelled _UAV_Videos/Flight Test 2/FT2_complete_unprocessed_videos/2023-11-23 14-56-24.mp4,113,1,60,234,112,261,propagated:0.987
/Users/bround/Desktop/Датасеты/Dataset_Mendeley_data/Unlabelled _UAV_Videos/Flight Test 2/FT2_complete_unprocessed_videos/2023-11-23 14-56-24.mp4,114,1,67,226,119,253,propagated:0.934
/Users/bround/Desktop/Датасеты/Dataset_Mendeley_data/Unlabelled _UAV_Videos/Flight Test 2/FT2_complete_unprocessed_videos/2023-11-23 14-56-24.mp4,115,1,76,221,128,248,propagated:0.931
/Users/bround/Desktop/Датасеты/Dataset_Mendeley_data/Unlabelled _UAV_Videos/Flight Test 2/FT2_complete_unprocessed_videos/2023-11-23 14-56-24.mp4,116,1,85,216,137,243,propagated:0.808
/Users/bround/Desktop/Датасеты/Dataset_Mendeley_data/Unlabelled _UAV_Videos/Flight Test 2/FT2_complete_unprocessed_videos/2023-11-23 14-56-24.mp4,117,1,99,213,151,240,propagated:0.861
/Users/bround/Desktop/Датасеты/Dataset_Mendeley_data/Unlabelled _UAV_Videos/Flight Test 2/FT2_complete_unprocessed_videos/2023-11-23 14-56-24.mp4,118,1,114,209,166,236,propagated:0.894
/Users/bround/Desktop/Датасеты/Dataset_Mendeley_data/Unlabelled _UAV_Videos/Flight Test 2/FT2_complete_unprocessed_videos/2023-11-23 14-56-24.mp4,119,1,123,203,175,230,propagated:0.921
/Users/bround/Desktop/Датасеты/Dataset_Mendeley_data/Unlabelled _UAV_Videos/Flight Test 2/FT2_complete_unprocessed_videos/2023-11-23 14-56-24.mp4,120,1,131,198,183,225,propagated:0.903
/Users/bround/Desktop/Датасеты/Dataset_Mendeley_data/Unlabelled _UAV_Videos/Flight Test 2/FT2_complete_unprocessed_videos/2023-11-23 14-56-24.mp4,121,1,138,195,190,222,propagated:0.919
/Users/bround/Desktop/Датасеты/Dataset_Mendeley_data/Unlabelled _UAV_Videos/Flight Test 2/FT2_complete_unprocessed_videos/2023-11-23 14-56-24.mp4,122,1,143,197,195,224,propagated:0.919
/Users/bround/Desktop/Датасеты/Dataset_Mendeley_data/Unlabelled _UAV_Videos/Flight Test 2/FT2_complete_unprocessed_videos/2023-11-23 14-56-24.mp4,123,1,145,202,197,229,propagated:0.939
/Users/bround/Desktop/Датасеты/Dataset_Mendeley_data/Unlabelled _UAV_Videos/Flight Test 2/FT2_complete_unprocessed_videos/2023-11-23 14-56-24.mp4,124,1,146,206,198,233,propagated:0.933
/Users/bround/Desktop/Датасеты/Dataset_Mendeley_data/Unlabelled _UAV_Videos/Flight Test 2/FT2_complete_unprocessed_videos/2023-11-23 14-56-24.mp4,125,1,148,210,200,237,propagated:0.918
/Users/bround/Desktop/Датасеты/Dataset_Mendeley_data/Unlabelled _UAV_Videos/Flight Test 2/FT2_complete_unprocessed_videos/2023-11-23 14-56-24.mp4,126,1,150,212,202,239,propagated:0.923
/Users/bround/Desktop/Датасеты/Dataset_Mendeley_data/Unlabelled _UAV_Videos/Flight Test 2/FT2_complete_unprocessed_videos/2023-11-23 14-56-24.mp4,127,1,155,213,207,240,propagated:0.929
/Users/bround/Desktop/Датасеты/Dataset_Mendeley_data/Unlabelled _UAV_Videos/Flight Test 2/FT2_complete_unprocessed_videos/2023-11-23 14-56-24.mp4,128,1,161,214,213,241,propagated:0.925
/Users/bround/Desktop/Датасеты/Dataset_Mendeley_data/Unlabelled _UAV_Videos/Flight Test 2/FT2_complete_unprocessed_videos/2023-11-23 14-56-24.mp4,129,1,167,215,219,242,propagated:0.934
/Users/bround/Desktop/Датасеты/Dataset_Mendeley_data/Unlabelled _UAV_Videos/Flight Test 2/FT2_complete_unprocessed_videos/2023-11-23 14-56-24.mp4,130,1,175,216,227,243,propagated:0.913
/Users/bround/Desktop/Датасеты/Dataset_Mendeley_data/Unlabelled _UAV_Videos/Flight Test 2/FT2_complete_unprocessed_videos/2023-11-23 14-56-24.mp4,131,1,180,216,232,243,propagated:0.938
/Users/bround/Desktop/Датасеты/Dataset_Mendeley_data/Unlabelled _UAV_Videos/Flight Test 2/FT2_complete_unprocessed_videos/2023-11-23 14-56-24.mp4,132,1,186,221,238,248,propagated:0.940
/Users/bround/Desktop/Датасеты/Dataset_Mendeley_data/Unlabelled _UAV_Videos/Flight Test 2/FT2_complete_unprocessed_videos/2023-11-23 14-56-24.mp4,133,1,192,227,244,254,propagated:0.959
/Users/bround/Desktop/Датасеты/Dataset_Mendeley_data/Unlabelled _UAV_Videos/Flight Test 2/FT2_complete_unprocessed_videos/2023-11-23 14-56-24.mp4,134,1,197,233,249,260,propagated:0.990
/Users/bround/Desktop/Датасеты/Dataset_Mendeley_data/Unlabelled _UAV_Videos/Flight Test 2/FT2_complete_unprocessed_videos/2023-11-23 14-56-24.mp4,135,1,201,236,253,263,propagated:0.972
/Users/bround/Desktop/Датасеты/Dataset_Mendeley_data/Unlabelled _UAV_Videos/Flight Test 2/FT2_complete_unprocessed_videos/2023-11-23 14-56-24.mp4,136,1,203,239,255,266,propagated:0.984
/Users/bround/Desktop/Датасеты/Dataset_Mendeley_data/Unlabelled _UAV_Videos/Flight Test 2/FT2_complete_unprocessed_videos/2023-11-23 14-56-24.mp4,137,1,207,243,259,270,propagated:0.967
/Users/bround/Desktop/Датасеты/Dataset_Mendeley_data/Unlabelled _UAV_Videos/Flight Test 2/FT2_complete_unprocessed_videos/2023-11-23 14-56-24.mp4,138,1,212,247,264,274,propagated:0.979
/Users/bround/Desktop/Датасеты/Dataset_Mendeley_data/Unlabelled _UAV_Videos/Flight Test 2/FT2_complete_unprocessed_videos/2023-11-23 14-56-24.mp4,139,1,218,249,270,276,propagated:0.988
/Users/bround/Desktop/Датасеты/Dataset_Mendeley_data/Unlabelled _UAV_Videos/Flight Test 2/FT2_complete_unprocessed_videos/2023-11-23 14-56-24.mp4,140,1,227,249,279,276,propagated:0.976
/Users/bround/Desktop/Датасеты/Dataset_Mendeley_data/Unlabelled _UAV_Videos/Flight Test 2/FT2_complete_unprocessed_videos/2023-11-23 14-56-24.mp4,141,1,236,248,288,275,propagated:0.977
/Users/bround/Desktop/Датасеты/Dataset_Mendeley_data/Unlabelled _UAV_Videos/Flight Test 2/FT2_complete_unprocessed_videos/2023-11-23 14-56-24.mp4,142,1,245,247,297,274,propagated:0.947
/Users/bround/Desktop/Датасеты/Dataset_Mendeley_data/Unlabelled _UAV_Videos/Flight Test 2/FT2_complete_unprocessed_videos/2023-11-23 14-56-24.mp4,143,1,252,246,304,273,propagated:0.989
/Users/bround/Desktop/Датасеты/Dataset_Mendeley_data/Unlabelled _UAV_Videos/Flight Test 2/FT2_complete_unprocessed_videos/2023-11-23 14-56-24.mp4,144,1,257,248,309,275,propagated:0.962
/Users/bround/Desktop/Датасеты/Dataset_Mendeley_data/Unlabelled _UAV_Videos/Flight Test 2/FT2_complete_unprocessed_videos/2023-11-23 14-56-24.mp4,145,1,259,252,311,279,propagated:0.973
/Users/bround/Desktop/Датасеты/Dataset_Mendeley_data/Unlabelled _UAV_Videos/Flight Test 2/FT2_complete_unprocessed_videos/2023-11-23 14-56-24.mp4,146,1,261,254,313,281,propagated:0.967
/Users/bround/Desktop/Датасеты/Dataset_Mendeley_data/Unlabelled _UAV_Videos/Flight Test 2/FT2_complete_unprocessed_videos/2023-11-23 14-56-24.mp4,147,1,265,255,317,282,propagated:0.953
/Users/bround/Desktop/Датасеты/Dataset_Mendeley_data/Unlabelled _UAV_Videos/Flight Test 2/FT2_complete_unprocessed_videos/2023-11-23 14-56-24.mp4,148,1,272,255,324,282,propagated:0.941
/Users/bround/Desktop/Датасеты/Dataset_Mendeley_data/Unlabelled _UAV_Videos/Flight Test 2/FT2_complete_unprocessed_videos/2023-11-23 14-56-24.mp4,149,1,280,257,332,284,propagated:0.963
/Users/bround/Desktop/Датасеты/Dataset_Mendeley_data/Unlabelled _UAV_Videos/Flight Test 2/FT2_complete_unprocessed_videos/2023-11-23 14-56-24.mp4,150,1,290,260,342,287,propagated:0.948
/Users/bround/Desktop/Датасеты/Dataset_Mendeley_data/Unlabelled _UAV_Videos/Flight Test 2/FT2_complete_unprocessed_videos/2023-11-23 14-56-24.mp4,151,1,294,263,346,290,propagated:0.951
/Users/bround/Desktop/Датасеты/Dataset_Mendeley_data/Unlabelled _UAV_Videos/Flight Test 2/FT2_complete_unprocessed_videos/2023-11-23 14-56-24.mp4,152,1,297,265,349,292,propagated:0.972
/Users/bround/Desktop/Датасеты/Dataset_Mendeley_data/Unlabelled _UAV_Videos/Flight Test 2/FT2_complete_unprocessed_videos/2023-11-23 14-56-24.mp4,153,1,297,267,349,294,propagated:0.991
/Users/bround/Desktop/Датасеты/Dataset_Mendeley_data/Unlabelled _UAV_Videos/Flight Test 2/FT2_complete_unprocessed_videos/2023-11-23 14-56-24.mp4,154,1,297,271,349,298,propagated:0.993
/Users/bround/Desktop/Датасеты/Dataset_Mendeley_data/Unlabelled _UAV_Videos/Flight Test 2/FT2_complete_unprocessed_videos/2023-11-23 14-56-24.mp4,155,1,297,276,349,303,propagated:0.985
/Users/bround/Desktop/Датасеты/Dataset_Mendeley_data/Unlabelled _UAV_Videos/Flight Test 2/FT2_complete_unprocessed_videos/2023-11-23 14-56-24.mp4,156,1,297,283,349,310,propagated:0.978
/Users/bround/Desktop/Датасеты/Dataset_Mendeley_data/Unlabelled _UAV_Videos/Flight Test 2/FT2_complete_unprocessed_videos/2023-11-23 14-56-24.mp4,157,1,297,291,349,318,propagated:0.972
/Users/bround/Desktop/Датасеты/Dataset_Mendeley_data/Unlabelled _UAV_Videos/Flight Test 2/FT2_complete_unprocessed_videos/2023-11-23 14-56-24.mp4,158,1,298,299,350,326,propagated:0.978
/Users/bround/Desktop/Датасеты/Dataset_Mendeley_data/Unlabelled _UAV_Videos/Flight Test 2/FT2_complete_unprocessed_videos/2023-11-23 14-56-24.mp4,159,1,300,303,352,330,propagated:0.981
/Users/bround/Desktop/Датасеты/Dataset_Mendeley_data/Unlabelled _UAV_Videos/Flight Test 2/FT2_complete_unprocessed_videos/2023-11-23 14-56-24.mp4,160,1,306,308,358,335,propagated:0.973
/Users/bround/Desktop/Датасеты/Dataset_Mendeley_data/Unlabelled _UAV_Videos/Flight Test 2/FT2_complete_unprocessed_videos/2023-11-23 14-56-24.mp4,161,1,316,317,368,344,propagated:0.971
/Users/bround/Desktop/Датасеты/Dataset_Mendeley_data/Unlabelled _UAV_Videos/Flight Test 2/FT2_complete_unprocessed_videos/2023-11-23 14-56-24.mp4,162,1,327,331,379,358,propagated:0.964
/Users/bround/Desktop/Датасеты/Dataset_Mendeley_data/Unlabelled _UAV_Videos/Flight Test 2/FT2_complete_unprocessed_videos/2023-11-23 14-56-24.mp4,163,1,338,346,390,373,propagated:0.972
/Users/bround/Desktop/Датасеты/Dataset_Mendeley_data/Unlabelled _UAV_Videos/Flight Test 2/FT2_complete_unprocessed_videos/2023-11-23 14-56-24.mp4,164,1,345,357,397,384,propagated:0.990
/Users/bround/Desktop/Датасеты/Dataset_Mendeley_data/Unlabelled _UAV_Videos/Flight Test 2/FT2_complete_unprocessed_videos/2023-11-23 14-56-24.mp4,165,1,349,366,401,393,propagated:0.984
/Users/bround/Desktop/Датасеты/Dataset_Mendeley_data/Unlabelled _UAV_Videos/Flight Test 2/FT2_complete_unprocessed_videos/2023-11-23 14-56-24.mp4,166,1,350,372,402,399,propagated:0.976
/Users/bround/Desktop/Датасеты/Dataset_Mendeley_data/Unlabelled _UAV_Videos/Flight Test 2/FT2_complete_unprocessed_videos/2023-11-23 14-56-24.mp4,167,1,351,377,403,404,propagated:0.967
/Users/bround/Desktop/Датасеты/Dataset_Mendeley_data/Unlabelled _UAV_Videos/Flight Test 2/FT2_complete_unprocessed_videos/2023-11-23 14-56-24.mp4,168,1,353,383,405,410,propagated:0.966
/Users/bround/Desktop/Датасеты/Dataset_Mendeley_data/Unlabelled _UAV_Videos/Flight Test 2/FT2_complete_unprocessed_videos/2023-11-23 14-56-24.mp4,169,1,354,389,406,416,propagated:0.991
/Users/bround/Desktop/Датасеты/Dataset_Mendeley_data/Unlabelled _UAV_Videos/Flight Test 2/FT2_complete_unprocessed_videos/2023-11-23 14-56-24.mp4,170,1,357,396,409,423,propagated:0.985
/Users/bround/Desktop/Датасеты/Dataset_Mendeley_data/Unlabelled _UAV_Videos/Flight Test 2/FT2_complete_unprocessed_videos/2023-11-23 14-56-24.mp4,171,1,361,403,413,430,propagated:0.991
/Users/bround/Desktop/Датасеты/Dataset_Mendeley_data/Unlabelled _UAV_Videos/Flight Test 2/FT2_complete_unprocessed_videos/2023-11-23 14-56-24.mp4,172,1,366,410,418,437,propagated:0.976
/Users/bround/Desktop/Датасеты/Dataset_Mendeley_data/Unlabelled _UAV_Videos/Flight Test 2/FT2_complete_unprocessed_videos/2023-11-23 14-56-24.mp4,173,1,372,418,424,445,propagated:0.974
/Users/bround/Desktop/Датасеты/Dataset_Mendeley_data/Unlabelled _UAV_Videos/Flight Test 2/FT2_complete_unprocessed_videos/2023-11-23 14-56-24.mp4,174,1,384,428,436,455,propagated:0.985
/Users/bround/Desktop/Датасеты/Dataset_Mendeley_data/Unlabelled _UAV_Videos/Flight Test 2/FT2_complete_unprocessed_videos/2023-11-23 14-56-24.mp4,175,1,396,438,448,465,propagated:0.975
/Users/bround/Desktop/Датасеты/Dataset_Mendeley_data/Unlabelled _UAV_Videos/Flight Test 2/FT2_complete_unprocessed_videos/2023-11-23 14-56-24.mp4,176,1,404,446,456,473,propagated:0.961
/Users/bround/Desktop/Датасеты/Dataset_Mendeley_data/Unlabelled _UAV_Videos/Flight Test 2/FT2_complete_unprocessed_videos/2023-11-23 14-56-24.mp4,177,1,409,451,461,478,propagated:0.989
/Users/bround/Desktop/Датасеты/Dataset_Mendeley_data/Unlabelled _UAV_Videos/Flight Test 2/FT2_complete_unprocessed_videos/2023-11-23 14-56-24.mp4,178,1,413,458,465,485,propagated:0.973
/Users/bround/Desktop/Датасеты/Dataset_Mendeley_data/Unlabelled _UAV_Videos/Flight Test 2/FT2_complete_unprocessed_videos/2023-11-23 14-56-24.mp4,179,1,414,468,466,495,propagated:0.982
/Users/bround/Desktop/Датасеты/Dataset_Mendeley_data/Unlabelled _UAV_Videos/Flight Test 2/FT2_complete_unprocessed_videos/2023-11-23 14-56-24.mp4,180,1,414,473,466,500,propagated:0.988
/Users/bround/Desktop/Датасеты/Dataset_Mendeley_data/Unlabelled _UAV_Videos/Flight Test 2/FT2_complete_unprocessed_videos/2023-11-23 14-56-24.mp4,181,1,414,475,466,502,propagated:0.978
/Users/bround/Desktop/Датасеты/Dataset_Mendeley_data/Unlabelled _UAV_Videos/Flight Test 2/FT2_complete_unprocessed_videos/2023-11-23 14-56-24.mp4,182,1,414,482,466,509,propagated:0.978
/Users/bround/Desktop/Датасеты/Dataset_Mendeley_data/Unlabelled _UAV_Videos/Flight Test 2/FT2_complete_unprocessed_videos/2023-11-23 14-56-24.mp4,183,1,414,492,466,519,propagated:0.970
/Users/bround/Desktop/Датасеты/Dataset_Mendeley_data/Unlabelled _UAV_Videos/Flight Test 2/FT2_complete_unprocessed_videos/2023-11-23 14-56-24.mp4,184,1,414,504,466,531,propagated:0.991
/Users/bround/Desktop/Датасеты/Dataset_Mendeley_data/Unlabelled _UAV_Videos/Flight Test 2/FT2_complete_unprocessed_videos/2023-11-23 14-56-24.mp4,185,1,408,523,460,550,propagated:0.980
/Users/bround/Desktop/Датасеты/Dataset_Mendeley_data/Unlabelled _UAV_Videos/Flight Test 2/FT2_complete_unprocessed_videos/2023-11-23 14-56-24.mp4,186,1,404,537,456,564,propagated:0.978
/Users/bround/Desktop/Датасеты/Dataset_Mendeley_data/Unlabelled _UAV_Videos/Flight Test 2/FT2_complete_unprocessed_videos/2023-11-23 14-56-24.mp4,187,1,403,543,455,570,propagated:0.978
/Users/bround/Desktop/Датасеты/Dataset_Mendeley_data/Unlabelled _UAV_Videos/Flight Test 2/FT2_complete_unprocessed_videos/2023-11-23 14-56-24.mp4,188,1,404,552,456,579,propagated:0.989
/Users/bround/Desktop/Датасеты/Dataset_Mendeley_data/Unlabelled _UAV_Videos/Flight Test 2/FT2_complete_unprocessed_videos/2023-11-23 14-56-24.mp4,189,1,404,557,456,584,propagated:0.985
/Users/bround/Desktop/Датасеты/Dataset_Mendeley_data/Unlabelled _UAV_Videos/Flight Test 2/FT2_complete_unprocessed_videos/2023-11-23 14-56-24.mp4,190,1,405,559,457,586,propagated:0.977
/Users/bround/Desktop/Датасеты/Dataset_Mendeley_data/Unlabelled _UAV_Videos/Flight Test 2/FT2_complete_unprocessed_videos/2023-11-23 14-56-24.mp4,191,1,405,564,457,591,propagated:0.986
/Users/bround/Desktop/Датасеты/Dataset_Mendeley_data/Unlabelled _UAV_Videos/Flight Test 2/FT2_complete_unprocessed_videos/2023-11-23 14-56-24.mp4,192,1,406,567,458,594,propagated:0.971
/Users/bround/Desktop/Датасеты/Dataset_Mendeley_data/Unlabelled _UAV_Videos/Flight Test 2/FT2_complete_unprocessed_videos/2023-11-23 14-56-24.mp4,193,1,407,570,459,597,propagated:0.977
/Users/bround/Desktop/Датасеты/Dataset_Mendeley_data/Unlabelled _UAV_Videos/Flight Test 2/FT2_complete_unprocessed_videos/2023-11-23 14-56-24.mp4,194,1,408,570,460,597,propagated:0.987
/Users/bround/Desktop/Датасеты/Dataset_Mendeley_data/Unlabelled _UAV_Videos/Flight Test 2/FT2_complete_unprocessed_videos/2023-11-23 14-56-24.mp4,195,1,408,564,460,591,propagated:0.992
/Users/bround/Desktop/Датасеты/Dataset_Mendeley_data/Unlabelled _UAV_Videos/Flight Test 2/FT2_complete_unprocessed_videos/2023-11-23 14-56-24.mp4,196,1,409,558,461,585,propagated:0.978
/Users/bround/Desktop/Датасеты/Dataset_Mendeley_data/Unlabelled _UAV_Videos/Flight Test 2/FT2_complete_unprocessed_videos/2023-11-23 14-56-24.mp4,197,1,410,550,462,577,propagated:0.962
/Users/bround/Desktop/Датасеты/Dataset_Mendeley_data/Unlabelled _UAV_Videos/Flight Test 2/FT2_complete_unprocessed_videos/2023-11-23 14-56-24.mp4,198,1,410,546,462,573,propagated:0.979
/Users/bround/Desktop/Датасеты/Dataset_Mendeley_data/Unlabelled _UAV_Videos/Flight Test 2/FT2_complete_unprocessed_videos/2023-11-23 14-56-24.mp4,199,1,411,543,463,570,propagated:0.981
/Users/bround/Desktop/Датасеты/Dataset_Mendeley_data/Unlabelled _UAV_Videos/Flight Test 2/FT2_complete_unprocessed_videos/2023-11-23 14-56-24.mp4,200,1,411,539,463,566,propagated:0.983
/Users/bround/Desktop/Датасеты/Dataset_Mendeley_data/Unlabelled _UAV_Videos/Flight Test 2/FT2_complete_unprocessed_videos/2023-11-23 14-56-24.mp4,201,1,412,538,464,565,propagated:0.976
/Users/bround/Desktop/Датасеты/Dataset_Mendeley_data/Unlabelled _UAV_Videos/Flight Test 2/FT2_complete_unprocessed_videos/2023-11-23 14-56-24.mp4,202,1,412,537,464,564,propagated:0.959
/Users/bround/Desktop/Датасеты/Dataset_Mendeley_data/Unlabelled _UAV_Videos/Flight Test 2/FT2_complete_unprocessed_videos/2023-11-23 14-56-24.mp4,203,1,413,533,465,560,propagated:0.981
/Users/bround/Desktop/Датасеты/Dataset_Mendeley_data/Unlabelled _UAV_Videos/Flight Test 2/FT2_complete_unprocessed_videos/2023-11-23 14-56-24.mp4,204,1,414,526,466,553,propagated:0.977
/Users/bround/Desktop/Датасеты/Dataset_Mendeley_data/Unlabelled _UAV_Videos/Flight Test 2/FT2_complete_unprocessed_videos/2023-11-23 14-56-24.mp4,205,1,414,519,466,546,propagated:0.990
/Users/bround/Desktop/Датасеты/Dataset_Mendeley_data/Unlabelled _UAV_Videos/Flight Test 2/FT2_complete_unprocessed_videos/2023-11-23 14-56-24.mp4,206,1,415,517,467,544,propagated:0.985
/Users/bround/Desktop/Датасеты/Dataset_Mendeley_data/Unlabelled _UAV_Videos/Flight Test 2/FT2_complete_unprocessed_videos/2023-11-23 14-56-24.mp4,207,1,415,518,467,545,propagated:0.981
/Users/bround/Desktop/Датасеты/Dataset_Mendeley_data/Unlabelled _UAV_Videos/Flight Test 2/FT2_complete_unprocessed_videos/2023-11-23 14-56-24.mp4,208,1,416,519,468,546,propagated:0.980
/Users/bround/Desktop/Датасеты/Dataset_Mendeley_data/Unlabelled _UAV_Videos/Flight Test 2/FT2_complete_unprocessed_videos/2023-11-23 14-56-24.mp4,209,1,416,520,468,547,propagated:0.970
/Users/bround/Desktop/Датасеты/Dataset_Mendeley_data/Unlabelled _UAV_Videos/Flight Test 2/FT2_complete_unprocessed_videos/2023-11-23 14-56-24.mp4,210,1,417,521,469,548,propagated:0.966
/Users/bround/Desktop/Датасеты/Dataset_Mendeley_data/Unlabelled _UAV_Videos/Flight Test 2/FT2_complete_unprocessed_videos/2023-11-23 14-56-24.mp4,211,1,417,517,469,544,propagated:0.966
/Users/bround/Desktop/Датасеты/Dataset_Mendeley_data/Unlabelled _UAV_Videos/Flight Test 2/FT2_complete_unprocessed_videos/2023-11-23 14-56-24.mp4,212,1,418,511,470,538,propagated:0.971
/Users/bround/Desktop/Датасеты/Dataset_Mendeley_data/Unlabelled _UAV_Videos/Flight Test 2/FT2_complete_unprocessed_videos/2023-11-23 14-56-24.mp4,213,1,418,504,470,531,propagated:0.974
/Users/bround/Desktop/Датасеты/Dataset_Mendeley_data/Unlabelled _UAV_Videos/Flight Test 2/FT2_complete_unprocessed_videos/2023-11-23 14-56-24.mp4,214,1,419,500,471,527,propagated:0.963
/Users/bround/Desktop/Датасеты/Dataset_Mendeley_data/Unlabelled _UAV_Videos/Flight Test 2/FT2_complete_unprocessed_videos/2023-11-23 14-56-24.mp4,215,1,419,498,471,525,propagated:0.959
/Users/bround/Desktop/Датасеты/Dataset_Mendeley_data/Unlabelled _UAV_Videos/Flight Test 2/FT2_complete_unprocessed_videos/2023-11-23 14-56-24.mp4,216,1,419,495,471,522,propagated:0.956
/Users/bround/Desktop/Датасеты/Dataset_Mendeley_data/Unlabelled _UAV_Videos/Flight Test 2/FT2_complete_unprocessed_videos/2023-11-23 14-56-24.mp4,217,1,420,492,472,519,propagated:0.940
/Users/bround/Desktop/Датасеты/Dataset_Mendeley_data/Unlabelled _UAV_Videos/Flight Test 2/FT2_complete_unprocessed_videos/2023-11-23 14-56-24.mp4,218,1,420,490,472,517,propagated:0.945
/Users/bround/Desktop/Датасеты/Dataset_Mendeley_data/Unlabelled _UAV_Videos/Flight Test 2/FT2_complete_unprocessed_videos/2023-11-23 14-56-24.mp4,219,1,420,489,472,516,propagated:0.946
/Users/bround/Desktop/Датасеты/Dataset_Mendeley_data/Unlabelled _UAV_Videos/Flight Test 2/FT2_complete_unprocessed_videos/2023-11-23 14-56-24.mp4,220,1,420,490,472,517,propagated:0.954
/Users/bround/Desktop/Датасеты/Dataset_Mendeley_data/Unlabelled _UAV_Videos/Flight Test 2/FT2_complete_unprocessed_videos/2023-11-23 14-56-24.mp4,221,1,419,488,471,515,propagated:0.930
/Users/bround/Desktop/Датасеты/Dataset_Mendeley_data/Unlabelled _UAV_Videos/Flight Test 2/FT2_complete_unprocessed_videos/2023-11-23 14-56-24.mp4,222,1,418,481,470,508,propagated:0.941
/Users/bround/Desktop/Датасеты/Dataset_Mendeley_data/Unlabelled _UAV_Videos/Flight Test 2/FT2_complete_unprocessed_videos/2023-11-23 14-56-24.mp4,223,1,415,469,467,496,propagated:0.942
/Users/bround/Desktop/Датасеты/Dataset_Mendeley_data/Unlabelled _UAV_Videos/Flight Test 2/FT2_complete_unprocessed_videos/2023-11-23 14-56-24.mp4,224,1,412,453,464,480,propagated:0.921
/Users/bround/Desktop/Датасеты/Dataset_Mendeley_data/Unlabelled _UAV_Videos/Flight Test 2/FT2_complete_unprocessed_videos/2023-11-23 14-56-24.mp4,225,1,408,435,460,462,propagated:0.904
/Users/bround/Desktop/Датасеты/Dataset_Mendeley_data/Unlabelled _UAV_Videos/Flight Test 2/FT2_complete_unprocessed_videos/2023-11-23 14-56-24.mp4,226,1,402,416,454,443,propagated:0.916
/Users/bround/Desktop/Датасеты/Dataset_Mendeley_data/Unlabelled _UAV_Videos/Flight Test 2/FT2_complete_unprocessed_videos/2023-11-23 14-56-24.mp4,227,1,396,399,448,426,propagated:0.921
/Users/bround/Desktop/Датасеты/Dataset_Mendeley_data/Unlabelled _UAV_Videos/Flight Test 2/FT2_complete_unprocessed_videos/2023-11-23 14-56-24.mp4,228,1,388,386,440,413,propagated:0.926
/Users/bround/Desktop/Датасеты/Dataset_Mendeley_data/Unlabelled _UAV_Videos/Flight Test 2/FT2_complete_unprocessed_videos/2023-11-23 14-56-24.mp4,229,1,379,377,431,404,propagated:0.915
/Users/bround/Desktop/Датасеты/Dataset_Mendeley_data/Unlabelled _UAV_Videos/Flight Test 2/FT2_complete_unprocessed_videos/2023-11-23 14-56-24.mp4,230,1,369,373,421,400,propagated:0.932
/Users/bround/Desktop/Датасеты/Dataset_Mendeley_data/Unlabelled _UAV_Videos/Flight Test 2/FT2_complete_unprocessed_videos/2023-11-23 14-56-24.mp4,231,1,362,372,414,399,propagated:0.931
/Users/bround/Desktop/Датасеты/Dataset_Mendeley_data/Unlabelled _UAV_Videos/Flight Test 2/FT2_complete_unprocessed_videos/2023-11-23 14-56-24.mp4,232,1,356,370,408,397,propagated:0.909
/Users/bround/Desktop/Датасеты/Dataset_Mendeley_data/Unlabelled _UAV_Videos/Flight Test 2/FT2_complete_unprocessed_videos/2023-11-23 14-56-24.mp4,233,1,349,371,401,398,propagated:0.939
/Users/bround/Desktop/Датасеты/Dataset_Mendeley_data/Unlabelled _UAV_Videos/Flight Test 2/FT2_complete_unprocessed_videos/2023-11-23 14-56-24.mp4,234,1,340,370,392,397,propagated:0.926
/Users/bround/Desktop/Датасеты/Dataset_Mendeley_data/Unlabelled _UAV_Videos/Flight Test 2/FT2_complete_unprocessed_videos/2023-11-23 14-56-24.mp4,235,1,331,369,383,396,propagated:0.881
/Users/bround/Desktop/Датасеты/Dataset_Mendeley_data/Unlabelled _UAV_Videos/Flight Test 2/FT2_complete_unprocessed_videos/2023-11-23 14-56-24.mp4,236,1,322,368,374,395,propagated:0.916
/Users/bround/Desktop/Датасеты/Dataset_Mendeley_data/Unlabelled _UAV_Videos/Flight Test 2/FT2_complete_unprocessed_videos/2023-11-23 14-56-24.mp4,237,1,311,362,363,389,propagated:0.904
/Users/bround/Desktop/Датасеты/Dataset_Mendeley_data/Unlabelled _UAV_Videos/Flight Test 2/FT2_complete_unprocessed_videos/2023-11-23 14-56-24.mp4,238,1,301,355,353,382,propagated:0.916
/Users/bround/Desktop/Датасеты/Dataset_Mendeley_data/Unlabelled _UAV_Videos/Flight Test 2/FT2_complete_unprocessed_videos/2023-11-23 14-56-24.mp4,239,1,294,352,346,379,propagated:0.916
/Users/bround/Desktop/Датасеты/Dataset_Mendeley_data/Unlabelled _UAV_Videos/Flight Test 2/FT2_complete_unprocessed_videos/2023-11-23 14-56-24.mp4,240,1,291,350,343,377,propagated:0.905
/Users/bround/Desktop/Датасеты/Dataset_Mendeley_data/Unlabelled _UAV_Videos/Flight Test 2/FT2_complete_unprocessed_videos/2023-11-23 14-56-24.mp4,241,1,289,346,341,373,propagated:0.924
/Users/bround/Desktop/Датасеты/Dataset_Mendeley_data/Unlabelled _UAV_Videos/Flight Test 2/FT2_complete_unprocessed_videos/2023-11-23 14-56-24.mp4,242,1,284,339,336,366,propagated:0.917
/Users/bround/Desktop/Датасеты/Dataset_Mendeley_data/Unlabelled _UAV_Videos/Flight Test 2/FT2_complete_unprocessed_videos/2023-11-23 14-56-24.mp4,243,1,277,331,329,358,propagated:0.964
/Users/bround/Desktop/Датасеты/Dataset_Mendeley_data/Unlabelled _UAV_Videos/Flight Test 2/FT2_complete_unprocessed_videos/2023-11-23 14-56-24.mp4,244,1,268,324,320,351,propagated:0.908
/Users/bround/Desktop/Датасеты/Dataset_Mendeley_data/Unlabelled _UAV_Videos/Flight Test 2/FT2_complete_unprocessed_videos/2023-11-23 14-56-24.mp4,245,1,256,317,308,344,propagated:0.908
/Users/bround/Desktop/Датасеты/Dataset_Mendeley_data/Unlabelled _UAV_Videos/Flight Test 2/FT2_complete_unprocessed_videos/2023-11-23 14-56-24.mp4,246,1,240,310,292,337,propagated:0.878
/Users/bround/Desktop/Датасеты/Dataset_Mendeley_data/Unlabelled _UAV_Videos/Flight Test 2/FT2_complete_unprocessed_videos/2023-11-23 14-56-24.mp4,247,1,229,303,281,330,propagated:0.894
/Users/bround/Desktop/Датасеты/Dataset_Mendeley_data/Unlabelled _UAV_Videos/Flight Test 2/FT2_complete_unprocessed_videos/2023-11-23 14-56-24.mp4,248,1,221,295,273,322,propagated:0.888
/Users/bround/Desktop/Датасеты/Dataset_Mendeley_data/Unlabelled _UAV_Videos/Flight Test 2/FT2_complete_unprocessed_videos/2023-11-23 14-56-24.mp4,249,1,218,288,270,315,propagated:0.877
/Users/bround/Desktop/Датасеты/Dataset_Mendeley_data/Unlabelled _UAV_Videos/Flight Test 2/FT2_complete_unprocessed_videos/2023-11-23 14-56-24.mp4,250,1,216,283,268,310,propagated:0.894
/Users/bround/Desktop/Датасеты/Dataset_Mendeley_data/Unlabelled _UAV_Videos/Flight Test 2/FT2_complete_unprocessed_videos/2023-11-23 14-56-24.mp4,251,1,212,282,264,309,propagated:0.912
/Users/bround/Desktop/Датасеты/Dataset_Mendeley_data/Unlabelled _UAV_Videos/Flight Test 2/FT2_complete_unprocessed_videos/2023-11-23 14-56-24.mp4,252,1,205,282,257,309,propagated:0.900
/Users/bround/Desktop/Датасеты/Dataset_Mendeley_data/Unlabelled _UAV_Videos/Flight Test 2/FT2_complete_unprocessed_videos/2023-11-23 14-56-24.mp4,253,1,194,282,246,309,propagated:0.948
/Users/bround/Desktop/Датасеты/Dataset_Mendeley_data/Unlabelled _UAV_Videos/Flight Test 2/FT2_complete_unprocessed_videos/2023-11-23 14-56-24.mp4,254,1,183,283,235,310,propagated:0.921
/Users/bround/Desktop/Датасеты/Dataset_Mendeley_data/Unlabelled _UAV_Videos/Flight Test 2/FT2_complete_unprocessed_videos/2023-11-23 14-56-24.mp4,255,1,174,282,226,309,propagated:0.899
/Users/bround/Desktop/Датасеты/Dataset_Mendeley_data/Unlabelled _UAV_Videos/Flight Test 2/FT2_complete_unprocessed_videos/2023-11-23 14-56-24.mp4,256,1,168,283,220,310,propagated:0.898
/Users/bround/Desktop/Датасеты/Dataset_Mendeley_data/Unlabelled _UAV_Videos/Flight Test 2/FT2_complete_unprocessed_videos/2023-11-23 14-56-24.mp4,257,1,165,283,217,310,propagated:0.894
/Users/bround/Desktop/Датасеты/Dataset_Mendeley_data/Unlabelled _UAV_Videos/Flight Test 2/FT2_complete_unprocessed_videos/2023-11-23 14-56-24.mp4,258,1,163,284,215,311,propagated:0.888
/Users/bround/Desktop/Датасеты/Dataset_Mendeley_data/Unlabelled _UAV_Videos/Flight Test 2/FT2_complete_unprocessed_videos/2023-11-23 14-56-24.mp4,259,1,164,286,216,313,propagated:0.893
/Users/bround/Desktop/Датасеты/Dataset_Mendeley_data/Unlabelled _UAV_Videos/Flight Test 2/FT2_complete_unprocessed_videos/2023-11-23 14-56-24.mp4,260,1,164,289,216,316,propagated:0.887
/Users/bround/Desktop/Датасеты/Dataset_Mendeley_data/Unlabelled _UAV_Videos/Flight Test 2/FT2_complete_unprocessed_videos/2023-11-23 14-56-24.mp4,261,1,164,292,216,319,propagated:0.872
/Users/bround/Desktop/Датасеты/Dataset_Mendeley_data/Unlabelled _UAV_Videos/Flight Test 2/FT2_complete_unprocessed_videos/2023-11-23 14-56-24.mp4,262,1,164,294,216,321,propagated:0.888
/Users/bround/Desktop/Датасеты/Dataset_Mendeley_data/Unlabelled _UAV_Videos/Flight Test 2/FT2_complete_unprocessed_videos/2023-11-23 14-56-24.mp4,263,1,165,295,217,322,propagated:0.929
/Users/bround/Desktop/Датасеты/Dataset_Mendeley_data/Unlabelled _UAV_Videos/Flight Test 2/FT2_complete_unprocessed_videos/2023-11-23 14-56-24.mp4,264,1,166,298,218,325,propagated:0.903
/Users/bround/Desktop/Датасеты/Dataset_Mendeley_data/Unlabelled _UAV_Videos/Flight Test 2/FT2_complete_unprocessed_videos/2023-11-23 14-56-24.mp4,265,1,167,300,219,327,propagated:0.870
/Users/bround/Desktop/Датасеты/Dataset_Mendeley_data/Unlabelled _UAV_Videos/Flight Test 2/FT2_complete_unprocessed_videos/2023-11-23 14-56-24.mp4,266,1,168,303,220,330,propagated:0.885
/Users/bround/Desktop/Датасеты/Dataset_Mendeley_data/Unlabelled _UAV_Videos/Flight Test 2/FT2_complete_unprocessed_videos/2023-11-23 14-56-24.mp4,267,1,169,308,221,335,propagated:0.882
/Users/bround/Desktop/Датасеты/Dataset_Mendeley_data/Unlabelled _UAV_Videos/Flight Test 2/FT2_complete_unprocessed_videos/2023-11-23 14-56-24.mp4,268,1,170,313,222,340,propagated:0.880
/Users/bround/Desktop/Датасеты/Dataset_Mendeley_data/Unlabelled _UAV_Videos/Flight Test 2/FT2_complete_unprocessed_videos/2023-11-23 14-56-24.mp4,269,1,171,318,223,345,propagated:0.876
/Users/bround/Desktop/Датасеты/Dataset_Mendeley_data/Unlabelled _UAV_Videos/Flight Test 2/FT2_complete_unprocessed_videos/2023-11-23 14-56-24.mp4,270,1,172,324,224,351,propagated:0.879
/Users/bround/Desktop/Датасеты/Dataset_Mendeley_data/Unlabelled _UAV_Videos/Flight Test 2/FT2_complete_unprocessed_videos/2023-11-23 14-56-24.mp4,271,1,172,330,224,357,propagated:0.889
/Users/bround/Desktop/Датасеты/Dataset_Mendeley_data/Unlabelled _UAV_Videos/Flight Test 2/FT2_complete_unprocessed_videos/2023-11-23 14-56-24.mp4,272,1,173,337,225,364,propagated:0.906
/Users/bround/Desktop/Датасеты/Dataset_Mendeley_data/Unlabelled _UAV_Videos/Flight Test 2/FT2_complete_unprocessed_videos/2023-11-23 14-56-24.mp4,273,1,174,341,226,368,propagated:0.964
/Users/bround/Desktop/Датасеты/Dataset_Mendeley_data/Unlabelled _UAV_Videos/Flight Test 2/FT2_complete_unprocessed_videos/2023-11-23 14-56-24.mp4,274,1,175,342,227,369,propagated:0.925
/Users/bround/Desktop/Датасеты/Dataset_Mendeley_data/Unlabelled _UAV_Videos/Flight Test 2/FT2_complete_unprocessed_videos/2023-11-23 14-56-24.mp4,275,1,176,342,228,369,propagated:0.899
/Users/bround/Desktop/Датасеты/Dataset_Mendeley_data/Unlabelled _UAV_Videos/Flight Test 2/FT2_complete_unprocessed_videos/2023-11-23 14-56-24.mp4,276,1,177,344,229,371,propagated:0.904
/Users/bround/Desktop/Датасеты/Dataset_Mendeley_data/Unlabelled _UAV_Videos/Flight Test 2/FT2_complete_unprocessed_videos/2023-11-23 14-56-24.mp4,277,1,178,348,230,375,propagated:0.898
/Users/bround/Desktop/Датасеты/Dataset_Mendeley_data/Unlabelled _UAV_Videos/Flight Test 2/FT2_complete_unprocessed_videos/2023-11-23 14-56-24.mp4,278,1,180,351,232,378,propagated:0.903
/Users/bround/Desktop/Датасеты/Dataset_Mendeley_data/Unlabelled _UAV_Videos/Flight Test 2/FT2_complete_unprocessed_videos/2023-11-23 14-56-24.mp4,279,1,181,353,233,380,propagated:0.905
/Users/bround/Desktop/Датасеты/Dataset_Mendeley_data/Unlabelled _UAV_Videos/Flight Test 2/FT2_complete_unprocessed_videos/2023-11-23 14-56-24.mp4,280,1,182,354,234,381,propagated:0.930
/Users/bround/Desktop/Датасеты/Dataset_Mendeley_data/Unlabelled _UAV_Videos/Flight Test 2/FT2_complete_unprocessed_videos/2023-11-23 14-56-24.mp4,281,1,183,354,235,381,propagated:0.914
/Users/bround/Desktop/Датасеты/Dataset_Mendeley_data/Unlabelled _UAV_Videos/Flight Test 2/FT2_complete_unprocessed_videos/2023-11-23 14-56-24.mp4,282,1,184,355,236,382,propagated:0.915
/Users/bround/Desktop/Датасеты/Dataset_Mendeley_data/Unlabelled _UAV_Videos/Flight Test 2/FT2_complete_unprocessed_videos/2023-11-23 14-56-24.mp4,283,1,185,358,237,385,propagated:0.941
/Users/bround/Desktop/Датасеты/Dataset_Mendeley_data/Unlabelled _UAV_Videos/Flight Test 2/FT2_complete_unprocessed_videos/2023-11-23 14-56-24.mp4,284,1,185,360,237,387,propagated:0.946
/Users/bround/Desktop/Датасеты/Dataset_Mendeley_data/Unlabelled _UAV_Videos/Flight Test 2/FT2_complete_unprocessed_videos/2023-11-23 14-56-24.mp4,285,1,186,362,238,389,propagated:0.916
/Users/bround/Desktop/Датасеты/Dataset_Mendeley_data/Unlabelled _UAV_Videos/Flight Test 2/FT2_complete_unprocessed_videos/2023-11-23 14-56-24.mp4,286,1,187,365,239,392,propagated:0.915
/Users/bround/Desktop/Датасеты/Dataset_Mendeley_data/Unlabelled _UAV_Videos/Flight Test 2/FT2_complete_unprocessed_videos/2023-11-23 14-56-24.mp4,287,1,188,368,240,395,propagated:0.939
/Users/bround/Desktop/Датасеты/Dataset_Mendeley_data/Unlabelled _UAV_Videos/Flight Test 2/FT2_complete_unprocessed_videos/2023-11-23 14-56-24.mp4,288,1,189,369,241,396,propagated:0.926
/Users/bround/Desktop/Датасеты/Dataset_Mendeley_data/Unlabelled _UAV_Videos/Flight Test 2/FT2_complete_unprocessed_videos/2023-11-23 14-56-24.mp4,289,1,189,368,241,395,propagated:0.928
/Users/bround/Desktop/Датасеты/Dataset_Mendeley_data/Unlabelled _UAV_Videos/Flight Test 2/FT2_complete_unprocessed_videos/2023-11-23 14-56-24.mp4,290,1,190,369,242,396,propagated:0.945
/Users/bround/Desktop/Датасеты/Dataset_Mendeley_data/Unlabelled _UAV_Videos/Flight Test 2/FT2_complete_unprocessed_videos/2023-11-23 14-56-24.mp4,291,1,191,370,243,397,propagated:0.932
/Users/bround/Desktop/Датасеты/Dataset_Mendeley_data/Unlabelled _UAV_Videos/Flight Test 2/FT2_complete_unprocessed_videos/2023-11-23 14-56-24.mp4,292,1,192,371,244,398,propagated:0.935
/Users/bround/Desktop/Датасеты/Dataset_Mendeley_data/Unlabelled _UAV_Videos/Flight Test 2/FT2_complete_unprocessed_videos/2023-11-23 14-56-24.mp4,293,1,192,372,244,399,propagated:0.969
/Users/bround/Desktop/Датасеты/Dataset_Mendeley_data/Unlabelled _UAV_Videos/Flight Test 2/FT2_complete_unprocessed_videos/2023-11-23 14-56-24.mp4,294,1,193,373,245,400,propagated:0.957
/Users/bround/Desktop/Датасеты/Dataset_Mendeley_data/Unlabelled _UAV_Videos/Flight Test 2/FT2_complete_unprocessed_videos/2023-11-23 14-56-24.mp4,295,1,194,374,246,401,propagated:0.925
/Users/bround/Desktop/Датасеты/Dataset_Mendeley_data/Unlabelled _UAV_Videos/Flight Test 2/FT2_complete_unprocessed_videos/2023-11-23 14-56-24.mp4,296,1,195,375,247,402,propagated:0.911
/Users/bround/Desktop/Датасеты/Dataset_Mendeley_data/Unlabelled _UAV_Videos/Flight Test 2/FT2_complete_unprocessed_videos/2023-11-23 14-56-24.mp4,297,1,195,376,247,403,propagated:0.922
/Users/bround/Desktop/Датасеты/Dataset_Mendeley_data/Unlabelled _UAV_Videos/Flight Test 2/FT2_complete_unprocessed_videos/2023-11-23 14-56-24.mp4,298,1,196,376,248,403,propagated:0.927
/Users/bround/Desktop/Датасеты/Dataset_Mendeley_data/Unlabelled _UAV_Videos/Flight Test 2/FT2_complete_unprocessed_videos/2023-11-23 14-56-24.mp4,299,1,197,379,249,406,propagated:0.929
/Users/bround/Desktop/Датасеты/Dataset_Mendeley_data/Unlabelled _UAV_Videos/Flight Test 2/FT2_complete_unprocessed_videos/2023-11-23 14-56-24.mp4,300,1,197,381,249,408,propagated:0.942
/Users/bround/Desktop/Датасеты/Dataset_Mendeley_data/Unlabelled _UAV_Videos/Flight Test 2/FT2_complete_unprocessed_videos/2023-11-23 14-56-24.mp4,301,1,198,383,250,410,propagated:0.934
/Users/bround/Desktop/Датасеты/Dataset_Mendeley_data/Unlabelled _UAV_Videos/Flight Test 2/FT2_complete_unprocessed_videos/2023-11-23 14-56-24.mp4,302,1,198,383,250,410,propagated:0.945
/Users/bround/Desktop/Датасеты/Dataset_Mendeley_data/Unlabelled _UAV_Videos/Flight Test 2/FT2_complete_unprocessed_videos/2023-11-23 14-56-24.mp4,303,1,199,384,251,411,propagated:0.965
/Users/bround/Desktop/Датасеты/Dataset_Mendeley_data/Unlabelled _UAV_Videos/Flight Test 2/FT2_complete_unprocessed_videos/2023-11-23 14-56-24.mp4,304,1,199,387,251,414,propagated:0.953
/Users/bround/Desktop/Датасеты/Dataset_Mendeley_data/Unlabelled _UAV_Videos/Flight Test 2/FT2_complete_unprocessed_videos/2023-11-23 14-56-24.mp4,305,1,199,391,251,418,propagated:0.945
/Users/bround/Desktop/Датасеты/Dataset_Mendeley_data/Unlabelled _UAV_Videos/Flight Test 2/FT2_complete_unprocessed_videos/2023-11-23 14-56-24.mp4,306,1,200,395,252,422,propagated:0.922
/Users/bround/Desktop/Датасеты/Dataset_Mendeley_data/Unlabelled _UAV_Videos/Flight Test 2/FT2_complete_unprocessed_videos/2023-11-23 14-56-24.mp4,307,1,200,396,252,423,propagated:0.939
/Users/bround/Desktop/Датасеты/Dataset_Mendeley_data/Unlabelled _UAV_Videos/Flight Test 2/FT2_complete_unprocessed_videos/2023-11-23 14-56-24.mp4,308,1,201,393,253,420,propagated:0.930
/Users/bround/Desktop/Датасеты/Dataset_Mendeley_data/Unlabelled _UAV_Videos/Flight Test 2/FT2_complete_unprocessed_videos/2023-11-23 14-56-24.mp4,309,1,201,390,253,417,propagated:0.940
/Users/bround/Desktop/Датасеты/Dataset_Mendeley_data/Unlabelled _UAV_Videos/Flight Test 2/FT2_complete_unprocessed_videos/2023-11-23 14-56-24.mp4,310,1,201,391,253,418,propagated:0.936
/Users/bround/Desktop/Датасеты/Dataset_Mendeley_data/Unlabelled _UAV_Videos/Flight Test 2/FT2_complete_unprocessed_videos/2023-11-23 14-56-24.mp4,311,1,202,393,254,420,propagated:0.931
/Users/bround/Desktop/Датасеты/Dataset_Mendeley_data/Unlabelled _UAV_Videos/Flight Test 2/FT2_complete_unprocessed_videos/2023-11-23 14-56-24.mp4,312,1,202,395,254,422,propagated:0.930
/Users/bround/Desktop/Датасеты/Dataset_Mendeley_data/Unlabelled _UAV_Videos/Flight Test 2/FT2_complete_unprocessed_videos/2023-11-23 14-56-24.mp4,313,1,202,394,254,421,propagated:0.977
/Users/bround/Desktop/Датасеты/Dataset_Mendeley_data/Unlabelled _UAV_Videos/Flight Test 2/FT2_complete_unprocessed_videos/2023-11-23 14-56-24.mp4,314,1,202,391,254,418,propagated:0.971
/Users/bround/Desktop/Датасеты/Dataset_Mendeley_data/Unlabelled _UAV_Videos/Flight Test 2/FT2_complete_unprocessed_videos/2023-11-23 14-56-24.mp4,315,1,202,393,254,420,propagated:0.955
/Users/bround/Desktop/Датасеты/Dataset_Mendeley_data/Unlabelled _UAV_Videos/Flight Test 2/FT2_complete_unprocessed_videos/2023-11-23 14-56-24.mp4,316,1,202,395,254,422,propagated:0.961
/Users/bround/Desktop/Датасеты/Dataset_Mendeley_data/Unlabelled _UAV_Videos/Flight Test 2/FT2_complete_unprocessed_videos/2023-11-23 14-56-24.mp4,317,1,202,397,254,424,propagated:0.951
/Users/bround/Desktop/Датасеты/Dataset_Mendeley_data/Unlabelled _UAV_Videos/Flight Test 2/FT2_complete_unprocessed_videos/2023-11-23 14-56-24.mp4,318,1,203,398,255,425,propagated:0.952
/Users/bround/Desktop/Датасеты/Dataset_Mendeley_data/Unlabelled _UAV_Videos/Flight Test 2/FT2_complete_unprocessed_videos/2023-11-23 14-56-24.mp4,319,1,203,399,255,426,propagated:0.951
/Users/bround/Desktop/Датасеты/Dataset_Mendeley_data/Unlabelled _UAV_Videos/Flight Test 2/FT2_complete_unprocessed_videos/2023-11-23 14-56-24.mp4,320,1,203,399,255,426,propagated:0.959
/Users/bround/Desktop/Датасеты/Dataset_Mendeley_data/Unlabelled _UAV_Videos/Flight Test 2/FT2_complete_unprocessed_videos/2023-11-23 14-56-24.mp4,321,1,203,399,255,426,propagated:0.958
/Users/bround/Desktop/Датасеты/Dataset_Mendeley_data/Unlabelled _UAV_Videos/Flight Test 2/FT2_complete_unprocessed_videos/2023-11-23 14-56-24.mp4,322,1,203,399,255,426,propagated:0.950
/Users/bround/Desktop/Датасеты/Dataset_Mendeley_data/Unlabelled _UAV_Videos/Flight Test 2/FT2_complete_unprocessed_videos/2023-11-23 14-56-24.mp4,323,1,203,399,255,426,propagated:0.990
/Users/bround/Desktop/Датасеты/Dataset_Mendeley_data/Unlabelled _UAV_Videos/Flight Test 2/FT2_complete_unprocessed_videos/2023-11-23 14-56-24.mp4,324,1,203,399,255,426,propagated:0.970
/Users/bround/Desktop/Датасеты/Dataset_Mendeley_data/Unlabelled _UAV_Videos/Flight Test 2/FT2_complete_unprocessed_videos/2023-11-23 14-56-24.mp4,325,1,203,397,255,424,propagated:0.974
/Users/bround/Desktop/Датасеты/Dataset_Mendeley_data/Unlabelled _UAV_Videos/Flight Test 2/FT2_complete_unprocessed_videos/2023-11-23 14-56-24.mp4,326,1,203,395,255,422,propagated:0.966
/Users/bround/Desktop/Датасеты/Dataset_Mendeley_data/Unlabelled _UAV_Videos/Flight Test 2/FT2_complete_unprocessed_videos/2023-11-23 14-56-24.mp4,327,1,203,394,255,421,propagated:0.970
/Users/bround/Desktop/Датасеты/Dataset_Mendeley_data/Unlabelled _UAV_Videos/Flight Test 2/FT2_complete_unprocessed_videos/2023-11-23 14-56-24.mp4,328,1,203,394,255,421,propagated:0.961
/Users/bround/Desktop/Датасеты/Dataset_Mendeley_data/Unlabelled _UAV_Videos/Flight Test 2/FT2_complete_unprocessed_videos/2023-11-23 14-56-24.mp4,329,1,203,394,255,421,propagated:0.958
/Users/bround/Desktop/Датасеты/Dataset_Mendeley_data/Unlabelled _UAV_Videos/Flight Test 2/FT2_complete_unprocessed_videos/2023-11-23 14-56-24.mp4,330,1,203,393,255,420,propagated:0.950
/Users/bround/Desktop/Датасеты/Dataset_Mendeley_data/Unlabelled _UAV_Videos/Flight Test 2/FT2_complete_unprocessed_videos/2023-11-23 14-56-24.mp4,331,1,203,394,255,421,propagated:0.932
/Users/bround/Desktop/Датасеты/Dataset_Mendeley_data/Unlabelled _UAV_Videos/Flight Test 2/FT2_complete_unprocessed_videos/2023-11-23 14-56-24.mp4,332,1,203,397,255,424,propagated:0.940
/Users/bround/Desktop/Датасеты/Dataset_Mendeley_data/Unlabelled _UAV_Videos/Flight Test 2/FT2_complete_unprocessed_videos/2023-11-23 14-56-24.mp4,333,1,203,398,255,425,propagated:0.992
/Users/bround/Desktop/Датасеты/Dataset_Mendeley_data/Unlabelled _UAV_Videos/Flight Test 2/FT2_complete_unprocessed_videos/2023-11-23 14-56-24.mp4,334,1,203,399,255,426,propagated:0.969
/Users/bround/Desktop/Датасеты/Dataset_Mendeley_data/Unlabelled _UAV_Videos/Flight Test 2/FT2_complete_unprocessed_videos/2023-11-23 14-56-24.mp4,335,1,203,399,255,426,propagated:0.979
/Users/bround/Desktop/Датасеты/Dataset_Mendeley_data/Unlabelled _UAV_Videos/Flight Test 2/FT2_complete_unprocessed_videos/2023-11-23 14-56-24.mp4,336,1,203,399,255,426,propagated:0.965
/Users/bround/Desktop/Датасеты/Dataset_Mendeley_data/Unlabelled _UAV_Videos/Flight Test 2/FT2_complete_unprocessed_videos/2023-11-23 14-56-24.mp4,337,1,203,399,255,426,propagated:0.966
/Users/bround/Desktop/Датасеты/Dataset_Mendeley_data/Unlabelled _UAV_Videos/Flight Test 2/FT2_complete_unprocessed_videos/2023-11-23 14-56-24.mp4,338,1,203,399,255,426,propagated:0.966
/Users/bround/Desktop/Датасеты/Dataset_Mendeley_data/Unlabelled _UAV_Videos/Flight Test 2/FT2_complete_unprocessed_videos/2023-11-23 14-56-24.mp4,339,1,203,398,255,425,propagated:0.966
/Users/bround/Desktop/Датасеты/Dataset_Mendeley_data/Unlabelled _UAV_Videos/Flight Test 2/FT2_complete_unprocessed_videos/2023-11-23 14-56-24.mp4,340,1,203,399,255,426,propagated:0.966
/Users/bround/Desktop/Датасеты/Dataset_Mendeley_data/Unlabelled _UAV_Videos/Flight Test 2/FT2_complete_unprocessed_videos/2023-11-23 14-56-24.mp4,341,1,203,400,255,427,propagated:0.969
/Users/bround/Desktop/Датасеты/Dataset_Mendeley_data/Unlabelled _UAV_Videos/Flight Test 2/FT2_complete_unprocessed_videos/2023-11-23 14-56-24.mp4,342,1,203,402,255,429,propagated:0.948
/Users/bround/Desktop/Датасеты/Dataset_Mendeley_data/Unlabelled _UAV_Videos/Flight Test 2/FT2_complete_unprocessed_videos/2023-11-23 14-56-24.mp4,343,1,203,402,255,429,propagated:0.994
/Users/bround/Desktop/Датасеты/Dataset_Mendeley_data/Unlabelled _UAV_Videos/Flight Test 2/FT2_complete_unprocessed_videos/2023-11-23 14-56-24.mp4,344,1,203,402,255,429,propagated:0.986
/Users/bround/Desktop/Датасеты/Dataset_Mendeley_data/Unlabelled _UAV_Videos/Flight Test 2/FT2_complete_unprocessed_videos/2023-11-23 14-56-24.mp4,345,1,203,401,255,428,propagated:0.969
/Users/bround/Desktop/Датасеты/Dataset_Mendeley_data/Unlabelled _UAV_Videos/Flight Test 2/FT2_complete_unprocessed_videos/2023-11-23 14-56-24.mp4,346,1,203,400,255,427,propagated:0.971
/Users/bround/Desktop/Датасеты/Dataset_Mendeley_data/Unlabelled _UAV_Videos/Flight Test 2/FT2_complete_unprocessed_videos/2023-11-23 14-56-24.mp4,347,1,203,399,255,426,propagated:0.953
/Users/bround/Desktop/Датасеты/Dataset_Mendeley_data/Unlabelled _UAV_Videos/Flight Test 2/FT2_complete_unprocessed_videos/2023-11-23 14-56-24.mp4,348,1,203,400,255,427,propagated:0.946
/Users/bround/Desktop/Датасеты/Dataset_Mendeley_data/Unlabelled _UAV_Videos/Flight Test 2/FT2_complete_unprocessed_videos/2023-11-23 14-56-24.mp4,349,1,204,400,256,427,propagated:0.955
/Users/bround/Desktop/Датасеты/Dataset_Mendeley_data/Unlabelled _UAV_Videos/Flight Test 2/FT2_complete_unprocessed_videos/2023-11-23 14-56-24.mp4,350,1,204,400,256,427,propagated:0.944
/Users/bround/Desktop/Датасеты/Dataset_Mendeley_data/Unlabelled _UAV_Videos/Flight Test 2/FT2_complete_unprocessed_videos/2023-11-23 14-56-24.mp4,351,1,204,400,256,427,propagated:0.936
/Users/bround/Desktop/Датасеты/Dataset_Mendeley_data/Unlabelled _UAV_Videos/Flight Test 2/FT2_complete_unprocessed_videos/2023-11-23 14-56-24.mp4,352,1,204,395,256,422,propagated:0.960
/Users/bround/Desktop/Датасеты/Dataset_Mendeley_data/Unlabelled _UAV_Videos/Flight Test 2/FT2_complete_unprocessed_videos/2023-11-23 14-56-24.mp4,353,1,204,389,256,416,propagated:0.990
/Users/bround/Desktop/Датасеты/Dataset_Mendeley_data/Unlabelled _UAV_Videos/Flight Test 2/FT2_complete_unprocessed_videos/2023-11-23 14-56-24.mp4,354,1,204,389,256,416,propagated:0.974
/Users/bround/Desktop/Датасеты/Dataset_Mendeley_data/Unlabelled _UAV_Videos/Flight Test 2/FT2_complete_unprocessed_videos/2023-11-23 14-56-24.mp4,355,1,204,389,256,416,propagated:0.985
/Users/bround/Desktop/Датасеты/Dataset_Mendeley_data/Unlabelled _UAV_Videos/Flight Test 2/FT2_complete_unprocessed_videos/2023-11-23 14-56-24.mp4,356,1,204,391,256,418,propagated:0.980
/Users/bround/Desktop/Датасеты/Dataset_Mendeley_data/Unlabelled _UAV_Videos/Flight Test 2/FT2_complete_unprocessed_videos/2023-11-23 14-56-24.mp4,357,1,204,394,256,421,propagated:0.972
/Users/bround/Desktop/Датасеты/Dataset_Mendeley_data/Unlabelled _UAV_Videos/Flight Test 2/FT2_complete_unprocessed_videos/2023-11-23 14-56-24.mp4,358,1,204,396,256,423,propagated:0.962
/Users/bround/Desktop/Датасеты/Dataset_Mendeley_data/Unlabelled _UAV_Videos/Flight Test 2/FT2_complete_unprocessed_videos/2023-11-23 14-56-24.mp4,359,1,204,396,256,423,propagated:0.967
/Users/bround/Desktop/Датасеты/Dataset_Mendeley_data/Unlabelled _UAV_Videos/Flight Test 2/FT2_complete_unprocessed_videos/2023-11-23 14-56-24.mp4,360,1,204,397,256,424,propagated:0.965
/Users/bround/Desktop/Датасеты/Dataset_Mendeley_data/Unlabelled _UAV_Videos/Flight Test 2/FT2_complete_unprocessed_videos/2023-11-23 14-56-24.mp4,361,1,204,397,256,424,propagated:0.977
/Users/bround/Desktop/Датасеты/Dataset_Mendeley_data/Unlabelled _UAV_Videos/Flight Test 2/FT2_complete_unprocessed_videos/2023-11-23 14-56-24.mp4,362,1,224,401,259,420,manual
/Users/bround/Desktop/Датасеты/Dataset_Mendeley_data/Unlabelled _UAV_Videos/Flight Test 2/FT2_complete_unprocessed_videos/2023-11-23 14-56-24.mp4,364,1,224,400,259,419,propagated:0.960
/Users/bround/Desktop/Датасеты/Dataset_Mendeley_data/Unlabelled _UAV_Videos/Flight Test 2/FT2_complete_unprocessed_videos/2023-11-23 14-56-24.mp4,365,1,224,400,259,419,propagated:0.993
/Users/bround/Desktop/Датасеты/Dataset_Mendeley_data/Unlabelled _UAV_Videos/Flight Test 2/FT2_complete_unprocessed_videos/2023-11-23 14-56-24.mp4,366,1,224,402,259,421,propagated:0.966
/Users/bround/Desktop/Датасеты/Dataset_Mendeley_data/Unlabelled _UAV_Videos/Flight Test 2/FT2_complete_unprocessed_videos/2023-11-23 14-56-24.mp4,367,1,224,404,259,423,propagated:0.993
/Users/bround/Desktop/Датасеты/Dataset_Mendeley_data/Unlabelled _UAV_Videos/Flight Test 2/FT2_complete_unprocessed_videos/2023-11-23 14-56-24.mp4,368,1,224,405,259,424,propagated:0.983
/Users/bround/Desktop/Датасеты/Dataset_Mendeley_data/Unlabelled _UAV_Videos/Flight Test 2/FT2_complete_unprocessed_videos/2023-11-23 14-56-24.mp4,369,1,224,405,259,424,propagated:0.987
/Users/bround/Desktop/Датасеты/Dataset_Mendeley_data/Unlabelled _UAV_Videos/Flight Test 2/FT2_complete_unprocessed_videos/2023-11-23 14-56-24.mp4,370,1,224,406,259,425,propagated:0.962
/Users/bround/Desktop/Датасеты/Dataset_Mendeley_data/Unlabelled _UAV_Videos/Flight Test 2/FT2_complete_unprocessed_videos/2023-11-23 14-56-24.mp4,371,1,224,406,259,425,propagated:0.983
/Users/bround/Desktop/Датасеты/Dataset_Mendeley_data/Unlabelled _UAV_Videos/Flight Test 2/FT2_complete_unprocessed_videos/2023-11-23 14-56-24.mp4,372,1,224,405,259,424,propagated:0.964
/Users/bround/Desktop/Датасеты/Dataset_Mendeley_data/Unlabelled _UAV_Videos/Flight Test 2/FT2_complete_unprocessed_videos/2023-11-23 14-56-24.mp4,373,1,224,405,259,424,propagated:0.985
/Users/bround/Desktop/Датасеты/Dataset_Mendeley_data/Unlabelled _UAV_Videos/Flight Test 2/FT2_complete_unprocessed_videos/2023-11-23 14-56-24.mp4,374,1,224,405,259,424,propagated:0.966
/Users/bround/Desktop/Датасеты/Dataset_Mendeley_data/Unlabelled _UAV_Videos/Flight Test 2/FT2_complete_unprocessed_videos/2023-11-23 14-56-24.mp4,375,1,224,405,259,424,propagated:0.973
/Users/bround/Desktop/Датасеты/Dataset_Mendeley_data/Unlabelled _UAV_Videos/Flight Test 2/FT2_complete_unprocessed_videos/2023-11-23 14-56-24.mp4,376,1,224,406,259,425,propagated:0.964
/Users/bround/Desktop/Датасеты/Dataset_Mendeley_data/Unlabelled _UAV_Videos/Flight Test 2/FT2_complete_unprocessed_videos/2023-11-23 14-56-24.mp4,377,1,224,406,259,425,propagated:0.952
/Users/bround/Desktop/Датасеты/Dataset_Mendeley_data/Unlabelled _UAV_Videos/Flight Test 2/FT2_complete_unprocessed_videos/2023-11-23 14-56-24.mp4,378,1,224,403,259,422,propagated:0.964
/Users/bround/Desktop/Датасеты/Dataset_Mendeley_data/Unlabelled _UAV_Videos/Flight Test 2/FT2_complete_unprocessed_videos/2023-11-23 14-56-24.mp4,379,1,224,400,259,419,propagated:0.967
/Users/bround/Desktop/Датасеты/Dataset_Mendeley_data/Unlabelled _UAV_Videos/Flight Test 2/FT2_complete_unprocessed_videos/2023-11-23 14-56-24.mp4,380,1,224,401,259,420,propagated:0.967
/Users/bround/Desktop/Датасеты/Dataset_Mendeley_data/Unlabelled _UAV_Videos/Flight Test 2/FT2_complete_unprocessed_videos/2023-11-23 14-56-24.mp4,381,1,224,401,259,420,propagated:0.977
/Users/bround/Desktop/Датасеты/Dataset_Mendeley_data/Unlabelled _UAV_Videos/Flight Test 2/FT2_complete_unprocessed_videos/2023-11-23 14-56-24.mp4,382,1,224,405,259,424,propagated:0.965
/Users/bround/Desktop/Датасеты/Dataset_Mendeley_data/Unlabelled _UAV_Videos/Flight Test 2/FT2_complete_unprocessed_videos/2023-11-23 14-56-24.mp4,383,1,224,408,259,427,propagated:0.956
/Users/bround/Desktop/Датасеты/Dataset_Mendeley_data/Unlabelled _UAV_Videos/Flight Test 2/FT2_complete_unprocessed_videos/2023-11-23 14-56-24.mp4,384,1,224,406,259,425,propagated:0.977
/Users/bround/Desktop/Датасеты/Dataset_Mendeley_data/Unlabelled _UAV_Videos/Flight Test 2/FT2_complete_unprocessed_videos/2023-11-23 14-56-24.mp4,385,1,224,404,259,423,propagated:0.989
/Users/bround/Desktop/Датасеты/Dataset_Mendeley_data/Unlabelled _UAV_Videos/Flight Test 2/FT2_complete_unprocessed_videos/2023-11-23 14-56-24.mp4,386,1,224,404,259,423,propagated:0.972
/Users/bround/Desktop/Датасеты/Dataset_Mendeley_data/Unlabelled _UAV_Videos/Flight Test 2/FT2_complete_unprocessed_videos/2023-11-23 14-56-24.mp4,387,1,224,406,259,425,propagated:0.984
/Users/bround/Desktop/Датасеты/Dataset_Mendeley_data/Unlabelled _UAV_Videos/Flight Test 2/FT2_complete_unprocessed_videos/2023-11-23 14-56-24.mp4,388,1,224,407,259,426,propagated:0.974
/Users/bround/Desktop/Датасеты/Dataset_Mendeley_data/Unlabelled _UAV_Videos/Flight Test 2/FT2_complete_unprocessed_videos/2023-11-23 14-56-24.mp4,389,1,224,404,259,423,propagated:0.960
/Users/bround/Desktop/Датасеты/Dataset_Mendeley_data/Unlabelled _UAV_Videos/Flight Test 2/FT2_complete_unprocessed_videos/2023-11-23 14-56-24.mp4,390,1,224,403,259,422,propagated:0.971
/Users/bround/Desktop/Датасеты/Dataset_Mendeley_data/Unlabelled _UAV_Videos/Flight Test 2/FT2_complete_unprocessed_videos/2023-11-23 14-56-24.mp4,391,1,224,405,259,424,propagated:0.949
/Users/bround/Desktop/Датасеты/Dataset_Mendeley_data/Unlabelled _UAV_Videos/Flight Test 2/FT2_complete_unprocessed_videos/2023-11-23 14-56-24.mp4,392,1,224,406,259,425,propagated:0.937
/Users/bround/Desktop/Датасеты/Dataset_Mendeley_data/Unlabelled _UAV_Videos/Flight Test 2/FT2_complete_unprocessed_videos/2023-11-23 14-56-24.mp4,393,1,223,407,258,426,propagated:0.932
/Users/bround/Desktop/Датасеты/Dataset_Mendeley_data/Unlabelled _UAV_Videos/Flight Test 2/FT2_complete_unprocessed_videos/2023-11-23 14-56-24.mp4,394,1,223,408,258,427,propagated:0.995
/Users/bround/Desktop/Датасеты/Dataset_Mendeley_data/Unlabelled _UAV_Videos/Flight Test 2/FT2_complete_unprocessed_videos/2023-11-23 14-56-24.mp4,395,1,223,409,258,428,propagated:0.983
/Users/bround/Desktop/Датасеты/Dataset_Mendeley_data/Unlabelled _UAV_Videos/Flight Test 2/FT2_complete_unprocessed_videos/2023-11-23 14-56-24.mp4,396,1,223,409,258,428,propagated:0.972
/Users/bround/Desktop/Датасеты/Dataset_Mendeley_data/Unlabelled _UAV_Videos/Flight Test 2/FT2_complete_unprocessed_videos/2023-11-23 14-56-24.mp4,397,1,223,409,258,428,propagated:0.956
/Users/bround/Desktop/Датасеты/Dataset_Mendeley_data/Unlabelled _UAV_Videos/Flight Test 2/FT2_complete_unprocessed_videos/2023-11-23 14-56-24.mp4,398,1,222,408,257,427,propagated:0.969
/Users/bround/Desktop/Датасеты/Dataset_Mendeley_data/Unlabelled _UAV_Videos/Flight Test 2/FT2_complete_unprocessed_videos/2023-11-23 14-56-24.mp4,399,1,222,409,257,428,propagated:0.978
/Users/bround/Desktop/Датасеты/Dataset_Mendeley_data/Unlabelled _UAV_Videos/Flight Test 2/FT2_complete_unprocessed_videos/2023-11-23 14-56-24.mp4,400,1,222,410,257,429,propagated:0.977
/Users/bround/Desktop/Датасеты/Dataset_Mendeley_data/Unlabelled _UAV_Videos/Flight Test 2/FT2_complete_unprocessed_videos/2023-11-23 14-56-24.mp4,401,1,222,410,257,429,propagated:0.930
/Users/bround/Desktop/Датасеты/Dataset_Mendeley_data/Unlabelled _UAV_Videos/Flight Test 2/FT2_complete_unprocessed_videos/2023-11-23 14-56-24.mp4,402,1,221,411,256,430,propagated:0.958
/Users/bround/Desktop/Датасеты/Dataset_Mendeley_data/Unlabelled _UAV_Videos/Flight Test 2/FT2_complete_unprocessed_videos/2023-11-23 14-56-24.mp4,403,1,221,411,256,430,propagated:0.971
/Users/bround/Desktop/Датасеты/Dataset_Mendeley_data/Unlabelled _UAV_Videos/Flight Test 2/FT2_complete_unprocessed_videos/2023-11-23 14-56-24.mp4,404,1,221,411,256,430,propagated:0.986
/Users/bround/Desktop/Датасеты/Dataset_Mendeley_data/Unlabelled _UAV_Videos/Flight Test 2/FT2_complete_unprocessed_videos/2023-11-23 14-56-24.mp4,405,1,219,412,254,431,propagated:0.957
/Users/bround/Desktop/Датасеты/Dataset_Mendeley_data/Unlabelled _UAV_Videos/Flight Test 2/FT2_complete_unprocessed_videos/2023-11-23 14-56-24.mp4,406,1,219,412,254,431,propagated:0.955
/Users/bround/Desktop/Датасеты/Dataset_Mendeley_data/Unlabelled _UAV_Videos/Flight Test 2/FT2_complete_unprocessed_videos/2023-11-23 14-56-24.mp4,407,1,218,412,253,431,propagated:0.959
/Users/bround/Desktop/Датасеты/Dataset_Mendeley_data/Unlabelled _UAV_Videos/Flight Test 2/FT2_complete_unprocessed_videos/2023-11-23 14-56-24.mp4,408,1,217,410,252,429,propagated:0.972
/Users/bround/Desktop/Датасеты/Dataset_Mendeley_data/Unlabelled _UAV_Videos/Flight Test 2/FT2_complete_unprocessed_videos/2023-11-23 14-56-24.mp4,409,1,216,408,251,427,propagated:0.942
/Users/bround/Desktop/Датасеты/Dataset_Mendeley_data/Unlabelled _UAV_Videos/Flight Test 2/FT2_complete_unprocessed_videos/2023-11-23 14-56-24.mp4,410,1,216,409,251,428,propagated:0.982
/Users/bround/Desktop/Датасеты/Dataset_Mendeley_data/Unlabelled _UAV_Videos/Flight Test 2/FT2_complete_unprocessed_videos/2023-11-23 14-56-24.mp4,411,1,216,410,251,429,propagated:0.984
/Users/bround/Desktop/Датасеты/Dataset_Mendeley_data/Unlabelled _UAV_Videos/Flight Test 2/FT2_complete_unprocessed_videos/2023-11-23 14-56-24.mp4,412,1,216,410,251,429,propagated:0.983
/Users/bround/Desktop/Датасеты/Dataset_Mendeley_data/Unlabelled _UAV_Videos/Flight Test 2/FT2_complete_unprocessed_videos/2023-11-23 14-56-24.mp4,413,1,216,410,251,429,propagated:0.959
/Users/bround/Desktop/Датасеты/Dataset_Mendeley_data/Unlabelled _UAV_Videos/Flight Test 2/FT2_complete_unprocessed_videos/2023-11-23 14-56-24.mp4,414,1,216,411,251,430,propagated:0.989
/Users/bround/Desktop/Датасеты/Dataset_Mendeley_data/Unlabelled _UAV_Videos/Flight Test 2/FT2_complete_unprocessed_videos/2023-11-23 14-56-24.mp4,415,1,216,410,251,429,propagated:0.998
/Users/bround/Desktop/Датасеты/Dataset_Mendeley_data/Unlabelled _UAV_Videos/Flight Test 2/FT2_complete_unprocessed_videos/2023-11-23 14-56-24.mp4,416,1,216,409,251,428,propagated:0.986
/Users/bround/Desktop/Датасеты/Dataset_Mendeley_data/Unlabelled _UAV_Videos/Flight Test 2/FT2_complete_unprocessed_videos/2023-11-23 14-56-24.mp4,417,1,216,408,251,427,propagated:0.970
/Users/bround/Desktop/Датасеты/Dataset_Mendeley_data/Unlabelled _UAV_Videos/Flight Test 2/FT2_complete_unprocessed_videos/2023-11-23 14-56-24.mp4,418,1,216,408,251,427,propagated:0.982
/Users/bround/Desktop/Датасеты/Dataset_Mendeley_data/Unlabelled _UAV_Videos/Flight Test 2/FT2_complete_unprocessed_videos/2023-11-23 14-56-24.mp4,419,1,216,411,251,430,propagated:0.984
/Users/bround/Desktop/Датасеты/Dataset_Mendeley_data/Unlabelled _UAV_Videos/Flight Test 2/FT2_complete_unprocessed_videos/2023-11-23 14-56-24.mp4,420,1,216,410,251,429,propagated:0.979
/Users/bround/Desktop/Датасеты/Dataset_Mendeley_data/Unlabelled _UAV_Videos/Flight Test 2/FT2_complete_unprocessed_videos/2023-11-23 14-56-24.mp4,421,1,216,408,251,427,propagated:0.971
/Users/bround/Desktop/Датасеты/Dataset_Mendeley_data/Unlabelled _UAV_Videos/Flight Test 2/FT2_complete_unprocessed_videos/2023-11-23 14-56-24.mp4,422,1,216,409,251,428,propagated:0.989
/Users/bround/Desktop/Датасеты/Dataset_Mendeley_data/Unlabelled _UAV_Videos/Flight Test 2/FT2_complete_unprocessed_videos/2023-11-23 14-56-24.mp4,423,1,216,412,251,431,propagated:0.992
/Users/bround/Desktop/Датасеты/Dataset_Mendeley_data/Unlabelled _UAV_Videos/Flight Test 2/FT2_complete_unprocessed_videos/2023-11-23 14-56-24.mp4,424,1,216,410,251,429,propagated:0.993
/Users/bround/Desktop/Датасеты/Dataset_Mendeley_data/Unlabelled _UAV_Videos/Flight Test 2/FT2_complete_unprocessed_videos/2023-11-23 14-56-24.mp4,425,1,215,408,250,427,propagated:0.980
/Users/bround/Desktop/Датасеты/Dataset_Mendeley_data/Unlabelled _UAV_Videos/Flight Test 2/FT2_complete_unprocessed_videos/2023-11-23 14-56-24.mp4,426,1,215,411,250,430,propagated:0.966
/Users/bround/Desktop/Датасеты/Dataset_Mendeley_data/Unlabelled _UAV_Videos/Flight Test 2/FT2_complete_unprocessed_videos/2023-11-23 14-56-24.mp4,427,1,216,411,251,430,propagated:0.983
/Users/bround/Desktop/Датасеты/Dataset_Mendeley_data/Unlabelled _UAV_Videos/Flight Test 2/FT2_complete_unprocessed_videos/2023-11-23 14-56-24.mp4,428,1,216,409,251,428,propagated:0.978
/Users/bround/Desktop/Датасеты/Dataset_Mendeley_data/Unlabelled _UAV_Videos/Flight Test 2/FT2_complete_unprocessed_videos/2023-11-23 14-56-24.mp4,429,1,215,411,250,430,propagated:0.976
/Users/bround/Desktop/Датасеты/Dataset_Mendeley_data/Unlabelled _UAV_Videos/Flight Test 2/FT2_complete_unprocessed_videos/2023-11-23 14-56-24.mp4,430,1,215,413,250,432,propagated:0.980
/Users/bround/Desktop/Датасеты/Dataset_Mendeley_data/Unlabelled _UAV_Videos/Flight Test 2/FT2_complete_unprocessed_videos/2023-11-23 14-56-24.mp4,431,1,215,413,250,432,propagated:0.973
/Users/bround/Desktop/Датасеты/Dataset_Mendeley_data/Unlabelled _UAV_Videos/Flight Test 2/FT2_complete_unprocessed_videos/2023-11-23 14-56-24.mp4,432,1,215,410,250,429,propagated:0.983
/Users/bround/Desktop/Датасеты/Dataset_Mendeley_data/Unlabelled _UAV_Videos/Flight Test 2/FT2_complete_unprocessed_videos/2023-11-23 14-56-24.mp4,433,1,216,408,251,427,propagated:0.968
/Users/bround/Desktop/Датасеты/Dataset_Mendeley_data/Unlabelled _UAV_Videos/Flight Test 2/FT2_complete_unprocessed_videos/2023-11-23 14-56-24.mp4,434,1,216,408,251,427,propagated:0.996
/Users/bround/Desktop/Датасеты/Dataset_Mendeley_data/Unlabelled _UAV_Videos/Flight Test 2/FT2_complete_unprocessed_videos/2023-11-23 14-56-24.mp4,435,1,216,410,251,429,propagated:0.981
/Users/bround/Desktop/Датасеты/Dataset_Mendeley_data/Unlabelled _UAV_Videos/Flight Test 2/FT2_complete_unprocessed_videos/2023-11-23 14-56-24.mp4,436,1,216,413,251,432,propagated:0.975
/Users/bround/Desktop/Датасеты/Dataset_Mendeley_data/Unlabelled _UAV_Videos/Flight Test 2/FT2_complete_unprocessed_videos/2023-11-23 14-56-24.mp4,437,1,216,414,251,433,propagated:0.974
/Users/bround/Desktop/Датасеты/Dataset_Mendeley_data/Unlabelled _UAV_Videos/Flight Test 2/FT2_complete_unprocessed_videos/2023-11-23 14-56-24.mp4,438,1,216,412,251,431,propagated:0.975
/Users/bround/Desktop/Датасеты/Dataset_Mendeley_data/Unlabelled _UAV_Videos/Flight Test 2/FT2_complete_unprocessed_videos/2023-11-23 14-56-24.mp4,439,1,216,411,251,430,propagated:0.963
/Users/bround/Desktop/Датасеты/Dataset_Mendeley_data/Unlabelled _UAV_Videos/Flight Test 2/FT2_complete_unprocessed_videos/2023-11-23 14-56-24.mp4,440,1,216,411,251,430,propagated:0.966
/Users/bround/Desktop/Датасеты/Dataset_Mendeley_data/Unlabelled _UAV_Videos/Flight Test 2/FT2_complete_unprocessed_videos/2023-11-23 14-56-24.mp4,441,1,216,412,251,431,propagated:0.974
/Users/bround/Desktop/Датасеты/Dataset_Mendeley_data/Unlabelled _UAV_Videos/Flight Test 2/FT2_complete_unprocessed_videos/2023-11-23 14-56-24.mp4,442,1,217,413,252,432,propagated:0.975
/Users/bround/Desktop/Датасеты/Dataset_Mendeley_data/Unlabelled _UAV_Videos/Flight Test 2/FT2_complete_unprocessed_videos/2023-11-23 14-56-24.mp4,443,1,217,412,252,431,propagated:0.980
/Users/bround/Desktop/Датасеты/Dataset_Mendeley_data/Unlabelled _UAV_Videos/Flight Test 2/FT2_complete_unprocessed_videos/2023-11-23 14-56-24.mp4,444,1,217,411,252,430,propagated:0.984
/Users/bround/Desktop/Датасеты/Dataset_Mendeley_data/Unlabelled _UAV_Videos/Flight Test 2/FT2_complete_unprocessed_videos/2023-11-23 14-56-24.mp4,445,1,216,411,251,430,propagated:0.964
/Users/bround/Desktop/Датасеты/Dataset_Mendeley_data/Unlabelled _UAV_Videos/Flight Test 2/FT2_complete_unprocessed_videos/2023-11-23 14-56-24.mp4,446,1,216,412,251,431,propagated:0.987
/Users/bround/Desktop/Датасеты/Dataset_Mendeley_data/Unlabelled _UAV_Videos/Flight Test 2/FT2_complete_unprocessed_videos/2023-11-23 14-56-24.mp4,447,1,216,414,251,433,propagated:0.987
/Users/bround/Desktop/Датасеты/Dataset_Mendeley_data/Unlabelled _UAV_Videos/Flight Test 2/FT2_complete_unprocessed_videos/2023-11-23 14-56-24.mp4,448,1,216,416,251,435,propagated:0.978
/Users/bround/Desktop/Датасеты/Dataset_Mendeley_data/Unlabelled _UAV_Videos/Flight Test 2/FT2_complete_unprocessed_videos/2023-11-23 14-56-24.mp4,449,1,216,417,251,436,propagated:0.953
/Users/bround/Desktop/Датасеты/Dataset_Mendeley_data/Unlabelled _UAV_Videos/Flight Test 2/FT2_complete_unprocessed_videos/2023-11-23 14-56-24.mp4,450,1,216,417,251,436,propagated:0.954
/Users/bround/Desktop/Датасеты/Dataset_Mendeley_data/Unlabelled _UAV_Videos/Flight Test 2/FT2_complete_unprocessed_videos/2023-11-23 14-56-24.mp4,451,1,215,412,250,431,propagated:0.964
/Users/bround/Desktop/Датасеты/Dataset_Mendeley_data/Unlabelled _UAV_Videos/Flight Test 2/FT2_complete_unprocessed_videos/2023-11-23 14-56-24.mp4,452,1,215,411,250,430,propagated:0.973
/Users/bround/Desktop/Датасеты/Dataset_Mendeley_data/Unlabelled _UAV_Videos/Flight Test 2/FT2_complete_unprocessed_videos/2023-11-23 14-56-24.mp4,453,1,214,414,249,433,propagated:0.957
/Users/bround/Desktop/Датасеты/Dataset_Mendeley_data/Unlabelled _UAV_Videos/Flight Test 2/FT2_complete_unprocessed_videos/2023-11-23 14-56-24.mp4,454,1,214,415,249,434,propagated:0.988
/Users/bround/Desktop/Датасеты/Dataset_Mendeley_data/Unlabelled _UAV_Videos/Flight Test 2/FT2_complete_unprocessed_videos/2023-11-23 14-56-24.mp4,455,1,213,410,248,429,propagated:0.971
/Users/bround/Desktop/Датасеты/Dataset_Mendeley_data/Unlabelled _UAV_Videos/Flight Test 2/FT2_complete_unprocessed_videos/2023-11-23 14-56-24.mp4,456,1,213,407,248,426,propagated:0.979
/Users/bround/Desktop/Датасеты/Dataset_Mendeley_data/Unlabelled _UAV_Videos/Flight Test 2/FT2_complete_unprocessed_videos/2023-11-23 14-56-24.mp4,457,1,212,409,247,428,propagated:0.974
/Users/bround/Desktop/Датасеты/Dataset_Mendeley_data/Unlabelled _UAV_Videos/Flight Test 2/FT2_complete_unprocessed_videos/2023-11-23 14-56-24.mp4,458,1,212,410,247,429,propagated:0.983
/Users/bround/Desktop/Датасеты/Dataset_Mendeley_data/Unlabelled _UAV_Videos/Flight Test 2/FT2_complete_unprocessed_videos/2023-11-23 14-56-24.mp4,459,1,212,408,247,427,propagated:0.957
/Users/bround/Desktop/Датасеты/Dataset_Mendeley_data/Unlabelled _UAV_Videos/Flight Test 2/FT2_complete_unprocessed_videos/2023-11-23 14-56-24.mp4,460,1,211,404,246,423,propagated:0.980
/Users/bround/Desktop/Датасеты/Dataset_Mendeley_data/Unlabelled _UAV_Videos/Flight Test 2/FT2_complete_unprocessed_videos/2023-11-23 14-56-24.mp4,461,1,210,401,245,420,propagated:0.974
/Users/bround/Desktop/Датасеты/Dataset_Mendeley_data/Unlabelled _UAV_Videos/Flight Test 2/FT2_complete_unprocessed_videos/2023-11-23 14-56-24.mp4,462,1,209,397,244,416,propagated:0.969
/Users/bround/Desktop/Датасеты/Dataset_Mendeley_data/Unlabelled _UAV_Videos/Flight Test 2/FT2_complete_unprocessed_videos/2023-11-23 14-56-24.mp4,463,1,208,395,243,414,propagated:0.965
/Users/bround/Desktop/Датасеты/Dataset_Mendeley_data/Unlabelled _UAV_Videos/Flight Test 2/FT2_complete_unprocessed_videos/2023-11-23 14-56-24.mp4,464,1,208,398,243,417,propagated:0.981
/Users/bround/Desktop/Датасеты/Dataset_Mendeley_data/Unlabelled _UAV_Videos/Flight Test 2/FT2_complete_unprocessed_videos/2023-11-23 14-56-24.mp4,465,1,207,400,242,419,propagated:0.978
/Users/bround/Desktop/Датасеты/Dataset_Mendeley_data/Unlabelled _UAV_Videos/Flight Test 2/FT2_complete_unprocessed_videos/2023-11-23 14-56-24.mp4,466,1,207,404,242,423,propagated:0.975
/Users/bround/Desktop/Датасеты/Dataset_Mendeley_data/Unlabelled _UAV_Videos/Flight Test 2/FT2_complete_unprocessed_videos/2023-11-23 14-56-24.mp4,467,1,207,404,242,423,propagated:0.971
/Users/bround/Desktop/Датасеты/Dataset_Mendeley_data/Unlabelled _UAV_Videos/Flight Test 2/FT2_complete_unprocessed_videos/2023-11-23 14-56-24.mp4,468,1,206,401,241,420,propagated:0.969
/Users/bround/Desktop/Датасеты/Dataset_Mendeley_data/Unlabelled _UAV_Videos/Flight Test 2/FT2_complete_unprocessed_videos/2023-11-23 14-56-24.mp4,469,1,205,401,240,420,propagated:0.980
/Users/bround/Desktop/Датасеты/Dataset_Mendeley_data/Unlabelled _UAV_Videos/Flight Test 2/FT2_complete_unprocessed_videos/2023-11-23 14-56-24.mp4,470,1,204,401,239,420,propagated:0.975
/Users/bround/Desktop/Датасеты/Dataset_Mendeley_data/Unlabelled _UAV_Videos/Flight Test 2/FT2_complete_unprocessed_videos/2023-11-23 14-56-24.mp4,471,1,203,402,238,421,propagated:0.955
/Users/bround/Desktop/Датасеты/Dataset_Mendeley_data/Unlabelled _UAV_Videos/Flight Test 2/FT2_complete_unprocessed_videos/2023-11-23 14-56-24.mp4,472,1,203,402,238,421,propagated:0.949
/Users/bround/Desktop/Датасеты/Dataset_Mendeley_data/Unlabelled _UAV_Videos/Flight Test 2/FT2_complete_unprocessed_videos/2023-11-23 14-56-24.mp4,473,1,199,404,234,423,propagated:0.965
/Users/bround/Desktop/Датасеты/Dataset_Mendeley_data/Unlabelled _UAV_Videos/Flight Test 2/FT2_complete_unprocessed_videos/2023-11-23 14-56-24.mp4,474,1,196,405,231,424,propagated:0.973
/Users/bround/Desktop/Датасеты/Dataset_Mendeley_data/Unlabelled _UAV_Videos/Flight Test 2/FT2_complete_unprocessed_videos/2023-11-23 14-56-24.mp4,475,1,189,405,224,424,propagated:0.947
/Users/bround/Desktop/Датасеты/Dataset_Mendeley_data/Unlabelled _UAV_Videos/Flight Test 2/FT2_complete_unprocessed_videos/2023-11-23 14-56-24.mp4,476,1,184,406,219,425,propagated:0.941
/Users/bround/Desktop/Датасеты/Dataset_Mendeley_data/Unlabelled _UAV_Videos/Flight Test 2/FT2_complete_unprocessed_videos/2023-11-23 14-56-24.mp4,477,1,178,406,213,425,propagated:0.969
/Users/bround/Desktop/Датасеты/Dataset_Mendeley_data/Unlabelled _UAV_Videos/Flight Test 2/FT2_complete_unprocessed_videos/2023-11-23 14-56-24.mp4,478,1,173,408,208,427,propagated:0.970
/Users/bround/Desktop/Датасеты/Dataset_Mendeley_data/Unlabelled _UAV_Videos/Flight Test 2/FT2_complete_unprocessed_videos/2023-11-23 14-56-24.mp4,479,1,172,408,207,427,propagated:0.934
/Users/bround/Desktop/Датасеты/Dataset_Mendeley_data/Unlabelled _UAV_Videos/Flight Test 2/FT2_complete_unprocessed_videos/2023-11-23 14-56-24.mp4,480,1,172,410,207,429,propagated:0.942
/Users/bround/Desktop/Датасеты/Dataset_Mendeley_data/Unlabelled _UAV_Videos/Flight Test 2/FT2_complete_unprocessed_videos/2023-11-23 14-56-24.mp4,481,1,171,410,206,429,propagated:0.928
/Users/bround/Desktop/Датасеты/Dataset_Mendeley_data/Unlabelled _UAV_Videos/Flight Test 2/FT2_complete_unprocessed_videos/2023-11-23 14-56-24.mp4,482,1,171,409,206,428,propagated:0.943
/Users/bround/Desktop/Датасеты/Dataset_Mendeley_data/Unlabelled _UAV_Videos/Flight Test 2/FT2_complete_unprocessed_videos/2023-11-23 14-56-24.mp4,483,1,171,409,206,428,propagated:0.933
/Users/bround/Desktop/Датасеты/Dataset_Mendeley_data/Unlabelled _UAV_Videos/Flight Test 2/FT2_complete_unprocessed_videos/2023-11-23 14-56-24.mp4,484,1,171,409,206,428,propagated:0.972
/Users/bround/Desktop/Датасеты/Dataset_Mendeley_data/Unlabelled _UAV_Videos/Flight Test 2/FT2_complete_unprocessed_videos/2023-11-23 14-56-24.mp4,485,1,171,410,206,429,propagated:0.965
/Users/bround/Desktop/Датасеты/Dataset_Mendeley_data/Unlabelled _UAV_Videos/Flight Test 2/FT2_complete_unprocessed_videos/2023-11-23 14-56-24.mp4,486,1,171,409,206,428,propagated:0.939
/Users/bround/Desktop/Датасеты/Dataset_Mendeley_data/Unlabelled _UAV_Videos/Flight Test 2/FT2_complete_unprocessed_videos/2023-11-23 14-56-24.mp4,487,1,170,409,205,428,propagated:0.959
/Users/bround/Desktop/Датасеты/Dataset_Mendeley_data/Unlabelled _UAV_Videos/Flight Test 2/FT2_complete_unprocessed_videos/2023-11-23 14-56-24.mp4,488,1,170,410,205,429,propagated:0.958
/Users/bround/Desktop/Датасеты/Dataset_Mendeley_data/Unlabelled _UAV_Videos/Flight Test 2/FT2_complete_unprocessed_videos/2023-11-23 14-56-24.mp4,489,1,170,412,205,431,propagated:0.934
/Users/bround/Desktop/Датасеты/Dataset_Mendeley_data/Unlabelled _UAV_Videos/Flight Test 2/FT2_complete_unprocessed_videos/2023-11-23 14-56-24.mp4,490,1,170,412,205,431,propagated:0.954
/Users/bround/Desktop/Датасеты/Dataset_Mendeley_data/Unlabelled _UAV_Videos/Flight Test 2/FT2_complete_unprocessed_videos/2023-11-23 14-56-24.mp4,491,1,170,411,205,430,propagated:0.942
/Users/bround/Desktop/Датасеты/Dataset_Mendeley_data/Unlabelled _UAV_Videos/Flight Test 2/FT2_complete_unprocessed_videos/2023-11-23 14-56-24.mp4,492,1,169,413,204,432,propagated:0.943
/Users/bround/Desktop/Датасеты/Dataset_Mendeley_data/Unlabelled _UAV_Videos/Flight Test 2/FT2_complete_unprocessed_videos/2023-11-23 14-56-24.mp4,493,1,169,415,204,434,propagated:0.940
/Users/bround/Desktop/Датасеты/Dataset_Mendeley_data/Unlabelled _UAV_Videos/Flight Test 2/FT2_complete_unprocessed_videos/2023-11-23 14-56-24.mp4,494,1,169,415,204,434,propagated:0.990
/Users/bround/Desktop/Датасеты/Dataset_Mendeley_data/Unlabelled _UAV_Videos/Flight Test 2/FT2_complete_unprocessed_videos/2023-11-23 14-56-24.mp4,495,1,169,415,204,434,propagated:0.966
/Users/bround/Desktop/Датасеты/Dataset_Mendeley_data/Unlabelled _UAV_Videos/Flight Test 2/FT2_complete_unprocessed_videos/2023-11-23 14-56-24.mp4,496,1,169,415,204,434,propagated:0.942
/Users/bround/Desktop/Датасеты/Dataset_Mendeley_data/Unlabelled _UAV_Videos/Flight Test 2/FT2_complete_unprocessed_videos/2023-11-23 14-56-24.mp4,497,1,168,416,203,435,propagated:0.942
/Users/bround/Desktop/Датасеты/Dataset_Mendeley_data/Unlabelled _UAV_Videos/Flight Test 2/FT2_complete_unprocessed_videos/2023-11-23 14-56-24.mp4,498,1,168,416,203,435,propagated:0.970
/Users/bround/Desktop/Датасеты/Dataset_Mendeley_data/Unlabelled _UAV_Videos/Flight Test 2/FT2_complete_unprocessed_videos/2023-11-23 14-56-24.mp4,499,1,168,417,203,436,propagated:0.945
/Users/bround/Desktop/Датасеты/Dataset_Mendeley_data/Unlabelled _UAV_Videos/Flight Test 2/FT2_complete_unprocessed_videos/2023-11-23 14-56-24.mp4,500,1,168,419,203,438,propagated:0.952
/Users/bround/Desktop/Датасеты/Dataset_Mendeley_data/Unlabelled _UAV_Videos/Flight Test 2/FT2_complete_unprocessed_videos/2023-11-23 14-56-24.mp4,501,1,168,419,203,438,propagated:0.943
/Users/bround/Desktop/Датасеты/Dataset_Mendeley_data/Unlabelled _UAV_Videos/Flight Test 2/FT2_complete_unprocessed_videos/2023-11-23 14-56-24.mp4,502,1,168,419,203,438,propagated:0.949
/Users/bround/Desktop/Датасеты/Dataset_Mendeley_data/Unlabelled _UAV_Videos/Flight Test 2/FT2_complete_unprocessed_videos/2023-11-23 14-56-24.mp4,503,1,168,420,203,439,propagated:0.927
/Users/bround/Desktop/Датасеты/Dataset_Mendeley_data/Unlabelled _UAV_Videos/Flight Test 2/FT2_complete_unprocessed_videos/2023-11-23 14-56-24.mp4,504,1,168,421,203,440,propagated:0.968
/Users/bround/Desktop/Датасеты/Dataset_Mendeley_data/Unlabelled _UAV_Videos/Flight Test 2/FT2_complete_unprocessed_videos/2023-11-23 14-56-24.mp4,505,1,168,424,203,443,propagated:0.968
/Users/bround/Desktop/Датасеты/Dataset_Mendeley_data/Unlabelled _UAV_Videos/Flight Test 2/FT2_complete_unprocessed_videos/2023-11-23 14-56-24.mp4,506,1,168,426,203,445,propagated:0.954
/Users/bround/Desktop/Датасеты/Dataset_Mendeley_data/Unlabelled _UAV_Videos/Flight Test 2/FT2_complete_unprocessed_videos/2023-11-23 14-56-24.mp4,507,1,169,428,204,447,propagated:0.937
/Users/bround/Desktop/Датасеты/Dataset_Mendeley_data/Unlabelled _UAV_Videos/Flight Test 2/FT2_complete_unprocessed_videos/2023-11-23 14-56-24.mp4,508,1,169,429,204,448,propagated:0.938
/Users/bround/Desktop/Датасеты/Dataset_Mendeley_data/Unlabelled _UAV_Videos/Flight Test 2/FT2_complete_unprocessed_videos/2023-11-23 14-56-24.mp4,509,1,169,431,204,450,propagated:0.963
/Users/bround/Desktop/Датасеты/Dataset_Mendeley_data/Unlabelled _UAV_Videos/Flight Test 2/FT2_complete_unprocessed_videos/2023-11-23 14-56-24.mp4,510,1,169,431,204,450,propagated:0.980
/Users/bround/Desktop/Датасеты/Dataset_Mendeley_data/Unlabelled _UAV_Videos/Flight Test 2/FT2_complete_unprocessed_videos/2023-11-23 14-56-24.mp4,511,1,169,432,204,451,propagated:0.968
/Users/bround/Desktop/Датасеты/Dataset_Mendeley_data/Unlabelled _UAV_Videos/Flight Test 2/FT2_complete_unprocessed_videos/2023-11-23 14-56-24.mp4,512,1,169,433,204,452,propagated:0.977
/Users/bround/Desktop/Датасеты/Dataset_Mendeley_data/Unlabelled _UAV_Videos/Flight Test 2/FT2_complete_unprocessed_videos/2023-11-23 14-56-24.mp4,513,1,169,433,204,452,propagated:0.961
/Users/bround/Desktop/Датасеты/Dataset_Mendeley_data/Unlabelled _UAV_Videos/Flight Test 2/FT2_complete_unprocessed_videos/2023-11-23 14-56-24.mp4,514,1,169,433,204,452,propagated:0.981
/Users/bround/Desktop/Датасеты/Dataset_Mendeley_data/Unlabelled _UAV_Videos/Flight Test 2/FT2_complete_unprocessed_videos/2023-11-23 14-56-24.mp4,515,1,169,432,204,451,propagated:0.993
/Users/bround/Desktop/Датасеты/Dataset_Mendeley_data/Unlabelled _UAV_Videos/Flight Test 2/FT2_complete_unprocessed_videos/2023-11-23 14-56-24.mp4,516,1,169,432,204,451,propagated:0.991
/Users/bround/Desktop/Датасеты/Dataset_Mendeley_data/Unlabelled _UAV_Videos/Flight Test 2/FT2_complete_unprocessed_videos/2023-11-23 14-56-24.mp4,517,1,169,431,204,450,propagated:0.983
/Users/bround/Desktop/Датасеты/Dataset_Mendeley_data/Unlabelled _UAV_Videos/Flight Test 2/FT2_complete_unprocessed_videos/2023-11-23 14-56-24.mp4,518,1,169,432,204,451,propagated:0.976
/Users/bround/Desktop/Датасеты/Dataset_Mendeley_data/Unlabelled _UAV_Videos/Flight Test 2/FT2_complete_unprocessed_videos/2023-11-23 14-56-24.mp4,519,1,169,432,204,451,propagated:0.984
/Users/bround/Desktop/Датасеты/Dataset_Mendeley_data/Unlabelled _UAV_Videos/Flight Test 2/FT2_complete_unprocessed_videos/2023-11-23 14-56-24.mp4,520,1,169,431,204,450,propagated:0.981
/Users/bround/Desktop/Датасеты/Dataset_Mendeley_data/Unlabelled _UAV_Videos/Flight Test 2/FT2_complete_unprocessed_videos/2023-11-23 14-56-24.mp4,521,1,169,432,204,451,propagated:0.983
/Users/bround/Desktop/Датасеты/Dataset_Mendeley_data/Unlabelled _UAV_Videos/Flight Test 2/FT2_complete_unprocessed_videos/2023-11-23 14-56-24.mp4,522,1,169,433,204,452,propagated:0.972
/Users/bround/Desktop/Датасеты/Dataset_Mendeley_data/Unlabelled _UAV_Videos/Flight Test 2/FT2_complete_unprocessed_videos/2023-11-23 14-56-24.mp4,523,1,169,432,204,451,propagated:0.966
/Users/bround/Desktop/Датасеты/Dataset_Mendeley_data/Unlabelled _UAV_Videos/Flight Test 2/FT2_complete_unprocessed_videos/2023-11-23 14-56-24.mp4,524,1,169,432,204,451,propagated:0.993
/Users/bround/Desktop/Датасеты/Dataset_Mendeley_data/Unlabelled _UAV_Videos/Flight Test 2/FT2_complete_unprocessed_videos/2023-11-23 14-56-24.mp4,525,1,169,432,204,451,propagated:0.974
/Users/bround/Desktop/Датасеты/Dataset_Mendeley_data/Unlabelled _UAV_Videos/Flight Test 2/FT2_complete_unprocessed_videos/2023-11-23 14-56-24.mp4,526,1,169,433,204,452,propagated:0.976
/Users/bround/Desktop/Датасеты/Dataset_Mendeley_data/Unlabelled _UAV_Videos/Flight Test 2/FT2_complete_unprocessed_videos/2023-11-23 14-56-24.mp4,527,1,169,432,204,451,propagated:0.936
/Users/bround/Desktop/Датасеты/Dataset_Mendeley_data/Unlabelled _UAV_Videos/Flight Test 2/FT2_complete_unprocessed_videos/2023-11-23 14-56-24.mp4,528,1,169,432,204,451,propagated:0.945
/Users/bround/Desktop/Датасеты/Dataset_Mendeley_data/Unlabelled _UAV_Videos/Flight Test 2/FT2_complete_unprocessed_videos/2023-11-23 14-56-24.mp4,529,1,170,433,205,452,propagated:0.954
/Users/bround/Desktop/Датасеты/Dataset_Mendeley_data/Unlabelled _UAV_Videos/Flight Test 2/FT2_complete_unprocessed_videos/2023-11-23 14-56-24.mp4,530,1,170,433,205,452,propagated:0.977
/Users/bround/Desktop/Датасеты/Dataset_Mendeley_data/Unlabelled _UAV_Videos/Flight Test 2/FT2_complete_unprocessed_videos/2023-11-23 14-56-24.mp4,531,1,170,432,205,451,propagated:0.979
/Users/bround/Desktop/Датасеты/Dataset_Mendeley_data/Unlabelled _UAV_Videos/Flight Test 2/FT2_complete_unprocessed_videos/2023-11-23 14-56-24.mp4,532,1,170,433,205,452,propagated:0.948
/Users/bround/Desktop/Датасеты/Dataset_Mendeley_data/Unlabelled _UAV_Videos/Flight Test 2/FT2_complete_unprocessed_videos/2023-11-23 14-56-24.mp4,533,1,171,434,206,453,propagated:0.973
/Users/bround/Desktop/Датасеты/Dataset_Mendeley_data/Unlabelled _UAV_Videos/Flight Test 2/FT2_complete_unprocessed_videos/2023-11-23 14-56-24.mp4,534,1,172,435,207,454,propagated:0.969
/Users/bround/Desktop/Датасеты/Dataset_Mendeley_data/Unlabelled _UAV_Videos/Flight Test 2/FT2_complete_unprocessed_videos/2023-11-23 14-56-24.mp4,535,1,173,435,208,454,propagated:0.990
/Users/bround/Desktop/Датасеты/Dataset_Mendeley_data/Unlabelled _UAV_Videos/Flight Test 2/FT2_complete_unprocessed_videos/2023-11-23 14-56-24.mp4,536,1,174,434,209,453,propagated:0.978
/Users/bround/Desktop/Датасеты/Dataset_Mendeley_data/Unlabelled _UAV_Videos/Flight Test 2/FT2_complete_unprocessed_videos/2023-11-23 14-56-24.mp4,537,1,175,433,210,452,propagated:0.926
/Users/bround/Desktop/Датасеты/Dataset_Mendeley_data/Unlabelled _UAV_Videos/Flight Test 2/FT2_complete_unprocessed_videos/2023-11-23 14-56-24.mp4,538,1,175,432,210,451,propagated:0.962
/Users/bround/Desktop/Датасеты/Dataset_Mendeley_data/Unlabelled _UAV_Videos/Flight Test 2/FT2_complete_unprocessed_videos/2023-11-23 14-56-24.mp4,539,1,175,433,210,452,propagated:0.938
/Users/bround/Desktop/Датасеты/Dataset_Mendeley_data/Unlabelled _UAV_Videos/Flight Test 2/FT2_complete_unprocessed_videos/2023-11-23 14-56-24.mp4,540,1,176,434,211,453,propagated:0.947
/Users/bround/Desktop/Датасеты/Dataset_Mendeley_data/Unlabelled _UAV_Videos/Flight Test 2/FT2_complete_unprocessed_videos/2023-11-23 14-56-24.mp4,541,1,177,435,212,454,propagated:0.932
/Users/bround/Desktop/Датасеты/Dataset_Mendeley_data/Unlabelled _UAV_Videos/Flight Test 2/FT2_complete_unprocessed_videos/2023-11-23 14-56-24.mp4,542,1,180,438,215,457,propagated:0.941
/Users/bround/Desktop/Датасеты/Dataset_Mendeley_data/Unlabelled _UAV_Videos/Flight Test 2/FT2_complete_unprocessed_videos/2023-11-23 14-56-24.mp4,543,1,183,437,218,456,propagated:0.915
/Users/bround/Desktop/Датасеты/Dataset_Mendeley_data/Unlabelled _UAV_Videos/Flight Test 2/FT2_complete_unprocessed_videos/2023-11-23 14-56-24.mp4,544,1,186,435,221,454,propagated:0.987
/Users/bround/Desktop/Датасеты/Dataset_Mendeley_data/Unlabelled _UAV_Videos/Flight Test 2/FT2_complete_unprocessed_videos/2023-11-23 14-56-24.mp4,545,1,187,437,222,456,propagated:0.981
/Users/bround/Desktop/Датасеты/Dataset_Mendeley_data/Unlabelled _UAV_Videos/Flight Test 2/FT2_complete_unprocessed_videos/2023-11-23 14-56-24.mp4,546,1,188,438,223,457,propagated:0.952
/Users/bround/Desktop/Датасеты/Dataset_Mendeley_data/Unlabelled _UAV_Videos/Flight Test 2/FT2_complete_unprocessed_videos/2023-11-23 14-56-24.mp4,547,1,188,439,223,458,propagated:0.963
/Users/bround/Desktop/Датасеты/Dataset_Mendeley_data/Unlabelled _UAV_Videos/Flight Test 2/FT2_complete_unprocessed_videos/2023-11-23 14-56-24.mp4,548,1,188,439,223,458,propagated:0.955
/Users/bround/Desktop/Датасеты/Dataset_Mendeley_data/Unlabelled _UAV_Videos/Flight Test 2/FT2_complete_unprocessed_videos/2023-11-23 14-56-24.mp4,549,1,188,439,223,458,propagated:0.947
/Users/bround/Desktop/Датасеты/Dataset_Mendeley_data/Unlabelled _UAV_Videos/Flight Test 2/FT2_complete_unprocessed_videos/2023-11-23 14-56-24.mp4,550,1,189,439,224,458,propagated:0.959
/Users/bround/Desktop/Датасеты/Dataset_Mendeley_data/Unlabelled _UAV_Videos/Flight Test 2/FT2_complete_unprocessed_videos/2023-11-23 14-56-24.mp4,551,1,189,438,224,457,propagated:0.949
/Users/bround/Desktop/Датасеты/Dataset_Mendeley_data/Unlabelled _UAV_Videos/Flight Test 2/FT2_complete_unprocessed_videos/2023-11-23 14-56-24.mp4,552,1,189,438,224,457,propagated:0.957
/Users/bround/Desktop/Датасеты/Dataset_Mendeley_data/Unlabelled _UAV_Videos/Flight Test 2/FT2_complete_unprocessed_videos/2023-11-23 14-56-24.mp4,553,1,189,440,224,459,propagated:0.960
/Users/bround/Desktop/Датасеты/Dataset_Mendeley_data/Unlabelled _UAV_Videos/Flight Test 2/FT2_complete_unprocessed_videos/2023-11-23 14-56-24.mp4,554,1,189,440,224,459,propagated:0.992
/Users/bround/Desktop/Датасеты/Dataset_Mendeley_data/Unlabelled _UAV_Videos/Flight Test 2/FT2_complete_unprocessed_videos/2023-11-23 14-56-24.mp4,555,1,189,440,224,459,propagated:0.984
/Users/bround/Desktop/Датасеты/Dataset_Mendeley_data/Unlabelled _UAV_Videos/Flight Test 2/FT2_complete_unprocessed_videos/2023-11-23 14-56-24.mp4,556,1,189,441,224,460,propagated:0.969
/Users/bround/Desktop/Датасеты/Dataset_Mendeley_data/Unlabelled _UAV_Videos/Flight Test 2/FT2_complete_unprocessed_videos/2023-11-23 14-56-24.mp4,557,1,189,441,224,460,propagated:0.963
/Users/bround/Desktop/Датасеты/Dataset_Mendeley_data/Unlabelled _UAV_Videos/Flight Test 2/FT2_complete_unprocessed_videos/2023-11-23 14-56-24.mp4,558,1,189,441,224,460,propagated:0.968
/Users/bround/Desktop/Датасеты/Dataset_Mendeley_data/Unlabelled _UAV_Videos/Flight Test 2/FT2_complete_unprocessed_videos/2023-11-23 14-56-24.mp4,559,1,189,442,224,461,propagated:0.966
/Users/bround/Desktop/Датасеты/Dataset_Mendeley_data/Unlabelled _UAV_Videos/Flight Test 2/FT2_complete_unprocessed_videos/2023-11-23 14-56-24.mp4,560,1,189,443,224,462,propagated:0.951
/Users/bround/Desktop/Датасеты/Dataset_Mendeley_data/Unlabelled _UAV_Videos/Flight Test 2/FT2_complete_unprocessed_videos/2023-11-23 14-56-24.mp4,561,1,189,441,224,460,propagated:0.949
/Users/bround/Desktop/Датасеты/Dataset_Mendeley_data/Unlabelled _UAV_Videos/Flight Test 2/FT2_complete_unprocessed_videos/2023-11-23 14-56-24.mp4,562,1,188,439,223,458,propagated:0.959
/Users/bround/Desktop/Датасеты/Dataset_Mendeley_data/Unlabelled _UAV_Videos/Flight Test 2/FT2_complete_unprocessed_videos/2023-11-23 14-56-24.mp4,563,1,188,439,223,458,propagated:0.962
/Users/bround/Desktop/Датасеты/Dataset_Mendeley_data/Unlabelled _UAV_Videos/Flight Test 2/FT2_complete_unprocessed_videos/2023-11-23 14-56-24.mp4,564,1,188,440,223,459,propagated:0.986
/Users/bround/Desktop/Датасеты/Dataset_Mendeley_data/Unlabelled _UAV_Videos/Flight Test 2/FT2_complete_unprocessed_videos/2023-11-23 14-56-24.mp4,565,1,188,440,223,459,propagated:0.987
/Users/bround/Desktop/Датасеты/Dataset_Mendeley_data/Unlabelled _UAV_Videos/Flight Test 2/FT2_complete_unprocessed_videos/2023-11-23 14-56-24.mp4,566,1,188,441,223,460,propagated:0.985
/Users/bround/Desktop/Датасеты/Dataset_Mendeley_data/Unlabelled _UAV_Videos/Flight Test 2/FT2_complete_unprocessed_videos/2023-11-23 14-56-24.mp4,567,1,188,443,223,462,propagated:0.968
/Users/bround/Desktop/Датасеты/Dataset_Mendeley_data/Unlabelled _UAV_Videos/Flight Test 2/FT2_complete_unprocessed_videos/2023-11-23 14-56-24.mp4,568,1,188,443,223,462,propagated:0.959
/Users/bround/Desktop/Датасеты/Dataset_Mendeley_data/Unlabelled _UAV_Videos/Flight Test 2/FT2_complete_unprocessed_videos/2023-11-23 14-56-24.mp4,569,1,187,442,222,461,propagated:0.941
/Users/bround/Desktop/Датасеты/Dataset_Mendeley_data/Unlabelled _UAV_Videos/Flight Test 2/FT2_complete_unprocessed_videos/2023-11-23 14-56-24.mp4,570,1,187,441,222,460,propagated:0.967
/Users/bround/Desktop/Датасеты/Dataset_Mendeley_data/Unlabelled _UAV_Videos/Flight Test 2/FT2_complete_unprocessed_videos/2023-11-23 14-56-24.mp4,571,1,187,441,222,460,propagated:0.970
/Users/bround/Desktop/Датасеты/Dataset_Mendeley_data/Unlabelled _UAV_Videos/Flight Test 2/FT2_complete_unprocessed_videos/2023-11-23 14-56-24.mp4,572,1,187,440,222,459,propagated:0.947
/Users/bround/Desktop/Датасеты/Dataset_Mendeley_data/Unlabelled _UAV_Videos/Flight Test 2/FT2_complete_unprocessed_videos/2023-11-23 14-56-24.mp4,573,1,186,441,221,460,propagated:0.975
/Users/bround/Desktop/Датасеты/Dataset_Mendeley_data/Unlabelled _UAV_Videos/Flight Test 2/FT2_complete_unprocessed_videos/2023-11-23 14-56-24.mp4,574,1,186,443,221,462,propagated:0.995
/Users/bround/Desktop/Датасеты/Dataset_Mendeley_data/Unlabelled _UAV_Videos/Flight Test 2/FT2_complete_unprocessed_videos/2023-11-23 14-56-24.mp4,575,1,186,443,221,462,propagated:0.980
/Users/bround/Desktop/Датасеты/Dataset_Mendeley_data/Unlabelled _UAV_Videos/Flight Test 2/FT2_complete_unprocessed_videos/2023-11-23 14-56-24.mp4,576,1,185,445,220,464,propagated:0.975
/Users/bround/Desktop/Датасеты/Dataset_Mendeley_data/Unlabelled _UAV_Videos/Flight Test 2/FT2_complete_unprocessed_videos/2023-11-23 14-56-24.mp4,577,1,185,448,220,467,propagated:0.985
/Users/bround/Desktop/Датасеты/Dataset_Mendeley_data/Unlabelled _UAV_Videos/Flight Test 2/FT2_complete_unprocessed_videos/2023-11-23 14-56-24.mp4,578,1,185,450,220,469,propagated:0.973
/Users/bround/Desktop/Датасеты/Dataset_Mendeley_data/Unlabelled _UAV_Videos/Flight Test 2/FT2_complete_unprocessed_videos/2023-11-23 14-56-24.mp4,579,1,184,449,219,468,propagated:0.961
/Users/bround/Desktop/Датасеты/Dataset_Mendeley_data/Unlabelled _UAV_Videos/Flight Test 2/FT2_complete_unprocessed_videos/2023-11-23 14-56-24.mp4,580,1,183,446,218,465,propagated:0.974
/Users/bround/Desktop/Датасеты/Dataset_Mendeley_data/Unlabelled _UAV_Videos/Flight Test 2/FT2_complete_unprocessed_videos/2023-11-23 14-56-24.mp4,581,1,181,446,216,465,propagated:0.965
/Users/bround/Desktop/Датасеты/Dataset_Mendeley_data/Unlabelled _UAV_Videos/Flight Test 2/FT2_complete_unprocessed_videos/2023-11-23 14-56-24.mp4,582,1,178,447,213,466,propagated:0.971
/Users/bround/Desktop/Датасеты/Dataset_Mendeley_data/Unlabelled _UAV_Videos/Flight Test 2/FT2_complete_unprocessed_videos/2023-11-23 14-56-24.mp4,583,1,174,445,209,464,propagated:0.973
/Users/bround/Desktop/Датасеты/Dataset_Mendeley_data/Unlabelled _UAV_Videos/Flight Test 2/FT2_complete_unprocessed_videos/2023-11-23 14-56-24.mp4,584,1,172,445,207,464,propagated:0.981
/Users/bround/Desktop/Датасеты/Dataset_Mendeley_data/Unlabelled _UAV_Videos/Flight Test 2/FT2_complete_unprocessed_videos/2023-11-23 14-56-24.mp4,585,1,171,445,206,464,propagated:0.968
/Users/bround/Desktop/Датасеты/Dataset_Mendeley_data/Unlabelled _UAV_Videos/Flight Test 2/FT2_complete_unprocessed_videos/2023-11-23 14-56-24.mp4,586,1,170,448,205,467,propagated:0.956
/Users/bround/Desktop/Датасеты/Dataset_Mendeley_data/Unlabelled _UAV_Videos/Flight Test 2/FT2_complete_unprocessed_videos/2023-11-23 14-56-24.mp4,587,1,169,450,204,469,propagated:0.972
/Users/bround/Desktop/Датасеты/Dataset_Mendeley_data/Unlabelled _UAV_Videos/Flight Test 2/FT2_complete_unprocessed_videos/2023-11-23 14-56-24.mp4,588,1,169,451,204,470,propagated:0.969
/Users/bround/Desktop/Датасеты/Dataset_Mendeley_data/Unlabelled _UAV_Videos/Flight Test 2/FT2_complete_unprocessed_videos/2023-11-23 14-56-24.mp4,589,1,169,448,204,467,propagated:0.981
/Users/bround/Desktop/Датасеты/Dataset_Mendeley_data/Unlabelled _UAV_Videos/Flight Test 2/FT2_complete_unprocessed_videos/2023-11-23 14-56-24.mp4,590,1,168,448,203,467,propagated:0.941
/Users/bround/Desktop/Датасеты/Dataset_Mendeley_data/Unlabelled _UAV_Videos/Flight Test 2/FT2_complete_unprocessed_videos/2023-11-23 14-56-24.mp4,591,1,168,452,203,471,propagated:0.970
/Users/bround/Desktop/Датасеты/Dataset_Mendeley_data/Unlabelled _UAV_Videos/Flight Test 2/FT2_complete_unprocessed_videos/2023-11-23 14-56-24.mp4,592,1,167,453,202,472,propagated:0.980
/Users/bround/Desktop/Датасеты/Dataset_Mendeley_data/Unlabelled _UAV_Videos/Flight Test 2/FT2_complete_unprocessed_videos/2023-11-23 14-56-24.mp4,593,1,165,452,200,471,propagated:0.983
/Users/bround/Desktop/Датасеты/Dataset_Mendeley_data/Unlabelled _UAV_Videos/Flight Test 2/FT2_complete_unprocessed_videos/2023-11-23 14-56-24.mp4,594,1,162,452,197,471,propagated:0.988
/Users/bround/Desktop/Датасеты/Dataset_Mendeley_data/Unlabelled _UAV_Videos/Flight Test 2/FT2_complete_unprocessed_videos/2023-11-23 14-56-24.mp4,595,1,160,453,195,472,propagated:0.976
/Users/bround/Desktop/Датасеты/Dataset_Mendeley_data/Unlabelled _UAV_Videos/Flight Test 2/FT2_complete_unprocessed_videos/2023-11-23 14-56-24.mp4,596,1,159,454,194,473,propagated:0.967
/Users/bround/Desktop/Датасеты/Dataset_Mendeley_data/Unlabelled _UAV_Videos/Flight Test 2/FT2_complete_unprocessed_videos/2023-11-23 14-56-24.mp4,597,1,158,453,193,472,propagated:0.976
/Users/bround/Desktop/Датасеты/Dataset_Mendeley_data/Unlabelled _UAV_Videos/Flight Test 2/FT2_complete_unprocessed_videos/2023-11-23 14-56-24.mp4,598,1,156,450,191,469,propagated:0.983
/Users/bround/Desktop/Датасеты/Dataset_Mendeley_data/Unlabelled _UAV_Videos/Flight Test 2/FT2_complete_unprocessed_videos/2023-11-23 14-56-24.mp4,599,1,154,450,189,469,propagated:0.968
/Users/bround/Desktop/Датасеты/Dataset_Mendeley_data/Unlabelled _UAV_Videos/Flight Test 2/FT2_complete_unprocessed_videos/2023-11-23 14-56-24.mp4,600,1,152,450,187,469,propagated:0.976
/Users/bround/Desktop/Датасеты/Dataset_Mendeley_data/Unlabelled _UAV_Videos/Flight Test 2/FT2_complete_unprocessed_videos/2023-11-23 14-56-24.mp4,601,1,150,451,185,470,propagated:0.967
/Users/bround/Desktop/Датасеты/Dataset_Mendeley_data/Unlabelled _UAV_Videos/Flight Test 2/FT2_complete_unprocessed_videos/2023-11-23 14-56-24.mp4,602,1,148,450,183,469,propagated:0.982
/Users/bround/Desktop/Датасеты/Dataset_Mendeley_data/Unlabelled _UAV_Videos/Flight Test 2/FT2_complete_unprocessed_videos/2023-11-23 14-56-24.mp4,603,1,147,450,182,469,propagated:0.985
/Users/bround/Desktop/Датасеты/Dataset_Mendeley_data/Unlabelled _UAV_Videos/Flight Test 2/FT2_complete_unprocessed_videos/2023-11-23 14-56-24.mp4,604,1,147,451,182,470,propagated:0.967
/Users/bround/Desktop/Датасеты/Dataset_Mendeley_data/Unlabelled _UAV_Videos/Flight Test 2/FT2_complete_unprocessed_videos/2023-11-23 14-56-24.mp4,605,1,146,451,181,470,propagated:0.981
/Users/bround/Desktop/Датасеты/Dataset_Mendeley_data/Unlabelled _UAV_Videos/Flight Test 2/FT2_complete_unprocessed_videos/2023-11-23 14-56-24.mp4,606,1,146,453,181,472,propagated:0.972
/Users/bround/Desktop/Датасеты/Dataset_Mendeley_data/Unlabelled _UAV_Videos/Flight Test 2/FT2_complete_unprocessed_videos/2023-11-23 14-56-24.mp4,607,1,146,454,181,473,propagated:0.986
/Users/bround/Desktop/Датасеты/Dataset_Mendeley_data/Unlabelled _UAV_Videos/Flight Test 2/FT2_complete_unprocessed_videos/2023-11-23 14-56-24.mp4,608,1,146,452,181,471,propagated:0.972
/Users/bround/Desktop/Датасеты/Dataset_Mendeley_data/Unlabelled _UAV_Videos/Flight Test 2/FT2_complete_unprocessed_videos/2023-11-23 14-56-24.mp4,609,1,146,452,181,471,propagated:0.975
/Users/bround/Desktop/Датасеты/Dataset_Mendeley_data/Unlabelled _UAV_Videos/Flight Test 2/FT2_complete_unprocessed_videos/2023-11-23 14-56-24.mp4,610,1,146,453,181,472,propagated:0.979
/Users/bround/Desktop/Датасеты/Dataset_Mendeley_data/Unlabelled _UAV_Videos/Flight Test 2/FT2_complete_unprocessed_videos/2023-11-23 14-56-24.mp4,611,1,146,452,181,471,propagated:0.972
/Users/bround/Desktop/Датасеты/Dataset_Mendeley_data/Unlabelled _UAV_Videos/Flight Test 2/FT2_complete_unprocessed_videos/2023-11-23 14-56-24.mp4,612,1,145,451,180,470,propagated:0.952
/Users/bround/Desktop/Датасеты/Dataset_Mendeley_data/Unlabelled _UAV_Videos/Flight Test 2/FT2_complete_unprocessed_videos/2023-11-23 14-56-24.mp4,613,1,145,454,180,473,propagated:0.973
/Users/bround/Desktop/Датасеты/Dataset_Mendeley_data/Unlabelled _UAV_Videos/Flight Test 2/FT2_complete_unprocessed_videos/2023-11-23 14-56-24.mp4,614,1,145,455,180,474,propagated:0.990
/Users/bround/Desktop/Датасеты/Dataset_Mendeley_data/Unlabelled _UAV_Videos/Flight Test 2/FT2_complete_unprocessed_videos/2023-11-23 14-56-24.mp4,615,1,145,456,180,475,propagated:0.985
/Users/bround/Desktop/Датасеты/Dataset_Mendeley_data/Unlabelled _UAV_Videos/Flight Test 2/FT2_complete_unprocessed_videos/2023-11-23 14-56-24.mp4,616,1,145,457,180,476,propagated:0.965
/Users/bround/Desktop/Датасеты/Dataset_Mendeley_data/Unlabelled _UAV_Videos/Flight Test 2/FT2_complete_unprocessed_videos/2023-11-23 14-56-24.mp4,617,1,145,459,180,478,propagated:0.972
/Users/bround/Desktop/Датасеты/Dataset_Mendeley_data/Unlabelled _UAV_Videos/Flight Test 2/FT2_complete_unprocessed_videos/2023-11-23 14-56-24.mp4,618,1,145,460,180,479,propagated:0.963
/Users/bround/Desktop/Датасеты/Dataset_Mendeley_data/Unlabelled _UAV_Videos/Flight Test 2/FT2_complete_unprocessed_videos/2023-11-23 14-56-24.mp4,619,1,145,459,180,478,propagated:0.974
/Users/bround/Desktop/Датасеты/Dataset_Mendeley_data/Unlabelled _UAV_Videos/Flight Test 2/FT2_complete_unprocessed_videos/2023-11-23 14-56-24.mp4,620,1,145,460,180,479,propagated:0.968
/Users/bround/Desktop/Датасеты/Dataset_Mendeley_data/Unlabelled _UAV_Videos/Flight Test 2/FT2_complete_unprocessed_videos/2023-11-23 14-56-24.mp4,621,1,144,462,179,481,propagated:0.936
/Users/bround/Desktop/Датасеты/Dataset_Mendeley_data/Unlabelled _UAV_Videos/Flight Test 2/FT2_complete_unprocessed_videos/2023-11-23 14-56-24.mp4,622,1,144,466,179,485,propagated:0.953
/Users/bround/Desktop/Датасеты/Dataset_Mendeley_data/Unlabelled _UAV_Videos/Flight Test 2/FT2_complete_unprocessed_videos/2023-11-23 14-56-24.mp4,623,1,144,467,179,486,propagated:0.953
/Users/bround/Desktop/Датасеты/Dataset_Mendeley_data/Unlabelled _UAV_Videos/Flight Test 2/FT2_complete_unprocessed_videos/2023-11-23 14-56-24.mp4,624,1,144,467,179,486,propagated:0.973
/Users/bround/Desktop/Датасеты/Dataset_Mendeley_data/Unlabelled _UAV_Videos/Flight Test 2/FT2_complete_unprocessed_videos/2023-11-23 14-56-24.mp4,625,1,144,470,179,489,propagated:0.988
/Users/bround/Desktop/Датасеты/Dataset_Mendeley_data/Unlabelled _UAV_Videos/Flight Test 2/FT2_complete_unprocessed_videos/2023-11-23 14-56-24.mp4,626,1,144,471,179,490,propagated:0.978
/Users/bround/Desktop/Датасеты/Dataset_Mendeley_data/Unlabelled _UAV_Videos/Flight Test 2/FT2_complete_unprocessed_videos/2023-11-23 14-56-24.mp4,627,1,144,472,179,491,propagated:0.971
/Users/bround/Desktop/Датасеты/Dataset_Mendeley_data/Unlabelled _UAV_Videos/Flight Test 2/FT2_complete_unprocessed_videos/2023-11-23 14-56-24.mp4,628,1,144,472,179,491,propagated:0.955
/Users/bround/Desktop/Датасеты/Dataset_Mendeley_data/Unlabelled _UAV_Videos/Flight Test 2/FT2_complete_unprocessed_videos/2023-11-23 14-56-24.mp4,629,1,144,472,179,491,propagated:0.983
/Users/bround/Desktop/Датасеты/Dataset_Mendeley_data/Unlabelled _UAV_Videos/Flight Test 2/FT2_complete_unprocessed_videos/2023-11-23 14-56-24.mp4,630,1,144,471,179,490,propagated:0.964
/Users/bround/Desktop/Датасеты/Dataset_Mendeley_data/Unlabelled _UAV_Videos/Flight Test 2/FT2_complete_unprocessed_videos/2023-11-23 14-56-24.mp4,631,1,144,471,179,490,propagated:0.957
/Users/bround/Desktop/Датасеты/Dataset_Mendeley_data/Unlabelled _UAV_Videos/Flight Test 2/FT2_complete_unprocessed_videos/2023-11-23 14-56-24.mp4,632,1,144,473,179,492,propagated:0.974
/Users/bround/Desktop/Датасеты/Dataset_Mendeley_data/Unlabelled _UAV_Videos/Flight Test 2/FT2_complete_unprocessed_videos/2023-11-23 14-56-24.mp4,633,1,144,474,179,493,propagated:0.988
/Users/bround/Desktop/Датасеты/Dataset_Mendeley_data/Unlabelled _UAV_Videos/Flight Test 2/FT2_complete_unprocessed_videos/2023-11-23 14-56-24.mp4,634,1,144,475,179,494,propagated:0.994
/Users/bround/Desktop/Датасеты/Dataset_Mendeley_data/Unlabelled _UAV_Videos/Flight Test 2/FT2_complete_unprocessed_videos/2023-11-23 14-56-24.mp4,635,1,144,476,179,495,propagated:0.988
/Users/bround/Desktop/Датасеты/Dataset_Mendeley_data/Unlabelled _UAV_Videos/Flight Test 2/FT2_complete_unprocessed_videos/2023-11-23 14-56-24.mp4,636,1,144,474,179,493,propagated:0.973
/Users/bround/Desktop/Датасеты/Dataset_Mendeley_data/Unlabelled _UAV_Videos/Flight Test 2/FT2_complete_unprocessed_videos/2023-11-23 14-56-24.mp4,637,1,144,473,179,492,propagated:0.980
/Users/bround/Desktop/Датасеты/Dataset_Mendeley_data/Unlabelled _UAV_Videos/Flight Test 2/FT2_complete_unprocessed_videos/2023-11-23 14-56-24.mp4,638,1,144,472,179,491,propagated:0.971
/Users/bround/Desktop/Датасеты/Dataset_Mendeley_data/Unlabelled _UAV_Videos/Flight Test 2/FT2_complete_unprocessed_videos/2023-11-23 14-56-24.mp4,639,1,144,472,179,491,propagated:0.964
/Users/bround/Desktop/Датасеты/Dataset_Mendeley_data/Unlabelled _UAV_Videos/Flight Test 2/FT2_complete_unprocessed_videos/2023-11-23 14-56-24.mp4,640,1,144,474,179,493,propagated:0.963
/Users/bround/Desktop/Датасеты/Dataset_Mendeley_data/Unlabelled _UAV_Videos/Flight Test 2/FT2_complete_unprocessed_videos/2023-11-23 14-56-24.mp4,641,1,144,474,179,493,propagated:0.961
/Users/bround/Desktop/Датасеты/Dataset_Mendeley_data/Unlabelled _UAV_Videos/Flight Test 2/FT2_complete_unprocessed_videos/2023-11-23 14-56-24.mp4,642,1,144,475,179,494,propagated:0.959
/Users/bround/Desktop/Датасеты/Dataset_Mendeley_data/Unlabelled _UAV_Videos/Flight Test 2/FT2_complete_unprocessed_videos/2023-11-23 14-56-24.mp4,643,1,144,476,179,495,propagated:0.957
/Users/bround/Desktop/Датасеты/Dataset_Mendeley_data/Unlabelled _UAV_Videos/Flight Test 2/FT2_complete_unprocessed_videos/2023-11-23 14-56-24.mp4,644,1,144,479,179,498,propagated:0.990
/Users/bround/Desktop/Датасеты/Dataset_Mendeley_data/Unlabelled _UAV_Videos/Flight Test 2/FT2_complete_unprocessed_videos/2023-11-23 14-56-24.mp4,645,1,144,481,179,500,propagated:0.966
/Users/bround/Desktop/Датасеты/Dataset_Mendeley_data/Unlabelled _UAV_Videos/Flight Test 2/FT2_complete_unprocessed_videos/2023-11-23 14-56-24.mp4,646,1,144,483,179,502,propagated:0.956
/Users/bround/Desktop/Датасеты/Dataset_Mendeley_data/Unlabelled _UAV_Videos/Flight Test 2/FT2_complete_unprocessed_videos/2023-11-23 14-56-24.mp4,647,1,144,482,179,501,propagated:0.975
/Users/bround/Desktop/Датасеты/Dataset_Mendeley_data/Unlabelled _UAV_Videos/Flight Test 2/FT2_complete_unprocessed_videos/2023-11-23 14-56-24.mp4,648,1,144,482,179,501,propagated:0.952
/Users/bround/Desktop/Датасеты/Dataset_Mendeley_data/Unlabelled _UAV_Videos/Flight Test 2/FT2_complete_unprocessed_videos/2023-11-23 14-56-24.mp4,649,1,144,482,179,501,propagated:0.968
/Users/bround/Desktop/Датасеты/Dataset_Mendeley_data/Unlabelled _UAV_Videos/Flight Test 2/FT2_complete_unprocessed_videos/2023-11-23 14-56-24.mp4,650,1,144,481,179,500,propagated:0.973
/Users/bround/Desktop/Датасеты/Dataset_Mendeley_data/Unlabelled _UAV_Videos/Flight Test 2/FT2_complete_unprocessed_videos/2023-11-23 14-56-24.mp4,651,1,144,480,179,499,propagated:0.972
/Users/bround/Desktop/Датасеты/Dataset_Mendeley_data/Unlabelled _UAV_Videos/Flight Test 2/FT2_complete_unprocessed_videos/2023-11-23 14-56-24.mp4,652,1,144,480,179,499,propagated:0.960
/Users/bround/Desktop/Датасеты/Dataset_Mendeley_data/Unlabelled _UAV_Videos/Flight Test 2/FT2_complete_unprocessed_videos/2023-11-23 14-56-24.mp4,653,1,144,480,179,499,propagated:0.973
/Users/bround/Desktop/Датасеты/Dataset_Mendeley_data/Unlabelled _UAV_Videos/Flight Test 2/FT2_complete_unprocessed_videos/2023-11-23 14-56-24.mp4,654,1,144,480,179,499,propagated:0.994
/Users/bround/Desktop/Датасеты/Dataset_Mendeley_data/Unlabelled _UAV_Videos/Flight Test 2/FT2_complete_unprocessed_videos/2023-11-23 14-56-24.mp4,655,1,144,480,179,499,propagated:0.981
/Users/bround/Desktop/Датасеты/Dataset_Mendeley_data/Unlabelled _UAV_Videos/Flight Test 2/FT2_complete_unprocessed_videos/2023-11-23 14-56-24.mp4,656,1,144,480,179,499,propagated:0.980
/Users/bround/Desktop/Датасеты/Dataset_Mendeley_data/Unlabelled _UAV_Videos/Flight Test 2/FT2_complete_unprocessed_videos/2023-11-23 14-56-24.mp4,657,1,143,479,178,498,propagated:0.969
/Users/bround/Desktop/Датасеты/Dataset_Mendeley_data/Unlabelled _UAV_Videos/Flight Test 2/FT2_complete_unprocessed_videos/2023-11-23 14-56-24.mp4,658,1,143,477,178,496,propagated:0.979
/Users/bround/Desktop/Датасеты/Dataset_Mendeley_data/Unlabelled _UAV_Videos/Flight Test 2/FT2_complete_unprocessed_videos/2023-11-23 14-56-24.mp4,659,1,142,475,177,494,propagated:0.984
/Users/bround/Desktop/Датасеты/Dataset_Mendeley_data/Unlabelled _UAV_Videos/Flight Test 2/FT2_complete_unprocessed_videos/2023-11-23 14-56-24.mp4,660,1,140,474,175,493,propagated:0.976
/Users/bround/Desktop/Датасеты/Dataset_Mendeley_data/Unlabelled _UAV_Videos/Flight Test 2/FT2_complete_unprocessed_videos/2023-11-23 14-56-24.mp4,661,1,138,473,173,492,propagated:0.970
/Users/bround/Desktop/Датасеты/Dataset_Mendeley_data/Unlabelled _UAV_Videos/Flight Test 2/FT2_complete_unprocessed_videos/2023-11-23 14-56-24.mp4,662,1,138,472,173,491,propagated:0.975
/Users/bround/Desktop/Датасеты/Dataset_Mendeley_data/Unlabelled _UAV_Videos/Flight Test 2/FT2_complete_unprocessed_videos/2023-11-23 14-56-24.mp4,663,1,137,469,172,488,propagated:0.962
/Users/bround/Desktop/Датасеты/Dataset_Mendeley_data/Unlabelled _UAV_Videos/Flight Test 2/FT2_complete_unprocessed_videos/2023-11-23 14-56-24.mp4,664,1,136,469,171,488,propagated:0.966
/Users/bround/Desktop/Датасеты/Dataset_Mendeley_data/Unlabelled _UAV_Videos/Flight Test 2/FT2_complete_unprocessed_videos/2023-11-23 14-56-24.mp4,665,1,136,471,171,490,propagated:0.972
/Users/bround/Desktop/Датасеты/Dataset_Mendeley_data/Unlabelled _UAV_Videos/Flight Test 2/FT2_complete_unprocessed_videos/2023-11-23 14-56-24.mp4,666,1,135,475,170,494,propagated:0.982
/Users/bround/Desktop/Датасеты/Dataset_Mendeley_data/Unlabelled _UAV_Videos/Flight Test 2/FT2_complete_unprocessed_videos/2023-11-23 14-56-24.mp4,667,1,134,475,169,494,propagated:0.973
/Users/bround/Desktop/Датасеты/Dataset_Mendeley_data/Unlabelled _UAV_Videos/Flight Test 2/FT2_complete_unprocessed_videos/2023-11-23 14-56-24.mp4,668,1,131,473,166,492,propagated:0.980
/Users/bround/Desktop/Датасеты/Dataset_Mendeley_data/Unlabelled _UAV_Videos/Flight Test 2/FT2_complete_unprocessed_videos/2023-11-23 14-56-24.mp4,669,1,129,472,164,491,propagated:0.978
/Users/bround/Desktop/Датасеты/Dataset_Mendeley_data/Unlabelled _UAV_Videos/Flight Test 2/FT2_complete_unprocessed_videos/2023-11-23 14-56-24.mp4,670,1,127,472,162,491,propagated:0.980
/Users/bround/Desktop/Датасеты/Dataset_Mendeley_data/Unlabelled _UAV_Videos/Flight Test 2/FT2_complete_unprocessed_videos/2023-11-23 14-56-24.mp4,671,1,125,472,160,491,propagated:0.982
/Users/bround/Desktop/Датасеты/Dataset_Mendeley_data/Unlabelled _UAV_Videos/Flight Test 2/FT2_complete_unprocessed_videos/2023-11-23 14-56-24.mp4,672,1,123,471,158,490,propagated:0.984
/Users/bround/Desktop/Датасеты/Dataset_Mendeley_data/Unlabelled _UAV_Videos/Flight Test 2/FT2_complete_unprocessed_videos/2023-11-23 14-56-24.mp4,673,1,122,469,157,488,propagated:0.984
/Users/bround/Desktop/Датасеты/Dataset_Mendeley_data/Unlabelled _UAV_Videos/Flight Test 2/FT2_complete_unprocessed_videos/2023-11-23 14-56-24.mp4,674,1,120,468,155,487,propagated:0.967
/Users/bround/Desktop/Датасеты/Dataset_Mendeley_data/Unlabelled _UAV_Videos/Flight Test 2/FT2_complete_unprocessed_videos/2023-11-23 14-56-24.mp4,675,1,116,469,151,488,propagated:0.965
/Users/bround/Desktop/Датасеты/Dataset_Mendeley_data/Unlabelled _UAV_Videos/Flight Test 2/FT2_complete_unprocessed_videos/2023-11-23 14-56-24.mp4,676,1,112,469,147,488,propagated:0.960
/Users/bround/Desktop/Датасеты/Dataset_Mendeley_data/Unlabelled _UAV_Videos/Flight Test 2/FT2_complete_unprocessed_videos/2023-11-23 14-56-24.mp4,677,1,107,466,142,485,propagated:0.978
/Users/bround/Desktop/Датасеты/Dataset_Mendeley_data/Unlabelled _UAV_Videos/Flight Test 2/FT2_complete_unprocessed_videos/2023-11-23 14-56-24.mp4,678,1,102,464,137,483,propagated:0.965
/Users/bround/Desktop/Датасеты/Dataset_Mendeley_data/Unlabelled _UAV_Videos/Flight Test 2/FT2_complete_unprocessed_videos/2023-11-23 14-56-24.mp4,679,1,96,463,131,482,propagated:0.975
/Users/bround/Desktop/Датасеты/Dataset_Mendeley_data/Unlabelled _UAV_Videos/Flight Test 2/FT2_complete_unprocessed_videos/2023-11-23 14-56-24.mp4,680,1,92,460,127,479,propagated:0.979
/Users/bround/Desktop/Датасеты/Dataset_Mendeley_data/Unlabelled _UAV_Videos/Flight Test 2/FT2_complete_unprocessed_videos/2023-11-23 14-56-24.mp4,681,1,90,458,125,477,propagated:0.961
/Users/bround/Desktop/Датасеты/Dataset_Mendeley_data/Unlabelled _UAV_Videos/Flight Test 2/FT2_complete_unprocessed_videos/2023-11-23 14-56-24.mp4,682,1,90,456,125,475,propagated:0.951
/Users/bround/Desktop/Датасеты/Dataset_Mendeley_data/Unlabelled _UAV_Videos/Flight Test 2/FT2_complete_unprocessed_videos/2023-11-23 14-56-24.mp4,683,1,89,456,124,475,propagated:0.927
/Users/bround/Desktop/Датасеты/Dataset_Mendeley_data/Unlabelled _UAV_Videos/Flight Test 2/FT2_complete_unprocessed_videos/2023-11-23 14-56-24.mp4,684,1,88,458,123,477,propagated:0.956
/Users/bround/Desktop/Датасеты/Dataset_Mendeley_data/Unlabelled _UAV_Videos/Flight Test 2/FT2_complete_unprocessed_videos/2023-11-23 14-56-24.mp4,685,1,86,463,121,482,propagated:0.955
/Users/bround/Desktop/Датасеты/Dataset_Mendeley_data/Unlabelled _UAV_Videos/Flight Test 2/FT2_complete_unprocessed_videos/2023-11-23 14-56-24.mp4,686,1,84,465,119,484,propagated:0.954
/Users/bround/Desktop/Датасеты/Dataset_Mendeley_data/Unlabelled _UAV_Videos/Flight Test 2/FT2_complete_unprocessed_videos/2023-11-23 14-56-24.mp4,687,1,81,467,116,486,propagated:0.942
/Users/bround/Desktop/Датасеты/Dataset_Mendeley_data/Unlabelled _UAV_Videos/Flight Test 2/FT2_complete_unprocessed_videos/2023-11-23 14-56-24.mp4,688,1,77,469,112,488,propagated:0.926
/Users/bround/Desktop/Датасеты/Dataset_Mendeley_data/Unlabelled _UAV_Videos/Flight Test 2/FT2_complete_unprocessed_videos/2023-11-23 14-56-24.mp4,689,1,72,470,107,489,propagated:0.907
/Users/bround/Desktop/Датасеты/Dataset_Mendeley_data/Unlabelled _UAV_Videos/Flight Test 2/FT2_complete_unprocessed_videos/2023-11-23 14-56-24.mp4,690,1,67,470,102,489,propagated:0.898
/Users/bround/Desktop/Датасеты/Dataset_Mendeley_data/Unlabelled _UAV_Videos/Flight Test 2/FT2_complete_unprocessed_videos/2023-11-23 14-56-24.mp4,691,1,63,471,98,490,propagated:0.912
/Users/bround/Desktop/Датасеты/Dataset_Mendeley_data/Unlabelled _UAV_Videos/Flight Test 2/FT2_complete_unprocessed_videos/2023-11-23 14-56-24.mp4,692,1,60,470,95,489,propagated:0.923
/Users/bround/Desktop/Датасеты/Dataset_Mendeley_data/Unlabelled _UAV_Videos/Flight Test 2/FT2_complete_unprocessed_videos/2023-11-23 14-56-24.mp4,693,1,56,470,91,489,propagated:0.904
/Users/bround/Desktop/Датасеты/Dataset_Mendeley_data/Unlabelled _UAV_Videos/Flight Test 2/FT2_complete_unprocessed_videos/2023-11-23 14-56-24.mp4,694,1,53,472,88,491,propagated:0.952
/Users/bround/Desktop/Датасеты/Dataset_Mendeley_data/Unlabelled _UAV_Videos/Flight Test 2/FT2_complete_unprocessed_videos/2023-11-23 14-56-24.mp4,695,1,50,473,85,492,propagated:0.947
/Users/bround/Desktop/Датасеты/Dataset_Mendeley_data/Unlabelled _UAV_Videos/Flight Test 2/FT2_complete_unprocessed_videos/2023-11-23 14-56-24.mp4,696,1,47,474,82,493,propagated:0.939
/Users/bround/Desktop/Датасеты/Dataset_Mendeley_data/Unlabelled _UAV_Videos/Flight Test 2/FT2_complete_unprocessed_videos/2023-11-23 14-56-24.mp4,697,1,47,473,82,492,propagated:0.946
/Users/bround/Desktop/Датасеты/Dataset_Mendeley_data/Unlabelled _UAV_Videos/Flight Test 2/FT2_complete_unprocessed_videos/2023-11-23 14-56-24.mp4,698,1,47,473,82,492,propagated:0.952
/Users/bround/Desktop/Датасеты/Dataset_Mendeley_data/Unlabelled _UAV_Videos/Flight Test 2/FT2_complete_unprocessed_videos/2023-11-23 14-56-24.mp4,699,1,47,474,82,493,propagated:0.958
/Users/bround/Desktop/Датасеты/Dataset_Mendeley_data/Unlabelled _UAV_Videos/Flight Test 2/FT2_complete_unprocessed_videos/2023-11-23 14-56-24.mp4,700,1,48,476,83,495,propagated:0.943
/Users/bround/Desktop/Датасеты/Dataset_Mendeley_data/Unlabelled _UAV_Videos/Flight Test 2/FT2_complete_unprocessed_videos/2023-11-23 14-56-24.mp4,701,1,50,475,85,494,propagated:0.943
/Users/bround/Desktop/Датасеты/Dataset_Mendeley_data/Unlabelled _UAV_Videos/Flight Test 2/FT2_complete_unprocessed_videos/2023-11-23 14-56-24.mp4,702,1,51,476,86,495,propagated:0.964
/Users/bround/Desktop/Датасеты/Dataset_Mendeley_data/Unlabelled _UAV_Videos/Flight Test 2/FT2_complete_unprocessed_videos/2023-11-23 14-56-24.mp4,703,1,53,477,88,496,propagated:0.953
/Users/bround/Desktop/Датасеты/Dataset_Mendeley_data/Unlabelled _UAV_Videos/Flight Test 2/FT2_complete_unprocessed_videos/2023-11-23 14-56-24.mp4,704,1,55,479,90,498,propagated:0.966
/Users/bround/Desktop/Датасеты/Dataset_Mendeley_data/Unlabelled _UAV_Videos/Flight Test 2/FT2_complete_unprocessed_videos/2023-11-23 14-56-24.mp4,705,1,57,481,92,500,propagated:0.954
/Users/bround/Desktop/Датасеты/Dataset_Mendeley_data/Unlabelled _UAV_Videos/Flight Test 2/FT2_complete_unprocessed_videos/2023-11-23 14-56-24.mp4,706,1,58,482,93,501,propagated:0.953
/Users/bround/Desktop/Датасеты/Dataset_Mendeley_data/Unlabelled _UAV_Videos/Flight Test 2/FT2_complete_unprocessed_videos/2023-11-23 14-56-24.mp4,707,1,60,483,95,502,propagated:0.948
/Users/bround/Desktop/Датасеты/Dataset_Mendeley_data/Unlabelled _UAV_Videos/Flight Test 2/FT2_complete_unprocessed_videos/2023-11-23 14-56-24.mp4,708,1,62,483,97,502,propagated:0.936
/Users/bround/Desktop/Датасеты/Dataset_Mendeley_data/Unlabelled _UAV_Videos/Flight Test 2/FT2_complete_unprocessed_videos/2023-11-23 14-56-24.mp4,709,1,64,483,99,502,propagated:0.883
/Users/bround/Desktop/Датасеты/Dataset_Mendeley_data/Unlabelled _UAV_Videos/Flight Test 2/FT2_complete_unprocessed_videos/2023-11-23 14-56-24.mp4,710,1,66,483,101,502,propagated:0.898
/Users/bround/Desktop/Датасеты/Dataset_Mendeley_data/Unlabelled _UAV_Videos/Flight Test 2/FT2_complete_unprocessed_videos/2023-11-23 14-56-24.mp4,711,1,69,483,104,502,propagated:0.894
/Users/bround/Desktop/Датасеты/Dataset_Mendeley_data/Unlabelled _UAV_Videos/Flight Test 2/FT2_complete_unprocessed_videos/2023-11-23 14-56-24.mp4,712,1,71,484,106,503,propagated:0.897
/Users/bround/Desktop/Датасеты/Dataset_Mendeley_data/Unlabelled _UAV_Videos/Flight Test 2/FT2_complete_unprocessed_videos/2023-11-23 14-56-24.mp4,713,1,74,486,109,505,propagated:0.921
/Users/bround/Desktop/Датасеты/Dataset_Mendeley_data/Unlabelled _UAV_Videos/Flight Test 2/FT2_complete_unprocessed_videos/2023-11-23 14-56-24.mp4,714,1,77,489,112,508,propagated:0.953
/Users/bround/Desktop/Датасеты/Dataset_Mendeley_data/Unlabelled _UAV_Videos/Flight Test 2/FT2_complete_unprocessed_videos/2023-11-23 14-56-24.mp4,715,1,79,490,114,509,propagated:0.991
/Users/bround/Desktop/Датасеты/Dataset_Mendeley_data/Unlabelled _UAV_Videos/Flight Test 2/FT2_complete_unprocessed_videos/2023-11-23 14-56-24.mp4,716,1,82,492,117,511,propagated:0.961
/Users/bround/Desktop/Датасеты/Dataset_Mendeley_data/Unlabelled _UAV_Videos/Flight Test 2/FT2_complete_unprocessed_videos/2023-11-23 14-56-24.mp4,717,1,84,494,119,513,propagated:0.948
/Users/bround/Desktop/Датасеты/Dataset_Mendeley_data/Unlabelled _UAV_Videos/Flight Test 2/FT2_complete_unprocessed_videos/2023-11-23 14-56-24.mp4,718,1,87,496,122,515,propagated:0.981
/Users/bround/Desktop/Датасеты/Dataset_Mendeley_data/Unlabelled _UAV_Videos/Flight Test 2/FT2_complete_unprocessed_videos/2023-11-23 14-56-24.mp4,719,1,90,498,125,517,propagated:0.987
/Users/bround/Desktop/Датасеты/Dataset_Mendeley_data/Unlabelled _UAV_Videos/Flight Test 2/FT2_complete_unprocessed_videos/2023-11-23 14-56-24.mp4,720,1,92,500,127,519,propagated:0.978
/Users/bround/Desktop/Датасеты/Dataset_Mendeley_data/Unlabelled _UAV_Videos/Flight Test 2/FT2_complete_unprocessed_videos/2023-11-23 14-56-24.mp4,721,1,95,501,130,520,propagated:0.990
/Users/bround/Desktop/Датасеты/Dataset_Mendeley_data/Unlabelled _UAV_Videos/Flight Test 2/FT2_complete_unprocessed_videos/2023-11-23 14-56-24.mp4,722,1,98,502,133,521,propagated:0.960
/Users/bround/Desktop/Датасеты/Dataset_Mendeley_data/Unlabelled _UAV_Videos/Flight Test 2/FT2_complete_unprocessed_videos/2023-11-23 14-56-24.mp4,723,1,101,503,136,522,propagated:0.969
/Users/bround/Desktop/Датасеты/Dataset_Mendeley_data/Unlabelled _UAV_Videos/Flight Test 2/FT2_complete_unprocessed_videos/2023-11-23 14-56-24.mp4,724,1,104,504,139,523,propagated:0.977
/Users/bround/Desktop/Датасеты/Dataset_Mendeley_data/Unlabelled _UAV_Videos/Flight Test 2/FT2_complete_unprocessed_videos/2023-11-23 14-56-24.mp4,725,1,107,504,142,523,propagated:0.959
/Users/bround/Desktop/Датасеты/Dataset_Mendeley_data/Unlabelled _UAV_Videos/Flight Test 2/FT2_complete_unprocessed_videos/2023-11-23 14-56-24.mp4,726,1,110,503,145,522,propagated:0.976
/Users/bround/Desktop/Датасеты/Dataset_Mendeley_data/Unlabelled _UAV_Videos/Flight Test 2/FT2_complete_unprocessed_videos/2023-11-23 14-56-24.mp4,727,1,113,503,148,522,propagated:0.972
/Users/bround/Desktop/Датасеты/Dataset_Mendeley_data/Unlabelled _UAV_Videos/Flight Test 2/FT2_complete_unprocessed_videos/2023-11-23 14-56-24.mp4,728,1,116,504,151,523,propagated:0.992
/Users/bround/Desktop/Датасеты/Dataset_Mendeley_data/Unlabelled _UAV_Videos/Flight Test 2/FT2_complete_unprocessed_videos/2023-11-23 14-56-24.mp4,729,1,120,505,155,524,propagated:0.985
/Users/bround/Desktop/Датасеты/Dataset_Mendeley_data/Unlabelled _UAV_Videos/Flight Test 2/FT2_complete_unprocessed_videos/2023-11-23 14-56-24.mp4,730,1,123,506,158,525,propagated:0.983
/Users/bround/Desktop/Датасеты/Dataset_Mendeley_data/Unlabelled _UAV_Videos/Flight Test 2/FT2_complete_unprocessed_videos/2023-11-23 14-56-24.mp4,731,1,127,506,162,525,propagated:0.983
/Users/bround/Desktop/Датасеты/Dataset_Mendeley_data/Unlabelled _UAV_Videos/Flight Test 2/FT2_complete_unprocessed_videos/2023-11-23 14-56-24.mp4,732,1,130,505,165,524,propagated:0.964
/Users/bround/Desktop/Датасеты/Dataset_Mendeley_data/Unlabelled _UAV_Videos/Flight Test 2/FT2_complete_unprocessed_videos/2023-11-23 14-56-24.mp4,733,1,134,504,169,523,propagated:0.982
/Users/bround/Desktop/Датасеты/Dataset_Mendeley_data/Unlabelled _UAV_Videos/Flight Test 2/FT2_complete_unprocessed_videos/2023-11-23 14-56-24.mp4,734,1,138,504,173,523,propagated:0.963
/Users/bround/Desktop/Датасеты/Dataset_Mendeley_data/Unlabelled _UAV_Videos/Flight Test 2/FT2_complete_unprocessed_videos/2023-11-23 14-56-24.mp4,735,1,142,503,177,522,propagated:0.966
/Users/bround/Desktop/Датасеты/Dataset_Mendeley_data/Unlabelled _UAV_Videos/Flight Test 2/FT2_complete_unprocessed_videos/2023-11-23 14-56-24.mp4,736,1,145,502,180,521,propagated:0.964
/Users/bround/Desktop/Датасеты/Dataset_Mendeley_data/Unlabelled _UAV_Videos/Flight Test 2/FT2_complete_unprocessed_videos/2023-11-23 14-56-24.mp4,737,1,149,502,184,521,propagated:0.963
/Users/bround/Desktop/Датасеты/Dataset_Mendeley_data/Unlabelled _UAV_Videos/Flight Test 2/FT2_complete_unprocessed_videos/2023-11-23 14-56-24.mp4,738,1,153,504,188,523,propagated:0.842
/Users/bround/Desktop/Датасеты/Dataset_Mendeley_data/Unlabelled _UAV_Videos/Flight Test 2/FT2_complete_unprocessed_videos/2023-11-23 14-56-24.mp4,739,1,157,503,192,522,propagated:0.785
/Users/bround/Desktop/Датасеты/Dataset_Mendeley_data/Unlabelled _UAV_Videos/Flight Test 2/FT2_complete_unprocessed_videos/2023-11-23 14-56-24.mp4,740,1,161,502,196,521,propagated:0.650
/Users/bround/Desktop/Датасеты/Dataset_Mendeley_data/Unlabelled _UAV_Videos/Flight Test 2/FT2_complete_unprocessed_videos/2023-11-23 14-56-24.mp4,741,1,165,502,200,521,propagated:0.676
/Users/bround/Desktop/Датасеты/Dataset_Mendeley_data/Unlabelled _UAV_Videos/Flight Test 2/FT2_complete_unprocessed_videos/2023-11-23 14-56-24.mp4,742,1,170,502,205,521,propagated:0.722
/Users/bround/Desktop/Датасеты/Dataset_Mendeley_data/Unlabelled _UAV_Videos/Flight Test 2/FT2_complete_unprocessed_videos/2023-11-23 14-56-24.mp4,743,1,173,502,208,521,propagated:0.833
/Users/bround/Desktop/Датасеты/Dataset_Mendeley_data/Unlabelled _UAV_Videos/Flight Test 2/FT2_complete_unprocessed_videos/2023-11-23 14-56-24.mp4,744,1,176,502,211,521,propagated:0.802
/Users/bround/Desktop/Датасеты/Dataset_Mendeley_data/Unlabelled _UAV_Videos/Flight Test 2/FT2_complete_unprocessed_videos/2023-11-23 14-56-24.mp4,745,1,175,499,210,518,propagated:0.712
/Users/bround/Desktop/Датасеты/Dataset_Mendeley_data/Unlabelled _UAV_Videos/Flight Test 2/FT2_complete_unprocessed_videos/2023-11-23 14-56-24.mp4,746,1,178,477,213,496,propagated:0.739
/Users/bround/Desktop/Датасеты/Dataset_Mendeley_data/Unlabelled _UAV_Videos/Flight Test 2/FT2_complete_unprocessed_videos/2023-11-23 14-56-24.mp4,747,1,177,478,212,497,propagated:0.778
/Users/bround/Desktop/Датасеты/Dataset_Mendeley_data/Unlabelled _UAV_Videos/Flight Test 2/FT2_complete_unprocessed_videos/2023-11-23 14-56-24.mp4,748,1,177,477,212,496,propagated:0.819
/Users/bround/Desktop/Датасеты/Dataset_Mendeley_data/Unlabelled _UAV_Videos/Flight Test 2/FT2_complete_unprocessed_videos/2023-11-23 14-56-24.mp4,749,1,177,476,212,495,propagated:0.850
/Users/bround/Desktop/Датасеты/Dataset_Mendeley_data/Unlabelled _UAV_Videos/Flight Test 2/FT2_complete_unprocessed_videos/2023-11-23 14-56-24.mp4,750,1,175,475,210,494,propagated:0.879
/Users/bround/Desktop/Датасеты/Dataset_Mendeley_data/Unlabelled _UAV_Videos/Flight Test 2/FT2_complete_unprocessed_videos/2023-11-23 14-56-24.mp4,751,1,171,475,206,494,propagated:0.903
/Users/bround/Desktop/Датасеты/Dataset_Mendeley_data/Unlabelled _UAV_Videos/Flight Test 2/FT2_complete_unprocessed_videos/2023-11-23 14-56-24.mp4,752,1,165,475,200,494,propagated:0.917
/Users/bround/Desktop/Датасеты/Dataset_Mendeley_data/Unlabelled _UAV_Videos/Flight Test 2/FT2_complete_unprocessed_videos/2023-11-23 14-56-24.mp4,753,1,158,473,193,492,propagated:0.932
/Users/bround/Desktop/Датасеты/Dataset_Mendeley_data/Unlabelled _UAV_Videos/Flight Test 2/FT2_complete_unprocessed_videos/2023-11-23 14-56-24.mp4,754,1,154,469,189,488,propagated:0.985
/Users/bround/Desktop/Датасеты/Dataset_Mendeley_data/Unlabelled _UAV_Videos/Flight Test 2/FT2_complete_unprocessed_videos/2023-11-23 14-56-24.mp4,755,1,150,467,185,486,propagated:0.993
/Users/bround/Desktop/Датасеты/Dataset_Mendeley_data/Unlabelled _UAV_Videos/Flight Test 2/FT2_complete_unprocessed_videos/2023-11-23 14-56-24.mp4,756,1,146,466,181,485,propagated:0.993
/Users/bround/Desktop/Датасеты/Dataset_Mendeley_data/Unlabelled _UAV_Videos/Flight Test 2/FT2_complete_unprocessed_videos/2023-11-23 14-56-24.mp4,757,1,144,467,179,486,propagated:0.982
/Users/bround/Desktop/Датасеты/Dataset_Mendeley_data/Unlabelled _UAV_Videos/Flight Test 2/FT2_complete_unprocessed_videos/2023-11-23 14-56-24.mp4,758,1,143,467,178,486,propagated:0.985
/Users/bround/Desktop/Датасеты/Dataset_Mendeley_data/Unlabelled _UAV_Videos/Flight Test 2/FT2_complete_unprocessed_videos/2023-11-23 14-56-24.mp4,759,1,142,466,177,485,propagated:0.984
/Users/bround/Desktop/Датасеты/Dataset_Mendeley_data/Unlabelled _UAV_Videos/Flight Test 2/FT2_complete_unprocessed_videos/2023-11-23 14-56-24.mp4,760,1,138,468,173,487,propagated:0.986
/Users/bround/Desktop/Датасеты/Dataset_Mendeley_data/Unlabelled _UAV_Videos/Flight Test 2/FT2_complete_unprocessed_videos/2023-11-23 14-56-24.mp4,761,1,133,468,168,487,propagated:0.984
/Users/bround/Desktop/Датасеты/Dataset_Mendeley_data/Unlabelled _UAV_Videos/Flight Test 2/FT2_complete_unprocessed_videos/2023-11-23 14-56-24.mp4,762,1,125,468,160,487,propagated:0.986
/Users/bround/Desktop/Датасеты/Dataset_Mendeley_data/Unlabelled _UAV_Videos/Flight Test 2/FT2_complete_unprocessed_videos/2023-11-23 14-56-24.mp4,763,1,208,508,242,525,manual
/Users/bround/Desktop/Датасеты/Dataset_Mendeley_data/Unlabelled _UAV_Videos/Flight Test 2/FT2_complete_unprocessed_videos/2023-11-23 14-56-24.mp4,765,1,205,505,239,522,propagated:0.978
/Users/bround/Desktop/Датасеты/Dataset_Mendeley_data/Unlabelled _UAV_Videos/Flight Test 2/FT2_complete_unprocessed_videos/2023-11-23 14-56-24.mp4,766,1,201,501,235,518,propagated:0.988
/Users/bround/Desktop/Датасеты/Dataset_Mendeley_data/Unlabelled _UAV_Videos/Flight Test 2/FT2_complete_unprocessed_videos/2023-11-23 14-56-24.mp4,767,1,196,500,230,517,propagated:0.992
/Users/bround/Desktop/Датасеты/Dataset_Mendeley_data/Unlabelled _UAV_Videos/Flight Test 2/FT2_complete_unprocessed_videos/2023-11-23 14-56-24.mp4,768,1,192,500,226,517,propagated:0.987
/Users/bround/Desktop/Датасеты/Dataset_Mendeley_data/Unlabelled _UAV_Videos/Flight Test 2/FT2_complete_unprocessed_videos/2023-11-23 14-56-24.mp4,769,1,189,501,223,518,propagated:0.991
/Users/bround/Desktop/Датасеты/Dataset_Mendeley_data/Unlabelled _UAV_Videos/Flight Test 2/FT2_complete_unprocessed_videos/2023-11-23 14-56-24.mp4,770,1,187,501,221,518,propagated:0.988
/Users/bround/Desktop/Датасеты/Dataset_Mendeley_data/Unlabelled _UAV_Videos/Flight Test 2/FT2_complete_unprocessed_videos/2023-11-23 14-56-24.mp4,771,1,184,499,218,516,propagated:0.980
/Users/bround/Desktop/Датасеты/Dataset_Mendeley_data/Unlabelled _UAV_Videos/Flight Test 2/FT2_complete_unprocessed_videos/2023-11-23 14-56-24.mp4,772,1,180,499,214,516,propagated:0.983
/Users/bround/Desktop/Датасеты/Dataset_Mendeley_data/Unlabelled _UAV_Videos/Flight Test 2/FT2_complete_unprocessed_videos/2023-11-23 14-56-24.mp4,773,1,174,499,208,516,propagated:0.977
/Users/bround/Desktop/Датасеты/Dataset_Mendeley_data/Unlabelled _UAV_Videos/Flight Test 2/FT2_complete_unprocessed_videos/2023-11-23 14-56-24.mp4,774,1,169,500,203,517,propagated:0.986
/Users/bround/Desktop/Датасеты/Dataset_Mendeley_data/Unlabelled _UAV_Videos/Flight Test 2/FT2_complete_unprocessed_videos/2023-11-23 14-56-24.mp4,775,1,166,497,200,514,propagated:0.990
/Users/bround/Desktop/Датасеты/Dataset_Mendeley_data/Unlabelled _UAV_Videos/Flight Test 2/FT2_complete_unprocessed_videos/2023-11-23 14-56-24.mp4,776,1,161,495,195,512,propagated:0.976
/Users/bround/Desktop/Датасеты/Dataset_Mendeley_data/Unlabelled _UAV_Videos/Flight Test 2/FT2_complete_unprocessed_videos/2023-11-23 14-56-24.mp4,777,1,157,492,191,509,propagated:0.985
/Users/bround/Desktop/Датасеты/Dataset_Mendeley_data/Unlabelled _UAV_Videos/Flight Test 2/FT2_complete_unprocessed_videos/2023-11-23 14-56-24.mp4,778,1,152,493,186,510,propagated:0.980
/Users/bround/Desktop/Датасеты/Dataset_Mendeley_data/Unlabelled _UAV_Videos/Flight Test 2/FT2_complete_unprocessed_videos/2023-11-23 14-56-24.mp4,779,1,149,493,183,510,propagated:0.986
/Users/bround/Desktop/Датасеты/Dataset_Mendeley_data/Unlabelled _UAV_Videos/Flight Test 2/FT2_complete_unprocessed_videos/2023-11-23 14-56-24.mp4,780,1,148,492,182,509,propagated:0.972
/Users/bround/Desktop/Датасеты/Dataset_Mendeley_data/Unlabelled _UAV_Videos/Flight Test 2/FT2_complete_unprocessed_videos/2023-11-23 14-56-24.mp4,781,1,148,492,182,509,propagated:0.984
/Users/bround/Desktop/Датасеты/Dataset_Mendeley_data/Unlabelled _UAV_Videos/Flight Test 2/FT2_complete_unprocessed_videos/2023-11-23 14-56-24.mp4,782,1,148,492,182,509,propagated:0.984
/Users/bround/Desktop/Датасеты/Dataset_Mendeley_data/Unlabelled _UAV_Videos/Flight Test 2/FT2_complete_unprocessed_videos/2023-11-23 14-56-24.mp4,783,1,145,493,179,510,propagated:0.991
/Users/bround/Desktop/Датасеты/Dataset_Mendeley_data/Unlabelled _UAV_Videos/Flight Test 2/FT2_complete_unprocessed_videos/2023-11-23 14-56-24.mp4,784,1,143,494,177,511,propagated:0.988
/Users/bround/Desktop/Датасеты/Dataset_Mendeley_data/Unlabelled _UAV_Videos/Flight Test 2/FT2_complete_unprocessed_videos/2023-11-23 14-56-24.mp4,785,1,142,494,176,511,propagated:0.988
/Users/bround/Desktop/Датасеты/Dataset_Mendeley_data/Unlabelled _UAV_Videos/Flight Test 2/FT2_complete_unprocessed_videos/2023-11-23 14-56-24.mp4,786,1,142,494,176,511,propagated:0.989
/Users/bround/Desktop/Датасеты/Dataset_Mendeley_data/Unlabelled _UAV_Videos/Flight Test 2/FT2_complete_unprocessed_videos/2023-11-23 14-56-24.mp4,787,1,142,495,176,512,propagated:0.992
/Users/bround/Desktop/Датасеты/Dataset_Mendeley_data/Unlabelled _UAV_Videos/Flight Test 2/FT2_complete_unprocessed_videos/2023-11-23 14-56-24.mp4,788,1,143,497,177,514,propagated:0.979
/Users/bround/Desktop/Датасеты/Dataset_Mendeley_data/Unlabelled _UAV_Videos/Flight Test 2/FT2_complete_unprocessed_videos/2023-11-23 14-56-24.mp4,789,1,147,496,181,513,propagated:0.989
/Users/bround/Desktop/Датасеты/Dataset_Mendeley_data/Unlabelled _UAV_Videos/Flight Test 2/FT2_complete_unprocessed_videos/2023-11-23 14-56-24.mp4,790,1,148,498,182,515,propagated:0.970
/Users/bround/Desktop/Датасеты/Dataset_Mendeley_data/Unlabelled _UAV_Videos/Flight Test 2/FT2_complete_unprocessed_videos/2023-11-23 14-56-24.mp4,791,1,149,499,183,516,propagated:0.981
/Users/bround/Desktop/Датасеты/Dataset_Mendeley_data/Unlabelled _UAV_Videos/Flight Test 2/FT2_complete_unprocessed_videos/2023-11-23 14-56-24.mp4,792,1,148,500,182,517,propagated:0.976
/Users/bround/Desktop/Датасеты/Dataset_Mendeley_data/Unlabelled _UAV_Videos/Flight Test 2/FT2_complete_unprocessed_videos/2023-11-23 14-56-24.mp4,793,1,146,501,180,518,propagated:0.984
/Users/bround/Desktop/Датасеты/Dataset_Mendeley_data/Unlabelled _UAV_Videos/Flight Test 2/FT2_complete_unprocessed_videos/2023-11-23 14-56-24.mp4,794,1,144,502,178,519,propagated:0.988
/Users/bround/Desktop/Датасеты/Dataset_Mendeley_data/Unlabelled _UAV_Videos/Flight Test 2/FT2_complete_unprocessed_videos/2023-11-23 14-56-24.mp4,795,1,141,503,175,520,propagated:0.958
/Users/bround/Desktop/Датасеты/Dataset_Mendeley_data/Unlabelled _UAV_Videos/Flight Test 2/FT2_complete_unprocessed_videos/2023-11-23 14-56-24.mp4,796,1,140,505,174,522,propagated:0.956
/Users/bround/Desktop/Датасеты/Dataset_Mendeley_data/Unlabelled _UAV_Videos/Flight Test 2/FT2_complete_unprocessed_videos/2023-11-23 14-56-24.mp4,797,1,140,506,174,523,propagated:0.979
/Users/bround/Desktop/Датасеты/Dataset_Mendeley_data/Unlabelled _UAV_Videos/Flight Test 2/FT2_complete_unprocessed_videos/2023-11-23 14-56-24.mp4,798,1,138,508,172,525,propagated:0.984
/Users/bround/Desktop/Датасеты/Dataset_Mendeley_data/Unlabelled _UAV_Videos/Flight Test 2/FT2_complete_unprocessed_videos/2023-11-23 14-56-24.mp4,799,1,136,508,170,525,propagated:0.984
/Users/bround/Desktop/Датасеты/Dataset_Mendeley_data/Unlabelled _UAV_Videos/Flight Test 2/FT2_complete_unprocessed_videos/2023-11-23 14-56-24.mp4,800,1,131,510,165,527,propagated:0.981
/Users/bround/Desktop/Датасеты/Dataset_Mendeley_data/Unlabelled _UAV_Videos/Flight Test 2/FT2_complete_unprocessed_videos/2023-11-23 14-56-24.mp4,801,1,128,510,162,527,propagated:0.980
/Users/bround/Desktop/Датасеты/Dataset_Mendeley_data/Unlabelled _UAV_Videos/Flight Test 2/FT2_complete_unprocessed_videos/2023-11-23 14-56-24.mp4,802,1,128,510,162,527,propagated:0.988
/Users/bround/Desktop/Датасеты/Dataset_Mendeley_data/Unlabelled _UAV_Videos/Flight Test 2/FT2_complete_unprocessed_videos/2023-11-23 14-56-24.mp4,803,1,130,511,164,528,propagated:0.979
/Users/bround/Desktop/Датасеты/Dataset_Mendeley_data/Unlabelled _UAV_Videos/Flight Test 2/FT2_complete_unprocessed_videos/2023-11-23 14-56-24.mp4,804,1,136,513,170,530,propagated:0.974
/Users/bround/Desktop/Датасеты/Dataset_Mendeley_data/Unlabelled _UAV_Videos/Flight Test 2/FT2_complete_unprocessed_videos/2023-11-23 14-56-24.mp4,805,1,143,514,177,531,propagated:0.982
/Users/bround/Desktop/Датасеты/Dataset_Mendeley_data/Unlabelled _UAV_Videos/Flight Test 2/FT2_complete_unprocessed_videos/2023-11-23 14-56-24.mp4,806,1,149,514,183,531,propagated:0.993
/Users/bround/Desktop/Датасеты/Dataset_Mendeley_data/Unlabelled _UAV_Videos/Flight Test 2/FT2_complete_unprocessed_videos/2023-11-23 14-56-24.mp4,807,1,154,514,188,531,propagated:0.962
/Users/bround/Desktop/Датасеты/Dataset_Mendeley_data/Unlabelled _UAV_Videos/Flight Test 2/FT2_complete_unprocessed_videos/2023-11-23 14-56-24.mp4,808,1,156,515,190,532,propagated:0.960
/Users/bround/Desktop/Датасеты/Dataset_Mendeley_data/Unlabelled _UAV_Videos/Flight Test 2/FT2_complete_unprocessed_videos/2023-11-23 14-56-24.mp4,809,1,160,512,194,529,propagated:0.960
/Users/bround/Desktop/Датасеты/Dataset_Mendeley_data/Unlabelled _UAV_Videos/Flight Test 2/FT2_complete_unprocessed_videos/2023-11-23 14-56-24.mp4,810,1,162,513,196,530,propagated:0.984
/Users/bround/Desktop/Датасеты/Dataset_Mendeley_data/Unlabelled _UAV_Videos/Flight Test 2/FT2_complete_unprocessed_videos/2023-11-23 14-56-24.mp4,811,1,165,514,199,531,propagated:0.981
/Users/bround/Desktop/Датасеты/Dataset_Mendeley_data/Unlabelled _UAV_Videos/Flight Test 2/FT2_complete_unprocessed_videos/2023-11-23 14-56-24.mp4,812,1,168,513,202,530,propagated:0.976
/Users/bround/Desktop/Датасеты/Dataset_Mendeley_data/Unlabelled _UAV_Videos/Flight Test 2/FT2_complete_unprocessed_videos/2023-11-23 14-56-24.mp4,813,1,171,513,205,530,propagated:0.976
/Users/bround/Desktop/Датасеты/Dataset_Mendeley_data/Unlabelled _UAV_Videos/Flight Test 2/FT2_complete_unprocessed_videos/2023-11-23 14-56-24.mp4,814,1,176,513,210,530,propagated:0.976
/Users/bround/Desktop/Датасеты/Dataset_Mendeley_data/Unlabelled _UAV_Videos/Flight Test 2/FT2_complete_unprocessed_videos/2023-11-23 14-56-24.mp4,815,1,181,514,215,531,propagated:0.977
/Users/bround/Desktop/Датасеты/Dataset_Mendeley_data/Unlabelled _UAV_Videos/Flight Test 2/FT2_complete_unprocessed_videos/2023-11-23 14-56-24.mp4,816,1,185,515,219,532,propagated:0.990
/Users/bround/Desktop/Датасеты/Dataset_Mendeley_data/Unlabelled _UAV_Videos/Flight Test 2/FT2_complete_unprocessed_videos/2023-11-23 14-56-24.mp4,817,1,191,516,225,533,propagated:0.973
/Users/bround/Desktop/Датасеты/Dataset_Mendeley_data/Unlabelled _UAV_Videos/Flight Test 2/FT2_complete_unprocessed_videos/2023-11-23 14-56-24.mp4,818,1,195,517,229,534,propagated:0.984
/Users/bround/Desktop/Датасеты/Dataset_Mendeley_data/Unlabelled _UAV_Videos/Flight Test 2/FT2_complete_unprocessed_videos/2023-11-23 14-56-24.mp4,819,1,199,517,233,534,propagated:0.972
/Users/bround/Desktop/Датасеты/Dataset_Mendeley_data/Unlabelled _UAV_Videos/Flight Test 2/FT2_complete_unprocessed_videos/2023-11-23 14-56-24.mp4,820,1,201,517,235,534,propagated:0.989
/Users/bround/Desktop/Датасеты/Dataset_Mendeley_data/Unlabelled _UAV_Videos/Flight Test 2/FT2_complete_unprocessed_videos/2023-11-23 14-56-24.mp4,821,1,202,519,236,536,propagated:0.982
/Users/bround/Desktop/Датасеты/Dataset_Mendeley_data/Unlabelled _UAV_Videos/Flight Test 2/FT2_complete_unprocessed_videos/2023-11-23 14-56-24.mp4,822,1,204,518,238,535,propagated:0.969
/Users/bround/Desktop/Датасеты/Dataset_Mendeley_data/Unlabelled _UAV_Videos/Flight Test 2/FT2_complete_unprocessed_videos/2023-11-23 14-56-24.mp4,823,1,205,519,239,536,propagated:0.979
/Users/bround/Desktop/Датасеты/Dataset_Mendeley_data/Unlabelled _UAV_Videos/Flight Test 2/FT2_complete_unprocessed_videos/2023-11-23 14-56-24.mp4,824,1,209,520,243,537,propagated:0.960
/Users/bround/Desktop/Датасеты/Dataset_Mendeley_data/Unlabelled _UAV_Videos/Flight Test 2/FT2_complete_unprocessed_videos/2023-11-23 14-56-24.mp4,825,1,214,521,248,538,propagated:0.984
/Users/bround/Desktop/Датасеты/Dataset_Mendeley_data/Unlabelled _UAV_Videos/Flight Test 2/FT2_complete_unprocessed_videos/2023-11-23 14-56-24.mp4,826,1,218,522,252,539,propagated:0.956
/Users/bround/Desktop/Датасеты/Dataset_Mendeley_data/Unlabelled _UAV_Videos/Flight Test 2/FT2_complete_unprocessed_videos/2023-11-23 14-56-24.mp4,827,1,222,522,256,539,propagated:0.960
/Users/bround/Desktop/Датасеты/Dataset_Mendeley_data/Unlabelled _UAV_Videos/Flight Test 2/FT2_complete_unprocessed_videos/2023-11-23 14-56-24.mp4,828,1,223,522,257,539,propagated:0.949
/Users/bround/Desktop/Датасеты/Dataset_Mendeley_data/Unlabelled _UAV_Videos/Flight Test 2/FT2_complete_unprocessed_videos/2023-11-23 14-56-24.mp4,829,1,223,523,257,540,propagated:0.967
/Users/bround/Desktop/Датасеты/Dataset_Mendeley_data/Unlabelled _UAV_Videos/Flight Test 2/FT2_complete_unprocessed_videos/2023-11-23 14-56-24.mp4,830,1,224,524,258,541,propagated:0.972
/Users/bround/Desktop/Датасеты/Dataset_Mendeley_data/Unlabelled _UAV_Videos/Flight Test 2/FT2_complete_unprocessed_videos/2023-11-23 14-56-24.mp4,831,1,225,523,259,540,propagated:0.969
/Users/bround/Desktop/Датасеты/Dataset_Mendeley_data/Unlabelled _UAV_Videos/Flight Test 2/FT2_complete_unprocessed_videos/2023-11-23 14-56-24.mp4,832,1,229,523,263,540,propagated:0.980
/Users/bround/Desktop/Датасеты/Dataset_Mendeley_data/Unlabelled _UAV_Videos/Flight Test 2/FT2_complete_unprocessed_videos/2023-11-23 14-56-24.mp4,833,1,235,523,269,540,propagated:0.979
/Users/bround/Desktop/Датасеты/Dataset_Mendeley_data/Unlabelled _UAV_Videos/Flight Test 2/FT2_complete_unprocessed_videos/2023-11-23 14-56-24.mp4,834,1,240,524,274,541,propagated:0.977
/Users/bround/Desktop/Датасеты/Dataset_Mendeley_data/Unlabelled _UAV_Videos/Flight Test 2/FT2_complete_unprocessed_videos/2023-11-23 14-56-24.mp4,835,1,244,524,278,541,propagated:0.987
/Users/bround/Desktop/Датасеты/Dataset_Mendeley_data/Unlabelled _UAV_Videos/Flight Test 2/FT2_complete_unprocessed_videos/2023-11-23 14-56-24.mp4,836,1,247,525,281,542,propagated:0.968
/Users/bround/Desktop/Датасеты/Dataset_Mendeley_data/Unlabelled _UAV_Videos/Flight Test 2/FT2_complete_unprocessed_videos/2023-11-23 14-56-24.mp4,837,1,250,524,284,541,propagated:0.944
/Users/bround/Desktop/Датасеты/Dataset_Mendeley_data/Unlabelled _UAV_Videos/Flight Test 2/FT2_complete_unprocessed_videos/2023-11-23 14-56-24.mp4,838,1,251,525,285,542,propagated:0.965
/Users/bround/Desktop/Датасеты/Dataset_Mendeley_data/Unlabelled _UAV_Videos/Flight Test 2/FT2_complete_unprocessed_videos/2023-11-23 14-56-24.mp4,839,1,252,526,286,543,propagated:0.978
/Users/bround/Desktop/Датасеты/Dataset_Mendeley_data/Unlabelled _UAV_Videos/Flight Test 2/FT2_complete_unprocessed_videos/2023-11-23 14-56-24.mp4,840,1,254,526,288,543,propagated:0.980
/Users/bround/Desktop/Датасеты/Dataset_Mendeley_data/Unlabelled _UAV_Videos/Flight Test 2/FT2_complete_unprocessed_videos/2023-11-23 14-56-24.mp4,841,1,256,527,290,544,propagated:0.971
/Users/bround/Desktop/Датасеты/Dataset_Mendeley_data/Unlabelled _UAV_Videos/Flight Test 2/FT2_complete_unprocessed_videos/2023-11-23 14-56-24.mp4,842,1,257,527,291,544,propagated:0.957
/Users/bround/Desktop/Датасеты/Dataset_Mendeley_data/Unlabelled _UAV_Videos/Flight Test 2/FT2_complete_unprocessed_videos/2023-11-23 14-56-24.mp4,843,1,259,528,293,545,propagated:0.985
/Users/bround/Desktop/Датасеты/Dataset_Mendeley_data/Unlabelled _UAV_Videos/Flight Test 2/FT2_complete_unprocessed_videos/2023-11-23 14-56-24.mp4,844,1,259,529,293,546,propagated:0.986
/Users/bround/Desktop/Датасеты/Dataset_Mendeley_data/Unlabelled _UAV_Videos/Flight Test 2/FT2_complete_unprocessed_videos/2023-11-23 14-56-24.mp4,845,1,261,529,295,546,propagated:0.981
/Users/bround/Desktop/Датасеты/Dataset_Mendeley_data/Unlabelled _UAV_Videos/Flight Test 2/FT2_complete_unprocessed_videos/2023-11-23 14-56-24.mp4,846,1,262,530,296,547,propagated:0.983
/Users/bround/Desktop/Датасеты/Dataset_Mendeley_data/Unlabelled _UAV_Videos/Flight Test 2/FT2_complete_unprocessed_videos/2023-11-23 14-56-24.mp4,847,1,263,530,297,547,propagated:0.971
/Users/bround/Desktop/Датасеты/Dataset_Mendeley_data/Unlabelled _UAV_Videos/Flight Test 2/FT2_complete_unprocessed_videos/2023-11-23 14-56-24.mp4,848,1,266,531,300,548,propagated:0.965
/Users/bround/Desktop/Датасеты/Dataset_Mendeley_data/Unlabelled _UAV_Videos/Flight Test 2/FT2_complete_unprocessed_videos/2023-11-23 14-56-24.mp4,849,1,268,532,302,549,propagated:0.963
/Users/bround/Desktop/Датасеты/Dataset_Mendeley_data/Unlabelled _UAV_Videos/Flight Test 2/FT2_complete_unprocessed_videos/2023-11-23 14-56-24.mp4,850,1,273,533,307,550,propagated:0.981
/Users/bround/Desktop/Датасеты/Dataset_Mendeley_data/Unlabelled _UAV_Videos/Flight Test 2/FT2_complete_unprocessed_videos/2023-11-23 14-56-24.mp4,851,1,278,533,312,550,propagated:0.979
/Users/bround/Desktop/Датасеты/Dataset_Mendeley_data/Unlabelled _UAV_Videos/Flight Test 2/FT2_complete_unprocessed_videos/2023-11-23 14-56-24.mp4,852,1,282,533,316,550,propagated:0.965
/Users/bround/Desktop/Датасеты/Dataset_Mendeley_data/Unlabelled _UAV_Videos/Flight Test 2/FT2_complete_unprocessed_videos/2023-11-23 14-56-24.mp4,853,1,283,535,317,552,propagated:0.982
/Users/bround/Desktop/Датасеты/Dataset_Mendeley_data/Unlabelled _UAV_Videos/Flight Test 2/FT2_complete_unprocessed_videos/2023-11-23 14-56-24.mp4,854,1,284,536,318,553,propagated:0.975
/Users/bround/Desktop/Датасеты/Dataset_Mendeley_data/Unlabelled _UAV_Videos/Flight Test 2/FT2_complete_unprocessed_videos/2023-11-23 14-56-24.mp4,855,1,284,536,318,553,propagated:0.984
/Users/bround/Desktop/Датасеты/Dataset_Mendeley_data/Unlabelled _UAV_Videos/Flight Test 2/FT2_complete_unprocessed_videos/2023-11-23 14-56-24.mp4,856,1,282,537,316,554,propagated:0.985
/Users/bround/Desktop/Датасеты/Dataset_Mendeley_data/Unlabelled _UAV_Videos/Flight Test 2/FT2_complete_unprocessed_videos/2023-11-23 14-56-24.mp4,857,1,280,537,314,554,propagated:0.966
/Users/bround/Desktop/Датасеты/Dataset_Mendeley_data/Unlabelled _UAV_Videos/Flight Test 2/FT2_complete_unprocessed_videos/2023-11-23 14-56-24.mp4,858,1,278,537,312,554,propagated:0.961
/Users/bround/Desktop/Датасеты/Dataset_Mendeley_data/Unlabelled _UAV_Videos/Flight Test 2/FT2_complete_unprocessed_videos/2023-11-23 14-56-24.mp4,859,1,277,537,311,554,propagated:0.986
/Users/bround/Desktop/Датасеты/Dataset_Mendeley_data/Unlabelled _UAV_Videos/Flight Test 2/FT2_complete_unprocessed_videos/2023-11-23 14-56-24.mp4,860,1,281,537,315,554,propagated:0.986
/Users/bround/Desktop/Датасеты/Dataset_Mendeley_data/Unlabelled _UAV_Videos/Flight Test 2/FT2_complete_unprocessed_videos/2023-11-23 14-56-24.mp4,861,1,286,537,320,554,propagated:0.981
/Users/bround/Desktop/Датасеты/Dataset_Mendeley_data/Unlabelled _UAV_Videos/Flight Test 2/FT2_complete_unprocessed_videos/2023-11-23 14-56-24.mp4,862,1,289,537,323,554,propagated:0.991
/Users/bround/Desktop/Датасеты/Dataset_Mendeley_data/Unlabelled _UAV_Videos/Flight Test 2/FT2_complete_unprocessed_videos/2023-11-23 14-56-24.mp4,863,1,290,537,324,554,propagated:0.944
/Users/bround/Desktop/Датасеты/Dataset_Mendeley_data/Unlabelled _UAV_Videos/Flight Test 2/FT2_complete_unprocessed_videos/2023-11-23 14-56-24.mp4,864,1,291,538,325,555,propagated:0.964
/Users/bround/Desktop/Датасеты/Dataset_Mendeley_data/Unlabelled _UAV_Videos/Flight Test 2/FT2_complete_unprocessed_videos/2023-11-23 14-56-24.mp4,865,1,290,538,324,555,propagated:0.983
/Users/bround/Desktop/Датасеты/Dataset_Mendeley_data/Unlabelled _UAV_Videos/Flight Test 2/FT2_complete_unprocessed_videos/2023-11-23 14-56-24.mp4,866,1,290,539,324,556,propagated:0.987
/Users/bround/Desktop/Датасеты/Dataset_Mendeley_data/Unlabelled _UAV_Videos/Flight Test 2/FT2_complete_unprocessed_videos/2023-11-23 14-56-24.mp4,867,1,291,538,325,555,propagated:0.967
/Users/bround/Desktop/Датасеты/Dataset_Mendeley_data/Unlabelled _UAV_Videos/Flight Test 2/FT2_complete_unprocessed_videos/2023-11-23 14-56-24.mp4,868,1,294,539,328,556,propagated:0.968
/Users/bround/Desktop/Датасеты/Dataset_Mendeley_data/Unlabelled _UAV_Videos/Flight Test 2/FT2_complete_unprocessed_videos/2023-11-23 14-56-24.mp4,869,1,297,538,331,555,propagated:0.942
/Users/bround/Desktop/Датасеты/Dataset_Mendeley_data/Unlabelled _UAV_Videos/Flight Test 2/FT2_complete_unprocessed_videos/2023-11-23 14-56-24.mp4,870,1,301,540,335,557,propagated:0.974
/Users/bround/Desktop/Датасеты/Dataset_Mendeley_data/Unlabelled _UAV_Videos/Flight Test 2/FT2_complete_unprocessed_videos/2023-11-23 14-56-24.mp4,871,1,305,539,339,556,propagated:0.951
/Users/bround/Desktop/Датасеты/Dataset_Mendeley_data/Unlabelled _UAV_Videos/Flight Test 2/FT2_complete_unprocessed_videos/2023-11-23 14-56-24.mp4,872,1,308,540,342,557,propagated:0.970
/Users/bround/Desktop/Датасеты/Dataset_Mendeley_data/Unlabelled _UAV_Videos/Flight Test 2/FT2_complete_unprocessed_videos/2023-11-23 14-56-24.mp4,873,1,310,542,344,559,propagated:0.989
/Users/bround/Desktop/Датасеты/Dataset_Mendeley_data/Unlabelled _UAV_Videos/Flight Test 2/FT2_complete_unprocessed_videos/2023-11-23 14-56-24.mp4,874,1,313,544,347,561,propagated:0.970
/Users/bround/Desktop/Датасеты/Dataset_Mendeley_data/Unlabelled _UAV_Videos/Flight Test 2/FT2_complete_unprocessed_videos/2023-11-23 14-56-24.mp4,875,1,316,545,350,562,propagated:0.931
/Users/bround/Desktop/Датасеты/Dataset_Mendeley_data/Unlabelled _UAV_Videos/Flight Test 2/FT2_complete_unprocessed_videos/2023-11-23 14-56-24.mp4,876,1,319,548,353,565,propagated:0.920
/Users/bround/Desktop/Датасеты/Dataset_Mendeley_data/Unlabelled _UAV_Videos/Flight Test 2/FT2_complete_unprocessed_videos/2023-11-23 14-56-24.mp4,877,1,322,550,356,567,propagated:0.910
/Users/bround/Desktop/Датасеты/Dataset_Mendeley_data/Unlabelled _UAV_Videos/Flight Test 2/FT2_complete_unprocessed_videos/2023-11-23 14-56-24.mp4,878,1,325,550,359,567,propagated:0.929
/Users/bround/Desktop/Датасеты/Dataset_Mendeley_data/Unlabelled _UAV_Videos/Flight Test 2/FT2_complete_unprocessed_videos/2023-11-23 14-56-24.mp4,879,1,330,551,364,568,propagated:0.939
/Users/bround/Desktop/Датасеты/Dataset_Mendeley_data/Unlabelled _UAV_Videos/Flight Test 2/FT2_complete_unprocessed_videos/2023-11-23 14-56-24.mp4,880,1,333,551,367,568,propagated:0.950
/Users/bround/Desktop/Датасеты/Dataset_Mendeley_data/Unlabelled _UAV_Videos/Flight Test 2/FT2_complete_unprocessed_videos/2023-11-23 14-56-24.mp4,881,1,336,551,370,568,propagated:0.956
/Users/bround/Desktop/Датасеты/Dataset_Mendeley_data/Unlabelled _UAV_Videos/Flight Test 2/FT2_complete_unprocessed_videos/2023-11-23 14-56-24.mp4,882,1,338,550,372,567,propagated:0.959
/Users/bround/Desktop/Датасеты/Dataset_Mendeley_data/Unlabelled _UAV_Videos/Flight Test 2/FT2_complete_unprocessed_videos/2023-11-23 14-56-24.mp4,883,1,340,549,374,566,propagated:0.968
/Users/bround/Desktop/Датасеты/Dataset_Mendeley_data/Unlabelled _UAV_Videos/Flight Test 2/FT2_complete_unprocessed_videos/2023-11-23 14-56-24.mp4,884,1,325,535,391,576,manual
/Users/bround/Desktop/Датасеты/Dataset_Mendeley_data/Unlabelled _UAV_Videos/Flight Test 2/FT2_complete_unprocessed_videos/2023-11-23 14-56-24.mp4,886,1,327,536,393,577,propagated:0.974
/Users/bround/Desktop/Датасеты/Dataset_Mendeley_data/Unlabelled _UAV_Videos/Flight Test 2/FT2_complete_unprocessed_videos/2023-11-23 14-56-24.mp4,887,1,329,535,395,576,propagated:0.983
/Users/bround/Desktop/Датасеты/Dataset_Mendeley_data/Unlabelled _UAV_Videos/Flight Test 2/FT2_complete_unprocessed_videos/2023-11-23 14-56-24.mp4,888,1,331,536,397,577,propagated:0.974
/Users/bround/Desktop/Датасеты/Dataset_Mendeley_data/Unlabelled _UAV_Videos/Flight Test 2/FT2_complete_unprocessed_videos/2023-11-23 14-56-24.mp4,889,1,333,536,399,577,propagated:0.969
/Users/bround/Desktop/Датасеты/Dataset_Mendeley_data/Unlabelled _UAV_Videos/Flight Test 2/FT2_complete_unprocessed_videos/2023-11-23 14-56-24.mp4,890,1,337,537,403,578,propagated:0.978
/Users/bround/Desktop/Датасеты/Dataset_Mendeley_data/Unlabelled _UAV_Videos/Flight Test 2/FT2_complete_unprocessed_videos/2023-11-23 14-56-24.mp4,891,1,340,538,406,579,propagated:0.969
/Users/bround/Desktop/Датасеты/Dataset_Mendeley_data/Unlabelled _UAV_Videos/Flight Test 2/FT2_complete_unprocessed_videos/2023-11-23 14-56-24.mp4,892,1,344,538,410,579,propagated:0.972
/Users/bround/Desktop/Датасеты/Dataset_Mendeley_data/Unlabelled _UAV_Videos/Flight Test 2/FT2_complete_unprocessed_videos/2023-11-23 14-56-24.mp4,893,1,347,537,413,578,propagated:0.970
/Users/bround/Desktop/Датасеты/Dataset_Mendeley_data/Unlabelled _UAV_Videos/Flight Test 2/FT2_complete_unprocessed_videos/2023-11-23 14-56-24.mp4,894,1,347,539,413,580,propagated:0.973
/Users/bround/Desktop/Датасеты/Dataset_Mendeley_data/Unlabelled _UAV_Videos/Flight Test 2/FT2_complete_unprocessed_videos/2023-11-23 14-56-24.mp4,895,1,350,538,416,579,propagated:0.967
/Users/bround/Desktop/Датасеты/Dataset_Mendeley_data/Unlabelled _UAV_Videos/Flight Test 2/FT2_complete_unprocessed_videos/2023-11-23 14-56-24.mp4,896,1,352,539,418,580,propagated:0.970
/Users/bround/Desktop/Датасеты/Dataset_Mendeley_data/Unlabelled _UAV_Videos/Flight Test 2/FT2_complete_unprocessed_videos/2023-11-23 14-56-24.mp4,897,1,352,539,418,580,propagated:0.964
/Users/bround/Desktop/Датасеты/Dataset_Mendeley_data/Unlabelled _UAV_Videos/Flight Test 2/FT2_complete_unprocessed_videos/2023-11-23 14-56-24.mp4,898,1,351,539,417,580,propagated:0.973
/Users/bround/Desktop/Датасеты/Dataset_Mendeley_data/Unlabelled _UAV_Videos/Flight Test 2/FT2_complete_unprocessed_videos/2023-11-23 14-56-24.mp4,899,1,351,537,417,578,propagated:0.972
/Users/bround/Desktop/Датасеты/Dataset_Mendeley_data/Unlabelled _UAV_Videos/Flight Test 2/FT2_complete_unprocessed_videos/2023-11-23 14-56-24.mp4,900,1,350,537,416,578,propagated:0.974
/Users/bround/Desktop/Датасеты/Dataset_Mendeley_data/Unlabelled _UAV_Videos/Flight Test 2/FT2_complete_unprocessed_videos/2023-11-23 14-56-24.mp4,901,1,349,537,415,578,propagated:0.971
/Users/bround/Desktop/Датасеты/Dataset_Mendeley_data/Unlabelled _UAV_Videos/Flight Test 2/FT2_complete_unprocessed_videos/2023-11-23 14-56-24.mp4,902,1,351,537,417,578,propagated:0.970
/Users/bround/Desktop/Датасеты/Dataset_Mendeley_data/Unlabelled _UAV_Videos/Flight Test 2/FT2_complete_unprocessed_videos/2023-11-23 14-56-24.mp4,903,1,351,537,417,578,propagated:0.973
/Users/bround/Desktop/Датасеты/Dataset_Mendeley_data/Unlabelled _UAV_Videos/Flight Test 2/FT2_complete_unprocessed_videos/2023-11-23 14-56-24.mp4,904,1,353,537,419,578,propagated:0.974
/Users/bround/Desktop/Датасеты/Dataset_Mendeley_data/Unlabelled _UAV_Videos/Flight Test 2/FT2_complete_unprocessed_videos/2023-11-23 14-56-24.mp4,905,1,355,536,421,577,propagated:0.975
/Users/bround/Desktop/Датасеты/Dataset_Mendeley_data/Unlabelled _UAV_Videos/Flight Test 2/FT2_complete_unprocessed_videos/2023-11-23 14-56-24.mp4,906,1,356,536,422,577,propagated:0.966
/Users/bround/Desktop/Датасеты/Dataset_Mendeley_data/Unlabelled _UAV_Videos/Flight Test 2/FT2_complete_unprocessed_videos/2023-11-23 14-56-24.mp4,907,1,357,537,423,578,propagated:0.976
/Users/bround/Desktop/Датасеты/Dataset_Mendeley_data/Unlabelled _UAV_Videos/Flight Test 2/FT2_complete_unprocessed_videos/2023-11-23 14-56-24.mp4,908,1,355,537,421,578,propagated:0.967
/Users/bround/Desktop/Датасеты/Dataset_Mendeley_data/Unlabelled _UAV_Videos/Flight Test 2/FT2_complete_unprocessed_videos/2023-11-23 14-56-24.mp4,909,1,354,536,420,577,propagated:0.977
/Users/bround/Desktop/Датасеты/Dataset_Mendeley_data/Unlabelled _UAV_Videos/Flight Test 2/FT2_complete_unprocessed_videos/2023-11-23 14-56-24.mp4,910,1,353,538,419,579,propagated:0.979
/Users/bround/Desktop/Датасеты/Dataset_Mendeley_data/Unlabelled _UAV_Videos/Flight Test 2/FT2_complete_unprocessed_videos/2023-11-23 14-56-24.mp4,911,1,355,539,421,580,propagated:0.969
/Users/bround/Desktop/Датасеты/Dataset_Mendeley_data/Unlabelled _UAV_Videos/Flight Test 2/FT2_complete_unprocessed_videos/2023-11-23 14-56-24.mp4,912,1,357,540,423,581,propagated:0.974
/Users/bround/Desktop/Датасеты/Dataset_Mendeley_data/Unlabelled _UAV_Videos/Flight Test 2/FT2_complete_unprocessed_videos/2023-11-23 14-56-24.mp4,913,1,359,540,425,581,propagated:0.965
/Users/bround/Desktop/Датасеты/Dataset_Mendeley_data/Unlabelled _UAV_Videos/Flight Test 2/FT2_complete_unprocessed_videos/2023-11-23 14-56-24.mp4,914,1,361,541,427,582,propagated:0.967
/Users/bround/Desktop/Датасеты/Dataset_Mendeley_data/Unlabelled _UAV_Videos/Flight Test 2/FT2_complete_unprocessed_videos/2023-11-23 14-56-24.mp4,915,1,361,541,427,582,propagated:0.962
/Users/bround/Desktop/Датасеты/Dataset_Mendeley_data/Unlabelled _UAV_Videos/Flight Test 2/FT2_complete_unprocessed_videos/2023-11-23 14-56-24.mp4,916,1,361,540,427,581,propagated:0.971
/Users/bround/Desktop/Датасеты/Dataset_Mendeley_data/Unlabelled _UAV_Videos/Flight Test 2/FT2_complete_unprocessed_videos/2023-11-23 14-56-24.mp4,917,1,355,542,421,583,propagated:0.966
/Users/bround/Desktop/Датасеты/Dataset_Mendeley_data/Unlabelled _UAV_Videos/Flight Test 2/FT2_complete_unprocessed_videos/2023-11-23 14-56-24.mp4,918,1,350,543,416,584,propagated:0.958
/Users/bround/Desktop/Датасеты/Dataset_Mendeley_data/Unlabelled _UAV_Videos/Flight Test 2/FT2_complete_unprocessed_videos/2023-11-23 14-56-24.mp4,919,1,346,543,412,584,propagated:0.962
/Users/bround/Desktop/Датасеты/Dataset_Mendeley_data/Unlabelled _UAV_Videos/Flight Test 2/FT2_complete_unprocessed_videos/2023-11-23 14-56-24.mp4,920,1,343,544,409,585,propagated:0.945
/Users/bround/Desktop/Датасеты/Dataset_Mendeley_data/Unlabelled _UAV_Videos/Flight Test 2/FT2_complete_unprocessed_videos/2023-11-23 14-56-24.mp4,921,1,340,544,406,585,propagated:0.947
/Users/bround/Desktop/Датасеты/Dataset_Mendeley_data/Unlabelled _UAV_Videos/Flight Test 2/FT2_complete_unprocessed_videos/2023-11-23 14-56-24.mp4,922,1,337,546,403,587,propagated:0.953
/Users/bround/Desktop/Датасеты/Dataset_Mendeley_data/Unlabelled _UAV_Videos/Flight Test 2/FT2_complete_unprocessed_videos/2023-11-23 14-56-24.mp4,923,1,338,547,404,588,propagated:0.950
/Users/bround/Desktop/Датасеты/Dataset_Mendeley_data/Unlabelled _UAV_Videos/Flight Test 2/FT2_complete_unprocessed_videos/2023-11-23 14-56-24.mp4,924,1,338,547,404,588,propagated:0.951
/Users/bround/Desktop/Датасеты/Dataset_Mendeley_data/Unlabelled _UAV_Videos/Flight Test 2/FT2_complete_unprocessed_videos/2023-11-23 14-56-24.mp4,925,1,336,547,402,588,propagated:0.953
/Users/bround/Desktop/Датасеты/Dataset_Mendeley_data/Unlabelled _UAV_Videos/Flight Test 2/FT2_complete_unprocessed_videos/2023-11-23 14-56-24.mp4,926,1,334,548,400,589,propagated:0.954
/Users/bround/Desktop/Датасеты/Dataset_Mendeley_data/Unlabelled _UAV_Videos/Flight Test 2/FT2_complete_unprocessed_videos/2023-11-23 14-56-24.mp4,927,1,334,546,400,587,propagated:0.937
/Users/bround/Desktop/Датасеты/Dataset_Mendeley_data/Unlabelled _UAV_Videos/Flight Test 2/FT2_complete_unprocessed_videos/2023-11-23 14-56-24.mp4,928,1,332,546,398,587,propagated:0.942
/Users/bround/Desktop/Датасеты/Dataset_Mendeley_data/Unlabelled _UAV_Videos/Flight Test 2/FT2_complete_unprocessed_videos/2023-11-23 14-56-24.mp4,929,1,329,546,395,587,propagated:0.943
/Users/bround/Desktop/Датасеты/Dataset_Mendeley_data/Unlabelled _UAV_Videos/Flight Test 2/FT2_complete_unprocessed_videos/2023-11-23 14-56-24.mp4,930,1,325,547,391,588,propagated:0.937
/Users/bround/Desktop/Датасеты/Dataset_Mendeley_data/Unlabelled _UAV_Videos/Flight Test 2/FT2_complete_unprocessed_videos/2023-11-23 14-56-24.mp4,931,1,319,545,385,586,propagated:0.939
/Users/bround/Desktop/Датасеты/Dataset_Mendeley_data/Unlabelled _UAV_Videos/Flight Test 2/FT2_complete_unprocessed_videos/2023-11-23 14-56-24.mp4,932,1,313,545,379,586,propagated:0.940
/Users/bround/Desktop/Датасеты/Dataset_Mendeley_data/Unlabelled _UAV_Videos/Flight Test 2/FT2_complete_unprocessed_videos/2023-11-23 14-56-24.mp4,933,1,309,546,375,587,propagated:0.916
/Users/bround/Desktop/Датасеты/Dataset_Mendeley_data/Unlabelled _UAV_Videos/Flight Test 2/FT2_complete_unprocessed_videos/2023-11-23 14-56-24.mp4,934,1,306,547,372,588,propagated:0.944
/Users/bround/Desktop/Датасеты/Dataset_Mendeley_data/Unlabelled _UAV_Videos/Flight Test 2/FT2_complete_unprocessed_videos/2023-11-23 14-56-24.mp4,935,1,305,548,371,589,propagated:0.953
/Users/bround/Desktop/Датасеты/Dataset_Mendeley_data/Unlabelled _UAV_Videos/Flight Test 2/FT2_complete_unprocessed_videos/2023-11-23 14-56-24.mp4,936,1,304,550,370,591,propagated:0.966
/Users/bround/Desktop/Датасеты/Dataset_Mendeley_data/Unlabelled _UAV_Videos/Flight Test 2/FT2_complete_unprocessed_videos/2023-11-23 14-56-24.mp4,937,1,304,549,370,590,propagated:0.958
/Users/bround/Desktop/Датасеты/Dataset_Mendeley_data/Unlabelled _UAV_Videos/Flight Test 2/FT2_complete_unprocessed_videos/2023-11-23 14-56-24.mp4,938,1,304,549,370,590,propagated:0.950
/Users/bround/Desktop/Датасеты/Dataset_Mendeley_data/Unlabelled _UAV_Videos/Flight Test 2/FT2_complete_unprocessed_videos/2023-11-23 14-56-24.mp4,939,1,303,548,369,589,propagated:0.943
/Users/bround/Desktop/Датасеты/Dataset_Mendeley_data/Unlabelled _UAV_Videos/Flight Test 2/FT2_complete_unprocessed_videos/2023-11-23 14-56-24.mp4,940,1,302,550,368,591,propagated:0.934
/Users/bround/Desktop/Датасеты/Dataset_Mendeley_data/Unlabelled _UAV_Videos/Flight Test 2/FT2_complete_unprocessed_videos/2023-11-23 14-56-24.mp4,941,1,303,548,369,589,propagated:0.921
/Users/bround/Desktop/Датасеты/Dataset_Mendeley_data/Unlabelled _UAV_Videos/Flight Test 2/FT2_complete_unprocessed_videos/2023-11-23 14-56-24.mp4,942,1,304,549,370,590,propagated:0.935
/Users/bround/Desktop/Датасеты/Dataset_Mendeley_data/Unlabelled _UAV_Videos/Flight Test 2/FT2_complete_unprocessed_videos/2023-11-23 14-56-24.mp4,943,1,304,549,370,590,propagated:0.940
/Users/bround/Desktop/Датасеты/Dataset_Mendeley_data/Unlabelled _UAV_Videos/Flight Test 2/FT2_complete_unprocessed_videos/2023-11-23 14-56-24.mp4,944,1,305,550,371,591,propagated:0.943
/Users/bround/Desktop/Датасеты/Dataset_Mendeley_data/Unlabelled _UAV_Videos/Flight Test 2/FT2_complete_unprocessed_videos/2023-11-23 14-56-24.mp4,945,1,305,550,371,591,propagated:0.949
/Users/bround/Desktop/Датасеты/Dataset_Mendeley_data/Unlabelled _UAV_Videos/Flight Test 2/FT2_complete_unprocessed_videos/2023-11-23 14-56-24.mp4,946,1,306,551,372,592,propagated:0.964
/Users/bround/Desktop/Датасеты/Dataset_Mendeley_data/Unlabelled _UAV_Videos/Flight Test 2/FT2_complete_unprocessed_videos/2023-11-23 14-56-24.mp4,947,1,306,551,372,592,propagated:0.950
/Users/bround/Desktop/Датасеты/Dataset_Mendeley_data/Unlabelled _UAV_Videos/Flight Test 2/FT2_complete_unprocessed_videos/2023-11-23 14-56-24.mp4,948,1,306,551,372,592,propagated:0.930
/Users/bround/Desktop/Датасеты/Dataset_Mendeley_data/Unlabelled _UAV_Videos/Flight Test 2/FT2_complete_unprocessed_videos/2023-11-23 14-56-24.mp4,949,1,305,551,371,592,propagated:0.907
/Users/bround/Desktop/Датасеты/Dataset_Mendeley_data/Unlabelled _UAV_Videos/Flight Test 2/FT2_complete_unprocessed_videos/2023-11-23 14-56-24.mp4,950,1,302,552,368,593,propagated:0.884
/Users/bround/Desktop/Датасеты/Dataset_Mendeley_data/Unlabelled _UAV_Videos/Flight Test 2/FT2_complete_unprocessed_videos/2023-11-23 14-56-24.mp4,951,1,300,552,366,593,propagated:0.861
/Users/bround/Desktop/Датасеты/Dataset_Mendeley_data/Unlabelled _UAV_Videos/Flight Test 2/FT2_complete_unprocessed_videos/2023-11-23 14-56-24.mp4,952,1,299,551,365,592,propagated:0.862
/Users/bround/Desktop/Датасеты/Dataset_Mendeley_data/Unlabelled _UAV_Videos/Flight Test 2/FT2_complete_unprocessed_videos/2023-11-23 14-56-24.mp4,953,1,301,553,367,594,propagated:0.883
/Users/bround/Desktop/Датасеты/Dataset_Mendeley_data/Unlabelled _UAV_Videos/Flight Test 2/FT2_complete_unprocessed_videos/2023-11-23 14-56-24.mp4,954,1,304,555,370,596,propagated:0.839
/Users/bround/Desktop/Датасеты/Dataset_Mendeley_data/Unlabelled _UAV_Videos/Flight Test 2/FT2_complete_unprocessed_videos/2023-11-23 14-56-24.mp4,955,1,308,555,374,596,propagated:0.848
/Users/bround/Desktop/Датасеты/Dataset_Mendeley_data/Unlabelled _UAV_Videos/Flight Test 2/FT2_complete_unprocessed_videos/2023-11-23 14-56-24.mp4,956,1,310,555,376,596,propagated:0.966
/Users/bround/Desktop/Датасеты/Dataset_Mendeley_data/Unlabelled _UAV_Videos/Flight Test 2/FT2_complete_unprocessed_videos/2023-11-23 14-56-24.mp4,957,1,312,555,378,596,propagated:0.956
/Users/bround/Desktop/Датасеты/Dataset_Mendeley_data/Unlabelled _UAV_Videos/Flight Test 2/FT2_complete_unprocessed_videos/2023-11-23 14-56-24.mp4,958,1,314,556,380,597,propagated:0.962
/Users/bround/Desktop/Датасеты/Dataset_Mendeley_data/Unlabelled _UAV_Videos/Flight Test 2/FT2_complete_unprocessed_videos/2023-11-23 14-56-24.mp4,959,1,317,556,383,597,propagated:0.978
/Users/bround/Desktop/Датасеты/Dataset_Mendeley_data/Unlabelled _UAV_Videos/Flight Test 2/FT2_complete_unprocessed_videos/2023-11-23 14-56-24.mp4,960,1,321,556,387,597,propagated:0.957
/Users/bround/Desktop/Датасеты/Dataset_Mendeley_data/Unlabelled _UAV_Videos/Flight Test 2/FT2_complete_unprocessed_videos/2023-11-23 14-56-24.mp4,961,1,323,557,389,598,propagated:0.966
/Users/bround/Desktop/Датасеты/Dataset_Mendeley_data/Unlabelled _UAV_Videos/Flight Test 2/FT2_complete_unprocessed_videos/2023-11-23 14-56-24.mp4,962,1,327,558,393,599,propagated:0.832
/Users/bround/Desktop/Датасеты/Dataset_Mendeley_data/Unlabelled _UAV_Videos/Flight Test 2/FT2_complete_unprocessed_videos/2023-11-23 14-56-24.mp4,963,1,330,560,396,601,propagated:0.748
/Users/bround/Desktop/Датасеты/Dataset_Mendeley_data/Unlabelled _UAV_Videos/Flight Test 2/FT2_complete_unprocessed_videos/2023-11-23 14-56-24.mp4,964,1,334,561,400,602,propagated:0.656
/Users/bround/Desktop/Датасеты/Dataset_Mendeley_data/Unlabelled _UAV_Videos/Flight Test 2/FT2_complete_unprocessed_videos/2023-11-23 14-56-24.mp4,965,1,338,561,404,602,propagated:0.493
/Users/bround/Desktop/Датасеты/Dataset_Mendeley_data/Unlabelled _UAV_Videos/Flight Test 2/FT2_complete_unprocessed_videos/2023-11-23 14-56-24.mp4,966,1,339,561,405,602,propagated:0.963
/Users/bround/Desktop/Датасеты/Dataset_Mendeley_data/Unlabelled _UAV_Videos/Flight Test 2/FT2_complete_unprocessed_videos/2023-11-23 14-56-24.mp4,967,1,341,563,407,604,propagated:0.948
/Users/bround/Desktop/Датасеты/Dataset_Mendeley_data/Unlabelled _UAV_Videos/Flight Test 2/FT2_complete_unprocessed_videos/2023-11-23 14-56-24.mp4,968,1,344,563,410,604,propagated:0.943
/Users/bround/Desktop/Датасеты/Dataset_Mendeley_data/Unlabelled _UAV_Videos/Flight Test 2/FT2_complete_unprocessed_videos/2023-11-23 14-56-24.mp4,969,1,348,562,414,603,propagated:0.956
/Users/bround/Desktop/Датасеты/Dataset_Mendeley_data/Unlabelled _UAV_Videos/Flight Test 2/FT2_complete_unprocessed_videos/2023-11-23 14-56-24.mp4,970,1,350,564,416,605,propagated:0.940
/Users/bround/Desktop/Датасеты/Dataset_Mendeley_data/Unlabelled _UAV_Videos/Flight Test 2/FT2_complete_unprocessed_videos/2023-11-23 14-56-24.mp4,971,1,351,566,417,607,propagated:0.931
/Users/bround/Desktop/Датасеты/Dataset_Mendeley_data/Unlabelled _UAV_Videos/Flight Test 2/FT2_complete_unprocessed_videos/2023-11-23 14-56-24.mp4,972,1,354,567,420,608,propagated:0.942
/Users/bround/Desktop/Датасеты/Dataset_Mendeley_data/Unlabelled _UAV_Videos/Flight Test 2/FT2_complete_unprocessed_videos/2023-11-23 14-56-24.mp4,973,1,358,567,424,608,propagated:0.946
/Users/bround/Desktop/Датасеты/Dataset_Mendeley_data/Unlabelled _UAV_Videos/Flight Test 2/FT2_complete_unprocessed_videos/2023-11-23 14-56-24.mp4,974,1,363,568,429,609,propagated:0.944
/Users/bround/Desktop/Датасеты/Dataset_Mendeley_data/Unlabelled _UAV_Videos/Flight Test 2/FT2_complete_unprocessed_videos/2023-11-23 14-56-24.mp4,975,1,369,569,435,610,propagated:0.942
/Users/bround/Desktop/Датасеты/Dataset_Mendeley_data/Unlabelled _UAV_Videos/Flight Test 2/FT2_complete_unprocessed_videos/2023-11-23 14-56-24.mp4,976,1,375,570,441,611,propagated:0.957
/Users/bround/Desktop/Датасеты/Dataset_Mendeley_data/Unlabelled _UAV_Videos/Flight Test 2/FT2_complete_unprocessed_videos/2023-11-23 14-56-24.mp4,977,1,380,571,446,612,propagated:0.956
/Users/bround/Desktop/Датасеты/Dataset_Mendeley_data/Unlabelled _UAV_Videos/Flight Test 2/FT2_complete_unprocessed_videos/2023-11-23 14-56-24.mp4,978,1,382,571,448,612,propagated:0.955
/Users/bround/Desktop/Датасеты/Dataset_Mendeley_data/Unlabelled _UAV_Videos/Flight Test 2/FT2_complete_unprocessed_videos/2023-11-23 14-56-24.mp4,979,1,383,571,449,612,propagated:0.954
/Users/bround/Desktop/Датасеты/Dataset_Mendeley_data/Unlabelled _UAV_Videos/Flight Test 2/FT2_complete_unprocessed_videos/2023-11-23 14-56-24.mp4,980,1,383,571,449,612,propagated:0.954
/Users/bround/Desktop/Датасеты/Dataset_Mendeley_data/Unlabelled _UAV_Videos/Flight Test 2/FT2_complete_unprocessed_videos/2023-11-23 14-56-24.mp4,981,1,383,571,449,612,propagated:0.943
/Users/bround/Desktop/Датасеты/Dataset_Mendeley_data/Unlabelled _UAV_Videos/Flight Test 2/FT2_complete_unprocessed_videos/2023-11-23 14-56-24.mp4,982,1,387,571,453,612,propagated:0.949
/Users/bround/Desktop/Датасеты/Dataset_Mendeley_data/Unlabelled _UAV_Videos/Flight Test 2/FT2_complete_unprocessed_videos/2023-11-23 14-56-24.mp4,983,1,391,573,457,614,propagated:0.936
/Users/bround/Desktop/Датасеты/Dataset_Mendeley_data/Unlabelled _UAV_Videos/Flight Test 2/FT2_complete_unprocessed_videos/2023-11-23 14-56-24.mp4,984,1,394,573,460,614,propagated:0.945
/Users/bround/Desktop/Датасеты/Dataset_Mendeley_data/Unlabelled _UAV_Videos/Flight Test 2/FT2_complete_unprocessed_videos/2023-11-23 14-56-24.mp4,985,1,398,573,464,614,propagated:0.947
/Users/bround/Desktop/Датасеты/Dataset_Mendeley_data/Unlabelled _UAV_Videos/Flight Test 2/FT2_complete_unprocessed_videos/2023-11-23 14-56-24.mp4,986,1,401,573,467,614,propagated:0.963
/Users/bround/Desktop/Датасеты/Dataset_Mendeley_data/Unlabelled _UAV_Videos/Flight Test 2/FT2_complete_unprocessed_videos/2023-11-23 14-56-24.mp4,987,1,405,573,471,614,propagated:0.890
/Users/bround/Desktop/Датасеты/Dataset_Mendeley_data/Unlabelled _UAV_Videos/Flight Test 2/FT2_complete_unprocessed_videos/2023-11-23 14-56-24.mp4,988,1,410,573,476,614,propagated:0.883
/Users/bround/Desktop/Датасеты/Dataset_Mendeley_data/Unlabelled _UAV_Videos/Flight Test 2/FT2_complete_unprocessed_videos/2023-11-23 14-56-24.mp4,989,1,416,573,482,614,propagated:0.770
/Users/bround/Desktop/Датасеты/Dataset_Mendeley_data/Unlabelled _UAV_Videos/Flight Test 2/FT2_complete_unprocessed_videos/2023-11-23 14-56-24.mp4,990,1,421,573,487,614,propagated:0.749
/Users/bround/Desktop/Датасеты/Dataset_Mendeley_data/Unlabelled _UAV_Videos/Flight Test 2/FT2_complete_unprocessed_videos/2023-11-23 14-56-24.mp4,991,1,425,573,491,614,propagated:0.810
/Users/bround/Desktop/Датасеты/Dataset_Mendeley_data/Unlabelled _UAV_Videos/Flight Test 2/FT2_complete_unprocessed_videos/2023-11-23 14-56-24.mp4,992,1,427,573,493,614,propagated:0.803
/Users/bround/Desktop/Датасеты/Dataset_Mendeley_data/Unlabelled _UAV_Videos/Flight Test 2/FT2_complete_unprocessed_videos/2023-11-23 14-56-24.mp4,993,1,428,573,494,614,propagated:0.800
/Users/bround/Desktop/Датасеты/Dataset_Mendeley_data/Unlabelled _UAV_Videos/Flight Test 2/FT2_complete_unprocessed_videos/2023-11-23 14-56-24.mp4,994,1,430,573,496,614,propagated:0.745
/Users/bround/Desktop/Датасеты/Dataset_Mendeley_data/Unlabelled _UAV_Videos/Flight Test 2/FT2_complete_unprocessed_videos/2023-11-23 14-56-24.mp4,995,1,433,573,499,614,propagated:0.792
/Users/bround/Desktop/Датасеты/Dataset_Mendeley_data/Unlabelled _UAV_Videos/Flight Test 2/FT2_complete_unprocessed_videos/2023-11-23 14-56-24.mp4,996,1,436,573,502,614,propagated:0.941
/Users/bround/Desktop/Датасеты/Dataset_Mendeley_data/Unlabelled _UAV_Videos/Flight Test 2/FT2_complete_unprocessed_videos/2023-11-23 14-56-24.mp4,997,1,440,573,506,614,propagated:0.944
/Users/bround/Desktop/Датасеты/Dataset_Mendeley_data/Unlabelled _UAV_Videos/Flight Test 2/FT2_complete_unprocessed_videos/2023-11-23 14-56-24.mp4,998,1,442,573,508,614,propagated:0.939
/Users/bround/Desktop/Датасеты/Dataset_Mendeley_data/Unlabelled _UAV_Videos/Flight Test 2/FT2_complete_unprocessed_videos/2023-11-23 14-56-24.mp4,999,1,444,573,510,614,propagated:0.941
/Users/bround/Desktop/Датасеты/Dataset_Mendeley_data/Unlabelled _UAV_Videos/Flight Test 2/FT2_complete_unprocessed_videos/2023-11-23 14-56-24.mp4,1000,1,445,573,511,614,propagated:0.884
/Users/bround/Desktop/Датасеты/Dataset_Mendeley_data/Unlabelled _UAV_Videos/Flight Test 2/FT2_complete_unprocessed_videos/2023-11-23 14-56-24.mp4,1001,1,446,573,512,614,propagated:0.859
/Users/bround/Desktop/Датасеты/Dataset_Mendeley_data/Unlabelled _UAV_Videos/Flight Test 2/FT2_complete_unprocessed_videos/2023-11-23 14-56-24.mp4,1002,1,448,573,514,614,propagated:0.893
/Users/bround/Desktop/Датасеты/Dataset_Mendeley_data/Unlabelled _UAV_Videos/Flight Test 2/FT2_complete_unprocessed_videos/2023-11-23 14-56-24.mp4,1003,1,446,573,512,614,propagated:0.807
/Users/bround/Desktop/Датасеты/Dataset_Mendeley_data/Unlabelled _UAV_Videos/Flight Test 2/FT2_complete_unprocessed_videos/2023-11-23 14-56-24.mp4,1004,1,444,573,510,614,propagated:0.740
/Users/bround/Desktop/Датасеты/Dataset_Mendeley_data/Unlabelled _UAV_Videos/Flight Test 2/FT2_complete_unprocessed_videos/2023-11-23 14-56-24.mp4,1005,1,441,573,507,614,propagated:0.734
/Users/bround/Desktop/Датасеты/Dataset_Mendeley_data/Unlabelled _UAV_Videos/Flight Test 2/FT2_complete_unprocessed_videos/2023-11-23 14-56-24.mp4,1006,1,441,573,507,614,propagated:0.974
/Users/bround/Desktop/Датасеты/Dataset_Mendeley_data/Unlabelled _UAV_Videos/Flight Test 2/FT2_complete_unprocessed_videos/2023-11-23 14-56-24.mp4,1007,1,441,573,507,614,propagated:0.978
/Users/bround/Desktop/Датасеты/Dataset_Mendeley_data/Unlabelled _UAV_Videos/Flight Test 2/FT2_complete_unprocessed_videos/2023-11-23 14-56-24.mp4,1008,1,441,573,507,614,propagated:0.964
/Users/bround/Desktop/Датасеты/Dataset_Mendeley_data/Unlabelled _UAV_Videos/Flight Test 2/FT2_complete_unprocessed_videos/2023-11-23 14-56-24.mp4,1009,1,442,573,508,614,propagated:0.967
/Users/bround/Desktop/Датасеты/Dataset_Mendeley_data/Unlabelled _UAV_Videos/Flight Test 2/FT2_complete_unprocessed_videos/2023-11-23 14-56-24.mp4,1010,1,442,571,508,612,propagated:0.909
/Users/bround/Desktop/Датасеты/Dataset_Mendeley_data/Unlabelled _UAV_Videos/Flight Test 2/FT2_complete_unprocessed_videos/2023-11-23 14-56-24.mp4,1011,1,442,569,508,610,propagated:0.938
/Users/bround/Desktop/Датасеты/Dataset_Mendeley_data/Unlabelled _UAV_Videos/Flight Test 2/FT2_complete_unprocessed_videos/2023-11-23 14-56-24.mp4,1012,1,440,568,506,609,propagated:0.938
/Users/bround/Desktop/Датасеты/Dataset_Mendeley_data/Unlabelled _UAV_Videos/Flight Test 2/FT2_complete_unprocessed_videos/2023-11-23 14-56-24.mp4,1013,1,426,572,492,613,propagated:0.909
/Users/bround/Desktop/Датасеты/Dataset_Mendeley_data/Unlabelled _UAV_Videos/Flight Test 2/FT2_complete_unprocessed_videos/2023-11-23 14-56-24.mp4,1014,1,405,573,471,614,propagated:0.929
/Users/bround/Desktop/Датасеты/Dataset_Mendeley_data/Unlabelled _UAV_Videos/Flight Test 2/FT2_complete_unprocessed_videos/2023-11-23 14-56-24.mp4,1015,1,396,569,462,610,propagated:0.916
/Users/bround/Desktop/Датасеты/Dataset_Mendeley_data/Unlabelled _UAV_Videos/Flight Test 2/FT2_complete_unprocessed_videos/2023-11-23 14-56-24.mp4,1016,1,397,556,463,597,propagated:0.913
/Users/bround/Desktop/Датасеты/Dataset_Mendeley_data/Unlabelled _UAV_Videos/Flight Test 2/FT2_complete_unprocessed_videos/2023-11-23 14-56-24.mp4,1017,1,400,539,466,580,propagated:0.878
/Users/bround/Desktop/Датасеты/Dataset_Mendeley_data/Unlabelled _UAV_Videos/Flight Test 2/FT2_complete_unprocessed_videos/2023-11-23 14-56-24.mp4,1018,1,407,528,473,569,propagated:0.901
/Users/bround/Desktop/Датасеты/Dataset_Mendeley_data/Unlabelled _UAV_Videos/Flight Test 2/FT2_complete_unprocessed_videos/2023-11-23 14-56-24.mp4,1019,1,402,530,468,571,propagated:0.923
/Users/bround/Desktop/Датасеты/Dataset_Mendeley_data/Unlabelled _UAV_Videos/Flight Test 2/FT2_complete_unprocessed_videos/2023-11-23 14-56-24.mp4,1020,1,393,531,459,572,propagated:0.915
/Users/bround/Desktop/Датасеты/Dataset_Mendeley_data/Unlabelled _UAV_Videos/Flight Test 2/FT2_complete_unprocessed_videos/2023-11-23 14-56-24.mp4,1021,1,386,530,452,571,propagated:0.932
/Users/bround/Desktop/Датасеты/Dataset_Mendeley_data/Unlabelled _UAV_Videos/Flight Test 2/FT2_complete_unprocessed_videos/2023-11-23 14-56-24.mp4,1022,1,382,528,448,569,propagated:0.934
/Users/bround/Desktop/Датасеты/Dataset_Mendeley_data/Unlabelled _UAV_Videos/Flight Test 2/FT2_complete_unprocessed_videos/2023-11-23 14-56-24.mp4,1023,1,381,527,447,568,propagated:0.931
/Users/bround/Desktop/Датасеты/Dataset_Mendeley_data/Unlabelled _UAV_Videos/Flight Test 2/FT2_complete_unprocessed_videos/2023-11-23 14-56-24.mp4,1024,1,376,520,442,561,propagated:0.922
/Users/bround/Desktop/Датасеты/Dataset_Mendeley_data/Unlabelled _UAV_Videos/Flight Test 2/FT2_complete_unprocessed_videos/2023-11-23 14-56-24.mp4,1025,1,367,510,433,551,propagated:0.937
/Users/bround/Desktop/Датасеты/Dataset_Mendeley_data/Unlabelled _UAV_Videos/Flight Test 2/FT2_complete_unprocessed_videos/2023-11-23 14-56-24.mp4,1026,1,359,496,425,537,propagated:0.934
/Users/bround/Desktop/Датасеты/Dataset_Mendeley_data/Unlabelled _UAV_Videos/Flight Test 2/FT2_complete_unprocessed_videos/2023-11-23 14-56-24.mp4,1027,1,354,476,420,517,propagated:0.938
/Users/bround/Desktop/Датасеты/Dataset_Mendeley_data/Unlabelled _UAV_Videos/Flight Test 2/FT2_complete_unprocessed_videos/2023-11-23 14-56-24.mp4,1028,1,354,458,420,499,propagated:0.933
/Users/bround/Desktop/Датасеты/Dataset_Mendeley_data/Unlabelled _UAV_Videos/Flight Test 2/FT2_complete_unprocessed_videos/2023-11-23 14-56-24.mp4,1029,1,350,448,416,489,propagated:0.944
/Users/bround/Desktop/Датасеты/Dataset_Mendeley_data/Unlabelled _UAV_Videos/Flight Test 2/FT2_complete_unprocessed_videos/2023-11-23 14-56-24.mp4,1030,1,346,442,412,483,propagated:0.950
/Users/bround/Desktop/Датасеты/Dataset_Mendeley_data/Unlabelled _UAV_Videos/Flight Test 2/FT2_complete_unprocessed_videos/2023-11-23 14-56-24.mp4,1031,1,339,437,405,478,propagated:0.943
/Users/bround/Desktop/Датасеты/Dataset_Mendeley_data/Unlabelled _UAV_Videos/Flight Test 2/FT2_complete_unprocessed_videos/2023-11-23 14-56-24.mp4,1032,1,330,434,396,475,propagated:0.924
/Users/bround/Desktop/Датасеты/Dataset_Mendeley_data/Unlabelled _UAV_Videos/Flight Test 2/FT2_complete_unprocessed_videos/2023-11-23 14-56-24.mp4,1033,1,324,434,390,475,propagated:0.940
/Users/bround/Desktop/Датасеты/Dataset_Mendeley_data/Unlabelled _UAV_Videos/Flight Test 2/FT2_complete_unprocessed_videos/2023-11-23 14-56-24.mp4,1034,1,320,433,386,474,propagated:0.942
/Users/bround/Desktop/Датасеты/Dataset_Mendeley_data/Unlabelled _UAV_Videos/Flight Test 2/FT2_complete_unprocessed_videos/2023-11-23 14-56-24.mp4,1035,1,314,424,380,465,propagated:0.942
/Users/bround/Desktop/Датасеты/Dataset_Mendeley_data/Unlabelled _UAV_Videos/Flight Test 2/FT2_complete_unprocessed_videos/2023-11-23 14-56-24.mp4,1036,1,309,414,375,455,propagated:0.933
/Users/bround/Desktop/Датасеты/Dataset_Mendeley_data/Unlabelled _UAV_Videos/Flight Test 2/FT2_complete_unprocessed_videos/2023-11-23 14-56-24.mp4,1037,1,308,405,374,446,propagated:0.945
/Users/bround/Desktop/Датасеты/Dataset_Mendeley_data/Unlabelled _UAV_Videos/Flight Test 2/FT2_complete_unprocessed_videos/2023-11-23 14-56-24.mp4,1038,1,308,396,374,437,propagated:0.940
/Users/bround/Desktop/Датасеты/Dataset_Mendeley_data/Unlabelled _UAV_Videos/Flight Test 2/FT2_complete_unprocessed_videos/2023-11-23 14-56-24.mp4,1039,1,308,386,374,427,propagated:0.946
/Users/bround/Desktop/Датасеты/Dataset_Mendeley_data/Unlabelled _UAV_Videos/Flight Test 2/FT2_complete_unprocessed_videos/2023-11-23 14-56-24.mp4,1040,1,309,374,375,415,propagated:0.918
/Users/bround/Desktop/Датасеты/Dataset_Mendeley_data/Unlabelled _UAV_Videos/Flight Test 2/FT2_complete_unprocessed_videos/2023-11-23 14-56-24.mp4,1041,1,311,358,377,399,propagated:0.923
/Users/bround/Desktop/Датасеты/Dataset_Mendeley_data/Unlabelled _UAV_Videos/Flight Test 2/FT2_complete_unprocessed_videos/2023-11-23 14-56-24.mp4,1042,1,311,349,377,390,propagated:0.892
/Users/bround/Desktop/Датасеты/Dataset_Mendeley_data/Unlabelled _UAV_Videos/Flight Test 2/FT2_complete_unprocessed_videos/2023-11-23 14-56-24.mp4,1043,1,309,345,375,386,propagated:0.901
/Users/bround/Desktop/Датасеты/Dataset_Mendeley_data/Unlabelled _UAV_Videos/Flight Test 2/FT2_complete_unprocessed_videos/2023-11-23 14-56-24.mp4,1044,1,308,342,374,383,propagated:0.907
/Users/bround/Desktop/Датасеты/Dataset_Mendeley_data/Unlabelled _UAV_Videos/Flight Test 2/FT2_complete_unprocessed_videos/2023-11-23 14-56-24.mp4,1045,1,303,339,369,380,propagated:0.894
/Users/bround/Desktop/Датасеты/Dataset_Mendeley_data/Unlabelled _UAV_Videos/Flight Test 2/FT2_complete_unprocessed_videos/2023-11-23 14-56-24.mp4,1046,1,300,338,366,379,propagated:0.873
/Users/bround/Desktop/Датасеты/Dataset_Mendeley_data/Unlabelled _UAV_Videos/Flight Test 2/FT2_complete_unprocessed_videos/2023-11-23 14-56-24.mp4,1047,1,298,335,364,376,propagated:0.864
/Users/bround/Desktop/Датасеты/Dataset_Mendeley_data/Unlabelled _UAV_Videos/Flight Test 2/FT2_complete_unprocessed_videos/2023-11-23 14-56-24.mp4,1048,1,296,333,362,374,propagated:0.878
/Users/bround/Desktop/Датасеты/Dataset_Mendeley_data/Unlabelled _UAV_Videos/Flight Test 2/FT2_complete_unprocessed_videos/2023-11-23 14-56-24.mp4,1049,1,295,332,361,373,propagated:0.875
/Users/bround/Desktop/Датасеты/Dataset_Mendeley_data/Unlabelled _UAV_Videos/Flight Test 2/FT2_complete_unprocessed_videos/2023-11-23 14-56-24.mp4,1050,1,295,333,361,374,propagated:0.872
/Users/bround/Desktop/Датасеты/Dataset_Mendeley_data/Unlabelled _UAV_Videos/Flight Test 2/FT2_complete_unprocessed_videos/2023-11-23 14-56-24.mp4,1051,1,297,336,363,377,propagated:0.820
/Users/bround/Desktop/Датасеты/Dataset_Mendeley_data/Unlabelled _UAV_Videos/Flight Test 2/FT2_complete_unprocessed_videos/2023-11-23 14-56-24.mp4,1052,1,299,340,365,381,propagated:0.864
/Users/bround/Desktop/Датасеты/Dataset_Mendeley_data/Unlabelled _UAV_Videos/Flight Test 2/FT2_complete_unprocessed_videos/2023-11-23 14-56-24.mp4,1053,1,300,342,366,383,propagated:0.881
/Users/bround/Desktop/Датасеты/Dataset_Mendeley_data/Unlabelled _UAV_Videos/Flight Test 2/FT2_complete_unprocessed_videos/2023-11-23 14-56-24.mp4,1054,1,300,342,366,383,propagated:0.896
/Users/bround/Desktop/Датасеты/Dataset_Mendeley_data/Unlabelled _UAV_Videos/Flight Test 2/FT2_complete_unprocessed_videos/2023-11-23 14-56-24.mp4,1055,1,299,343,365,384,propagated:0.899
/Users/bround/Desktop/Датасеты/Dataset_Mendeley_data/Unlabelled _UAV_Videos/Flight Test 2/FT2_complete_unprocessed_videos/2023-11-23 14-56-24.mp4,1056,1,301,343,367,384,propagated:0.908
/Users/bround/Desktop/Датасеты/Dataset_Mendeley_data/Unlabelled _UAV_Videos/Flight Test 2/FT2_complete_unprocessed_videos/2023-11-23 14-56-24.mp4,1057,1,304,343,370,384,propagated:0.824
/Users/bround/Desktop/Датасеты/Dataset_Mendeley_data/Unlabelled _UAV_Videos/Flight Test 2/FT2_complete_unprocessed_videos/2023-11-23 14-56-24.mp4,1058,1,304,342,370,383,propagated:0.832
/Users/bround/Desktop/Датасеты/Dataset_Mendeley_data/Unlabelled _UAV_Videos/Flight Test 2/FT2_complete_unprocessed_videos/2023-11-23 14-56-24.mp4,1059,1,305,341,371,382,propagated:0.830
/Users/bround/Desktop/Датасеты/Dataset_Mendeley_data/Unlabelled _UAV_Videos/Flight Test 2/FT2_complete_unprocessed_videos/2023-11-23 14-56-24.mp4,1060,1,306,339,372,380,propagated:0.876
/Users/bround/Desktop/Датасеты/Dataset_Mendeley_data/Unlabelled _UAV_Videos/Flight Test 2/FT2_complete_unprocessed_videos/2023-11-23 14-56-24.mp4,1061,1,305,339,371,380,propagated:0.836
/Users/bround/Desktop/Датасеты/Dataset_Mendeley_data/Unlabelled _UAV_Videos/Flight Test 2/FT2_complete_unprocessed_videos/2023-11-23 14-56-24.mp4,1062,1,312,337,378,378,propagated:0.843
/Users/bround/Desktop/Датасеты/Dataset_Mendeley_data/Unlabelled _UAV_Videos/Flight Test 2/FT2_complete_unprocessed_videos/2023-11-23 14-56-24.mp4,1063,1,314,336,380,377,propagated:0.911
/Users/bround/Desktop/Датасеты/Dataset_Mendeley_data/Unlabelled _UAV_Videos/Flight Test 2/FT2_complete_unprocessed_videos/2023-11-23 14-56-24.mp4,1064,1,316,337,382,378,propagated:0.908
/Users/bround/Desktop/Датасеты/Dataset_Mendeley_data/Unlabelled _UAV_Videos/Flight Test 2/FT2_complete_unprocessed_videos/2023-11-23 14-56-24.mp4,1065,1,321,337,387,378,propagated:0.931
/Users/bround/Desktop/Датасеты/Dataset_Mendeley_data/Unlabelled _UAV_Videos/Flight Test 2/FT2_complete_unprocessed_videos/2023-11-23 14-56-24.mp4,1066,1,325,337,391,378,propagated:0.947
/Users/bround/Desktop/Датасеты/Dataset_Mendeley_data/Unlabelled _UAV_Videos/Flight Test 2/FT2_complete_unprocessed_videos/2023-11-23 14-56-24.mp4,1067,1,329,336,395,377,propagated:0.940
/Users/bround/Desktop/Датасеты/Dataset_Mendeley_data/Unlabelled _UAV_Videos/Flight Test 2/FT2_complete_unprocessed_videos/2023-11-23 14-56-24.mp4,1068,1,335,333,401,374,propagated:0.905
/Users/bround/Desktop/Датасеты/Dataset_Mendeley_data/Unlabelled _UAV_Videos/Flight Test 2/FT2_complete_unprocessed_videos/2023-11-23 14-56-24.mp4,1069,1,340,331,406,372,propagated:0.943
/Users/bround/Desktop/Датасеты/Dataset_Mendeley_data/Unlabelled _UAV_Videos/Flight Test 2/FT2_complete_unprocessed_videos/2023-11-23 14-56-24.mp4,1070,1,342,333,408,374,propagated:0.903
/Users/bround/Desktop/Датасеты/Dataset_Mendeley_data/Unlabelled _UAV_Videos/Flight Test 2/FT2_complete_unprocessed_videos/2023-11-23 14-56-24.mp4,1071,1,341,336,407,377,propagated:0.867
/Users/bround/Desktop/Датасеты/Dataset_Mendeley_data/Unlabelled _UAV_Videos/Flight Test 2/FT2_complete_unprocessed_videos/2023-11-23 14-56-24.mp4,1072,1,343,336,409,377,propagated:0.897
/Users/bround/Desktop/Датасеты/Dataset_Mendeley_data/Unlabelled _UAV_Videos/Flight Test 2/FT2_complete_unprocessed_videos/2023-11-23 14-56-24.mp4,1073,1,343,336,409,377,propagated:0.943
/Users/bround/Desktop/Датасеты/Dataset_Mendeley_data/Unlabelled _UAV_Videos/Flight Test 2/FT2_complete_unprocessed_videos/2023-11-23 14-56-24.mp4,1074,1,346,336,412,377,propagated:0.936
/Users/bround/Desktop/Датасеты/Dataset_Mendeley_data/Unlabelled _UAV_Videos/Flight Test 2/FT2_complete_unprocessed_videos/2023-11-23 14-56-24.mp4,1075,1,347,335,413,376,propagated:0.935
/Users/bround/Desktop/Датасеты/Dataset_Mendeley_data/Unlabelled _UAV_Videos/Flight Test 2/FT2_complete_unprocessed_videos/2023-11-23 14-56-24.mp4,1076,1,346,336,412,377,propagated:0.950
/Users/bround/Desktop/Датасеты/Dataset_Mendeley_data/Unlabelled _UAV_Videos/Flight Test 2/FT2_complete_unprocessed_videos/2023-11-23 14-56-24.mp4,1077,1,346,336,412,377,propagated:0.948
/Users/bround/Desktop/Датасеты/Dataset_Mendeley_data/Unlabelled _UAV_Videos/Flight Test 2/FT2_complete_unprocessed_videos/2023-11-23 14-56-24.mp4,1078,1,349,335,415,376,propagated:0.902
/Users/bround/Desktop/Датасеты/Dataset_Mendeley_data/Unlabelled _UAV_Videos/Flight Test 2/FT2_complete_unprocessed_videos/2023-11-23 14-56-24.mp4,1079,1,352,331,418,372,propagated:0.894
/Users/bround/Desktop/Датасеты/Dataset_Mendeley_data/Unlabelled _UAV_Videos/Flight Test 2/FT2_complete_unprocessed_videos/2023-11-23 14-56-24.mp4,1080,1,351,328,417,369,propagated:0.937
/Users/bround/Desktop/Датасеты/Dataset_Mendeley_data/Unlabelled _UAV_Videos/Flight Test 2/FT2_complete_unprocessed_videos/2023-11-23 14-56-24.mp4,1081,1,351,328,417,369,propagated:0.922
/Users/bround/Desktop/Датасеты/Dataset_Mendeley_data/Unlabelled _UAV_Videos/Flight Test 2/FT2_complete_unprocessed_videos/2023-11-23 14-56-24.mp4,1082,1,355,326,421,367,propagated:0.911
/Users/bround/Desktop/Датасеты/Dataset_Mendeley_data/Unlabelled _UAV_Videos/Flight Test 2/FT2_complete_unprocessed_videos/2023-11-23 14-56-24.mp4,1083,1,360,325,426,366,propagated:0.886
/Users/bround/Desktop/Датасеты/Dataset_Mendeley_data/Unlabelled _UAV_Videos/Flight Test 2/FT2_complete_unprocessed_videos/2023-11-23 14-56-24.mp4,1084,1,365,324,431,365,propagated:0.941
/Users/bround/Desktop/Датасеты/Dataset_Mendeley_data/Unlabelled _UAV_Videos/Flight Test 2/FT2_complete_unprocessed_videos/2023-11-23 14-56-24.mp4,1085,1,366,324,432,365,propagated:0.946
/Users/bround/Desktop/Датасеты/Dataset_Mendeley_data/Unlabelled _UAV_Videos/Flight Test 2/FT2_complete_unprocessed_videos/2023-11-23 14-56-24.mp4,1086,1,364,325,430,366,propagated:0.845
/Users/bround/Desktop/Датасеты/Dataset_Mendeley_data/Unlabelled _UAV_Videos/Flight Test 2/FT2_complete_unprocessed_videos/2023-11-23 14-56-24.mp4,1087,1,362,327,428,368,propagated:0.839
/Users/bround/Desktop/Датасеты/Dataset_Mendeley_data/Unlabelled _UAV_Videos/Flight Test 2/FT2_complete_unprocessed_videos/2023-11-23 14-56-24.mp4,1088,1,361,329,427,370,propagated:0.846
/Users/bround/Desktop/Датасеты/Dataset_Mendeley_data/Unlabelled _UAV_Videos/Flight Test 2/FT2_complete_unprocessed_videos/2023-11-23 14-56-24.mp4,1089,1,362,329,428,370,propagated:0.833
/Users/bround/Desktop/Датасеты/Dataset_Mendeley_data/Unlabelled _UAV_Videos/Flight Test 2/FT2_complete_unprocessed_videos/2023-11-23 14-56-24.mp4,1090,1,360,332,426,373,propagated:0.722
/Users/bround/Desktop/Датасеты/Dataset_Mendeley_data/Unlabelled _UAV_Videos/Flight Test 2/FT2_complete_unprocessed_videos/2023-11-23 14-56-24.mp4,1091,1,360,331,426,372,propagated:0.763
/Users/bround/Desktop/Датасеты/Dataset_Mendeley_data/Unlabelled _UAV_Videos/Flight Test 2/FT2_complete_unprocessed_videos/2023-11-23 14-56-24.mp4,1092,1,360,331,426,372,propagated:0.815
/Users/bround/Desktop/Датасеты/Dataset_Mendeley_data/Unlabelled _UAV_Videos/Flight Test 2/FT2_complete_unprocessed_videos/2023-11-23 14-56-24.mp4,1093,1,359,330,425,371,propagated:0.869
/Users/bround/Desktop/Датасеты/Dataset_Mendeley_data/Unlabelled _UAV_Videos/Flight Test 2/FT2_complete_unprocessed_videos/2023-11-23 14-56-24.mp4,1094,1,357,329,423,370,propagated:0.856
/Users/bround/Desktop/Датасеты/Dataset_Mendeley_data/Unlabelled _UAV_Videos/Flight Test 2/FT2_complete_unprocessed_videos/2023-11-23 14-56-24.mp4,1095,1,361,329,427,370,propagated:0.883
/Users/bround/Desktop/Датасеты/Dataset_Mendeley_data/Unlabelled _UAV_Videos/Flight Test 2/FT2_complete_unprocessed_videos/2023-11-23 14-56-24.mp4,1096,1,365,325,431,366,propagated:0.935
/Users/bround/Desktop/Датасеты/Dataset_Mendeley_data/Unlabelled _UAV_Videos/Flight Test 2/FT2_complete_unprocessed_videos/2023-11-23 14-56-24.mp4,1097,1,365,323,431,364,propagated:0.918
/Users/bround/Desktop/Датасеты/Dataset_Mendeley_data/Unlabelled _UAV_Videos/Flight Test 2/FT2_complete_unprocessed_videos/2023-11-23 14-56-24.mp4,1098,1,363,321,429,362,propagated:0.932
/Users/bround/Desktop/Датасеты/Dataset_Mendeley_data/Unlabelled _UAV_Videos/Flight Test 2/FT2_complete_unprocessed_videos/2023-11-23 14-56-24.mp4,1099,1,363,321,429,362,propagated:0.929
/Users/bround/Desktop/Датасеты/Dataset_Mendeley_data/Unlabelled _UAV_Videos/Flight Test 2/FT2_complete_unprocessed_videos/2023-11-23 14-56-24.mp4,1100,1,365,320,431,361,propagated:0.910
/Users/bround/Desktop/Датасеты/Dataset_Mendeley_data/Unlabelled _UAV_Videos/Flight Test 2/FT2_complete_unprocessed_videos/2023-11-23 14-56-24.mp4,1101,1,365,319,431,360,propagated:0.950
/Users/bround/Desktop/Датасеты/Dataset_Mendeley_data/Unlabelled _UAV_Videos/Flight Test 2/FT2_complete_unprocessed_videos/2023-11-23 14-56-24.mp4,1102,1,365,319,431,360,propagated:0.947
/Users/bround/Desktop/Датасеты/Dataset_Mendeley_data/Unlabelled _UAV_Videos/Flight Test 2/FT2_complete_unprocessed_videos/2023-11-23 14-56-24.mp4,1103,1,362,321,428,362,propagated:0.924
/Users/bround/Desktop/Датасеты/Dataset_Mendeley_data/Unlabelled _UAV_Videos/Flight Test 2/FT2_complete_unprocessed_videos/2023-11-23 14-56-24.mp4,1104,1,361,323,427,364,propagated:0.918
/Users/bround/Desktop/Датасеты/Dataset_Mendeley_data/Unlabelled _UAV_Videos/Flight Test 2/FT2_complete_unprocessed_videos/2023-11-23 14-56-24.mp4,1105,1,359,324,425,365,propagated:0.920
/Users/bround/Desktop/Датасеты/Dataset_Mendeley_data/Unlabelled _UAV_Videos/Flight Test 2/FT2_complete_unprocessed_videos/2023-11-23 14-56-24.mp4,1106,1,355,324,421,365,propagated:0.962
/Users/bround/Desktop/Датасеты/Dataset_Mendeley_data/Unlabelled _UAV_Videos/Flight Test 2/FT2_complete_unprocessed_videos/2023-11-23 14-56-24.mp4,1107,1,346,326,412,367,propagated:0.915
/Users/bround/Desktop/Датасеты/Dataset_Mendeley_data/Unlabelled _UAV_Videos/Flight Test 2/FT2_complete_unprocessed_videos/2023-11-23 14-56-24.mp4,1108,1,338,329,404,370,propagated:0.927
/Users/bround/Desktop/Датасеты/Dataset_Mendeley_data/Unlabelled _UAV_Videos/Flight Test 2/FT2_complete_unprocessed_videos/2023-11-23 14-56-24.mp4,1109,1,338,329,404,370,propagated:0.947
/Users/bround/Desktop/Датасеты/Dataset_Mendeley_data/Unlabelled _UAV_Videos/Flight Test 2/FT2_complete_unprocessed_videos/2023-11-23 14-56-24.mp4,1110,1,337,328,403,369,propagated:0.947
/Users/bround/Desktop/Датасеты/Dataset_Mendeley_data/Unlabelled _UAV_Videos/Flight Test 2/FT2_complete_unprocessed_videos/2023-11-23 14-56-24.mp4,1111,1,335,330,401,371,propagated:0.906
/Users/bround/Desktop/Датасеты/Dataset_Mendeley_data/Unlabelled _UAV_Videos/Flight Test 2/FT2_complete_unprocessed_videos/2023-11-23 14-56-24.mp4,1112,1,334,332,400,373,propagated:0.939
/Users/bround/Desktop/Датасеты/Dataset_Mendeley_data/Unlabelled _UAV_Videos/Flight Test 2/FT2_complete_unprocessed_videos/2023-11-23 14-56-24.mp4,1113,1,333,334,399,375,propagated:0.927
/Users/bround/Desktop/Датасеты/Dataset_Mendeley_data/Unlabelled _UAV_Videos/Flight Test 2/FT2_complete_unprocessed_videos/2023-11-23 14-56-24.mp4,1114,1,330,337,396,378,propagated:0.940
/Users/bround/Desktop/Датасеты/Dataset_Mendeley_data/Unlabelled _UAV_Videos/Flight Test 2/FT2_complete_unprocessed_videos/2023-11-23 14-56-24.mp4,1115,1,328,340,394,381,propagated:0.933
/Users/bround/Desktop/Датасеты/Dataset_Mendeley_data/Unlabelled _UAV_Videos/Flight Test 2/FT2_complete_unprocessed_videos/2023-11-23 14-56-24.mp4,1116,1,325,340,391,381,propagated:0.948
/Users/bround/Desktop/Датасеты/Dataset_Mendeley_data/Unlabelled _UAV_Videos/Flight Test 2/FT2_complete_unprocessed_videos/2023-11-23 14-56-24.mp4,1117,1,320,337,386,378,propagated:0.943
/Users/bround/Desktop/Датасеты/Dataset_Mendeley_data/Unlabelled _UAV_Videos/Flight Test 2/FT2_complete_unprocessed_videos/2023-11-23 14-56-24.mp4,1118,1,315,336,381,377,propagated:0.917
/Users/bround/Desktop/Датасеты/Dataset_Mendeley_data/Unlabelled _UAV_Videos/Flight Test 2/FT2_complete_unprocessed_videos/2023-11-23 14-56-24.mp4,1119,1,311,336,377,377,propagated:0.920
/Users/bround/Desktop/Датасеты/Dataset_Mendeley_data/Unlabelled _UAV_Videos/Flight Test 2/FT2_complete_unprocessed_videos/2023-11-23 14-56-24.mp4,1120,1,306,336,372,377,propagated:0.948
/Users/bround/Desktop/Датасеты/Dataset_Mendeley_data/Unlabelled _UAV_Videos/Flight Test 2/FT2_complete_unprocessed_videos/2023-11-23 14-56-24.mp4,1121,1,302,336,368,377,propagated:0.959
/Users/bround/Desktop/Датасеты/Dataset_Mendeley_data/Unlabelled _UAV_Videos/Flight Test 2/FT2_complete_unprocessed_videos/2023-11-23 14-56-24.mp4,1122,1,298,334,364,375,propagated:0.924
/Users/bround/Desktop/Датасеты/Dataset_Mendeley_data/Unlabelled _UAV_Videos/Flight Test 2/FT2_complete_unprocessed_videos/2023-11-23 14-56-24.mp4,1123,1,295,330,361,371,propagated:0.905
/Users/bround/Desktop/Датасеты/Dataset_Mendeley_data/Unlabelled _UAV_Videos/Flight Test 2/FT2_complete_unprocessed_videos/2023-11-23 14-56-24.mp4,1124,1,292,324,358,365,propagated:0.948
/Users/bround/Desktop/Датасеты/Dataset_Mendeley_data/Unlabelled _UAV_Videos/Flight Test 2/FT2_complete_unprocessed_videos/2023-11-23 14-56-24.mp4,1125,1,307,343,336,363,manual
/Users/bround/Desktop/Датасеты/Dataset_Mendeley_data/Unlabelled _UAV_Videos/Flight Test 2/FT2_complete_unprocessed_videos/2023-11-23 14-56-24.mp4,1127,1,303,346,332,366,propagated:0.965
/Users/bround/Desktop/Датасеты/Dataset_Mendeley_data/Unlabelled _UAV_Videos/Flight Test 2/FT2_complete_unprocessed_videos/2023-11-23 14-56-24.mp4,1128,1,299,345,328,365,propagated:0.965
/Users/bround/Desktop/Датасеты/Dataset_Mendeley_data/Unlabelled _UAV_Videos/Flight Test 2/FT2_complete_unprocessed_videos/2023-11-23 14-56-24.mp4,1129,1,293,343,322,363,propagated:0.967
/Users/bround/Desktop/Датасеты/Dataset_Mendeley_data/Unlabelled _UAV_Videos/Flight Test 2/FT2_complete_unprocessed_videos/2023-11-23 14-56-24.mp4,1130,1,289,344,318,364,propagated:0.949
/Users/bround/Desktop/Датасеты/Dataset_Mendeley_data/Unlabelled _UAV_Videos/Flight Test 2/FT2_complete_unprocessed_videos/2023-11-23 14-56-24.mp4,1131,1,286,345,315,365,propagated:0.942
/Users/bround/Desktop/Датасеты/Dataset_Mendeley_data/Unlabelled _UAV_Videos/Flight Test 2/FT2_complete_unprocessed_videos/2023-11-23 14-56-24.mp4,1132,1,283,347,312,367,propagated:0.978
/Users/bround/Desktop/Датасеты/Dataset_Mendeley_data/Unlabelled _UAV_Videos/Flight Test 2/FT2_complete_unprocessed_videos/2023-11-23 14-56-24.mp4,1133,1,275,350,304,370,propagated:0.970
/Users/bround/Desktop/Датасеты/Dataset_Mendeley_data/Unlabelled _UAV_Videos/Flight Test 2/FT2_complete_unprocessed_videos/2023-11-23 14-56-24.mp4,1134,1,269,353,298,373,propagated:0.971
/Users/bround/Desktop/Датасеты/Dataset_Mendeley_data/Unlabelled _UAV_Videos/Flight Test 2/FT2_complete_unprocessed_videos/2023-11-23 14-56-24.mp4,1135,1,267,351,296,371,propagated:0.947
/Users/bround/Desktop/Датасеты/Dataset_Mendeley_data/Unlabelled _UAV_Videos/Flight Test 2/FT2_complete_unprocessed_videos/2023-11-23 14-56-24.mp4,1136,1,264,354,293,374,propagated:0.966
/Users/bround/Desktop/Датасеты/Dataset_Mendeley_data/Unlabelled _UAV_Videos/Flight Test 2/FT2_complete_unprocessed_videos/2023-11-23 14-56-24.mp4,1137,1,263,357,292,377,propagated:0.940
/Users/bround/Desktop/Датасеты/Dataset_Mendeley_data/Unlabelled _UAV_Videos/Flight Test 2/FT2_complete_unprocessed_videos/2023-11-23 14-56-24.mp4,1138,1,257,360,286,380,propagated:0.927
/Users/bround/Desktop/Датасеты/Dataset_Mendeley_data/Unlabelled _UAV_Videos/Flight Test 2/FT2_complete_unprocessed_videos/2023-11-23 14-56-24.mp4,1139,1,253,366,282,386,propagated:0.963
/Users/bround/Desktop/Датасеты/Dataset_Mendeley_data/Unlabelled _UAV_Videos/Flight Test 2/FT2_complete_unprocessed_videos/2023-11-23 14-56-24.mp4,1140,1,248,369,277,389,propagated:0.969
/Users/bround/Desktop/Датасеты/Dataset_Mendeley_data/Unlabelled _UAV_Videos/Flight Test 2/FT2_complete_unprocessed_videos/2023-11-23 14-56-24.mp4,1141,1,239,373,268,393,propagated:0.960
/Users/bround/Desktop/Датасеты/Dataset_Mendeley_data/Unlabelled _UAV_Videos/Flight Test 2/FT2_complete_unprocessed_videos/2023-11-23 14-56-24.mp4,1142,1,237,374,266,394,propagated:0.978
/Users/bround/Desktop/Датасеты/Dataset_Mendeley_data/Unlabelled _UAV_Videos/Flight Test 2/FT2_complete_unprocessed_videos/2023-11-23 14-56-24.mp4,1143,1,239,374,268,394,propagated:0.969
/Users/bround/Desktop/Датасеты/Dataset_Mendeley_data/Unlabelled _UAV_Videos/Flight Test 2/FT2_complete_unprocessed_videos/2023-11-23 14-56-24.mp4,1144,1,240,375,269,395,propagated:0.983
/Users/bround/Desktop/Датасеты/Dataset_Mendeley_data/Unlabelled _UAV_Videos/Flight Test 2/FT2_complete_unprocessed_videos/2023-11-23 14-56-24.mp4,1145,1,239,376,268,396,propagated:0.956
/Users/bround/Desktop/Датасеты/Dataset_Mendeley_data/Unlabelled _UAV_Videos/Flight Test 2/FT2_complete_unprocessed_videos/2023-11-23 14-56-24.mp4,1146,1,234,380,257,400,manual
/Users/bround/Desktop/Датасеты/Dataset_Mendeley_data/Unlabelled _UAV_Videos/Flight Test 2/FT2_complete_unprocessed_videos/2023-11-23 14-56-24.mp4,1148,1,234,379,257,399,propagated:0.957
/Users/bround/Desktop/Датасеты/Dataset_Mendeley_data/Unlabelled _UAV_Videos/Flight Test 2/FT2_complete_unprocessed_videos/2023-11-23 14-56-24.mp4,1149,1,235,380,258,400,propagated:0.977
/Users/bround/Desktop/Датасеты/Dataset_Mendeley_data/Unlabelled _UAV_Videos/Flight Test 2/FT2_complete_unprocessed_videos/2023-11-23 14-56-24.mp4,1150,1,233,381,256,401,propagated:0.961
/Users/bround/Desktop/Датасеты/Dataset_Mendeley_data/Unlabelled _UAV_Videos/Flight Test 2/FT2_complete_unprocessed_videos/2023-11-23 14-56-24.mp4,1151,1,229,383,252,403,propagated:0.976
/Users/bround/Desktop/Датасеты/Dataset_Mendeley_data/Unlabelled _UAV_Videos/Flight Test 2/FT2_complete_unprocessed_videos/2023-11-23 14-56-24.mp4,1152,1,230,381,253,401,propagated:0.976
/Users/bround/Desktop/Датасеты/Dataset_Mendeley_data/Unlabelled _UAV_Videos/Flight Test 2/FT2_complete_unprocessed_videos/2023-11-23 14-56-24.mp4,1153,1,231,377,254,397,propagated:0.963
/Users/bround/Desktop/Датасеты/Dataset_Mendeley_data/Unlabelled _UAV_Videos/Flight Test 2/FT2_complete_unprocessed_videos/2023-11-23 14-56-24.mp4,1154,1,230,372,253,392,propagated:0.944
/Users/bround/Desktop/Датасеты/Dataset_Mendeley_data/Unlabelled _UAV_Videos/Flight Test 2/FT2_complete_unprocessed_videos/2023-11-23 14-56-24.mp4,1155,1,228,372,251,392,propagated:0.962
/Users/bround/Desktop/Датасеты/Dataset_Mendeley_data/Unlabelled _UAV_Videos/Flight Test 2/FT2_complete_unprocessed_videos/2023-11-23 14-56-24.mp4,1156,1,229,372,252,392,propagated:0.967
/Users/bround/Desktop/Датасеты/Dataset_Mendeley_data/Unlabelled _UAV_Videos/Flight Test 2/FT2_complete_unprocessed_videos/2023-11-23 14-56-24.mp4,1157,1,232,373,255,393,propagated:0.961
/Users/bround/Desktop/Датасеты/Dataset_Mendeley_data/Unlabelled _UAV_Videos/Flight Test 2/FT2_complete_unprocessed_videos/2023-11-23 14-56-24.mp4,1158,1,233,375,256,395,propagated:0.977
/Users/bround/Desktop/Датасеты/Dataset_Mendeley_data/Unlabelled _UAV_Videos/Flight Test 2/FT2_complete_unprocessed_videos/2023-11-23 14-56-24.mp4,1159,1,230,379,253,399,propagated:0.979
/Users/bround/Desktop/Датасеты/Dataset_Mendeley_data/Unlabelled _UAV_Videos/Flight Test 2/FT2_complete_unprocessed_videos/2023-11-23 14-56-24.mp4,1160,1,227,384,250,404,propagated:0.944
/Users/bround/Desktop/Датасеты/Dataset_Mendeley_data/Unlabelled _UAV_Videos/Flight Test 2/FT2_complete_unprocessed_videos/2023-11-23 14-56-24.mp4,1161,1,227,386,250,406,propagated:0.965
/Users/bround/Desktop/Датасеты/Dataset_Mendeley_data/Unlabelled _UAV_Videos/Flight Test 2/FT2_complete_unprocessed_videos/2023-11-23 14-56-24.mp4,1162,1,228,384,251,404,propagated:0.986
/Users/bround/Desktop/Датасеты/Dataset_Mendeley_data/Unlabelled _UAV_Videos/Flight Test 2/FT2_complete_unprocessed_videos/2023-11-23 14-56-24.mp4,1163,1,225,384,248,404,propagated:0.976
/Users/bround/Desktop/Датасеты/Dataset_Mendeley_data/Unlabelled _UAV_Videos/Flight Test 2/FT2_complete_unprocessed_videos/2023-11-23 14-56-24.mp4,1164,1,226,383,249,403,propagated:0.986
/Users/bround/Desktop/Датасеты/Dataset_Mendeley_data/Unlabelled _UAV_Videos/Flight Test 2/FT2_complete_unprocessed_videos/2023-11-23 14-56-24.mp4,1165,1,225,381,248,401,propagated:0.980
/Users/bround/Desktop/Датасеты/Dataset_Mendeley_data/Unlabelled _UAV_Videos/Flight Test 2/FT2_complete_unprocessed_videos/2023-11-23 14-56-24.mp4,1166,1,227,381,250,401,propagated:0.973
/Users/bround/Desktop/Датасеты/Dataset_Mendeley_data/Unlabelled _UAV_Videos/Flight Test 2/FT2_complete_unprocessed_videos/2023-11-23 14-56-24.mp4,1167,1,229,381,252,401,propagated:0.972
/Users/bround/Desktop/Датасеты/Dataset_Mendeley_data/Unlabelled _UAV_Videos/Flight Test 2/FT2_complete_unprocessed_videos/2023-11-23 14-56-24.mp4,1168,1,229,384,252,404,propagated:0.975
/Users/bround/Desktop/Датасеты/Dataset_Mendeley_data/Unlabelled _UAV_Videos/Flight Test 2/FT2_complete_unprocessed_videos/2023-11-23 14-56-24.mp4,1169,1,227,386,250,406,propagated:0.954
/Users/bround/Desktop/Датасеты/Dataset_Mendeley_data/Unlabelled _UAV_Videos/Flight Test 2/FT2_complete_unprocessed_videos/2023-11-23 14-56-24.mp4,1170,1,230,388,253,408,propagated:0.974
/Users/bround/Desktop/Датасеты/Dataset_Mendeley_data/Unlabelled _UAV_Videos/Flight Test 2/FT2_complete_unprocessed_videos/2023-11-23 14-56-24.mp4,1171,1,232,389,255,409,propagated:0.981
/Users/bround/Desktop/Датасеты/Dataset_Mendeley_data/Unlabelled _UAV_Videos/Flight Test 2/FT2_complete_unprocessed_videos/2023-11-23 14-56-24.mp4,1172,1,236,389,259,409,propagated:0.956
/Users/bround/Desktop/Датасеты/Dataset_Mendeley_data/Unlabelled _UAV_Videos/Flight Test 2/FT2_complete_unprocessed_videos/2023-11-23 14-56-24.mp4,1173,1,236,390,259,410,propagated:0.972
/Users/bround/Desktop/Датасеты/Dataset_Mendeley_data/Unlabelled _UAV_Videos/Flight Test 2/FT2_complete_unprocessed_videos/2023-11-23 14-56-24.mp4,1174,1,238,391,261,411,propagated:0.950
/Users/bround/Desktop/Датасеты/Dataset_Mendeley_data/Unlabelled _UAV_Videos/Flight Test 2/FT2_complete_unprocessed_videos/2023-11-23 14-56-24.mp4,1175,1,240,388,263,408,propagated:0.965
/Users/bround/Desktop/Датасеты/Dataset_Mendeley_data/Unlabelled _UAV_Videos/Flight Test 2/FT2_complete_unprocessed_videos/2023-11-23 14-56-24.mp4,1176,1,242,387,265,407,propagated:0.984
/Users/bround/Desktop/Датасеты/Dataset_Mendeley_data/Unlabelled _UAV_Videos/Flight Test 2/FT2_complete_unprocessed_videos/2023-11-23 14-56-24.mp4,1177,1,239,388,262,408,propagated:0.977
/Users/bround/Desktop/Датасеты/Dataset_Mendeley_data/Unlabelled _UAV_Videos/Flight Test 2/FT2_complete_unprocessed_videos/2023-11-23 14-56-24.mp4,1178,1,240,389,263,409,propagated:0.977
/Users/bround/Desktop/Датасеты/Dataset_Mendeley_data/Unlabelled _UAV_Videos/Flight Test 2/FT2_complete_unprocessed_videos/2023-11-23 14-56-24.mp4,1179,1,238,390,261,410,propagated:0.968
/Users/bround/Desktop/Датасеты/Dataset_Mendeley_data/Unlabelled _UAV_Videos/Flight Test 2/FT2_complete_unprocessed_videos/2023-11-23 14-56-24.mp4,1180,1,237,391,260,411,propagated:0.982
/Users/bround/Desktop/Датасеты/Dataset_Mendeley_data/Unlabelled _UAV_Videos/Flight Test 2/FT2_complete_unprocessed_videos/2023-11-23 14-56-24.mp4,1181,1,240,391,263,411,propagated:0.972
/Users/bround/Desktop/Датасеты/Dataset_Mendeley_data/Unlabelled _UAV_Videos/Flight Test 2/FT2_complete_unprocessed_videos/2023-11-23 14-56-24.mp4,1182,1,240,392,263,412,propagated:0.933
/Users/bround/Desktop/Датасеты/Dataset_Mendeley_data/Unlabelled _UAV_Videos/Flight Test 2/FT2_complete_unprocessed_videos/2023-11-23 14-56-24.mp4,1183,1,239,392,262,412,propagated:0.960
/Users/bround/Desktop/Датасеты/Dataset_Mendeley_data/Unlabelled _UAV_Videos/Flight Test 2/FT2_complete_unprocessed_videos/2023-11-23 14-56-24.mp4,1184,1,239,393,262,413,propagated:0.961
/Users/bround/Desktop/Датасеты/Dataset_Mendeley_data/Unlabelled _UAV_Videos/Flight Test 2/FT2_complete_unprocessed_videos/2023-11-23 14-56-24.mp4,1185,1,239,394,262,414,propagated:0.960
/Users/bround/Desktop/Датасеты/Dataset_Mendeley_data/Unlabelled _UAV_Videos/Flight Test 2/FT2_complete_unprocessed_videos/2023-11-23 14-56-24.mp4,1186,1,242,395,265,415,propagated:0.952
/Users/bround/Desktop/Датасеты/Dataset_Mendeley_data/Unlabelled _UAV_Videos/Flight Test 2/FT2_complete_unprocessed_videos/2023-11-23 14-56-24.mp4,1187,1,242,396,265,416,propagated:0.963
/Users/bround/Desktop/Датасеты/Dataset_Mendeley_data/Unlabelled _UAV_Videos/Flight Test 2/FT2_complete_unprocessed_videos/2023-11-23 14-56-24.mp4,1188,1,244,397,267,417,propagated:0.957
/Users/bround/Desktop/Датасеты/Dataset_Mendeley_data/Unlabelled _UAV_Videos/Flight Test 2/FT2_complete_unprocessed_videos/2023-11-23 14-56-24.mp4,1189,1,247,397,270,417,propagated:0.966
/Users/bround/Desktop/Датасеты/Dataset_Mendeley_data/Unlabelled _UAV_Videos/Flight Test 2/FT2_complete_unprocessed_videos/2023-11-23 14-56-24.mp4,1190,1,246,398,269,418,propagated:0.956
/Users/bround/Desktop/Датасеты/Dataset_Mendeley_data/Unlabelled _UAV_Videos/Flight Test 2/FT2_complete_unprocessed_videos/2023-11-23 14-56-24.mp4,1191,1,246,399,269,419,propagated:0.965
/Users/bround/Desktop/Датасеты/Dataset_Mendeley_data/Unlabelled _UAV_Videos/Flight Test 2/FT2_complete_unprocessed_videos/2023-11-23 14-56-24.mp4,1192,1,244,400,267,420,propagated:0.982
/Users/bround/Desktop/Датасеты/Dataset_Mendeley_data/Unlabelled _UAV_Videos/Flight Test 2/FT2_complete_unprocessed_videos/2023-11-23 14-56-24.mp4,1193,1,244,401,267,421,propagated:0.962
/Users/bround/Desktop/Датасеты/Dataset_Mendeley_data/Unlabelled _UAV_Videos/Flight Test 2/FT2_complete_unprocessed_videos/2023-11-23 14-56-24.mp4,1194,1,240,402,263,422,propagated:0.933
/Users/bround/Desktop/Датасеты/Dataset_Mendeley_data/Unlabelled _UAV_Videos/Flight Test 2/FT2_complete_unprocessed_videos/2023-11-23 14-56-24.mp4,1195,1,237,402,260,422,propagated:0.981
/Users/bround/Desktop/Датасеты/Dataset_Mendeley_data/Unlabelled _UAV_Videos/Flight Test 2/FT2_complete_unprocessed_videos/2023-11-23 14-56-24.mp4,1196,1,234,402,257,422,propagated:0.976
/Users/bround/Desktop/Датасеты/Dataset_Mendeley_data/Unlabelled _UAV_Videos/Flight Test 2/FT2_complete_unprocessed_videos/2023-11-23 14-56-24.mp4,1197,1,231,403,254,423,propagated:0.987
/Users/bround/Desktop/Датасеты/Dataset_Mendeley_data/Unlabelled _UAV_Videos/Flight Test 2/FT2_complete_unprocessed_videos/2023-11-23 14-56-24.mp4,1198,1,230,404,253,424,propagated:0.954
/Users/bround/Desktop/Датасеты/Dataset_Mendeley_data/Unlabelled _UAV_Videos/Flight Test 2/FT2_complete_unprocessed_videos/2023-11-23 14-56-24.mp4,1199,1,230,405,253,425,propagated:0.950
/Users/bround/Desktop/Датасеты/Dataset_Mendeley_data/Unlabelled _UAV_Videos/Flight Test 2/FT2_complete_unprocessed_videos/2023-11-23 14-56-24.mp4,1200,1,229,406,252,426,propagated:0.973
/Users/bround/Desktop/Датасеты/Dataset_Mendeley_data/Unlabelled _UAV_Videos/Flight Test 2/FT2_complete_unprocessed_videos/2023-11-23 14-56-24.mp4,1201,1,227,408,250,428,propagated:0.938
/Users/bround/Desktop/Датасеты/Dataset_Mendeley_data/Unlabelled _UAV_Videos/Flight Test 2/FT2_complete_unprocessed_videos/2023-11-23 14-56-24.mp4,1202,1,230,408,253,428,propagated:0.971
/Users/bround/Desktop/Датасеты/Dataset_Mendeley_data/Unlabelled _UAV_Videos/Flight Test 2/FT2_complete_unprocessed_videos/2023-11-23 14-56-24.mp4,1203,1,230,410,253,430,propagated:0.976
/Users/bround/Desktop/Датасеты/Dataset_Mendeley_data/Unlabelled _UAV_Videos/Flight Test 2/FT2_complete_unprocessed_videos/2023-11-23 14-56-24.mp4,1204,1,232,411,255,431,propagated:0.961
/Users/bround/Desktop/Датасеты/Dataset_Mendeley_data/Unlabelled _UAV_Videos/Flight Test 2/FT2_complete_unprocessed_videos/2023-11-23 14-56-24.mp4,1205,1,234,411,257,431,propagated:0.966
/Users/bround/Desktop/Датасеты/Dataset_Mendeley_data/Unlabelled _UAV_Videos/Flight Test 2/FT2_complete_unprocessed_videos/2023-11-23 14-56-24.mp4,1206,1,233,410,256,430,propagated:0.973
/Users/bround/Desktop/Датасеты/Dataset_Mendeley_data/Unlabelled _UAV_Videos/Flight Test 2/FT2_complete_unprocessed_videos/2023-11-23 14-56-24.mp4,1207,1,234,411,257,431,propagated:0.955
/Users/bround/Desktop/Датасеты/Dataset_Mendeley_data/Unlabelled _UAV_Videos/Flight Test 2/FT2_complete_unprocessed_videos/2023-11-23 14-56-24.mp4,1208,1,233,411,256,431,propagated:0.976
/Users/bround/Desktop/Датасеты/Dataset_Mendeley_data/Unlabelled _UAV_Videos/Flight Test 2/FT2_complete_unprocessed_videos/2023-11-23 14-56-24.mp4,1209,1,230,412,253,432,propagated:0.982
/Users/bround/Desktop/Датасеты/Dataset_Mendeley_data/Unlabelled _UAV_Videos/Flight Test 2/FT2_complete_unprocessed_videos/2023-11-23 14-56-24.mp4,1210,1,229,412,252,432,propagated:0.962
/Users/bround/Desktop/Датасеты/Dataset_Mendeley_data/Unlabelled _UAV_Videos/Flight Test 2/FT2_complete_unprocessed_videos/2023-11-23 14-56-24.mp4,1211,1,229,413,252,433,propagated:0.959
/Users/bround/Desktop/Датасеты/Dataset_Mendeley_data/Unlabelled _UAV_Videos/Flight Test 2/FT2_complete_unprocessed_videos/2023-11-23 14-56-24.mp4,1212,1,227,414,250,434,propagated:0.968
/Users/bround/Desktop/Датасеты/Dataset_Mendeley_data/Unlabelled _UAV_Videos/Flight Test 2/FT2_complete_unprocessed_videos/2023-11-23 14-56-24.mp4,1213,1,227,414,250,434,propagated:0.975
/Users/bround/Desktop/Датасеты/Dataset_Mendeley_data/Unlabelled _UAV_Videos/Flight Test 2/FT2_complete_unprocessed_videos/2023-11-23 14-56-24.mp4,1214,1,226,415,249,435,propagated:0.967
/Users/bround/Desktop/Датасеты/Dataset_Mendeley_data/Unlabelled _UAV_Videos/Flight Test 2/FT2_complete_unprocessed_videos/2023-11-23 14-56-24.mp4,1215,1,223,416,246,436,propagated:0.946
/Users/bround/Desktop/Датасеты/Dataset_Mendeley_data/Unlabelled _UAV_Videos/Flight Test 2/FT2_complete_unprocessed_videos/2023-11-23 14-56-24.mp4,1216,1,223,417,246,437,propagated:0.981
/Users/bround/Desktop/Датасеты/Dataset_Mendeley_data/Unlabelled _UAV_Videos/Flight Test 2/FT2_complete_unprocessed_videos/2023-11-23 14-56-24.mp4,1217,1,223,418,246,438,propagated:0.940
/Users/bround/Desktop/Датасеты/Dataset_Mendeley_data/Unlabelled _UAV_Videos/Flight Test 2/FT2_complete_unprocessed_videos/2023-11-23 14-56-24.mp4,1218,1,221,419,244,439,propagated:0.982
/Users/bround/Desktop/Датасеты/Dataset_Mendeley_data/Unlabelled _UAV_Videos/Flight Test 2/FT2_complete_unprocessed_videos/2023-11-23 14-56-24.mp4,1219,1,218,419,241,439,propagated:0.978
/Users/bround/Desktop/Датасеты/Dataset_Mendeley_data/Unlabelled _UAV_Videos/Flight Test 2/FT2_complete_unprocessed_videos/2023-11-23 14-56-24.mp4,1220,1,216,419,239,439,propagated:0.989
/Users/bround/Desktop/Датасеты/Dataset_Mendeley_data/Unlabelled _UAV_Videos/Flight Test 2/FT2_complete_unprocessed_videos/2023-11-23 14-56-24.mp4,1221,1,219,420,242,440,propagated:0.988
/Users/bround/Desktop/Датасеты/Dataset_Mendeley_data/Unlabelled _UAV_Videos/Flight Test 2/FT2_complete_unprocessed_videos/2023-11-23 14-56-24.mp4,1222,1,221,420,244,440,propagated:0.958
/Users/bround/Desktop/Датасеты/Dataset_Mendeley_data/Unlabelled _UAV_Videos/Flight Test 2/FT2_complete_unprocessed_videos/2023-11-23 14-56-24.mp4,1223,1,222,420,245,440,propagated:0.964
/Users/bround/Desktop/Датасеты/Dataset_Mendeley_data/Unlabelled _UAV_Videos/Flight Test 2/FT2_complete_unprocessed_videos/2023-11-23 14-56-24.mp4,1224,1,224,421,247,441,propagated:0.984
/Users/bround/Desktop/Датасеты/Dataset_Mendeley_data/Unlabelled _UAV_Videos/Flight Test 2/FT2_complete_unprocessed_videos/2023-11-23 14-56-24.mp4,1225,1,224,422,247,442,propagated:0.976
/Users/bround/Desktop/Датасеты/Dataset_Mendeley_data/Unlabelled _UAV_Videos/Flight Test 2/FT2_complete_unprocessed_videos/2023-11-23 14-56-24.mp4,1226,1,220,422,243,442,propagated:0.983
/Users/bround/Desktop/Датасеты/Dataset_Mendeley_data/Unlabelled _UAV_Videos/Flight Test 2/FT2_complete_unprocessed_videos/2023-11-23 14-56-24.mp4,1227,1,219,422,242,442,propagated:0.989
/Users/bround/Desktop/Датасеты/Dataset_Mendeley_data/Unlabelled _UAV_Videos/Flight Test 2/FT2_complete_unprocessed_videos/2023-11-23 14-56-24.mp4,1228,1,216,422,239,442,propagated:0.966
/Users/bround/Desktop/Датасеты/Dataset_Mendeley_data/Unlabelled _UAV_Videos/Flight Test 2/FT2_complete_unprocessed_videos/2023-11-23 14-56-24.mp4,1229,1,213,424,236,444,propagated:0.989
/Users/bround/Desktop/Датасеты/Dataset_Mendeley_data/Unlabelled _UAV_Videos/Flight Test 2/FT2_complete_unprocessed_videos/2023-11-23 14-56-24.mp4,1230,1,209,424,232,444,propagated:0.964
/Users/bround/Desktop/Датасеты/Dataset_Mendeley_data/Unlabelled _UAV_Videos/Flight Test 2/FT2_complete_unprocessed_videos/2023-11-23 14-56-24.mp4,1231,1,206,424,229,444,propagated:0.950
/Users/bround/Desktop/Датасеты/Dataset_Mendeley_data/Unlabelled _UAV_Videos/Flight Test 2/FT2_complete_unprocessed_videos/2023-11-23 14-56-24.mp4,1232,1,205,424,228,444,propagated:0.975
/Users/bround/Desktop/Датасеты/Dataset_Mendeley_data/Unlabelled _UAV_Videos/Flight Test 2/FT2_complete_unprocessed_videos/2023-11-23 14-56-24.mp4,1233,1,205,425,228,445,propagated:0.955
/Users/bround/Desktop/Датасеты/Dataset_Mendeley_data/Unlabelled _UAV_Videos/Flight Test 2/FT2_complete_unprocessed_videos/2023-11-23 14-56-24.mp4,1234,1,200,426,223,446,propagated:0.972
/Users/bround/Desktop/Датасеты/Dataset_Mendeley_data/Unlabelled _UAV_Videos/Flight Test 2/FT2_complete_unprocessed_videos/2023-11-23 14-56-24.mp4,1235,1,197,427,220,447,propagated:0.981
/Users/bround/Desktop/Датасеты/Dataset_Mendeley_data/Unlabelled _UAV_Videos/Flight Test 2/FT2_complete_unprocessed_videos/2023-11-23 14-56-24.mp4,1236,1,192,428,215,448,propagated:0.955
/Users/bround/Desktop/Датасеты/Dataset_Mendeley_data/Unlabelled _UAV_Videos/Flight Test 2/FT2_complete_unprocessed_videos/2023-11-23 14-56-24.mp4,1237,1,190,428,213,448,propagated:0.971
/Users/bround/Desktop/Датасеты/Dataset_Mendeley_data/Unlabelled _UAV_Videos/Flight Test 2/FT2_complete_unprocessed_videos/2023-11-23 14-56-24.mp4,1238,1,185,428,208,448,propagated:0.977
/Users/bround/Desktop/Датасеты/Dataset_Mendeley_data/Unlabelled _UAV_Videos/Flight Test 2/FT2_complete_unprocessed_videos/2023-11-23 14-56-24.mp4,1239,1,183,429,206,449,propagated:0.987
/Users/bround/Desktop/Датасеты/Dataset_Mendeley_data/Unlabelled _UAV_Videos/Flight Test 2/FT2_complete_unprocessed_videos/2023-11-23 14-56-24.mp4,1240,1,180,430,203,450,propagated:0.991
/Users/bround/Desktop/Датасеты/Dataset_Mendeley_data/Unlabelled _UAV_Videos/Flight Test 2/FT2_complete_unprocessed_videos/2023-11-23 14-56-24.mp4,1241,1,178,430,201,450,propagated:0.988
/Users/bround/Desktop/Датасеты/Dataset_Mendeley_data/Unlabelled _UAV_Videos/Flight Test 2/FT2_complete_unprocessed_videos/2023-11-23 14-56-24.mp4,1242,1,178,430,201,450,propagated:0.941
/Users/bround/Desktop/Датасеты/Dataset_Mendeley_data/Unlabelled _UAV_Videos/Flight Test 2/FT2_complete_unprocessed_videos/2023-11-23 14-56-24.mp4,1243,1,179,430,202,450,propagated:0.987
/Users/bround/Desktop/Датасеты/Dataset_Mendeley_data/Unlabelled _UAV_Videos/Flight Test 2/FT2_complete_unprocessed_videos/2023-11-23 14-56-24.mp4,1244,1,177,431,200,451,propagated:0.960
/Users/bround/Desktop/Датасеты/Dataset_Mendeley_data/Unlabelled _UAV_Videos/Flight Test 2/FT2_complete_unprocessed_videos/2023-11-23 14-56-24.mp4,1245,1,177,432,200,452,propagated:0.946
/Users/bround/Desktop/Датасеты/Dataset_Mendeley_data/Unlabelled _UAV_Videos/Flight Test 2/FT2_complete_unprocessed_videos/2023-11-23 14-56-24.mp4,1246,1,175,432,198,452,propagated:0.961
/Users/bround/Desktop/Датасеты/Dataset_Mendeley_data/Unlabelled _UAV_Videos/Flight Test 2/FT2_complete_unprocessed_videos/2023-11-23 14-56-24.mp4,1247,1,175,432,198,452,propagated:0.984
/Users/bround/Desktop/Датасеты/Dataset_Mendeley_data/Unlabelled _UAV_Videos/Flight Test 2/FT2_complete_unprocessed_videos/2023-11-23 14-56-24.mp4,1248,1,173,433,196,453,propagated:0.988
/Users/bround/Desktop/Датасеты/Dataset_Mendeley_data/Unlabelled _UAV_Videos/Flight Test 2/FT2_complete_unprocessed_videos/2023-11-23 14-56-24.mp4,1249,1,171,433,194,453,propagated:0.987
/Users/bround/Desktop/Датасеты/Dataset_Mendeley_data/Unlabelled _UAV_Videos/Flight Test 2/FT2_complete_unprocessed_videos/2023-11-23 14-56-24.mp4,1250,1,168,434,191,454,propagated:0.977
/Users/bround/Desktop/Датасеты/Dataset_Mendeley_data/Unlabelled _UAV_Videos/Flight Test 2/FT2_complete_unprocessed_videos/2023-11-23 14-56-24.mp4,1251,1,166,435,189,455,propagated:0.964
/Users/bround/Desktop/Датасеты/Dataset_Mendeley_data/Unlabelled _UAV_Videos/Flight Test 2/FT2_complete_unprocessed_videos/2023-11-23 14-56-24.mp4,1252,1,165,436,188,456,propagated:0.987
/Users/bround/Desktop/Датасеты/Dataset_Mendeley_data/Unlabelled _UAV_Videos/Flight Test 2/FT2_complete_unprocessed_videos/2023-11-23 14-56-24.mp4,1253,1,166,437,189,457,propagated:0.980
/Users/bround/Desktop/Датасеты/Dataset_Mendeley_data/Unlabelled _UAV_Videos/Flight Test 2/FT2_complete_unprocessed_videos/2023-11-23 14-56-24.mp4,1254,1,168,437,191,457,propagated:0.951
/Users/bround/Desktop/Датасеты/Dataset_Mendeley_data/Unlabelled _UAV_Videos/Flight Test 2/FT2_complete_unprocessed_videos/2023-11-23 14-56-24.mp4,1255,1,168,439,191,459,propagated:0.966
/Users/bround/Desktop/Датасеты/Dataset_Mendeley_data/Unlabelled _UAV_Videos/Flight Test 2/FT2_complete_unprocessed_videos/2023-11-23 14-56-24.mp4,1256,1,168,438,191,458,propagated:0.964
/Users/bround/Desktop/Датасеты/Dataset_Mendeley_data/Unlabelled _UAV_Videos/Flight Test 2/FT2_complete_unprocessed_videos/2023-11-23 14-56-24.mp4,1257,1,169,440,192,460,propagated:0.986
/Users/bround/Desktop/Датасеты/Dataset_Mendeley_data/Unlabelled _UAV_Videos/Flight Test 2/FT2_complete_unprocessed_videos/2023-11-23 14-56-24.mp4,1258,1,169,441,192,461,propagated:0.963
/Users/bround/Desktop/Датасеты/Dataset_Mendeley_data/Unlabelled _UAV_Videos/Flight Test 2/FT2_complete_unprocessed_videos/2023-11-23 14-56-24.mp4,1259,1,171,440,194,460,propagated:0.967
/Users/bround/Desktop/Датасеты/Dataset_Mendeley_data/Unlabelled _UAV_Videos/Flight Test 2/FT2_complete_unprocessed_videos/2023-11-23 14-56-24.mp4,1260,1,171,441,194,461,propagated:0.972
/Users/bround/Desktop/Датасеты/Dataset_Mendeley_data/Unlabelled _UAV_Videos/Flight Test 2/FT2_complete_unprocessed_videos/2023-11-23 14-56-24.mp4,1261,1,166,443,189,463,propagated:0.993
/Users/bround/Desktop/Датасеты/Dataset_Mendeley_data/Unlabelled _UAV_Videos/Flight Test 2/FT2_complete_unprocessed_videos/2023-11-23 14-56-24.mp4,1262,1,164,444,187,464,propagated:0.948
/Users/bround/Desktop/Датасеты/Dataset_Mendeley_data/Unlabelled _UAV_Videos/Flight Test 2/FT2_complete_unprocessed_videos/2023-11-23 14-56-24.mp4,1263,1,167,444,190,464,propagated:0.988
/Users/bround/Desktop/Датасеты/Dataset_Mendeley_data/Unlabelled _UAV_Videos/Flight Test 2/FT2_complete_unprocessed_videos/2023-11-23 14-56-24.mp4,1264,1,168,447,191,467,propagated:0.963
/Users/bround/Desktop/Датасеты/Dataset_Mendeley_data/Unlabelled _UAV_Videos/Flight Test 2/FT2_complete_unprocessed_videos/2023-11-23 14-56-24.mp4,1265,1,169,449,192,469,propagated:0.981
/Users/bround/Desktop/Датасеты/Dataset_Mendeley_data/Unlabelled _UAV_Videos/Flight Test 2/FT2_complete_unprocessed_videos/2023-11-23 14-56-24.mp4,1266,1,170,448,193,468,propagated:0.983
/Users/bround/Desktop/Датасеты/Dataset_Mendeley_data/Unlabelled _UAV_Videos/Flight Test 2/FT2_complete_unprocessed_videos/2023-11-23 14-56-24.mp4,1267,1,170,446,193,466,propagated:0.960
/Users/bround/Desktop/Датасеты/Dataset_Mendeley_data/Unlabelled _UAV_Videos/Flight Test 2/FT2_complete_unprocessed_videos/2023-11-23 14-56-24.mp4,1268,1,171,446,194,466,propagated:0.982
/Users/bround/Desktop/Датасеты/Dataset_Mendeley_data/Unlabelled _UAV_Videos/Flight Test 2/FT2_complete_unprocessed_videos/2023-11-23 14-56-24.mp4,1269,1,167,447,190,467,propagated:0.975
/Users/bround/Desktop/Датасеты/Dataset_Mendeley_data/Unlabelled _UAV_Videos/Flight Test 2/FT2_complete_unprocessed_videos/2023-11-23 14-56-24.mp4,1270,1,165,446,188,466,propagated:0.967
/Users/bround/Desktop/Датасеты/Dataset_Mendeley_data/Unlabelled _UAV_Videos/Flight Test 2/FT2_complete_unprocessed_videos/2023-11-23 14-56-24.mp4,1271,1,165,446,188,466,propagated:0.961
/Users/bround/Desktop/Датасеты/Dataset_Mendeley_data/Unlabelled _UAV_Videos/Flight Test 2/FT2_complete_unprocessed_videos/2023-11-23 14-56-24.mp4,1272,1,162,447,185,467,propagated:0.960
/Users/bround/Desktop/Датасеты/Dataset_Mendeley_data/Unlabelled _UAV_Videos/Flight Test 2/FT2_complete_unprocessed_videos/2023-11-23 14-56-24.mp4,1273,1,161,448,184,468,propagated:0.964
/Users/bround/Desktop/Датасеты/Dataset_Mendeley_data/Unlabelled _UAV_Videos/Flight Test 2/FT2_complete_unprocessed_videos/2023-11-23 14-56-24.mp4,1274,1,159,448,182,468,propagated:0.959
/Users/bround/Desktop/Датасеты/Dataset_Mendeley_data/Unlabelled _UAV_Videos/Flight Test 2/FT2_complete_unprocessed_videos/2023-11-23 14-56-24.mp4,1275,1,157,448,180,468,propagated:0.982
/Users/bround/Desktop/Датасеты/Dataset_Mendeley_data/Unlabelled _UAV_Videos/Flight Test 2/FT2_complete_unprocessed_videos/2023-11-23 14-56-24.mp4,1276,1,157,449,180,469,propagated:0.961
/Users/bround/Desktop/Датасеты/Dataset_Mendeley_data/Unlabelled _UAV_Videos/Flight Test 2/FT2_complete_unprocessed_videos/2023-11-23 14-56-24.mp4,1277,1,160,448,183,468,propagated:0.989
/Users/bround/Desktop/Датасеты/Dataset_Mendeley_data/Unlabelled _UAV_Videos/Flight Test 2/FT2_complete_unprocessed_videos/2023-11-23 14-56-24.mp4,1278,1,162,449,185,469,propagated:0.962
/Users/bround/Desktop/Датасеты/Dataset_Mendeley_data/Unlabelled _UAV_Videos/Flight Test 2/FT2_complete_unprocessed_videos/2023-11-23 14-56-24.mp4,1279,1,165,449,188,469,propagated:0.953
/Users/bround/Desktop/Датасеты/Dataset_Mendeley_data/Unlabelled _UAV_Videos/Flight Test 2/FT2_complete_unprocessed_videos/2023-11-23 14-56-24.mp4,1280,1,167,450,190,470,propagated:0.980
/Users/bround/Desktop/Датасеты/Dataset_Mendeley_data/Unlabelled _UAV_Videos/Flight Test 2/FT2_complete_unprocessed_videos/2023-11-23 14-56-24.mp4,1281,1,167,451,190,471,propagated:0.977
/Users/bround/Desktop/Датасеты/Dataset_Mendeley_data/Unlabelled _UAV_Videos/Flight Test 2/FT2_complete_unprocessed_videos/2023-11-23 14-56-24.mp4,1282,1,165,451,188,471,propagated:0.973
/Users/bround/Desktop/Датасеты/Dataset_Mendeley_data/Unlabelled _UAV_Videos/Flight Test 2/FT2_complete_unprocessed_videos/2023-11-23 14-56-24.mp4,1283,1,165,452,188,472,propagated:0.948
/Users/bround/Desktop/Датасеты/Dataset_Mendeley_data/Unlabelled _UAV_Videos/Flight Test 2/FT2_complete_unprocessed_videos/2023-11-23 14-56-24.mp4,1284,1,166,451,189,471,propagated:0.959
/Users/bround/Desktop/Датасеты/Dataset_Mendeley_data/Unlabelled _UAV_Videos/Flight Test 2/FT2_complete_unprocessed_videos/2023-11-23 14-56-24.mp4,1285,1,163,452,186,472,propagated:0.979
/Users/bround/Desktop/Датасеты/Dataset_Mendeley_data/Unlabelled _UAV_Videos/Flight Test 2/FT2_complete_unprocessed_videos/2023-11-23 14-56-24.mp4,1286,1,162,452,185,472,propagated:0.966
/Users/bround/Desktop/Датасеты/Dataset_Mendeley_data/Unlabelled _UAV_Videos/Flight Test 2/FT2_complete_unprocessed_videos/2023-11-23 14-56-24.mp4,1287,1,161,453,184,473,propagated:0.968
/Users/bround/Desktop/Датасеты/Dataset_Mendeley_data/Unlabelled _UAV_Videos/Flight Test 2/FT2_complete_unprocessed_videos/2023-11-23 14-56-24.mp4,1288,1,162,452,185,472,propagated:0.950
/Users/bround/Desktop/Датасеты/Dataset_Mendeley_data/Unlabelled _UAV_Videos/Flight Test 2/FT2_complete_unprocessed_videos/2023-11-23 14-56-24.mp4,1289,1,160,453,183,473,propagated:0.962
/Users/bround/Desktop/Датасеты/Dataset_Mendeley_data/Unlabelled _UAV_Videos/Flight Test 2/FT2_complete_unprocessed_videos/2023-11-23 14-56-24.mp4,1290,1,153,453,176,473,propagated:0.945
/Users/bround/Desktop/Датасеты/Dataset_Mendeley_data/Unlabelled _UAV_Videos/Flight Test 2/FT2_complete_unprocessed_videos/2023-11-23 14-56-24.mp4,1291,1,148,453,171,473,propagated:0.964
/Users/bround/Desktop/Датасеты/Dataset_Mendeley_data/Unlabelled _UAV_Videos/Flight Test 2/FT2_complete_unprocessed_videos/2023-11-23 14-56-24.mp4,1292,1,142,454,165,474,propagated:0.973
/Users/bround/Desktop/Датасеты/Dataset_Mendeley_data/Unlabelled _UAV_Videos/Flight Test 2/FT2_complete_unprocessed_videos/2023-11-23 14-56-24.mp4,1293,1,145,453,168,473,propagated:0.956
/Users/bround/Desktop/Датасеты/Dataset_Mendeley_data/Unlabelled _UAV_Videos/Flight Test 2/FT2_complete_unprocessed_videos/2023-11-23 14-56-24.mp4,1294,1,148,454,171,474,propagated:0.964
/Users/bround/Desktop/Датасеты/Dataset_Mendeley_data/Unlabelled _UAV_Videos/Flight Test 2/FT2_complete_unprocessed_videos/2023-11-23 14-56-24.mp4,1295,1,151,454,174,474,propagated:0.983
/Users/bround/Desktop/Датасеты/Dataset_Mendeley_data/Unlabelled _UAV_Videos/Flight Test 2/FT2_complete_unprocessed_videos/2023-11-23 14-56-24.mp4,1296,1,154,454,177,474,propagated:0.979
/Users/bround/Desktop/Датасеты/Dataset_Mendeley_data/Unlabelled _UAV_Videos/Flight Test 2/FT2_complete_unprocessed_videos/2023-11-23 14-56-24.mp4,1297,1,156,455,179,475,propagated:0.970
/Users/bround/Desktop/Датасеты/Dataset_Mendeley_data/Unlabelled _UAV_Videos/Flight Test 2/FT2_complete_unprocessed_videos/2023-11-23 14-56-24.mp4,1298,1,158,455,181,475,propagated:0.969
/Users/bround/Desktop/Датасеты/Dataset_Mendeley_data/Unlabelled _UAV_Videos/Flight Test 2/FT2_complete_unprocessed_videos/2023-11-23 14-56-24.mp4,1299,1,159,456,182,476,propagated:0.937
/Users/bround/Desktop/Датасеты/Dataset_Mendeley_data/Unlabelled _UAV_Videos/Flight Test 2/FT2_complete_unprocessed_videos/2023-11-23 14-56-24.mp4,1300,1,157,457,180,477,propagated:0.955
/Users/bround/Desktop/Датасеты/Dataset_Mendeley_data/Unlabelled _UAV_Videos/Flight Test 2/FT2_complete_unprocessed_videos/2023-11-23 14-56-24.mp4,1301,1,157,457,180,477,propagated:0.978
/Users/bround/Desktop/Датасеты/Dataset_Mendeley_data/Unlabelled _UAV_Videos/Flight Test 2/FT2_complete_unprocessed_videos/2023-11-23 14-56-24.mp4,1302,1,155,458,178,478,propagated:0.980
/Users/bround/Desktop/Датасеты/Dataset_Mendeley_data/Unlabelled _UAV_Videos/Flight Test 2/FT2_complete_unprocessed_videos/2023-11-23 14-56-24.mp4,1303,1,156,458,179,478,propagated:0.961
/Users/bround/Desktop/Датасеты/Dataset_Mendeley_data/Unlabelled _UAV_Videos/Flight Test 2/FT2_complete_unprocessed_videos/2023-11-23 14-56-24.mp4,1304,1,156,459,179,479,propagated:0.982
/Users/bround/Desktop/Датасеты/Dataset_Mendeley_data/Unlabelled _UAV_Videos/Flight Test 2/FT2_complete_unprocessed_videos/2023-11-23 14-56-24.mp4,1305,1,154,460,177,480,propagated:0.951
/Users/bround/Desktop/Датасеты/Dataset_Mendeley_data/Unlabelled _UAV_Videos/Flight Test 2/FT2_complete_unprocessed_videos/2023-11-23 14-56-24.mp4,1306,1,154,459,177,479,propagated:0.979
/Users/bround/Desktop/Датасеты/Dataset_Mendeley_data/Unlabelled _UAV_Videos/Flight Test 2/FT2_complete_unprocessed_videos/2023-11-23 14-56-24.mp4,1307,1,154,459,177,479,propagated:0.984
/Users/bround/Desktop/Датасеты/Dataset_Mendeley_data/Unlabelled _UAV_Videos/Flight Test 2/FT2_complete_unprocessed_videos/2023-11-23 14-56-24.mp4,1308,1,152,460,175,480,propagated:0.970
/Users/bround/Desktop/Датасеты/Dataset_Mendeley_data/Unlabelled _UAV_Videos/Flight Test 2/FT2_complete_unprocessed_videos/2023-11-23 14-56-24.mp4,1309,1,152,460,175,480,propagated:0.979
/Users/bround/Desktop/Датасеты/Dataset_Mendeley_data/Unlabelled _UAV_Videos/Flight Test 2/FT2_complete_unprocessed_videos/2023-11-23 14-56-24.mp4,1310,1,150,461,173,481,propagated:0.967
/Users/bround/Desktop/Датасеты/Dataset_Mendeley_data/Unlabelled _UAV_Videos/Flight Test 2/FT2_complete_unprocessed_videos/2023-11-23 14-56-24.mp4,1311,1,151,461,174,481,propagated:0.984
/Users/bround/Desktop/Датасеты/Dataset_Mendeley_data/Unlabelled _UAV_Videos/Flight Test 2/FT2_complete_unprocessed_videos/2023-11-23 14-56-24.mp4,1312,1,152,462,175,482,propagated:0.953
/Users/bround/Desktop/Датасеты/Dataset_Mendeley_data/Unlabelled _UAV_Videos/Flight Test 2/FT2_complete_unprocessed_videos/2023-11-23 14-56-24.mp4,1313,1,152,463,175,483,propagated:0.970
/Users/bround/Desktop/Датасеты/Dataset_Mendeley_data/Unlabelled _UAV_Videos/Flight Test 2/FT2_complete_unprocessed_videos/2023-11-23 14-56-24.mp4,1314,1,154,463,177,483,propagated:0.962
/Users/bround/Desktop/Датасеты/Dataset_Mendeley_data/Unlabelled _UAV_Videos/Flight Test 2/FT2_complete_unprocessed_videos/2023-11-23 14-56-24.mp4,1315,1,151,463,174,483,propagated:0.966
/Users/bround/Desktop/Датасеты/Dataset_Mendeley_data/Unlabelled _UAV_Videos/Flight Test 2/FT2_complete_unprocessed_videos/2023-11-23 14-56-24.mp4,1316,1,150,464,173,484,propagated:0.963
/Users/bround/Desktop/Датасеты/Dataset_Mendeley_data/Unlabelled _UAV_Videos/Flight Test 2/FT2_complete_unprocessed_videos/2023-11-23 14-56-24.mp4,1317,1,147,464,170,484,propagated:0.976
/Users/bround/Desktop/Датасеты/Dataset_Mendeley_data/Unlabelled _UAV_Videos/Flight Test 2/FT2_complete_unprocessed_videos/2023-11-23 14-56-24.mp4,1318,1,145,464,168,484,propagated:0.961
/Users/bround/Desktop/Датасеты/Dataset_Mendeley_data/Unlabelled _UAV_Videos/Flight Test 2/FT2_complete_unprocessed_videos/2023-11-23 14-56-24.mp4,1319,1,143,463,166,483,propagated:0.953
/Users/bround/Desktop/Датасеты/Dataset_Mendeley_data/Unlabelled _UAV_Videos/Flight Test 2/FT2_complete_unprocessed_videos/2023-11-23 14-56-24.mp4,1320,1,141,463,164,483,propagated:0.956
/Users/bround/Desktop/Датасеты/Dataset_Mendeley_data/Unlabelled _UAV_Videos/Flight Test 2/FT2_complete_unprocessed_videos/2023-11-23 14-56-24.mp4,1321,1,139,463,162,483,propagated:0.955
/Users/bround/Desktop/Датасеты/Dataset_Mendeley_data/Unlabelled _UAV_Videos/Flight Test 2/FT2_complete_unprocessed_videos/2023-11-23 14-56-24.mp4,1322,1,137,464,160,484,propagated:0.958
/Users/bround/Desktop/Датасеты/Dataset_Mendeley_data/Unlabelled _UAV_Videos/Flight Test 2/FT2_complete_unprocessed_videos/2023-11-23 14-56-24.mp4,1323,1,136,464,159,484,propagated:0.979
/Users/bround/Desktop/Датасеты/Dataset_Mendeley_data/Unlabelled _UAV_Videos/Flight Test 2/FT2_complete_unprocessed_videos/2023-11-23 14-56-24.mp4,1324,1,135,464,158,484,propagated:0.975
/Users/bround/Desktop/Датасеты/Dataset_Mendeley_data/Unlabelled _UAV_Videos/Flight Test 2/FT2_complete_unprocessed_videos/2023-11-23 14-56-24.mp4,1325,1,133,464,156,484,propagated:0.984
/Users/bround/Desktop/Датасеты/Dataset_Mendeley_data/Unlabelled _UAV_Videos/Flight Test 2/FT2_complete_unprocessed_videos/2023-11-23 14-56-24.mp4,1326,1,130,464,153,484,propagated:0.960
/Users/bround/Desktop/Датасеты/Dataset_Mendeley_data/Unlabelled _UAV_Videos/Flight Test 2/FT2_complete_unprocessed_videos/2023-11-23 14-56-24.mp4,1327,1,132,462,154,480,manual
/Users/bround/Desktop/Датасеты/Dataset_Mendeley_data/Unlabelled _UAV_Videos/Flight Test 2/FT2_complete_unprocessed_videos/2023-11-23 14-56-24.mp4,1329,1,134,462,156,480,propagated:0.966
/Users/bround/Desktop/Датасеты/Dataset_Mendeley_data/Unlabelled _UAV_Videos/Flight Test 2/FT2_complete_unprocessed_videos/2023-11-23 14-56-24.mp4,1330,1,134,462,156,480,propagated:0.985
/Users/bround/Desktop/Датасеты/Dataset_Mendeley_data/Unlabelled _UAV_Videos/Flight Test 2/FT2_complete_unprocessed_videos/2023-11-23 14-56-24.mp4,1331,1,136,462,158,480,propagated:0.980
/Users/bround/Desktop/Датасеты/Dataset_Mendeley_data/Unlabelled _UAV_Videos/Flight Test 2/FT2_complete_unprocessed_videos/2023-11-23 14-56-24.mp4,1332,1,138,462,160,480,propagated:0.958
/Users/bround/Desktop/Датасеты/Dataset_Mendeley_data/Unlabelled _UAV_Videos/Flight Test 2/FT2_complete_unprocessed_videos/2023-11-23 14-56-24.mp4,1333,1,137,462,159,480,propagated:0.964
/Users/bround/Desktop/Датасеты/Dataset_Mendeley_data/Unlabelled _UAV_Videos/Flight Test 2/FT2_complete_unprocessed_videos/2023-11-23 14-56-24.mp4,1334,1,138,462,160,480,propagated:0.968
/Users/bround/Desktop/Датасеты/Dataset_Mendeley_data/Unlabelled _UAV_Videos/Flight Test 2/FT2_complete_unprocessed_videos/2023-11-23 14-56-24.mp4,1335,1,135,462,157,480,propagated:0.971
/Users/bround/Desktop/Датасеты/Dataset_Mendeley_data/Unlabelled _UAV_Videos/Flight Test 2/FT2_complete_unprocessed_videos/2023-11-23 14-56-24.mp4,1336,1,134,461,156,479,propagated:0.965
/Users/bround/Desktop/Датасеты/Dataset_Mendeley_data/Unlabelled _UAV_Videos/Flight Test 2/FT2_complete_unprocessed_videos/2023-11-23 14-56-24.mp4,1337,1,135,460,157,478,propagated:0.976
/Users/bround/Desktop/Датасеты/Dataset_Mendeley_data/Unlabelled _UAV_Videos/Flight Test 2/FT2_complete_unprocessed_videos/2023-11-23 14-56-24.mp4,1338,1,135,460,157,478,propagated:0.980
/Users/bround/Desktop/Датасеты/Dataset_Mendeley_data/Unlabelled _UAV_Videos/Flight Test 2/FT2_complete_unprocessed_videos/2023-11-23 14-56-24.mp4,1339,1,134,461,156,479,propagated:0.945
/Users/bround/Desktop/Датасеты/Dataset_Mendeley_data/Unlabelled _UAV_Videos/Flight Test 2/FT2_complete_unprocessed_videos/2023-11-23 14-56-24.mp4,1340,1,134,461,156,479,propagated:0.991
/Users/bround/Desktop/Датасеты/Dataset_Mendeley_data/Unlabelled _UAV_Videos/Flight Test 2/FT2_complete_unprocessed_videos/2023-11-23 14-56-24.mp4,1341,1,134,461,156,479,propagated:0.975
/Users/bround/Desktop/Датасеты/Dataset_Mendeley_data/Unlabelled _UAV_Videos/Flight Test 2/FT2_complete_unprocessed_videos/2023-11-23 14-56-24.mp4,1342,1,132,461,154,479,propagated:0.980
/Users/bround/Desktop/Датасеты/Dataset_Mendeley_data/Unlabelled _UAV_Videos/Flight Test 2/FT2_complete_unprocessed_videos/2023-11-23 14-56-24.mp4,1343,1,130,461,152,479,propagated:0.982
/Users/bround/Desktop/Датасеты/Dataset_Mendeley_data/Unlabelled _UAV_Videos/Flight Test 2/FT2_complete_unprocessed_videos/2023-11-23 14-56-24.mp4,1344,1,129,461,151,479,propagated:0.988
/Users/bround/Desktop/Датасеты/Dataset_Mendeley_data/Unlabelled _UAV_Videos/Flight Test 2/FT2_complete_unprocessed_videos/2023-11-23 14-56-24.mp4,1345,1,130,461,152,479,propagated:0.984
/Users/bround/Desktop/Датасеты/Dataset_Mendeley_data/Unlabelled _UAV_Videos/Flight Test 2/FT2_complete_unprocessed_videos/2023-11-23 14-56-24.mp4,1346,1,128,461,150,479,propagated:0.935
/Users/bround/Desktop/Датасеты/Dataset_Mendeley_data/Unlabelled _UAV_Videos/Flight Test 2/FT2_complete_unprocessed_videos/2023-11-23 14-56-24.mp4,1347,1,126,461,148,479,propagated:0.953
/Users/bround/Desktop/Датасеты/Dataset_Mendeley_data/Unlabelled _UAV_Videos/Flight Test 2/FT2_complete_unprocessed_videos/2023-11-23 14-56-24.mp4,1348,1,127,462,149,480,propagated:0.972
/Users/bround/Desktop/Датасеты/Dataset_Mendeley_data/Unlabelled _UAV_Videos/Flight Test 2/FT2_complete_unprocessed_videos/2023-11-23 14-56-24.mp4,1349,1,129,461,151,479,propagated:0.943
/Users/bround/Desktop/Датасеты/Dataset_Mendeley_data/Unlabelled _UAV_Videos/Flight Test 2/FT2_complete_unprocessed_videos/2023-11-23 14-56-24.mp4,1350,1,130,462,152,480,propagated:0.948
/Users/bround/Desktop/Датасеты/Dataset_Mendeley_data/Unlabelled _UAV_Videos/Flight Test 2/FT2_complete_unprocessed_videos/2023-11-23 14-56-24.mp4,1351,1,126,463,148,481,propagated:0.987
/Users/bround/Desktop/Датасеты/Dataset_Mendeley_data/Unlabelled _UAV_Videos/Flight Test 2/FT2_complete_unprocessed_videos/2023-11-23 14-56-24.mp4,1352,1,126,463,148,481,propagated:0.971
/Users/bround/Desktop/Датасеты/Dataset_Mendeley_data/Unlabelled _UAV_Videos/Flight Test 2/FT2_complete_unprocessed_videos/2023-11-23 14-56-24.mp4,1353,1,122,463,144,481,propagated:0.976
/Users/bround/Desktop/Датасеты/Dataset_Mendeley_data/Unlabelled _UAV_Videos/Flight Test 2/FT2_complete_unprocessed_videos/2023-11-23 14-56-24.mp4,1354,1,118,464,140,482,propagated:0.936
/Users/bround/Desktop/Датасеты/Dataset_Mendeley_data/Unlabelled _UAV_Videos/Flight Test 2/FT2_complete_unprocessed_videos/2023-11-23 14-56-24.mp4,1355,1,113,463,135,481,propagated:0.960
/Users/bround/Desktop/Датасеты/Dataset_Mendeley_data/Unlabelled _UAV_Videos/Flight Test 2/FT2_complete_unprocessed_videos/2023-11-23 14-56-24.mp4,1356,1,110,464,132,482,propagated:0.956
/Users/bround/Desktop/Датасеты/Dataset_Mendeley_data/Unlabelled _UAV_Videos/Flight Test 2/FT2_complete_unprocessed_videos/2023-11-23 14-56-24.mp4,1357,1,111,464,133,482,propagated:0.975
/Users/bround/Desktop/Датасеты/Dataset_Mendeley_data/Unlabelled _UAV_Videos/Flight Test 2/FT2_complete_unprocessed_videos/2023-11-23 14-56-24.mp4,1358,1,113,464,135,482,propagated:0.978
/Users/bround/Desktop/Датасеты/Dataset_Mendeley_data/Unlabelled _UAV_Videos/Flight Test 2/FT2_complete_unprocessed_videos/2023-11-23 14-56-24.mp4,1359,1,115,464,137,482,propagated:0.981
/Users/bround/Desktop/Датасеты/Dataset_Mendeley_data/Unlabelled _UAV_Videos/Flight Test 2/FT2_complete_unprocessed_videos/2023-11-23 14-56-24.mp4,1360,1,118,464,140,482,propagated:0.960
/Users/bround/Desktop/Датасеты/Dataset_Mendeley_data/Unlabelled _UAV_Videos/Flight Test 2/FT2_complete_unprocessed_videos/2023-11-23 14-56-24.mp4,1361,1,120,464,142,482,propagated:0.974
/Users/bround/Desktop/Датасеты/Dataset_Mendeley_data/Unlabelled _UAV_Videos/Flight Test 2/FT2_complete_unprocessed_videos/2023-11-23 14-56-24.mp4,1362,1,121,464,143,482,propagated:0.964
/Users/bround/Desktop/Датасеты/Dataset_Mendeley_data/Unlabelled _UAV_Videos/Flight Test 2/FT2_complete_unprocessed_videos/2023-11-23 14-56-24.mp4,1363,1,117,464,139,482,propagated:0.977
/Users/bround/Desktop/Датасеты/Dataset_Mendeley_data/Unlabelled _UAV_Videos/Flight Test 2/FT2_complete_unprocessed_videos/2023-11-23 14-56-24.mp4,1364,1,118,465,140,483,propagated:0.991
/Users/bround/Desktop/Датасеты/Dataset_Mendeley_data/Unlabelled _UAV_Videos/Flight Test 2/FT2_complete_unprocessed_videos/2023-11-23 14-56-24.mp4,1365,1,119,465,141,483,propagated:0.981
/Users/bround/Desktop/Датасеты/Dataset_Mendeley_data/Unlabelled _UAV_Videos/Flight Test 2/FT2_complete_unprocessed_videos/2023-11-23 14-56-24.mp4,1366,1,121,466,143,484,propagated:0.965
/Users/bround/Desktop/Датасеты/Dataset_Mendeley_data/Unlabelled _UAV_Videos/Flight Test 2/FT2_complete_unprocessed_videos/2023-11-23 14-56-24.mp4,1367,1,123,466,145,484,propagated:0.969
/Users/bround/Desktop/Датасеты/Dataset_Mendeley_data/Unlabelled _UAV_Videos/Flight Test 2/FT2_complete_unprocessed_videos/2023-11-23 14-56-24.mp4,1368,1,119,466,141,484,propagated:0.960
/Users/bround/Desktop/Датасеты/Dataset_Mendeley_data/Unlabelled _UAV_Videos/Flight Test 2/FT2_complete_unprocessed_videos/2023-11-23 14-56-24.mp4,1369,1,121,467,143,485,propagated:0.986
/Users/bround/Desktop/Датасеты/Dataset_Mendeley_data/Unlabelled _UAV_Videos/Flight Test 2/FT2_complete_unprocessed_videos/2023-11-23 14-56-24.mp4,1370,1,119,468,141,486,propagated:0.965
/Users/bround/Desktop/Датасеты/Dataset_Mendeley_data/Unlabelled _UAV_Videos/Flight Test 2/FT2_complete_unprocessed_videos/2023-11-23 14-56-24.mp4,1371,1,120,468,142,486,propagated:0.986
/Users/bround/Desktop/Датасеты/Dataset_Mendeley_data/Unlabelled _UAV_Videos/Flight Test 2/FT2_complete_unprocessed_videos/2023-11-23 14-56-24.mp4,1372,1,123,469,145,487,propagated:0.982
/Users/bround/Desktop/Датасеты/Dataset_Mendeley_data/Unlabelled _UAV_Videos/Flight Test 2/FT2_complete_unprocessed_videos/2023-11-23 14-56-24.mp4,1373,1,126,469,148,487,propagated:0.968
/Users/bround/Desktop/Датасеты/Dataset_Mendeley_data/Unlabelled _UAV_Videos/Flight Test 2/FT2_complete_unprocessed_videos/2023-11-23 14-56-24.mp4,1374,1,128,470,150,488,propagated:0.949
/Users/bround/Desktop/Датасеты/Dataset_Mendeley_data/Unlabelled _UAV_Videos/Flight Test 2/FT2_complete_unprocessed_videos/2023-11-23 14-56-24.mp4,1375,1,129,471,151,489,propagated:0.989
/Users/bround/Desktop/Датасеты/Dataset_Mendeley_data/Unlabelled _UAV_Videos/Flight Test 2/FT2_complete_unprocessed_videos/2023-11-23 14-56-24.mp4,1376,1,131,471,153,489,propagated:0.964
/Users/bround/Desktop/Датасеты/Dataset_Mendeley_data/Unlabelled _UAV_Videos/Flight Test 2/FT2_complete_unprocessed_videos/2023-11-23 14-56-24.mp4,1377,1,131,472,153,490,propagated:0.983
/Users/bround/Desktop/Датасеты/Dataset_Mendeley_data/Unlabelled _UAV_Videos/Flight Test 2/FT2_complete_unprocessed_videos/2023-11-23 14-56-24.mp4,1378,1,133,473,155,491,propagated:0.971
/Users/bround/Desktop/Датасеты/Dataset_Mendeley_data/Unlabelled _UAV_Videos/Flight Test 2/FT2_complete_unprocessed_videos/2023-11-23 14-56-24.mp4,1379,1,131,474,153,492,propagated:0.986
/Users/bround/Desktop/Датасеты/Dataset_Mendeley_data/Unlabelled _UAV_Videos/Flight Test 2/FT2_complete_unprocessed_videos/2023-11-23 14-56-24.mp4,1380,1,132,474,154,492,propagated:0.969
/Users/bround/Desktop/Датасеты/Dataset_Mendeley_data/Unlabelled _UAV_Videos/Flight Test 2/FT2_complete_unprocessed_videos/2023-11-23 14-56-24.mp4,1381,1,134,475,156,493,propagated:0.978
/Users/bround/Desktop/Датасеты/Dataset_Mendeley_data/Unlabelled _UAV_Videos/Flight Test 2/FT2_complete_unprocessed_videos/2023-11-23 14-56-24.mp4,1382,1,137,476,159,494,propagated:0.976
/Users/bround/Desktop/Датасеты/Dataset_Mendeley_data/Unlabelled _UAV_Videos/Flight Test 2/FT2_complete_unprocessed_videos/2023-11-23 14-56-24.mp4,1383,1,139,476,161,494,propagated:0.974
/Users/bround/Desktop/Датасеты/Dataset_Mendeley_data/Unlabelled _UAV_Videos/Flight Test 2/FT2_complete_unprocessed_videos/2023-11-23 14-56-24.mp4,1384,1,141,477,163,495,propagated:0.974
/Users/bround/Desktop/Датасеты/Dataset_Mendeley_data/Unlabelled _UAV_Videos/Flight Test 2/FT2_complete_unprocessed_videos/2023-11-23 14-56-24.mp4,1385,1,138,478,160,496,propagated:0.976
/Users/bround/Desktop/Датасеты/Dataset_Mendeley_data/Unlabelled _UAV_Videos/Flight Test 2/FT2_complete_unprocessed_videos/2023-11-23 14-56-24.mp4,1386,1,139,479,161,497,propagated:0.979
/Users/bround/Desktop/Датасеты/Dataset_Mendeley_data/Unlabelled _UAV_Videos/Flight Test 2/FT2_complete_unprocessed_videos/2023-11-23 14-56-24.mp4,1387,1,140,479,162,497,propagated:0.959
/Users/bround/Desktop/Датасеты/Dataset_Mendeley_data/Unlabelled _UAV_Videos/Flight Test 2/FT2_complete_unprocessed_videos/2023-11-23 14-56-24.mp4,1388,1,140,479,162,497,propagated:0.965
/Users/bround/Desktop/Датасеты/Dataset_Mendeley_data/Unlabelled _UAV_Videos/Flight Test 2/FT2_complete_unprocessed_videos/2023-11-23 14-56-24.mp4,1389,1,136,480,158,498,propagated:0.987
/Users/bround/Desktop/Датасеты/Dataset_Mendeley_data/Unlabelled _UAV_Videos/Flight Test 2/FT2_complete_unprocessed_videos/2023-11-23 14-56-24.mp4,1390,1,136,480,158,498,propagated:0.967
/Users/bround/Desktop/Датасеты/Dataset_Mendeley_data/Unlabelled _UAV_Videos/Flight Test 2/FT2_complete_unprocessed_videos/2023-11-23 14-56-24.mp4,1391,1,139,481,161,499,propagated:0.965
/Users/bround/Desktop/Датасеты/Dataset_Mendeley_data/Unlabelled _UAV_Videos/Flight Test 2/FT2_complete_unprocessed_videos/2023-11-23 14-56-24.mp4,1392,1,141,481,163,499,propagated:0.974
/Users/bround/Desktop/Датасеты/Dataset_Mendeley_data/Unlabelled _UAV_Videos/Flight Test 2/FT2_complete_unprocessed_videos/2023-11-23 14-56-24.mp4,1393,1,142,482,164,500,propagated:0.961
/Users/bround/Desktop/Датасеты/Dataset_Mendeley_data/Unlabelled _UAV_Videos/Flight Test 2/FT2_complete_unprocessed_videos/2023-11-23 14-56-24.mp4,1394,1,144,480,166,498,propagated:0.975
/Users/bround/Desktop/Датасеты/Dataset_Mendeley_data/Unlabelled _UAV_Videos/Flight Test 2/FT2_complete_unprocessed_videos/2023-11-23 14-56-24.mp4,1395,1,147,481,169,499,propagated:0.966
/Users/bround/Desktop/Датасеты/Dataset_Mendeley_data/Unlabelled _UAV_Videos/Flight Test 2/FT2_complete_unprocessed_videos/2023-11-23 14-56-24.mp4,1396,1,150,483,172,501,propagated:0.966
/Users/bround/Desktop/Датасеты/Dataset_Mendeley_data/Unlabelled _UAV_Videos/Flight Test 2/FT2_complete_unprocessed_videos/2023-11-23 14-56-24.mp4,1397,1,153,483,175,501,propagated:0.966
/Users/bround/Desktop/Датасеты/Dataset_Mendeley_data/Unlabelled _UAV_Videos/Flight Test 2/FT2_complete_unprocessed_videos/2023-11-23 14-56-24.mp4,1398,1,156,484,178,502,propagated:0.953
/Users/bround/Desktop/Датасеты/Dataset_Mendeley_data/Unlabelled _UAV_Videos/Flight Test 2/FT2_complete_unprocessed_videos/2023-11-23 14-56-24.mp4,1399,1,158,484,180,502,propagated:0.962
/Users/bround/Desktop/Датасеты/Dataset_Mendeley_data/Unlabelled _UAV_Videos/Flight Test 2/FT2_complete_unprocessed_videos/2023-11-23 14-56-24.mp4,1400,1,161,485,183,503,propagated:0.942
/Users/bround/Desktop/Датасеты/Dataset_Mendeley_data/Unlabelled _UAV_Videos/Flight Test 2/FT2_complete_unprocessed_videos/2023-11-23 14-56-24.mp4,1401,1,164,486,186,504,propagated:0.964
/Users/bround/Desktop/Датасеты/Dataset_Mendeley_data/Unlabelled _UAV_Videos/Flight Test 2/FT2_complete_unprocessed_videos/2023-11-23 14-56-24.mp4,1402,1,163,487,185,505,propagated:0.962
/Users/bround/Desktop/Датасеты/Dataset_Mendeley_data/Unlabelled _UAV_Videos/Flight Test 2/FT2_complete_unprocessed_videos/2023-11-23 14-56-24.mp4,1403,1,166,486,188,504,propagated:0.963
/Users/bround/Desktop/Датасеты/Dataset_Mendeley_data/Unlabelled _UAV_Videos/Flight Test 2/FT2_complete_unprocessed_videos/2023-11-23 14-56-24.mp4,1404,1,169,487,191,505,propagated:0.955
/Users/bround/Desktop/Датасеты/Dataset_Mendeley_data/Unlabelled _UAV_Videos/Flight Test 2/FT2_complete_unprocessed_videos/2023-11-23 14-56-24.mp4,1405,1,171,488,193,506,propagated:0.966
/Users/bround/Desktop/Датасеты/Dataset_Mendeley_data/Unlabelled _UAV_Videos/Flight Test 2/FT2_complete_unprocessed_videos/2023-11-23 14-56-24.mp4,1406,1,174,487,196,505,propagated:0.969
/Users/bround/Desktop/Датасеты/Dataset_Mendeley_data/Unlabelled _UAV_Videos/Flight Test 2/FT2_complete_unprocessed_videos/2023-11-23 14-56-24.mp4,1407,1,175,488,197,506,propagated:0.977
/Users/bround/Desktop/Датасеты/Dataset_Mendeley_data/Unlabelled _UAV_Videos/Flight Test 2/FT2_complete_unprocessed_videos/2023-11-23 14-56-24.mp4,1408,1,177,489,199,507,propagated:0.974
/Users/bround/Desktop/Датасеты/Dataset_Mendeley_data/Unlabelled _UAV_Videos/Flight Test 2/FT2_complete_unprocessed_videos/2023-11-23 14-56-24.mp4,1409,1,179,490,201,508,propagated:0.951
/Users/bround/Desktop/Датасеты/Dataset_Mendeley_data/Unlabelled _UAV_Videos/Flight Test 2/FT2_complete_unprocessed_videos/2023-11-23 14-56-24.mp4,1410,1,179,490,201,508,propagated:0.955
/Users/bround/Desktop/Датасеты/Dataset_Mendeley_data/Unlabelled _UAV_Videos/Flight Test 2/FT2_complete_unprocessed_videos/2023-11-23 14-56-24.mp4,1411,1,181,490,203,508,propagated:0.963
/Users/bround/Desktop/Датасеты/Dataset_Mendeley_data/Unlabelled _UAV_Videos/Flight Test 2/FT2_complete_unprocessed_videos/2023-11-23 14-56-24.mp4,1412,1,178,491,200,509,propagated:0.973
/Users/bround/Desktop/Датасеты/Dataset_Mendeley_data/Unlabelled _UAV_Videos/Flight Test 2/FT2_complete_unprocessed_videos/2023-11-23 14-56-24.mp4,1413,1,178,492,200,510,propagated:0.987
/Users/bround/Desktop/Датасеты/Dataset_Mendeley_data/Unlabelled _UAV_Videos/Flight Test 2/FT2_complete_unprocessed_videos/2023-11-23 14-56-24.mp4,1414,1,178,492,200,510,propagated:0.968
/Users/bround/Desktop/Датасеты/Dataset_Mendeley_data/Unlabelled _UAV_Videos/Flight Test 2/FT2_complete_unprocessed_videos/2023-11-23 14-56-24.mp4,1415,1,171,493,193,511,propagated:0.959
/Users/bround/Desktop/Датасеты/Dataset_Mendeley_data/Unlabelled _UAV_Videos/Flight Test 2/FT2_complete_unprocessed_videos/2023-11-23 14-56-24.mp4,1416,1,167,493,189,511,propagated:0.977
/Users/bround/Desktop/Датасеты/Dataset_Mendeley_data/Unlabelled _UAV_Videos/Flight Test 2/FT2_complete_unprocessed_videos/2023-11-23 14-56-24.mp4,1417,1,169,494,191,512,propagated:0.969
/Users/bround/Desktop/Датасеты/Dataset_Mendeley_data/Unlabelled _UAV_Videos/Flight Test 2/FT2_complete_unprocessed_videos/2023-11-23 14-56-24.mp4,1418,1,172,493,194,511,propagated:0.955
/Users/bround/Desktop/Датасеты/Dataset_Mendeley_data/Unlabelled _UAV_Videos/Flight Test 2/FT2_complete_unprocessed_videos/2023-11-23 14-56-24.mp4,1419,1,175,494,197,512,propagated:0.964
/Users/bround/Desktop/Датасеты/Dataset_Mendeley_data/Unlabelled _UAV_Videos/Flight Test 2/FT2_complete_unprocessed_videos/2023-11-23 14-56-24.mp4,1420,1,177,494,199,512,propagated:0.980
/Users/bround/Desktop/Датасеты/Dataset_Mendeley_data/Unlabelled _UAV_Videos/Flight Test 2/FT2_complete_unprocessed_videos/2023-11-23 14-56-24.mp4,1421,1,180,493,202,511,propagated:0.980
/Users/bround/Desktop/Датасеты/Dataset_Mendeley_data/Unlabelled _UAV_Videos/Flight Test 2/FT2_complete_unprocessed_videos/2023-11-23 14-56-24.mp4,1422,1,182,494,204,512,propagated:0.969
/Users/bround/Desktop/Датасеты/Dataset_Mendeley_data/Unlabelled _UAV_Videos/Flight Test 2/FT2_complete_unprocessed_videos/2023-11-23 14-56-24.mp4,1423,1,185,494,207,512,propagated:0.955
/Users/bround/Desktop/Датасеты/Dataset_Mendeley_data/Unlabelled _UAV_Videos/Flight Test 2/FT2_complete_unprocessed_videos/2023-11-23 14-56-24.mp4,1424,1,187,495,209,513,propagated:0.943
/Users/bround/Desktop/Датасеты/Dataset_Mendeley_data/Unlabelled _UAV_Videos/Flight Test 2/FT2_complete_unprocessed_videos/2023-11-23 14-56-24.mp4,1425,1,190,494,212,512,propagated:0.985
/Users/bround/Desktop/Датасеты/Dataset_Mendeley_data/Unlabelled _UAV_Videos/Flight Test 2/FT2_complete_unprocessed_videos/2023-11-23 14-56-24.mp4,1426,1,192,496,214,514,propagated:0.980
/Users/bround/Desktop/Датасеты/Dataset_Mendeley_data/Unlabelled _UAV_Videos/Flight Test 2/FT2_complete_unprocessed_videos/2023-11-23 14-56-24.mp4,1427,1,195,496,217,514,propagated:0.973
/Users/bround/Desktop/Датасеты/Dataset_Mendeley_data/Unlabelled _UAV_Videos/Flight Test 2/FT2_complete_unprocessed_videos/2023-11-23 14-56-24.mp4,1428,1,197,496,219,514,propagated:0.968
/Users/bround/Desktop/Датасеты/Dataset_Mendeley_data/Unlabelled _UAV_Videos/Flight Test 2/FT2_complete_unprocessed_videos/2023-11-23 14-56-24.mp4,1429,1,199,497,221,515,propagated:0.970
/Users/bround/Desktop/Датасеты/Dataset_Mendeley_data/Unlabelled _UAV_Videos/Flight Test 2/FT2_complete_unprocessed_videos/2023-11-23 14-56-24.mp4,1430,1,202,498,224,516,propagated:0.975
/Users/bround/Desktop/Датасеты/Dataset_Mendeley_data/Unlabelled _UAV_Videos/Flight Test 2/FT2_complete_unprocessed_videos/2023-11-23 14-56-24.mp4,1431,1,204,499,226,517,propagated:0.949
/Users/bround/Desktop/Датасеты/Dataset_Mendeley_data/Unlabelled _UAV_Videos/Flight Test 2/FT2_complete_unprocessed_videos/2023-11-23 14-56-24.mp4,1432,1,206,498,228,516,propagated:0.969
/Users/bround/Desktop/Датасеты/Dataset_Mendeley_data/Unlabelled _UAV_Videos/Flight Test 2/FT2_complete_unprocessed_videos/2023-11-23 14-56-24.mp4,1433,1,209,499,231,517,propagated:0.975
/Users/bround/Desktop/Датасеты/Dataset_Mendeley_data/Unlabelled _UAV_Videos/Flight Test 2/FT2_complete_unprocessed_videos/2023-11-23 14-56-24.mp4,1434,1,211,498,233,516,propagated:0.964
/Users/bround/Desktop/Датасеты/Dataset_Mendeley_data/Unlabelled _UAV_Videos/Flight Test 2/FT2_complete_unprocessed_videos/2023-11-23 14-56-24.mp4,1435,1,210,498,232,516,propagated:0.981
/Users/bround/Desktop/Датасеты/Dataset_Mendeley_data/Unlabelled _UAV_Videos/Flight Test 2/FT2_complete_unprocessed_videos/2023-11-23 14-56-24.mp4,1436,1,211,498,233,516,propagated:0.975
/Users/bround/Desktop/Датасеты/Dataset_Mendeley_data/Unlabelled _UAV_Videos/Flight Test 2/FT2_complete_unprocessed_videos/2023-11-23 14-56-24.mp4,1437,1,213,498,235,516,propagated:0.987
/Users/bround/Desktop/Датасеты/Dataset_Mendeley_data/Unlabelled _UAV_Videos/Flight Test 2/FT2_complete_unprocessed_videos/2023-11-23 14-56-24.mp4,1438,1,215,499,237,517,propagated:0.957
/Users/bround/Desktop/Датасеты/Dataset_Mendeley_data/Unlabelled _UAV_Videos/Flight Test 2/FT2_complete_unprocessed_videos/2023-11-23 14-56-24.mp4,1439,1,217,500,239,518,propagated:0.964
/Users/bround/Desktop/Датасеты/Dataset_Mendeley_data/Unlabelled _UAV_Videos/Flight Test 2/FT2_complete_unprocessed_videos/2023-11-23 14-56-24.mp4,1440,1,220,500,242,518,propagated:0.963
/Users/bround/Desktop/Датасеты/Dataset_Mendeley_data/Unlabelled _UAV_Videos/Flight Test 2/FT2_complete_unprocessed_videos/2023-11-23 14-56-24.mp4,1441,1,222,500,244,518,propagated:0.976
/Users/bround/Desktop/Датасеты/Dataset_Mendeley_data/Unlabelled _UAV_Videos/Flight Test 2/FT2_complete_unprocessed_videos/2023-11-23 14-56-24.mp4,1442,1,224,501,246,519,propagated:0.986
/Users/bround/Desktop/Датасеты/Dataset_Mendeley_data/Unlabelled _UAV_Videos/Flight Test 2/FT2_complete_unprocessed_videos/2023-11-23 14-56-24.mp4,1443,1,226,501,248,519,propagated:0.970
/Users/bround/Desktop/Датасеты/Dataset_Mendeley_data/Unlabelled _UAV_Videos/Flight Test 2/FT2_complete_unprocessed_videos/2023-11-23 14-56-24.mp4,1444,1,228,501,250,519,propagated:0.966
/Users/bround/Desktop/Датасеты/Dataset_Mendeley_data/Unlabelled _UAV_Videos/Flight Test 2/FT2_complete_unprocessed_videos/2023-11-23 14-56-24.mp4,1445,1,231,502,253,520,propagated:0.965
/Users/bround/Desktop/Датасеты/Dataset_Mendeley_data/Unlabelled _UAV_Videos/Flight Test 2/FT2_complete_unprocessed_videos/2023-11-23 14-56-24.mp4,1446,1,233,502,255,520,propagated:0.965
/Users/bround/Desktop/Датасеты/Dataset_Mendeley_data/Unlabelled _UAV_Videos/Flight Test 2/FT2_complete_unprocessed_videos/2023-11-23 14-56-24.mp4,1447,1,235,503,257,521,propagated:0.977
/Users/bround/Desktop/Датасеты/Dataset_Mendeley_data/Unlabelled _UAV_Videos/Flight Test 2/FT2_complete_unprocessed_videos/2023-11-23 14-56-24.mp4,1448,1,236,503,258,521,propagated:0.975
/Users/bround/Desktop/Датасеты/Dataset_Mendeley_data/Unlabelled _UAV_Videos/Flight Test 2/FT2_complete_unprocessed_videos/2023-11-23 14-56-24.mp4,1449,1,238,503,260,521,propagated:0.979
/Users/bround/Desktop/Датасеты/Dataset_Mendeley_data/Unlabelled _UAV_Videos/Flight Test 2/FT2_complete_unprocessed_videos/2023-11-23 14-56-24.mp4,1450,1,240,505,262,523,propagated:0.963
/Users/bround/Desktop/Датасеты/Dataset_Mendeley_data/Unlabelled _UAV_Videos/Flight Test 2/FT2_complete_unprocessed_videos/2023-11-23 14-56-24.mp4,1451,1,241,505,263,523,propagated:0.950
/Users/bround/Desktop/Датасеты/Dataset_Mendeley_data/Unlabelled _UAV_Videos/Flight Test 2/FT2_complete_unprocessed_videos/2023-11-23 14-56-24.mp4,1452,1,243,505,265,523,propagated:0.964
/Users/bround/Desktop/Датасеты/Dataset_Mendeley_data/Unlabelled _UAV_Videos/Flight Test 2/FT2_complete_unprocessed_videos/2023-11-23 14-56-24.mp4,1453,1,245,506,267,524,propagated:0.964
/Users/bround/Desktop/Датасеты/Dataset_Mendeley_data/Unlabelled _UAV_Videos/Flight Test 2/FT2_complete_unprocessed_videos/2023-11-23 14-56-24.mp4,1454,1,247,507,269,525,propagated:0.963
/Users/bround/Desktop/Датасеты/Dataset_Mendeley_data/Unlabelled _UAV_Videos/Flight Test 2/FT2_complete_unprocessed_videos/2023-11-23 14-56-24.mp4,1455,1,249,507,271,525,propagated:0.954
/Users/bround/Desktop/Датасеты/Dataset_Mendeley_data/Unlabelled _UAV_Videos/Flight Test 2/FT2_complete_unprocessed_videos/2023-11-23 14-56-24.mp4,1456,1,251,506,273,524,propagated:0.952
/Users/bround/Desktop/Датасеты/Dataset_Mendeley_data/Unlabelled _UAV_Videos/Flight Test 2/FT2_complete_unprocessed_videos/2023-11-23 14-56-24.mp4,1457,1,253,507,275,525,propagated:0.956
/Users/bround/Desktop/Датасеты/Dataset_Mendeley_data/Unlabelled _UAV_Videos/Flight Test 2/FT2_complete_unprocessed_videos/2023-11-23 14-56-24.mp4,1458,1,253,508,275,526,propagated:0.964
/Users/bround/Desktop/Датасеты/Dataset_Mendeley_data/Unlabelled _UAV_Videos/Flight Test 2/FT2_complete_unprocessed_videos/2023-11-23 14-56-24.mp4,1459,1,254,509,276,527,propagated:0.952
/Users/bround/Desktop/Датасеты/Dataset_Mendeley_data/Unlabelled _UAV_Videos/Flight Test 2/FT2_complete_unprocessed_videos/2023-11-23 14-56-24.mp4,1460,1,256,510,278,528,propagated:0.960
/Users/bround/Desktop/Датасеты/Dataset_Mendeley_data/Unlabelled _UAV_Videos/Flight Test 2/FT2_complete_unprocessed_videos/2023-11-23 14-56-24.mp4,1461,1,258,510,280,528,propagated:0.961
/Users/bround/Desktop/Датасеты/Dataset_Mendeley_data/Unlabelled _UAV_Videos/Flight Test 2/FT2_complete_unprocessed_videos/2023-11-23 14-56-24.mp4,1462,1,260,511,282,529,propagated:0.985
/Users/bround/Desktop/Датасеты/Dataset_Mendeley_data/Unlabelled _UAV_Videos/Flight Test 2/FT2_complete_unprocessed_videos/2023-11-23 14-56-24.mp4,1463,1,262,512,284,530,propagated:0.987
/Users/bround/Desktop/Датасеты/Dataset_Mendeley_data/Unlabelled _UAV_Videos/Flight Test 2/FT2_complete_unprocessed_videos/2023-11-23 14-56-24.mp4,1464,1,264,512,286,530,propagated:0.982
/Users/bround/Desktop/Датасеты/Dataset_Mendeley_data/Unlabelled _UAV_Videos/Flight Test 2/FT2_complete_unprocessed_videos/2023-11-23 14-56-24.mp4,1465,1,266,512,288,530,propagated:0.980
/Users/bround/Desktop/Датасеты/Dataset_Mendeley_data/Unlabelled _UAV_Videos/Flight Test 2/FT2_complete_unprocessed_videos/2023-11-23 14-56-24.mp4,1466,1,268,513,290,531,propagated:0.965
/Users/bround/Desktop/Датасеты/Dataset_Mendeley_data/Unlabelled _UAV_Videos/Flight Test 2/FT2_complete_unprocessed_videos/2023-11-23 14-56-24.mp4,1467,1,270,514,292,532,propagated:0.968
/Users/bround/Desktop/Датасеты/Dataset_Mendeley_data/Unlabelled _UAV_Videos/Flight Test 2/FT2_complete_unprocessed_videos/2023-11-23 14-56-24.mp4,1468,1,271,515,293,533,propagated:0.949
/Users/bround/Desktop/Датасеты/Dataset_Mendeley_data/Unlabelled _UAV_Videos/Flight Test 2/FT2_complete_unprocessed_videos/2023-11-23 14-56-24.mp4,1469,1,273,515,295,533,propagated:0.951
/Users/bround/Desktop/Датасеты/Dataset_Mendeley_data/Unlabelled _UAV_Videos/Flight Test 2/FT2_complete_unprocessed_videos/2023-11-23 14-56-24.mp4,1470,1,271,516,293,534,propagated:0.972
/Users/bround/Desktop/Датасеты/Dataset_Mendeley_data/Unlabelled _UAV_Videos/Flight Test 2/FT2_complete_unprocessed_videos/2023-11-23 14-56-24.mp4,1471,1,268,517,290,535,propagated:0.970
/Users/bround/Desktop/Датасеты/Dataset_Mendeley_data/Unlabelled _UAV_Videos/Flight Test 2/FT2_complete_unprocessed_videos/2023-11-23 14-56-24.mp4,1472,1,269,516,291,534,propagated:0.949
/Users/bround/Desktop/Датасеты/Dataset_Mendeley_data/Unlabelled _UAV_Videos/Flight Test 2/FT2_complete_unprocessed_videos/2023-11-23 14-56-24.mp4,1473,1,268,517,290,535,propagated:0.974
/Users/bround/Desktop/Датасеты/Dataset_Mendeley_data/Unlabelled _UAV_Videos/Flight Test 2/FT2_complete_unprocessed_videos/2023-11-23 14-56-24.mp4,1474,1,270,517,292,535,propagated:0.968
/Users/bround/Desktop/Датасеты/Dataset_Mendeley_data/Unlabelled _UAV_Videos/Flight Test 2/FT2_complete_unprocessed_videos/2023-11-23 14-56-24.mp4,1475,1,272,518,294,536,propagated:0.961
/Users/bround/Desktop/Датасеты/Dataset_Mendeley_data/Unlabelled _UAV_Videos/Flight Test 2/FT2_complete_unprocessed_videos/2023-11-23 14-56-24.mp4,1476,1,273,517,295,535,propagated:0.964
/Users/bround/Desktop/Датасеты/Dataset_Mendeley_data/Unlabelled _UAV_Videos/Flight Test 2/FT2_complete_unprocessed_videos/2023-11-23 14-56-24.mp4,1477,1,275,518,297,536,propagated:0.974
/Users/bround/Desktop/Датасеты/Dataset_Mendeley_data/Unlabelled _UAV_Videos/Flight Test 2/FT2_complete_unprocessed_videos/2023-11-23 14-56-24.mp4,1478,1,277,519,299,537,propagated:0.965
/Users/bround/Desktop/Датасеты/Dataset_Mendeley_data/Unlabelled _UAV_Videos/Flight Test 2/FT2_complete_unprocessed_videos/2023-11-23 14-56-24.mp4,1479,1,278,519,300,537,propagated:0.973
/Users/bround/Desktop/Датасеты/Dataset_Mendeley_data/Unlabelled _UAV_Videos/Flight Test 2/FT2_complete_unprocessed_videos/2023-11-23 14-56-24.mp4,1480,1,280,518,302,536,propagated:0.968
/Users/bround/Desktop/Датасеты/Dataset_Mendeley_data/Unlabelled _UAV_Videos/Flight Test 2/FT2_complete_unprocessed_videos/2023-11-23 14-56-24.mp4,1481,1,282,520,304,538,propagated:0.979
/Users/bround/Desktop/Датасеты/Dataset_Mendeley_data/Unlabelled _UAV_Videos/Flight Test 2/FT2_complete_unprocessed_videos/2023-11-23 14-56-24.mp4,1482,1,283,520,305,538,propagated:0.974
/Users/bround/Desktop/Датасеты/Dataset_Mendeley_data/Unlabelled _UAV_Videos/Flight Test 2/FT2_complete_unprocessed_videos/2023-11-23 14-56-24.mp4,1483,1,285,520,307,538,propagated:0.972
/Users/bround/Desktop/Датасеты/Dataset_Mendeley_data/Unlabelled _UAV_Videos/Flight Test 2/FT2_complete_unprocessed_videos/2023-11-23 14-56-24.mp4,1484,1,286,522,308,540,propagated:0.944
/Users/bround/Desktop/Датасеты/Dataset_Mendeley_data/Unlabelled _UAV_Videos/Flight Test 2/FT2_complete_unprocessed_videos/2023-11-23 14-56-24.mp4,1485,1,287,522,309,540,propagated:0.978
/Users/bround/Desktop/Датасеты/Dataset_Mendeley_data/Unlabelled _UAV_Videos/Flight Test 2/FT2_complete_unprocessed_videos/2023-11-23 14-56-24.mp4,1486,1,288,522,310,540,propagated:0.969
/Users/bround/Desktop/Датасеты/Dataset_Mendeley_data/Unlabelled _UAV_Videos/Flight Test 2/FT2_complete_unprocessed_videos/2023-11-23 14-56-24.mp4,1487,1,289,522,311,540,propagated:0.973
/Users/bround/Desktop/Датасеты/Dataset_Mendeley_data/Unlabelled _UAV_Videos/Flight Test 2/FT2_complete_unprocessed_videos/2023-11-23 14-56-24.mp4,1488,1,291,522,313,540,propagated:0.961
/Users/bround/Desktop/Датасеты/Dataset_Mendeley_data/Unlabelled _UAV_Videos/Flight Test 2/FT2_complete_unprocessed_videos/2023-11-23 14-56-24.mp4,1489,1,292,523,314,541,propagated:0.955
/Users/bround/Desktop/Датасеты/Dataset_Mendeley_data/Unlabelled _UAV_Videos/Flight Test 2/FT2_complete_unprocessed_videos/2023-11-23 14-56-24.mp4,1490,1,292,524,314,542,propagated:0.972
/Users/bround/Desktop/Датасеты/Dataset_Mendeley_data/Unlabelled _UAV_Videos/Flight Test 2/FT2_complete_unprocessed_videos/2023-11-23 14-56-24.mp4,1491,1,293,523,315,541,propagated:0.973
/Users/bround/Desktop/Датасеты/Dataset_Mendeley_data/Unlabelled _UAV_Videos/Flight Test 2/FT2_complete_unprocessed_videos/2023-11-23 14-56-24.mp4,1492,1,292,523,314,541,propagated:0.979
/Users/bround/Desktop/Датасеты/Dataset_Mendeley_data/Unlabelled _UAV_Videos/Flight Test 2/FT2_complete_unprocessed_videos/2023-11-23 14-56-24.mp4,1493,1,291,524,313,542,propagated:0.978
/Users/bround/Desktop/Датасеты/Dataset_Mendeley_data/Unlabelled _UAV_Videos/Flight Test 2/FT2_complete_unprocessed_videos/2023-11-23 14-56-24.mp4,1494,1,292,524,314,542,propagated:0.974
/Users/bround/Desktop/Датасеты/Dataset_Mendeley_data/Unlabelled _UAV_Videos/Flight Test 2/FT2_complete_unprocessed_videos/2023-11-23 14-56-24.mp4,1495,1,294,524,316,542,propagated:0.960
/Users/bround/Desktop/Датасеты/Dataset_Mendeley_data/Unlabelled _UAV_Videos/Flight Test 2/FT2_complete_unprocessed_videos/2023-11-23 14-56-24.mp4,1496,1,295,524,317,542,propagated:0.983
/Users/bround/Desktop/Датасеты/Dataset_Mendeley_data/Unlabelled _UAV_Videos/Flight Test 2/FT2_complete_unprocessed_videos/2023-11-23 14-56-24.mp4,1497,1,296,524,318,542,propagated:0.938
/Users/bround/Desktop/Датасеты/Dataset_Mendeley_data/Unlabelled _UAV_Videos/Flight Test 2/FT2_complete_unprocessed_videos/2023-11-23 14-56-24.mp4,1498,1,298,525,320,543,propagated:0.958
/Users/bround/Desktop/Датасеты/Dataset_Mendeley_data/Unlabelled _UAV_Videos/Flight Test 2/FT2_complete_unprocessed_videos/2023-11-23 14-56-24.mp4,1499,1,299,525,321,543,propagated:0.975
/Users/bround/Desktop/Датасеты/Dataset_Mendeley_data/Unlabelled _UAV_Videos/Flight Test 2/FT2_complete_unprocessed_videos/2023-11-23 14-56-24.mp4,1500,1,300,526,322,544,propagated:0.977
/Users/bround/Desktop/Датасеты/Dataset_Mendeley_data/Unlabelled _UAV_Videos/Flight Test 2/FT2_complete_unprocessed_videos/2023-11-23 14-56-24.mp4,1501,1,301,526,323,544,propagated:0.958
/Users/bround/Desktop/Датасеты/Dataset_Mendeley_data/Unlabelled _UAV_Videos/Flight Test 2/FT2_complete_unprocessed_videos/2023-11-23 14-56-24.mp4,1502,1,302,528,324,546,propagated:0.911
/Users/bround/Desktop/Датасеты/Dataset_Mendeley_data/Unlabelled _UAV_Videos/Flight Test 2/FT2_complete_unprocessed_videos/2023-11-23 14-56-24.mp4,1503,1,303,529,325,547,propagated:0.874
/Users/bround/Desktop/Датасеты/Dataset_Mendeley_data/Unlabelled _UAV_Videos/Flight Test 2/FT2_complete_unprocessed_videos/2023-11-23 14-56-24.mp4,1504,1,304,531,326,549,propagated:0.895
/Users/bround/Desktop/Датасеты/Dataset_Mendeley_data/Unlabelled _UAV_Videos/Flight Test 2/FT2_complete_unprocessed_videos/2023-11-23 14-56-24.mp4,1505,1,306,533,328,551,propagated:0.902
/Users/bround/Desktop/Датасеты/Dataset_Mendeley_data/Unlabelled _UAV_Videos/Flight Test 2/FT2_complete_unprocessed_videos/2023-11-23 14-56-24.mp4,1506,1,305,533,327,551,propagated:0.915
/Users/bround/Desktop/Датасеты/Dataset_Mendeley_data/Unlabelled _UAV_Videos/Flight Test 2/FT2_complete_unprocessed_videos/2023-11-23 14-56-24.mp4,1507,1,306,532,328,550,propagated:0.910
/Users/bround/Desktop/Датасеты/Dataset_Mendeley_data/Unlabelled _UAV_Videos/Flight Test 2/FT2_complete_unprocessed_videos/2023-11-23 14-56-24.mp4,1508,1,304,527,324,546,manual
/Users/bround/Desktop/Датасеты/Dataset_Mendeley_data/Unlabelled _UAV_Videos/Flight Test 2/FT2_complete_unprocessed_videos/2023-11-23 14-56-24.mp4,1510,1,304,526,324,545,propagated:0.964
/Users/bround/Desktop/Датасеты/Dataset_Mendeley_data/Unlabelled _UAV_Videos/Flight Test 2/FT2_complete_unprocessed_videos/2023-11-23 14-56-24.mp4,1511,1,301,526,321,545,propagated:0.957
/Users/bround/Desktop/Датасеты/Dataset_Mendeley_data/Unlabelled _UAV_Videos/Flight Test 2/FT2_complete_unprocessed_videos/2023-11-23 14-56-24.mp4,1512,1,298,527,318,546,propagated:0.956
/Users/bround/Desktop/Датасеты/Dataset_Mendeley_data/Unlabelled _UAV_Videos/Flight Test 2/FT2_complete_unprocessed_videos/2023-11-23 14-56-24.mp4,1513,1,297,526,317,545,propagated:0.949
/Users/bround/Desktop/Датасеты/Dataset_Mendeley_data/Unlabelled _UAV_Videos/Flight Test 2/FT2_complete_unprocessed_videos/2023-11-23 14-56-24.mp4,1514,1,298,526,318,545,propagated:0.952
/Users/bround/Desktop/Датасеты/Dataset_Mendeley_data/Unlabelled _UAV_Videos/Flight Test 2/FT2_complete_unprocessed_videos/2023-11-23 14-56-24.mp4,1515,1,299,525,319,544,propagated:0.953
/Users/bround/Desktop/Датасеты/Dataset_Mendeley_data/Unlabelled _UAV_Videos/Flight Test 2/FT2_complete_unprocessed_videos/2023-11-23 14-56-24.mp4,1516,1,299,527,319,546,propagated:0.963
/Users/bround/Desktop/Датасеты/Dataset_Mendeley_data/Unlabelled _UAV_Videos/Flight Test 2/FT2_complete_unprocessed_videos/2023-11-23 14-56-24.mp4,1517,1,298,527,318,546,propagated:0.947
/Users/bround/Desktop/Датасеты/Dataset_Mendeley_data/Unlabelled _UAV_Videos/Flight Test 2/FT2_complete_unprocessed_videos/2023-11-23 14-56-24.mp4,1518,1,294,527,314,546,propagated:0.964
/Users/bround/Desktop/Датасеты/Dataset_Mendeley_data/Unlabelled _UAV_Videos/Flight Test 2/FT2_complete_unprocessed_videos/2023-11-23 14-56-24.mp4,1519,1,289,527,309,546,propagated:0.960
/Users/bround/Desktop/Датасеты/Dataset_Mendeley_data/Unlabelled _UAV_Videos/Flight Test 2/FT2_complete_unprocessed_videos/2023-11-23 14-56-24.mp4,1520,1,290,526,310,545,propagated:0.970
/Users/bround/Desktop/Датасеты/Dataset_Mendeley_data/Unlabelled _UAV_Videos/Flight Test 2/FT2_complete_unprocessed_videos/2023-11-23 14-56-24.mp4,1521,1,291,525,311,544,propagated:0.957
/Users/bround/Desktop/Датасеты/Dataset_Mendeley_data/Unlabelled _UAV_Videos/Flight Test 2/FT2_complete_unprocessed_videos/2023-11-23 14-56-24.mp4,1522,1,292,523,312,542,propagated:0.960
/Users/bround/Desktop/Датасеты/Dataset_Mendeley_data/Unlabelled _UAV_Videos/Flight Test 2/FT2_complete_unprocessed_videos/2023-11-23 14-56-24.mp4,1523,1,294,522,314,541,propagated:0.946
/Users/bround/Desktop/Датасеты/Dataset_Mendeley_data/Unlabelled _UAV_Videos/Flight Test 2/FT2_complete_unprocessed_videos/2023-11-23 14-56-24.mp4,1524,1,293,524,313,543,propagated:0.971
/Users/bround/Desktop/Датасеты/Dataset_Mendeley_data/Unlabelled _UAV_Videos/Flight Test 2/FT2_complete_unprocessed_videos/2023-11-23 14-56-24.mp4,1525,1,289,524,309,543,propagated:0.958
/Users/bround/Desktop/Датасеты/Dataset_Mendeley_data/Unlabelled _UAV_Videos/Flight Test 2/FT2_complete_unprocessed_videos/2023-11-23 14-56-24.mp4,1526,1,285,524,305,543,propagated:0.959
/Users/bround/Desktop/Датасеты/Dataset_Mendeley_data/Unlabelled _UAV_Videos/Flight Test 2/FT2_complete_unprocessed_videos/2023-11-23 14-56-24.mp4,1527,1,279,525,299,544,propagated:0.953
/Users/bround/Desktop/Датасеты/Dataset_Mendeley_data/Unlabelled _UAV_Videos/Flight Test 2/FT2_complete_unprocessed_videos/2023-11-23 14-56-24.mp4,1528,1,277,527,297,546,propagated:0.974
/Users/bround/Desktop/Датасеты/Dataset_Mendeley_data/Unlabelled _UAV_Videos/Flight Test 2/FT2_complete_unprocessed_videos/2023-11-23 14-56-24.mp4,1529,1,278,527,298,546,propagated:0.972
/Users/bround/Desktop/Датасеты/Dataset_Mendeley_data/Unlabelled _UAV_Videos/Flight Test 2/FT2_complete_unprocessed_videos/2023-11-23 14-56-24.mp4,1530,1,279,527,299,546,propagated:0.942
/Users/bround/Desktop/Датасеты/Dataset_Mendeley_data/Unlabelled _UAV_Videos/Flight Test 2/FT2_complete_unprocessed_videos/2023-11-23 14-56-24.mp4,1531,1,281,524,301,543,propagated:0.945
/Users/bround/Desktop/Датасеты/Dataset_Mendeley_data/Unlabelled _UAV_Videos/Flight Test 2/FT2_complete_unprocessed_videos/2023-11-23 14-56-24.mp4,1532,1,282,522,302,541,propagated:0.977
/Users/bround/Desktop/Датасеты/Dataset_Mendeley_data/Unlabelled _UAV_Videos/Flight Test 2/FT2_complete_unprocessed_videos/2023-11-23 14-56-24.mp4,1533,1,283,521,303,540,propagated:0.977
/Users/bround/Desktop/Датасеты/Dataset_Mendeley_data/Unlabelled _UAV_Videos/Flight Test 2/FT2_complete_unprocessed_videos/2023-11-23 14-56-24.mp4,1534,1,284,520,304,539,propagated:0.959
/Users/bround/Desktop/Датасеты/Dataset_Mendeley_data/Unlabelled _UAV_Videos/Flight Test 2/FT2_complete_unprocessed_videos/2023-11-23 14-56-24.mp4,1535,1,285,518,305,537,propagated:0.968
/Users/bround/Desktop/Датасеты/Dataset_Mendeley_data/Unlabelled _UAV_Videos/Flight Test 2/FT2_complete_unprocessed_videos/2023-11-23 14-56-24.mp4,1536,1,284,519,304,538,propagated:0.962
/Users/bround/Desktop/Датасеты/Dataset_Mendeley_data/Unlabelled _UAV_Videos/Flight Test 2/FT2_complete_unprocessed_videos/2023-11-23 14-56-24.mp4,1537,1,285,519,305,538,propagated:0.956
/Users/bround/Desktop/Датасеты/Dataset_Mendeley_data/Unlabelled _UAV_Videos/Flight Test 2/FT2_complete_unprocessed_videos/2023-11-23 14-56-24.mp4,1538,1,286,519,306,538,propagated:0.951
/Users/bround/Desktop/Датасеты/Dataset_Mendeley_data/Unlabelled _UAV_Videos/Flight Test 2/FT2_complete_unprocessed_videos/2023-11-23 14-56-24.mp4,1539,1,286,519,306,538,propagated:0.945
/Users/bround/Desktop/Датасеты/Dataset_Mendeley_data/Unlabelled _UAV_Videos/Flight Test 2/FT2_complete_unprocessed_videos/2023-11-23 14-56-24.mp4,1540,1,287,519,307,538,propagated:0.982
/Users/bround/Desktop/Датасеты/Dataset_Mendeley_data/Unlabelled _UAV_Videos/Flight Test 2/FT2_complete_unprocessed_videos/2023-11-23 14-56-24.mp4,1541,1,288,519,308,538,propagated:0.984
/Users/bround/Desktop/Датасеты/Dataset_Mendeley_data/Unlabelled _UAV_Videos/Flight Test 2/FT2_complete_unprocessed_videos/2023-11-23 14-56-24.mp4,1542,1,289,519,309,538,propagated:0.963
/Users/bround/Desktop/Датасеты/Dataset_Mendeley_data/Unlabelled _UAV_Videos/Flight Test 2/FT2_complete_unprocessed_videos/2023-11-23 14-56-24.mp4,1543,1,291,519,311,538,propagated:0.969
/Users/bround/Desktop/Датасеты/Dataset_Mendeley_data/Unlabelled _UAV_Videos/Flight Test 2/FT2_complete_unprocessed_videos/2023-11-23 14-56-24.mp4,1544,1,292,519,312,538,propagated:0.986
/Users/bround/Desktop/Датасеты/Dataset_Mendeley_data/Unlabelled _UAV_Videos/Flight Test 2/FT2_complete_unprocessed_videos/2023-11-23 14-56-24.mp4,1545,1,293,519,313,538,propagated:0.960
/Users/bround/Desktop/Датасеты/Dataset_Mendeley_data/Unlabelled _UAV_Videos/Flight Test 2/FT2_complete_unprocessed_videos/2023-11-23 14-56-24.mp4,1546,1,294,519,314,538,propagated:0.967
/Users/bround/Desktop/Датасеты/Dataset_Mendeley_data/Unlabelled _UAV_Videos/Flight Test 2/FT2_complete_unprocessed_videos/2023-11-23 14-56-24.mp4,1547,1,295,519,315,538,propagated:0.953
/Users/bround/Desktop/Датасеты/Dataset_Mendeley_data/Unlabelled _UAV_Videos/Flight Test 2/FT2_complete_unprocessed_videos/2023-11-23 14-56-24.mp4,1548,1,297,519,317,538,propagated:0.946
/Users/bround/Desktop/Датасеты/Dataset_Mendeley_data/Unlabelled _UAV_Videos/Flight Test 2/FT2_complete_unprocessed_videos/2023-11-23 14-56-24.mp4,1549,1,298,520,318,539,propagated:0.948
/Users/bround/Desktop/Датасеты/Dataset_Mendeley_data/Unlabelled _UAV_Videos/Flight Test 2/FT2_complete_unprocessed_videos/2023-11-23 14-56-24.mp4,1550,1,299,521,319,540,propagated:0.948
/Users/bround/Desktop/Датасеты/Dataset_Mendeley_data/Unlabelled _UAV_Videos/Flight Test 2/FT2_complete_unprocessed_videos/2023-11-23 14-56-24.mp4,1551,1,298,521,318,540,propagated:0.953
/Users/bround/Desktop/Датасеты/Dataset_Mendeley_data/Unlabelled _UAV_Videos/Flight Test 2/FT2_complete_unprocessed_videos/2023-11-23 14-56-24.mp4,1552,1,292,522,312,541,propagated:0.964
/Users/bround/Desktop/Датасеты/Dataset_Mendeley_data/Unlabelled _UAV_Videos/Flight Test 2/FT2_complete_unprocessed_videos/2023-11-23 14-56-24.mp4,1553,1,286,522,306,541,propagated:0.952
/Users/bround/Desktop/Датасеты/Dataset_Mendeley_data/Unlabelled _UAV_Videos/Flight Test 2/FT2_complete_unprocessed_videos/2023-11-23 14-56-24.mp4,1554,1,274,522,294,541,propagated:0.974
/Users/bround/Desktop/Датасеты/Dataset_Mendeley_data/Unlabelled _UAV_Videos/Flight Test 2/FT2_complete_unprocessed_videos/2023-11-23 14-56-24.mp4,1555,1,267,523,287,542,propagated:0.957
/Users/bround/Desktop/Датасеты/Dataset_Mendeley_data/Unlabelled _UAV_Videos/Flight Test 2/FT2_complete_unprocessed_videos/2023-11-23 14-56-24.mp4,1556,1,267,523,287,542,propagated:0.963
/Users/bround/Desktop/Датасеты/Dataset_Mendeley_data/Unlabelled _UAV_Videos/Flight Test 2/FT2_complete_unprocessed_videos/2023-11-23 14-56-24.mp4,1557,1,269,523,289,542,propagated:0.957
/Users/bround/Desktop/Датасеты/Dataset_Mendeley_data/Unlabelled _UAV_Videos/Flight Test 2/FT2_complete_unprocessed_videos/2023-11-23 14-56-24.mp4,1558,1,270,523,290,542,propagated:0.961
/Users/bround/Desktop/Датасеты/Dataset_Mendeley_data/Unlabelled _UAV_Videos/Flight Test 2/FT2_complete_unprocessed_videos/2023-11-23 14-56-24.mp4,1559,1,271,523,291,542,propagated:0.980
/Users/bround/Desktop/Датасеты/Dataset_Mendeley_data/Unlabelled _UAV_Videos/Flight Test 2/FT2_complete_unprocessed_videos/2023-11-23 14-56-24.mp4,1560,1,270,523,290,542,propagated:0.978
/Users/bround/Desktop/Датасеты/Dataset_Mendeley_data/Unlabelled _UAV_Videos/Flight Test 2/FT2_complete_unprocessed_videos/2023-11-23 14-56-24.mp4,1561,1,270,523,290,542,propagated:0.981
/Users/bround/Desktop/Датасеты/Dataset_Mendeley_data/Unlabelled _UAV_Videos/Flight Test 2/FT2_complete_unprocessed_videos/2023-11-23 14-56-24.mp4,1562,1,268,524,288,543,propagated:0.967
/Users/bround/Desktop/Датасеты/Dataset_Mendeley_data/Unlabelled _UAV_Videos/Flight Test 2/FT2_complete_unprocessed_videos/2023-11-23 14-56-24.mp4,1563,1,268,524,288,543,propagated:0.958
/Users/bround/Desktop/Датасеты/Dataset_Mendeley_data/Unlabelled _UAV_Videos/Flight Test 2/FT2_complete_unprocessed_videos/2023-11-23 14-56-24.mp4,1564,1,269,525,289,544,propagated:0.973
/Users/bround/Desktop/Датасеты/Dataset_Mendeley_data/Unlabelled _UAV_Videos/Flight Test 2/FT2_complete_unprocessed_videos/2023-11-23 14-56-24.mp4,1565,1,267,525,287,544,propagated:0.959
/Users/bround/Desktop/Датасеты/Dataset_Mendeley_data/Unlabelled _UAV_Videos/Flight Test 2/FT2_complete_unprocessed_videos/2023-11-23 14-56-24.mp4,1566,1,265,525,285,544,propagated:0.961
/Users/bround/Desktop/Датасеты/Dataset_Mendeley_data/Unlabelled _UAV_Videos/Flight Test 2/FT2_complete_unprocessed_videos/2023-11-23 14-56-24.mp4,1567,1,265,525,285,544,propagated:0.958
/Users/bround/Desktop/Датасеты/Dataset_Mendeley_data/Unlabelled _UAV_Videos/Flight Test 2/FT2_complete_unprocessed_videos/2023-11-23 14-56-24.mp4,1568,1,263,526,283,545,propagated:0.963
/Users/bround/Desktop/Датасеты/Dataset_Mendeley_data/Unlabelled _UAV_Videos/Flight Test 2/FT2_complete_unprocessed_videos/2023-11-23 14-56-24.mp4,1569,1,261,526,281,545,propagated:0.965
/Users/bround/Desktop/Датасеты/Dataset_Mendeley_data/Unlabelled _UAV_Videos/Flight Test 2/FT2_complete_unprocessed_videos/2023-11-23 14-56-24.mp4,1570,1,259,527,279,546,propagated:0.953
/Users/bround/Desktop/Датасеты/Dataset_Mendeley_data/Unlabelled _UAV_Videos/Flight Test 2/FT2_complete_unprocessed_videos/2023-11-23 14-56-24.mp4,1571,1,254,527,274,546,propagated:0.972
/Users/bround/Desktop/Датасеты/Dataset_Mendeley_data/Unlabelled _UAV_Videos/Flight Test 2/FT2_complete_unprocessed_videos/2023-11-23 14-56-24.mp4,1572,1,247,528,267,547,propagated:0.965
/Users/bround/Desktop/Датасеты/Dataset_Mendeley_data/Unlabelled _UAV_Videos/Flight Test 2/FT2_complete_unprocessed_videos/2023-11-23 14-56-24.mp4,1573,1,244,528,264,547,propagated:0.969
/Users/bround/Desktop/Датасеты/Dataset_Mendeley_data/Unlabelled _UAV_Videos/Flight Test 2/FT2_complete_unprocessed_videos/2023-11-23 14-56-24.mp4,1574,1,246,529,266,548,propagated:0.943
/Users/bround/Desktop/Датасеты/Dataset_Mendeley_data/Unlabelled _UAV_Videos/Flight Test 2/FT2_complete_unprocessed_videos/2023-11-23 14-56-24.mp4,1575,1,246,529,266,548,propagated:0.959
/Users/bround/Desktop/Датасеты/Dataset_Mendeley_data/Unlabelled _UAV_Videos/Flight Test 2/FT2_complete_unprocessed_videos/2023-11-23 14-56-24.mp4,1576,1,243,529,263,548,propagated:0.958
/Users/bround/Desktop/Датасеты/Dataset_Mendeley_data/Unlabelled _UAV_Videos/Flight Test 2/FT2_complete_unprocessed_videos/2023-11-23 14-56-24.mp4,1577,1,237,529,257,548,propagated:0.953
/Users/bround/Desktop/Датасеты/Dataset_Mendeley_data/Unlabelled _UAV_Videos/Flight Test 2/FT2_complete_unprocessed_videos/2023-11-23 14-56-24.mp4,1578,1,226,530,246,549,propagated:0.956
/Users/bround/Desktop/Датасеты/Dataset_Mendeley_data/Unlabelled _UAV_Videos/Flight Test 2/FT2_complete_unprocessed_videos/2023-11-23 14-56-24.mp4,1579,1,216,530,236,549,propagated:0.963
/Users/bround/Desktop/Датасеты/Dataset_Mendeley_data/Unlabelled _UAV_Videos/Flight Test 2/FT2_complete_unprocessed_videos/2023-11-23 14-56-24.mp4,1580,1,216,530,236,549,propagated:0.974
/Users/bround/Desktop/Датасеты/Dataset_Mendeley_data/Unlabelled _UAV_Videos/Flight Test 2/FT2_complete_unprocessed_videos/2023-11-23 14-56-24.mp4,1581,1,217,530,237,549,propagated:0.957
/Users/bround/Desktop/Датасеты/Dataset_Mendeley_data/Unlabelled _UAV_Videos/Flight Test 2/FT2_complete_unprocessed_videos/2023-11-23 14-56-24.mp4,1582,1,212,531,232,550,propagated:0.962
/Users/bround/Desktop/Датасеты/Dataset_Mendeley_data/Unlabelled _UAV_Videos/Flight Test 2/FT2_complete_unprocessed_videos/2023-11-23 14-56-24.mp4,1583,1,206,531,226,550,propagated:0.964
/Users/bround/Desktop/Датасеты/Dataset_Mendeley_data/Unlabelled _UAV_Videos/Flight Test 2/FT2_complete_unprocessed_videos/2023-11-23 14-56-24.mp4,1584,1,206,531,226,550,propagated:0.973
/Users/bround/Desktop/Датасеты/Dataset_Mendeley_data/Unlabelled _UAV_Videos/Flight Test 2/FT2_complete_unprocessed_videos/2023-11-23 14-56-24.mp4,1585,1,207,532,227,551,propagated:0.948
/Users/bround/Desktop/Датасеты/Dataset_Mendeley_data/Unlabelled _UAV_Videos/Flight Test 2/FT2_complete_unprocessed_videos/2023-11-23 14-56-24.mp4,1586,1,205,532,225,551,propagated:0.967
/Users/bround/Desktop/Датасеты/Dataset_Mendeley_data/Unlabelled _UAV_Videos/Flight Test 2/FT2_complete_unprocessed_videos/2023-11-23 14-56-24.mp4,1587,1,206,532,226,551,propagated:0.951
/Users/bround/Desktop/Датасеты/Dataset_Mendeley_data/Unlabelled _UAV_Videos/Flight Test 2/FT2_complete_unprocessed_videos/2023-11-23 14-56-24.mp4,1588,1,205,533,225,552,propagated:0.972
/Users/bround/Desktop/Датасеты/Dataset_Mendeley_data/Unlabelled _UAV_Videos/Flight Test 2/FT2_complete_unprocessed_videos/2023-11-23 14-56-24.mp4,1589,1,201,533,221,552,propagated:0.958
/Users/bround/Desktop/Датасеты/Dataset_Mendeley_data/Unlabelled _UAV_Videos/Flight Test 2/FT2_complete_unprocessed_videos/2023-11-23 14-56-24.mp4,1590,1,202,534,222,553,propagated:0.938
/Users/bround/Desktop/Датасеты/Dataset_Mendeley_data/Unlabelled _UAV_Videos/Flight Test 2/FT2_complete_unprocessed_videos/2023-11-23 14-56-24.mp4,1591,1,203,534,223,553,propagated:0.969
/Users/bround/Desktop/Датасеты/Dataset_Mendeley_data/Unlabelled _UAV_Videos/Flight Test 2/FT2_complete_unprocessed_videos/2023-11-23 14-56-24.mp4,1592,1,202,534,222,553,propagated:0.943
/Users/bround/Desktop/Датасеты/Dataset_Mendeley_data/Unlabelled _UAV_Videos/Flight Test 2/FT2_complete_unprocessed_videos/2023-11-23 14-56-24.mp4,1593,1,199,534,219,553,propagated:0.948
/Users/bround/Desktop/Датасеты/Dataset_Mendeley_data/Unlabelled _UAV_Videos/Flight Test 2/FT2_complete_unprocessed_videos/2023-11-23 14-56-24.mp4,1594,1,194,535,214,554,propagated:0.943
/Users/bround/Desktop/Датасеты/Dataset_Mendeley_data/Unlabelled _UAV_Videos/Flight Test 2/FT2_complete_unprocessed_videos/2023-11-23 14-56-24.mp4,1595,1,189,535,209,554,propagated:0.953
/Users/bround/Desktop/Датасеты/Dataset_Mendeley_data/Unlabelled _UAV_Videos/Flight Test 2/FT2_complete_unprocessed_videos/2023-11-23 14-56-24.mp4,1596,1,186,536,206,555,propagated:0.950
/Users/bround/Desktop/Датасеты/Dataset_Mendeley_data/Unlabelled _UAV_Videos/Flight Test 2/FT2_complete_unprocessed_videos/2023-11-23 14-56-24.mp4,1597,1,182,536,202,555,propagated:0.966
/Users/bround/Desktop/Датасеты/Dataset_Mendeley_data/Unlabelled _UAV_Videos/Flight Test 2/FT2_complete_unprocessed_videos/2023-11-23 14-56-24.mp4,1598,1,175,537,195,556,propagated:0.949
/Users/bround/Desktop/Датасеты/Dataset_Mendeley_data/Unlabelled _UAV_Videos/Flight Test 2/FT2_complete_unprocessed_videos/2023-11-23 14-56-24.mp4,1599,1,166,537,186,556,propagated:0.943
/Users/bround/Desktop/Датасеты/Dataset_Mendeley_data/Unlabelled _UAV_Videos/Flight Test 2/FT2_complete_unprocessed_videos/2023-11-23 14-56-24.mp4,1600,1,163,538,183,557,propagated:0.914
/Users/bround/Desktop/Датасеты/Dataset_Mendeley_data/Unlabelled _UAV_Videos/Flight Test 2/FT2_complete_unprocessed_videos/2023-11-23 14-56-24.mp4,1601,1,164,538,184,557,propagated:0.924
/Users/bround/Desktop/Датасеты/Dataset_Mendeley_data/Unlabelled _UAV_Videos/Flight Test 2/FT2_complete_unprocessed_videos/2023-11-23 14-56-24.mp4,1602,1,165,538,185,557,propagated:0.932
/Users/bround/Desktop/Датасеты/Dataset_Mendeley_data/Unlabelled _UAV_Videos/Flight Test 2/FT2_complete_unprocessed_videos/2023-11-23 14-56-24.mp4,1603,1,163,538,183,557,propagated:0.926
/Users/bround/Desktop/Датасеты/Dataset_Mendeley_data/Unlabelled _UAV_Videos/Flight Test 2/FT2_complete_unprocessed_videos/2023-11-23 14-56-24.mp4,1604,1,157,539,177,558,propagated:0.941
/Users/bround/Desktop/Датасеты/Dataset_Mendeley_data/Unlabelled _UAV_Videos/Flight Test 2/FT2_complete_unprocessed_videos/2023-11-23 14-56-24.mp4,1605,1,155,540,175,559,propagated:0.938
/Users/bround/Desktop/Датасеты/Dataset_Mendeley_data/Unlabelled _UAV_Videos/Flight Test 2/FT2_complete_unprocessed_videos/2023-11-23 14-56-24.mp4,1606,1,157,540,177,559,propagated:0.948
/Users/bround/Desktop/Датасеты/Dataset_Mendeley_data/Unlabelled _UAV_Videos/Flight Test 2/FT2_complete_unprocessed_videos/2023-11-23 14-56-24.mp4,1607,1,152,540,172,559,propagated:0.953
/Users/bround/Desktop/Датасеты/Dataset_Mendeley_data/Unlabelled _UAV_Videos/Flight Test 2/FT2_complete_unprocessed_videos/2023-11-23 14-56-24.mp4,1608,1,147,541,167,560,propagated:0.959
/Users/bround/Desktop/Датасеты/Dataset_Mendeley_data/Unlabelled _UAV_Videos/Flight Test 2/FT2_complete_unprocessed_videos/2023-11-23 14-56-24.mp4,1609,1,143,541,163,560,propagated:0.969
/Users/bround/Desktop/Датасеты/Dataset_Mendeley_data/Unlabelled _UAV_Videos/Flight Test 2/FT2_complete_unprocessed_videos/2023-11-23 14-56-24.mp4,1610,1,137,542,157,561,propagated:0.956
/Users/bround/Desktop/Датасеты/Dataset_Mendeley_data/Unlabelled _UAV_Videos/Flight Test 2/FT2_complete_unprocessed_videos/2023-11-23 14-56-24.mp4,1611,1,132,542,152,561,propagated:0.954
/Users/bround/Desktop/Датасеты/Dataset_Mendeley_data/Unlabelled _UAV_Videos/Flight Test 2/FT2_complete_unprocessed_videos/2023-11-23 14-56-24.mp4,1612,1,125,543,145,562,propagated:0.937
/Users/bround/Desktop/Датасеты/Dataset_Mendeley_data/Unlabelled _UAV_Videos/Flight Test 2/FT2_complete_unprocessed_videos/2023-11-23 14-56-24.mp4,1613,1,122,543,142,562,propagated:0.930
/Users/bround/Desktop/Датасеты/Dataset_Mendeley_data/Unlabelled _UAV_Videos/Flight Test 2/FT2_complete_unprocessed_videos/2023-11-23 14-56-24.mp4,1614,1,116,544,136,563,propagated:0.954
/Users/bround/Desktop/Датасеты/Dataset_Mendeley_data/Unlabelled _UAV_Videos/Flight Test 2/FT2_complete_unprocessed_videos/2023-11-23 14-56-24.mp4,1615,1,113,544,133,563,propagated:0.929
/Users/bround/Desktop/Датасеты/Dataset_Mendeley_data/Unlabelled _UAV_Videos/Flight Test 2/FT2_complete_unprocessed_videos/2023-11-23 14-56-24.mp4,1616,1,113,544,133,563,propagated:0.963
/Users/bround/Desktop/Датасеты/Dataset_Mendeley_data/Unlabelled _UAV_Videos/Flight Test 2/FT2_complete_unprocessed_videos/2023-11-23 14-56-24.mp4,1617,1,115,544,135,563,propagated:0.965
/Users/bround/Desktop/Датасеты/Dataset_Mendeley_data/Unlabelled _UAV_Videos/Flight Test 2/FT2_complete_unprocessed_videos/2023-11-23 14-56-24.mp4,1618,1,115,544,135,563,propagated:0.949
/Users/bround/Desktop/Датасеты/Dataset_Mendeley_data/Unlabelled _UAV_Videos/Flight Test 2/FT2_complete_unprocessed_videos/2023-11-23 14-56-24.mp4,1619,1,116,545,136,564,propagated:0.948
/Users/bround/Desktop/Датасеты/Dataset_Mendeley_data/Unlabelled _UAV_Videos/Flight Test 2/FT2_complete_unprocessed_videos/2023-11-23 14-56-24.mp4,1620,1,117,546,137,565,propagated:0.958
/Users/bround/Desktop/Датасеты/Dataset_Mendeley_data/Unlabelled _UAV_Videos/Flight Test 2/FT2_complete_unprocessed_videos/2023-11-23 14-56-24.mp4,1621,1,119,546,139,565,propagated:0.944
/Users/bround/Desktop/Датасеты/Dataset_Mendeley_data/Unlabelled _UAV_Videos/Flight Test 2/FT2_complete_unprocessed_videos/2023-11-23 14-56-24.mp4,1622,1,118,546,138,565,propagated:0.948
/Users/bround/Desktop/Датасеты/Dataset_Mendeley_data/Unlabelled _UAV_Videos/Flight Test 2/FT2_complete_unprocessed_videos/2023-11-23 14-56-24.mp4,1623,1,116,546,136,565,propagated:0.956
/Users/bround/Desktop/Датасеты/Dataset_Mendeley_data/Unlabelled _UAV_Videos/Flight Test 2/FT2_complete_unprocessed_videos/2023-11-23 14-56-24.mp4,1624,1,117,546,137,565,propagated:0.956
/Users/bround/Desktop/Датасеты/Dataset_Mendeley_data/Unlabelled _UAV_Videos/Flight Test 2/FT2_complete_unprocessed_videos/2023-11-23 14-56-24.mp4,1625,1,119,546,139,565,propagated:0.931
/Users/bround/Desktop/Датасеты/Dataset_Mendeley_data/Unlabelled _UAV_Videos/Flight Test 2/FT2_complete_unprocessed_videos/2023-11-23 14-56-24.mp4,1626,1,120,547,140,566,propagated:0.946
/Users/bround/Desktop/Датасеты/Dataset_Mendeley_data/Unlabelled _UAV_Videos/Flight Test 2/FT2_complete_unprocessed_videos/2023-11-23 14-56-24.mp4,1627,1,121,547,141,566,propagated:0.944
/Users/bround/Desktop/Датасеты/Dataset_Mendeley_data/Unlabelled _UAV_Videos/Flight Test 2/FT2_complete_unprocessed_videos/2023-11-23 14-56-24.mp4,1628,1,120,548,140,567,propagated:0.963
/Users/bround/Desktop/Датасеты/Dataset_Mendeley_data/Unlabelled _UAV_Videos/Flight Test 2/FT2_complete_unprocessed_videos/2023-11-23 14-56-24.mp4,1629,1,115,548,135,567,propagated:0.953
/Users/bround/Desktop/Датасеты/Dataset_Mendeley_data/Unlabelled _UAV_Videos/Flight Test 2/FT2_complete_unprocessed_videos/2023-11-23 14-56-24.mp4,1630,1,108,548,128,567,propagated:0.958
/Users/bround/Desktop/Датасеты/Dataset_Mendeley_data/Unlabelled _UAV_Videos/Flight Test 2/FT2_complete_unprocessed_videos/2023-11-23 14-56-24.mp4,1631,1,109,548,129,567,propagated:0.984
/Users/bround/Desktop/Датасеты/Dataset_Mendeley_data/Unlabelled _UAV_Videos/Flight Test 2/FT2_complete_unprocessed_videos/2023-11-23 14-56-24.mp4,1632,1,110,549,130,568,propagated:0.960
/Users/bround/Desktop/Датасеты/Dataset_Mendeley_data/Unlabelled _UAV_Videos/Flight Test 2/FT2_complete_unprocessed_videos/2023-11-23 14-56-24.mp4,1633,1,111,549,131,568,propagated:0.971
/Users/bround/Desktop/Датасеты/Dataset_Mendeley_data/Unlabelled _UAV_Videos/Flight Test 2/FT2_complete_unprocessed_videos/2023-11-23 14-56-24.mp4,1634,1,113,550,133,569,propagated:0.957
/Users/bround/Desktop/Датасеты/Dataset_Mendeley_data/Unlabelled _UAV_Videos/Flight Test 2/FT2_complete_unprocessed_videos/2023-11-23 14-56-24.mp4,1635,1,114,550,134,569,propagated:0.974
/Users/bround/Desktop/Датасеты/Dataset_Mendeley_data/Unlabelled _UAV_Videos/Flight Test 2/FT2_complete_unprocessed_videos/2023-11-23 14-56-24.mp4,1636,1,113,550,133,569,propagated:0.960
/Users/bround/Desktop/Датасеты/Dataset_Mendeley_data/Unlabelled _UAV_Videos/Flight Test 2/FT2_complete_unprocessed_videos/2023-11-23 14-56-24.mp4,1637,1,112,550,132,569,propagated:0.959
/Users/bround/Desktop/Датасеты/Dataset_Mendeley_data/Unlabelled _UAV_Videos/Flight Test 2/FT2_complete_unprocessed_videos/2023-11-23 14-56-24.mp4,1638,1,111,551,131,570,propagated:0.963
/Users/bround/Desktop/Датасеты/Dataset_Mendeley_data/Unlabelled _UAV_Videos/Flight Test 2/FT2_complete_unprocessed_videos/2023-11-23 14-56-24.mp4,1639,1,111,551,131,570,propagated:0.967
/Users/bround/Desktop/Датасеты/Dataset_Mendeley_data/Unlabelled _UAV_Videos/Flight Test 2/FT2_complete_unprocessed_videos/2023-11-23 14-56-24.mp4,1640,1,110,552,130,571,propagated:0.956
/Users/bround/Desktop/Датасеты/Dataset_Mendeley_data/Unlabelled _UAV_Videos/Flight Test 2/FT2_complete_unprocessed_videos/2023-11-23 14-56-24.mp4,1641,1,108,552,128,571,propagated:0.963
/Users/bround/Desktop/Датасеты/Dataset_Mendeley_data/Unlabelled _UAV_Videos/Flight Test 2/FT2_complete_unprocessed_videos/2023-11-23 14-56-24.mp4,1642,1,106,552,126,571,propagated:0.965
/Users/bround/Desktop/Датасеты/Dataset_Mendeley_data/Unlabelled _UAV_Videos/Flight Test 2/FT2_complete_unprocessed_videos/2023-11-23 14-56-24.mp4,1643,1,99,553,119,572,propagated:0.934
/Users/bround/Desktop/Датасеты/Dataset_Mendeley_data/Unlabelled _UAV_Videos/Flight Test 2/FT2_complete_unprocessed_videos/2023-11-23 14-56-24.mp4,1644,1,100,553,120,572,propagated:0.951
/Users/bround/Desktop/Датасеты/Dataset_Mendeley_data/Unlabelled _UAV_Videos/Flight Test 2/FT2_complete_unprocessed_videos/2023-11-23 14-56-24.mp4,1645,1,98,554,118,573,propagated:0.951
/Users/bround/Desktop/Датасеты/Dataset_Mendeley_data/Unlabelled _UAV_Videos/Flight Test 2/FT2_complete_unprocessed_videos/2023-11-23 14-56-24.mp4,1646,1,95,554,115,573,propagated:0.962
/Users/bround/Desktop/Датасеты/Dataset_Mendeley_data/Unlabelled _UAV_Videos/Flight Test 2/FT2_complete_unprocessed_videos/2023-11-23 14-56-24.mp4,1647,1,96,554,116,573,propagated:0.960
/Users/bround/Desktop/Датасеты/Dataset_Mendeley_data/Unlabelled _UAV_Videos/Flight Test 2/FT2_complete_unprocessed_videos/2023-11-23 14-56-24.mp4,1648,1,97,554,117,573,propagated:0.956
/Users/bround/Desktop/Датасеты/Dataset_Mendeley_data/Unlabelled _UAV_Videos/Flight Test 2/FT2_complete_unprocessed_videos/2023-11-23 14-56-24.mp4,1649,1,99,554,119,573,propagated:0.967
/Users/bround/Desktop/Датасеты/Dataset_Mendeley_data/Unlabelled _UAV_Videos/Flight Test 2/FT2_complete_unprocessed_videos/2023-11-23 14-56-24.mp4,1650,1,100,554,120,573,propagated:0.973
/Users/bround/Desktop/Датасеты/Dataset_Mendeley_data/Unlabelled _UAV_Videos/Flight Test 2/FT2_complete_unprocessed_videos/2023-11-23 14-56-24.mp4,1651,1,102,554,122,573,propagated:0.953
/Users/bround/Desktop/Датасеты/Dataset_Mendeley_data/Unlabelled _UAV_Videos/Flight Test 2/FT2_complete_unprocessed_videos/2023-11-23 14-56-24.mp4,1652,1,103,555,123,574,propagated:0.962
/Users/bround/Desktop/Датасеты/Dataset_Mendeley_data/Unlabelled _UAV_Videos/Flight Test 2/FT2_complete_unprocessed_videos/2023-11-23 14-56-24.mp4,1653,1,104,555,124,574,propagated:0.963
/Users/bround/Desktop/Датасеты/Dataset_Mendeley_data/Unlabelled _UAV_Videos/Flight Test 2/FT2_complete_unprocessed_videos/2023-11-23 14-56-24.mp4,1654,1,106,555,126,574,propagated:0.951
/Users/bround/Desktop/Датасеты/Dataset_Mendeley_data/Unlabelled _UAV_Videos/Flight Test 2/FT2_complete_unprocessed_videos/2023-11-23 14-56-24.mp4,1655,1,107,556,127,575,propagated:0.958
/Users/bround/Desktop/Датасеты/Dataset_Mendeley_data/Unlabelled _UAV_Videos/Flight Test 2/FT2_complete_unprocessed_videos/2023-11-23 14-56-24.mp4,1656,1,105,556,125,575,propagated:0.968
/Users/bround/Desktop/Датасеты/Dataset_Mendeley_data/Unlabelled _UAV_Videos/Flight Test 2/FT2_complete_unprocessed_videos/2023-11-23 14-56-24.mp4,1657,1,95,556,115,575,propagated:0.964
/Users/bround/Desktop/Датасеты/Dataset_Mendeley_data/Unlabelled _UAV_Videos/Flight Test 2/FT2_complete_unprocessed_videos/2023-11-23 14-56-24.mp4,1658,1,88,558,108,577,propagated:0.958
/Users/bround/Desktop/Датасеты/Dataset_Mendeley_data/Unlabelled _UAV_Videos/Flight Test 2/FT2_complete_unprocessed_videos/2023-11-23 14-56-24.mp4,1659,1,90,557,110,576,propagated:0.956
/Users/bround/Desktop/Датасеты/Dataset_Mendeley_data/Unlabelled _UAV_Videos/Flight Test 2/FT2_complete_unprocessed_videos/2023-11-23 14-56-24.mp4,1660,1,91,557,111,576,propagated:0.989
/Users/bround/Desktop/Датасеты/Dataset_Mendeley_data/Unlabelled _UAV_Videos/Flight Test 2/FT2_complete_unprocessed_videos/2023-11-23 14-56-24.mp4,1661,1,92,557,112,576,propagated:0.962
/Users/bround/Desktop/Датасеты/Dataset_Mendeley_data/Unlabelled _UAV_Videos/Flight Test 2/FT2_complete_unprocessed_videos/2023-11-23 14-56-24.mp4,1662,1,94,558,114,577,propagated:0.981
/Users/bround/Desktop/Датасеты/Dataset_Mendeley_data/Unlabelled _UAV_Videos/Flight Test 2/FT2_complete_unprocessed_videos/2023-11-23 14-56-24.mp4,1663,1,95,559,115,578,propagated:0.937
/Users/bround/Desktop/Датасеты/Dataset_Mendeley_data/Unlabelled _UAV_Videos/Flight Test 2/FT2_complete_unprocessed_videos/2023-11-23 14-56-24.mp4,1664,1,97,559,117,578,propagated:0.964
/Users/bround/Desktop/Датасеты/Dataset_Mendeley_data/Unlabelled _UAV_Videos/Flight Test 2/FT2_complete_unprocessed_videos/2023-11-23 14-56-24.mp4,1665,1,98,559,118,578,propagated:0.950
/Users/bround/Desktop/Датасеты/Dataset_Mendeley_data/Unlabelled _UAV_Videos/Flight Test 2/FT2_complete_unprocessed_videos/2023-11-23 14-56-24.mp4,1666,1,100,559,120,578,propagated:0.959
/Users/bround/Desktop/Датасеты/Dataset_Mendeley_data/Unlabelled _UAV_Videos/Flight Test 2/FT2_complete_unprocessed_videos/2023-11-23 14-56-24.mp4,1667,1,101,559,121,578,propagated:0.957
/Users/bround/Desktop/Датасеты/Dataset_Mendeley_data/Unlabelled _UAV_Videos/Flight Test 2/FT2_complete_unprocessed_videos/2023-11-23 14-56-24.mp4,1668,1,102,559,122,578,propagated:0.953
/Users/bround/Desktop/Датасеты/Dataset_Mendeley_data/Unlabelled _UAV_Videos/Flight Test 2/FT2_complete_unprocessed_videos/2023-11-23 14-56-24.mp4,1669,1,105,559,125,578,propagated:0.956
/Users/bround/Desktop/Датасеты/Dataset_Mendeley_data/Unlabelled _UAV_Videos/Flight Test 2/FT2_complete_unprocessed_videos/2023-11-23 14-56-24.mp4,1670,1,106,560,126,579,propagated:0.959
/Users/bround/Desktop/Датасеты/Dataset_Mendeley_data/Unlabelled _UAV_Videos/Flight Test 2/FT2_complete_unprocessed_videos/2023-11-23 14-56-24.mp4,1671,1,108,560,128,579,propagated:0.970
/Users/bround/Desktop/Датасеты/Dataset_Mendeley_data/Unlabelled _UAV_Videos/Flight Test 2/FT2_complete_unprocessed_videos/2023-11-23 14-56-24.mp4,1672,1,109,560,129,579,propagated:0.956
/Users/bround/Desktop/Датасеты/Dataset_Mendeley_data/Unlabelled _UAV_Videos/Flight Test 2/FT2_complete_unprocessed_videos/2023-11-23 14-56-24.mp4,1673,1,110,560,130,579,propagated:0.960
/Users/bround/Desktop/Датасеты/Dataset_Mendeley_data/Unlabelled _UAV_Videos/Flight Test 2/FT2_complete_unprocessed_videos/2023-11-23 14-56-24.mp4,1674,1,112,560,132,579,propagated:0.963
/Users/bround/Desktop/Датасеты/Dataset_Mendeley_data/Unlabelled _UAV_Videos/Flight Test 2/FT2_complete_unprocessed_videos/2023-11-23 14-56-24.mp4,1675,1,113,561,133,580,propagated:0.935
/Users/bround/Desktop/Датасеты/Dataset_Mendeley_data/Unlabelled _UAV_Videos/Flight Test 2/FT2_complete_unprocessed_videos/2023-11-23 14-56-24.mp4,1676,1,115,561,135,580,propagated:0.957
/Users/bround/Desktop/Датасеты/Dataset_Mendeley_data/Unlabelled _UAV_Videos/Flight Test 2/FT2_complete_unprocessed_videos/2023-11-23 14-56-24.mp4,1677,1,111,561,131,580,propagated:0.945
/Users/bround/Desktop/Датасеты/Dataset_Mendeley_data/Unlabelled _UAV_Videos/Flight Test 2/FT2_complete_unprocessed_videos/2023-11-23 14-56-24.mp4,1678,1,110,561,130,580,propagated:0.950
/Users/bround/Desktop/Датасеты/Dataset_Mendeley_data/Unlabelled _UAV_Videos/Flight Test 2/FT2_complete_unprocessed_videos/2023-11-23 14-56-24.mp4,1679,1,111,562,131,581,propagated:0.945
/Users/bround/Desktop/Датасеты/Dataset_Mendeley_data/Unlabelled _UAV_Videos/Flight Test 2/FT2_complete_unprocessed_videos/2023-11-23 14-56-24.mp4,1680,1,112,562,132,581,propagated:0.980
/Users/bround/Desktop/Датасеты/Dataset_Mendeley_data/Unlabelled _UAV_Videos/Flight Test 2/FT2_complete_unprocessed_videos/2023-11-23 14-56-24.mp4,1681,1,112,562,132,581,propagated:0.944
/Users/bround/Desktop/Датасеты/Dataset_Mendeley_data/Unlabelled _UAV_Videos/Flight Test 2/FT2_complete_unprocessed_videos/2023-11-23 14-56-24.mp4,1682,1,113,562,133,581,propagated:0.967
/Users/bround/Desktop/Датасеты/Dataset_Mendeley_data/Unlabelled _UAV_Videos/Flight Test 2/FT2_complete_unprocessed_videos/2023-11-23 14-56-24.mp4,1683,1,115,563,135,582,propagated:0.938
/Users/bround/Desktop/Датасеты/Dataset_Mendeley_data/Unlabelled _UAV_Videos/Flight Test 2/FT2_complete_unprocessed_videos/2023-11-23 14-56-24.mp4,1684,1,115,563,135,582,propagated:0.947
/Users/bround/Desktop/Датасеты/Dataset_Mendeley_data/Unlabelled _UAV_Videos/Flight Test 2/FT2_complete_unprocessed_videos/2023-11-23 14-56-24.mp4,1685,1,113,563,133,582,propagated:0.954
/Users/bround/Desktop/Датасеты/Dataset_Mendeley_data/Unlabelled _UAV_Videos/Flight Test 2/FT2_complete_unprocessed_videos/2023-11-23 14-56-24.mp4,1686,1,109,564,129,583,propagated:0.960
/Users/bround/Desktop/Датасеты/Dataset_Mendeley_data/Unlabelled _UAV_Videos/Flight Test 2/FT2_complete_unprocessed_videos/2023-11-23 14-56-24.mp4,1687,1,107,564,127,583,propagated:0.960
/Users/bround/Desktop/Датасеты/Dataset_Mendeley_data/Unlabelled _UAV_Videos/Flight Test 2/FT2_complete_unprocessed_videos/2023-11-23 14-56-24.mp4,1688,1,107,564,127,583,propagated:0.956
/Users/bround/Desktop/Датасеты/Dataset_Mendeley_data/Unlabelled _UAV_Videos/Flight Test 2/FT2_complete_unprocessed_videos/2023-11-23 14-56-24.mp4,1689,1,108,563,128,582,propagated:0.948
/Users/bround/Desktop/Датасеты/Dataset_Mendeley_data/Unlabelled _UAV_Videos/Flight Test 2/FT2_complete_unprocessed_videos/2023-11-23 14-56-24.mp4,1690,1,110,564,130,583,propagated:0.937
/Users/bround/Desktop/Датасеты/Dataset_Mendeley_data/Unlabelled _UAV_Videos/Flight Test 2/FT2_complete_unprocessed_videos/2023-11-23 14-56-24.mp4,1691,1,111,564,131,583,propagated:0.966
/Users/bround/Desktop/Датасеты/Dataset_Mendeley_data/Unlabelled _UAV_Videos/Flight Test 2/FT2_complete_unprocessed_videos/2023-11-23 14-56-24.mp4,1692,1,112,564,132,583,propagated:0.950
/Users/bround/Desktop/Датасеты/Dataset_Mendeley_data/Unlabelled _UAV_Videos/Flight Test 2/FT2_complete_unprocessed_videos/2023-11-23 14-56-24.mp4,1693,1,113,564,133,583,propagated:0.950
/Users/bround/Desktop/Датасеты/Dataset_Mendeley_data/Unlabelled _UAV_Videos/Flight Test 2/FT2_complete_unprocessed_videos/2023-11-23 14-56-24.mp4,1694,1,113,564,133,583,propagated:0.956
/Users/bround/Desktop/Датасеты/Dataset_Mendeley_data/Unlabelled _UAV_Videos/Flight Test 2/FT2_complete_unprocessed_videos/2023-11-23 14-56-24.mp4,1695,1,109,565,129,584,propagated:0.934
/Users/bround/Desktop/Датасеты/Dataset_Mendeley_data/Unlabelled _UAV_Videos/Flight Test 2/FT2_complete_unprocessed_videos/2023-11-23 14-56-24.mp4,1696,1,107,565,127,584,propagated:0.950
/Users/bround/Desktop/Датасеты/Dataset_Mendeley_data/Unlabelled _UAV_Videos/Flight Test 2/FT2_complete_unprocessed_videos/2023-11-23 14-56-24.mp4,1697,1,106,565,126,584,propagated:0.962
/Users/bround/Desktop/Датасеты/Dataset_Mendeley_data/Unlabelled _UAV_Videos/Flight Test 2/FT2_complete_unprocessed_videos/2023-11-23 14-56-24.mp4,1698,1,108,566,128,585,propagated:0.935
/Users/bround/Desktop/Датасеты/Dataset_Mendeley_data/Unlabelled _UAV_Videos/Flight Test 2/FT2_complete_unprocessed_videos/2023-11-23 14-56-24.mp4,1699,1,109,566,129,585,propagated:0.960
/Users/bround/Desktop/Датасеты/Dataset_Mendeley_data/Unlabelled _UAV_Videos/Flight Test 2/FT2_complete_unprocessed_videos/2023-11-23 14-56-24.mp4,1700,1,111,566,131,585,propagated:0.973
/Users/bround/Desktop/Датасеты/Dataset_Mendeley_data/Unlabelled _UAV_Videos/Flight Test 2/FT2_complete_unprocessed_videos/2023-11-23 14-56-24.mp4,1701,1,112,567,132,586,propagated:0.948
/Users/bround/Desktop/Датасеты/Dataset_Mendeley_data/Unlabelled _UAV_Videos/Flight Test 2/FT2_complete_unprocessed_videos/2023-11-23 14-56-24.mp4,1702,1,114,566,134,585,propagated:0.945
/Users/bround/Desktop/Датасеты/Dataset_Mendeley_data/Unlabelled _UAV_Videos/Flight Test 2/FT2_complete_unprocessed_videos/2023-11-23 14-56-24.mp4,1703,1,115,567,135,586,propagated:0.951
/Users/bround/Desktop/Датасеты/Dataset_Mendeley_data/Unlabelled _UAV_Videos/Flight Test 2/FT2_complete_unprocessed_videos/2023-11-23 14-56-24.mp4,1704,1,117,566,137,585,propagated:0.955
/Users/bround/Desktop/Датасеты/Dataset_Mendeley_data/Unlabelled _UAV_Videos/Flight Test 2/FT2_complete_unprocessed_videos/2023-11-23 14-56-24.mp4,1705,1,119,567,139,586,propagated:0.927
/Users/bround/Desktop/Датасеты/Dataset_Mendeley_data/Unlabelled _UAV_Videos/Flight Test 2/FT2_complete_unprocessed_videos/2023-11-23 14-56-24.mp4,1706,1,120,567,140,586,propagated:0.932
/Users/bround/Desktop/Датасеты/Dataset_Mendeley_data/Unlabelled _UAV_Videos/Flight Test 2/FT2_complete_unprocessed_videos/2023-11-23 14-56-24.mp4,1707,1,122,567,142,586,propagated:0.948
/Users/bround/Desktop/Датасеты/Dataset_Mendeley_data/Unlabelled _UAV_Videos/Flight Test 2/FT2_complete_unprocessed_videos/2023-11-23 14-56-24.mp4,1708,1,123,566,143,585,propagated:0.946
/Users/bround/Desktop/Датасеты/Dataset_Mendeley_data/Unlabelled _UAV_Videos/Flight Test 2/FT2_complete_unprocessed_videos/2023-11-23 14-56-24.mp4,1709,1,124,567,144,586,propagated:0.954
/Users/bround/Desktop/Датасеты/Dataset_Mendeley_data/Unlabelled _UAV_Videos/Flight Test 2/FT2_complete_unprocessed_videos/2023-11-23 14-56-24.mp4,1710,1,123,567,143,586,propagated:0.975
/Users/bround/Desktop/Датасеты/Dataset_Mendeley_data/Unlabelled _UAV_Videos/Flight Test 2/FT2_complete_unprocessed_videos/2023-11-23 14-56-24.mp4,1711,1,118,567,138,586,propagated:0.959
/Users/bround/Desktop/Датасеты/Dataset_Mendeley_data/Unlabelled _UAV_Videos/Flight Test 2/FT2_complete_unprocessed_videos/2023-11-23 14-56-24.mp4,1712,1,114,567,134,586,propagated:0.950
/Users/bround/Desktop/Датасеты/Dataset_Mendeley_data/Unlabelled _UAV_Videos/Flight Test 2/FT2_complete_unprocessed_videos/2023-11-23 14-56-24.mp4,1713,1,115,568,135,587,propagated:0.935
/Users/bround/Desktop/Датасеты/Dataset_Mendeley_data/Unlabelled _UAV_Videos/Flight Test 2/FT2_complete_unprocessed_videos/2023-11-23 14-56-24.mp4,1714,1,116,567,136,586,propagated:0.949
/Users/bround/Desktop/Датасеты/Dataset_Mendeley_data/Unlabelled _UAV_Videos/Flight Test 2/FT2_complete_unprocessed_videos/2023-11-23 14-56-24.mp4,1715,1,117,567,137,586,propagated:0.953
/Users/bround/Desktop/Датасеты/Dataset_Mendeley_data/Unlabelled _UAV_Videos/Flight Test 2/FT2_complete_unprocessed_videos/2023-11-23 14-56-24.mp4,1716,1,118,567,138,586,propagated:0.940
/Users/bround/Desktop/Датасеты/Dataset_Mendeley_data/Unlabelled _UAV_Videos/Flight Test 2/FT2_complete_unprocessed_videos/2023-11-23 14-56-24.mp4,1717,1,120,567,140,586,propagated:0.941
/Users/bround/Desktop/Датасеты/Dataset_Mendeley_data/Unlabelled _UAV_Videos/Flight Test 2/FT2_complete_unprocessed_videos/2023-11-23 14-56-24.mp4,1718,1,122,566,142,585,propagated:0.957
/Users/bround/Desktop/Датасеты/Dataset_Mendeley_data/Unlabelled _UAV_Videos/Flight Test 2/FT2_complete_unprocessed_videos/2023-11-23 14-56-24.mp4,1719,1,124,566,144,585,propagated:0.965
/Users/bround/Desktop/Датасеты/Dataset_Mendeley_data/Unlabelled _UAV_Videos/Flight Test 2/FT2_complete_unprocessed_videos/2023-11-23 14-56-24.mp4,1720,1,127,564,147,583,propagated:0.961
/Users/bround/Desktop/Датасеты/Dataset_Mendeley_data/Unlabelled _UAV_Videos/Flight Test 2/FT2_complete_unprocessed_videos/2023-11-23 14-56-24.mp4,1721,1,131,564,151,583,propagated:0.900
/Users/bround/Desktop/Датасеты/Dataset_Mendeley_data/Unlabelled _UAV_Videos/Flight Test 2/FT2_complete_unprocessed_videos/2023-11-23 14-56-24.mp4,1722,1,135,563,155,582,propagated:0.942
/Users/bround/Desktop/Датасеты/Dataset_Mendeley_data/Unlabelled _UAV_Videos/Flight Test 2/FT2_complete_unprocessed_videos/2023-11-23 14-56-24.mp4,1723,1,140,563,160,582,propagated:0.938
/Users/bround/Desktop/Датасеты/Dataset_Mendeley_data/Unlabelled _UAV_Videos/Flight Test 2/FT2_complete_unprocessed_videos/2023-11-23 14-56-24.mp4,1724,1,144,563,164,582,propagated:0.944
/Users/bround/Desktop/Датасеты/Dataset_Mendeley_data/Unlabelled _UAV_Videos/Flight Test 2/FT2_complete_unprocessed_videos/2023-11-23 14-56-24.mp4,1725,1,147,562,167,581,propagated:0.944
/Users/bround/Desktop/Датасеты/Dataset_Mendeley_data/Unlabelled _UAV_Videos/Flight Test 2/FT2_complete_unprocessed_videos/2023-11-23 14-56-24.mp4,1726,1,151,561,171,580,propagated:0.916
/Users/bround/Desktop/Датасеты/Dataset_Mendeley_data/Unlabelled _UAV_Videos/Flight Test 2/FT2_complete_unprocessed_videos/2023-11-23 14-56-24.mp4,1727,1,154,561,174,580,propagated:0.952
/Users/bround/Desktop/Датасеты/Dataset_Mendeley_data/Unlabelled _UAV_Videos/Flight Test 2/FT2_complete_unprocessed_videos/2023-11-23 14-56-24.mp4,1728,1,159,560,179,579,propagated:0.952
/Users/bround/Desktop/Датасеты/Dataset_Mendeley_data/Unlabelled _UAV_Videos/Flight Test 2/FT2_complete_unprocessed_videos/2023-11-23 14-56-24.mp4,1729,1,166,557,186,576,propagated:0.951
/Users/bround/Desktop/Датасеты/Dataset_Mendeley_data/Unlabelled _UAV_Videos/Flight Test 2/FT2_complete_unprocessed_videos/2023-11-23 14-56-24.mp4,1730,1,171,556,191,575,propagated:0.982
/Users/bround/Desktop/Датасеты/Dataset_Mendeley_data/Unlabelled _UAV_Videos/Flight Test 2/FT2_complete_unprocessed_videos/2023-11-23 14-56-24.mp4,1731,1,174,556,194,575,propagated:0.961
/Users/bround/Desktop/Датасеты/Dataset_Mendeley_data/Unlabelled _UAV_Videos/Flight Test 2/FT2_complete_unprocessed_videos/2023-11-23 14-56-24.mp4,1732,1,176,555,196,574,propagated:0.936
/Users/bround/Desktop/Датасеты/Dataset_Mendeley_data/Unlabelled _UAV_Videos/Flight Test 2/FT2_complete_unprocessed_videos/2023-11-23 14-56-24.mp4,1733,1,181,555,201,574,propagated:0.948
/Users/bround/Desktop/Датасеты/Dataset_Mendeley_data/Unlabelled _UAV_Videos/Flight Test 2/FT2_complete_unprocessed_videos/2023-11-23 14-56-24.mp4,1734,1,183,555,203,574,propagated:0.957
/Users/bround/Desktop/Датасеты/Dataset_Mendeley_data/Unlabelled _UAV_Videos/Flight Test 2/FT2_complete_unprocessed_videos/2023-11-23 14-56-24.mp4,1735,1,186,555,206,574,propagated:0.958
/Users/bround/Desktop/Датасеты/Dataset_Mendeley_data/Unlabelled _UAV_Videos/Flight Test 2/FT2_complete_unprocessed_videos/2023-11-23 14-56-24.mp4,1736,1,188,555,208,574,propagated:0.967
/Users/bround/Desktop/Датасеты/Dataset_Mendeley_data/Unlabelled _UAV_Videos/Flight Test 2/FT2_complete_unprocessed_videos/2023-11-23 14-56-24.mp4,1737,1,190,555,210,574,propagated:0.949
/Users/bround/Desktop/Датасеты/Dataset_Mendeley_data/Unlabelled _UAV_Videos/Flight Test 2/FT2_complete_unprocessed_videos/2023-11-23 14-56-24.mp4,1738,1,191,555,211,574,propagated:0.962
/Users/bround/Desktop/Датасеты/Dataset_Mendeley_data/Unlabelled _UAV_Videos/Flight Test 2/FT2_complete_unprocessed_videos/2023-11-23 14-56-24.mp4,1739,1,192,555,212,574,propagated:0.965
/Users/bround/Desktop/Датасеты/Dataset_Mendeley_data/Unlabelled _UAV_Videos/Flight Test 2/FT2_complete_unprocessed_videos/2023-11-23 14-56-24.mp4,1740,1,193,555,213,574,propagated:0.922
/Users/bround/Desktop/Датасеты/Dataset_Mendeley_data/Unlabelled _UAV_Videos/Flight Test 2/FT2_complete_unprocessed_videos/2023-11-23 14-56-24.mp4,1741,1,195,556,215,575,propagated:0.956
/Users/bround/Desktop/Датасеты/Dataset_Mendeley_data/Unlabelled _UAV_Videos/Flight Test 2/FT2_complete_unprocessed_videos/2023-11-23 14-56-24.mp4,1742,1,196,557,216,576,propagated:0.942
/Users/bround/Desktop/Датасеты/Dataset_Mendeley_data/Unlabelled _UAV_Videos/Flight Test 2/FT2_complete_unprocessed_videos/2023-11-23 14-56-24.mp4,1743,1,197,557,217,576,propagated:0.950
/Users/bround/Desktop/Датасеты/Dataset_Mendeley_data/Unlabelled _UAV_Videos/Flight Test 2/FT2_complete_unprocessed_videos/2023-11-23 14-56-24.mp4,1744,1,199,557,219,576,propagated:0.947
/Users/bround/Desktop/Датасеты/Dataset_Mendeley_data/Unlabelled _UAV_Videos/Flight Test 2/FT2_complete_unprocessed_videos/2023-11-23 14-56-24.mp4,1745,1,200,557,220,576,propagated:0.964
/Users/bround/Desktop/Датасеты/Dataset_Mendeley_data/Unlabelled _UAV_Videos/Flight Test 2/FT2_complete_unprocessed_videos/2023-11-23 14-56-24.mp4,1746,1,201,557,221,576,propagated:0.963
/Users/bround/Desktop/Датасеты/Dataset_Mendeley_data/Unlabelled _UAV_Videos/Flight Test 2/FT2_complete_unprocessed_videos/2023-11-23 14-56-24.mp4,1747,1,202,558,222,577,propagated:0.959
/Users/bround/Desktop/Датасеты/Dataset_Mendeley_data/Unlabelled _UAV_Videos/Flight Test 2/FT2_complete_unprocessed_videos/2023-11-23 14-56-24.mp4,1748,1,204,557,224,576,propagated:0.951
/Users/bround/Desktop/Датасеты/Dataset_Mendeley_data/Unlabelled _UAV_Videos/Flight Test 2/FT2_complete_unprocessed_videos/2023-11-23 14-56-24.mp4,1749,1,204,558,224,577,propagated:0.960
/Users/bround/Desktop/Датасеты/Dataset_Mendeley_data/Unlabelled _UAV_Videos/Flight Test 2/FT2_complete_unprocessed_videos/2023-11-23 14-56-24.mp4,1750,1,204,558,224,577,propagated:0.967
/Users/bround/Desktop/Датасеты/Dataset_Mendeley_data/Unlabelled _UAV_Videos/Flight Test 2/FT2_complete_unprocessed_videos/2023-11-23 14-56-24.mp4,1751,1,204,557,224,576,propagated:0.945
/Users/bround/Desktop/Датасеты/Dataset_Mendeley_data/Unlabelled _UAV_Videos/Flight Test 2/FT2_complete_unprocessed_videos/2023-11-23 14-56-24.mp4,1752,1,206,557,226,576,propagated:0.960
/Users/bround/Desktop/Датасеты/Dataset_Mendeley_data/Unlabelled _UAV_Videos/Flight Test 2/FT2_complete_unprocessed_videos/2023-11-23 14-56-24.mp4,1753,1,208,556,228,575,propagated:0.978
/Users/bround/Desktop/Датасеты/Dataset_Mendeley_data/Unlabelled _UAV_Videos/Flight Test 2/FT2_complete_unprocessed_videos/2023-11-23 14-56-24.mp4,1754,1,210,555,230,574,propagated:0.962
/Users/bround/Desktop/Датасеты/Dataset_Mendeley_data/Unlabelled _UAV_Videos/Flight Test 2/FT2_complete_unprocessed_videos/2023-11-23 14-56-24.mp4,1755,1,211,555,231,574,propagated:0.943
/Users/bround/Desktop/Датасеты/Dataset_Mendeley_data/Unlabelled _UAV_Videos/Flight Test 2/FT2_complete_unprocessed_videos/2023-11-23 14-56-24.mp4,1756,1,216,555,236,574,propagated:0.921
/Users/bround/Desktop/Датасеты/Dataset_Mendeley_data/Unlabelled _UAV_Videos/Flight Test 2/FT2_complete_unprocessed_videos/2023-11-23 14-56-24.mp4,1757,1,220,554,240,573,propagated:0.939
/Users/bround/Desktop/Датасеты/Dataset_Mendeley_data/Unlabelled _UAV_Videos/Flight Test 2/FT2_complete_unprocessed_videos/2023-11-23 14-56-24.mp4,1758,1,221,554,241,573,propagated:0.950
/Users/bround/Desktop/Датасеты/Dataset_Mendeley_data/Unlabelled _UAV_Videos/Flight Test 2/FT2_complete_unprocessed_videos/2023-11-23 14-56-24.mp4,1759,1,223,554,243,573,propagated:0.959
