source,frame_index,visible,x1,y1,x2,y2,note
/Users/bround/Desktop/Датасеты/Dataset_Mendeley_data/Unlabelled _UAV_Videos/Flight Test 1/FT1_segments_of_interest/f3_mini_e/eo/2_minie3_range_medium_close_birds.mp4,0,1,404,436,453,460,manual
/Users/bround/Desktop/Датасеты/Dataset_Mendeley_data/Unlabelled _UAV_Videos/Flight Test 1/FT1_segments_of_interest/f3_mini_e/eo/2_minie3_range_medium_close_birds.mp4,2,1,404,430,453,454,propagated:0.945
/Users/bround/Desktop/Датасеты/Dataset_Mendeley_data/Unlabelled _UAV_Videos/Flight Test 1/FT1_segments_of_interest/f3_mini_e/eo/2_minie3_range_medium_close_birds.mp4,3,1,405,427,454,451,propagated:0.940
/Users/bround/Desktop/Датасеты/Dataset_Mendeley_data/Unlabelled _UAV_Videos/Flight Test 1/FT1_segments_of_interest/f3_mini_e/eo/2_minie3_range_medium_close_birds.mp4,4,1,405,427,454,451,propagated:0.954
/Users/bround/Desktop/Датасеты/Dataset_Mendeley_data/Unlabelled _UAV_Videos/Flight Test 1/FT1_segments_of_interest/f3_mini_e/eo/2_minie3_range_medium_close_birds.mp4,5,1,405,423,454,447,propagated:0.989
/Users/bround/Desktop/Датасеты/Dataset_Mendeley_data/Unlabelled _UAV_Videos/Flight Test 1/FT1_segments_of_interest/f3_mini_e/eo/2_minie3_range_medium_close_birds.mp4,6,1,405,421,454,445,propagated:0.987
/Users/bround/Desktop/Датасеты/Dataset_Mendeley_data/Unlabelled _UAV_Videos/Flight Test 1/FT1_segments_of_interest/f3_mini_e/eo/2_minie3_range_medium_close_birds.mp4,7,1,405,422,454,446,propagated:0.957
/Users/bround/Desktop/Датасеты/Dataset_Mendeley_data/Unlabelled _UAV_Videos/Flight Test 1/FT1_segments_of_interest/f3_mini_e/eo/2_minie3_range_medium_close_birds.mp4,8,1,408,425,457,449,propagated:0.975
/Users/bround/Desktop/Датасеты/Dataset_Mendeley_data/Unlabelled _UAV_Videos/Flight Test 1/FT1_segments_of_interest/f3_mini_e/eo/2_minie3_range_medium_close_birds.mp4,9,1,412,429,461,453,propagated:0.977
/Users/bround/Desktop/Датасеты/Dataset_Mendeley_data/Unlabelled _UAV_Videos/Flight Test 1/FT1_segments_of_interest/f3_mini_e/eo/2_minie3_range_medium_close_birds.mp4,10,1,412,429,461,453,propagated:0.984
/Users/bround/Desktop/Датасеты/Dataset_Mendeley_data/Unlabelled _UAV_Videos/Flight Test 1/FT1_segments_of_interest/f3_mini_e/eo/2_minie3_range_medium_close_birds.mp4,11,1,417,436,466,460,propagated:0.947
/Users/bround/Desktop/Датасеты/Dataset_Mendeley_data/Unlabelled _UAV_Videos/Flight Test 1/FT1_segments_of_interest/f3_mini_e/eo/2_minie3_range_medium_close_birds.mp4,12,1,423,444,472,468,propagated:0.966
/Users/bround/Desktop/Датасеты/Dataset_Mendeley_data/Unlabelled _UAV_Videos/Flight Test 1/FT1_segments_of_interest/f3_mini_e/eo/2_minie3_range_medium_close_birds.mp4,13,1,430,451,479,475,propagated:0.943
/Users/bround/Desktop/Датасеты/Dataset_Mendeley_data/Unlabelled _UAV_Videos/Flight Test 1/FT1_segments_of_interest/f3_mini_e/eo/2_minie3_range_medium_close_birds.mp4,14,1,435,458,484,482,propagated:0.951
/Users/bround/Desktop/Датасеты/Dataset_Mendeley_data/Unlabelled _UAV_Videos/Flight Test 1/FT1_segments_of_interest/f3_mini_e/eo/2_minie3_range_medium_close_birds.mp4,15,1,435,459,484,483,propagated:0.970
/Users/bround/Desktop/Датасеты/Dataset_Mendeley_data/Unlabelled _UAV_Videos/Flight Test 1/FT1_segments_of_interest/f3_mini_e/eo/2_minie3_range_medium_close_birds.mp4,16,1,435,459,484,483,propagated:0.978
/Users/bround/Desktop/Датасеты/Dataset_Mendeley_data/Unlabelled _UAV_Videos/Flight Test 1/FT1_segments_of_interest/f3_mini_e/eo/2_minie3_range_medium_close_birds.mp4,17,1,436,460,485,484,propagated:0.971
/Users/bround/Desktop/Датасеты/Dataset_Mendeley_data/Unlabelled _UAV_Videos/Flight Test 1/FT1_segments_of_interest/f3_mini_e/eo/2_minie3_range_medium_close_birds.mp4,18,1,435,458,484,482,propagated:0.984
/Users/bround/Desktop/Датасеты/Dataset_Mendeley_data/Unlabelled _UAV_Videos/Flight Test 1/FT1_segments_of_interest/f3_mini_e/eo/2_minie3_range_medium_close_birds.mp4,19,1,434,452,483,476,propagated:0.981
/Users/bround/Desktop/Датасеты/Dataset_Mendeley_data/Unlabelled _UAV_Videos/Flight Test 1/FT1_segments_of_interest/f3_mini_e/eo/2_minie3_range_medium_close_birds.mp4,20,1,433,444,482,468,propagated:0.978
/Users/bround/Desktop/Датасеты/Dataset_Mendeley_data/Unlabelled _UAV_Videos/Flight Test 1/FT1_segments_of_interest/f3_mini_e/eo/2_minie3_range_medium_close_birds.mp4,21,1,433,444,482,468,propagated:0.985
/Users/bround/Desktop/Датасеты/Dataset_Mendeley_data/Unlabelled _UAV_Videos/Flight Test 1/FT1_segments_of_interest/f3_mini_e/eo/2_minie3_range_medium_close_birds.mp4,22,1,431,434,480,458,propagated:0.986
/Users/bround/Desktop/Датасеты/Dataset_Mendeley_data/Unlabelled _UAV_Videos/Flight Test 1/FT1_segments_of_interest/f3_mini_e/eo/2_minie3_range_medium_close_birds.mp4,23,1,430,422,479,446,propagated:0.979
/Users/bround/Desktop/Датасеты/Dataset_Mendeley_data/Unlabelled _UAV_Videos/Flight Test 1/FT1_segments_of_interest/f3_mini_e/eo/2_minie3_range_medium_close_birds.mp4,24,1,429,412,478,436,propagated:0.958
/Users/bround/Desktop/Датасеты/Dataset_Mendeley_data/Unlabelled _UAV_Videos/Flight Test 1/FT1_segments_of_interest/f3_mini_e/eo/2_minie3_range_medium_close_birds.mp4,25,1,426,407,475,431,propagated:0.958
/Users/bround/Desktop/Датасеты/Dataset_Mendeley_data/Unlabelled _UAV_Videos/Flight Test 1/FT1_segments_of_interest/f3_mini_e/eo/2_minie3_range_medium_close_birds.mp4,26,1,425,403,474,427,propagated:0.970
/Users/bround/Desktop/Датасеты/Dataset_Mendeley_data/Unlabelled _UAV_Videos/Flight Test 1/FT1_segments_of_interest/f3_mini_e/eo/2_minie3_range_medium_close_birds.mp4,27,1,425,402,474,426,propagated:0.981
/Users/bround/Desktop/Датасеты/Dataset_Mendeley_data/Unlabelled _UAV_Videos/Flight Test 1/FT1_segments_of_interest/f3_mini_e/eo/2_minie3_range_medium_close_birds.mp4,28,1,425,402,474,426,propagated:0.987
/Users/bround/Desktop/Датасеты/Dataset_Mendeley_data/Unlabelled _UAV_Videos/Flight Test 1/FT1_segments_of_interest/f3_mini_e/eo/2_minie3_range_medium_close_birds.mp4,29,1,424,399,473,423,propagated:0.974
/Users/bround/Desktop/Датасеты/Dataset_Mendeley_data/Unlabelled _UAV_Videos/Flight Test 1/FT1_segments_of_interest/f3_mini_e/eo/2_minie3_range_medium_close_birds.mp4,30,1,423,398,472,422,propagated:0.942
/Users/bround/Desktop/Датасеты/Dataset_Mendeley_data/Unlabelled _UAV_Videos/Flight Test 1/FT1_segments_of_interest/f3_mini_e/eo/2_minie3_range_medium_close_birds.mp4,31,1,422,395,471,419,propagated:0.955
/Users/bround/Desktop/Датасеты/Dataset_Mendeley_data/Unlabelled _UAV_Videos/Flight Test 1/FT1_segments_of_interest/f3_mini_e/eo/2_minie3_range_medium_close_birds.mp4,32,1,422,393,471,417,propagated:0.941
/Users/bround/Desktop/Датасеты/Dataset_Mendeley_data/Unlabelled _UAV_Videos/Flight Test 1/FT1_segments_of_interest/f3_mini_e/eo/2_minie3_range_medium_close_birds.mp4,33,1,422,390,471,414,propagated:0.978
/Users/bround/Desktop/Датасеты/Dataset_Mendeley_data/Unlabelled _UAV_Videos/Flight Test 1/FT1_segments_of_interest/f3_mini_e/eo/2_minie3_range_medium_close_birds.mp4,34,1,422,390,471,414,propagated:0.983
/Users/bround/Desktop/Датасеты/Dataset_Mendeley_data/Unlabelled _UAV_Videos/Flight Test 1/FT1_segments_of_interest/f3_mini_e/eo/2_minie3_range_medium_close_birds.mp4,35,1,423,387,472,411,propagated:0.954
/Users/bround/Desktop/Датасеты/Dataset_Mendeley_data/Unlabelled _UAV_Videos/Flight Test 1/FT1_segments_of_interest/f3_mini_e/eo/2_minie3_range_medium_close_birds.mp4,36,1,425,389,474,413,propagated:0.985
/Users/bround/Desktop/Датасеты/Dataset_Mendeley_data/Unlabelled _UAV_Videos/Flight Test 1/FT1_segments_of_interest/f3_mini_e/eo/2_minie3_range_medium_close_birds.mp4,37,1,427,390,476,414,propagated:0.939
/Users/bround/Desktop/Датасеты/Dataset_Mendeley_data/Unlabelled _UAV_Videos/Flight Test 1/FT1_segments_of_interest/f3_mini_e/eo/2_minie3_range_medium_close_birds.mp4,38,1,428,387,477,411,propagated:0.980
/Users/bround/Desktop/Датасеты/Dataset_Mendeley_data/Unlabelled _UAV_Videos/Flight Test 1/FT1_segments_of_interest/f3_mini_e/eo/2_minie3_range_medium_close_birds.mp4,39,1,428,387,477,411,propagated:0.986
/Users/bround/Desktop/Датасеты/Dataset_Mendeley_data/Unlabelled _UAV_Videos/Flight Test 1/FT1_segments_of_interest/f3_mini_e/eo/2_minie3_range_medium_close_birds.mp4,40,1,430,385,479,409,propagated:0.987
/Users/bround/Desktop/Датасеты/Dataset_Mendeley_data/Unlabelled _UAV_Videos/Flight Test 1/FT1_segments_of_interest/f3_mini_e/eo/2_minie3_range_medium_close_birds.mp4,41,1,429,381,478,405,propagated:0.987
/Users/bround/Desktop/Датасеты/Dataset_Mendeley_data/Unlabelled _UAV_Videos/Flight Test 1/FT1_segments_of_interest/f3_mini_e/eo/2_minie3_range_medium_close_birds.mp4,42,1,424,372,473,396,propagated:0.982
/Users/bround/Desktop/Датасеты/Dataset_Mendeley_data/Unlabelled _UAV_Videos/Flight Test 1/FT1_segments_of_interest/f3_mini_e/eo/2_minie3_range_medium_close_birds.mp4,43,1,420,364,469,388,propagated:0.969
/Users/bround/Desktop/Датасеты/Dataset_Mendeley_data/Unlabelled _UAV_Videos/Flight Test 1/FT1_segments_of_interest/f3_mini_e/eo/2_minie3_range_medium_close_birds.mp4,44,1,419,360,468,384,propagated:0.916
/Users/bround/Desktop/Датасеты/Dataset_Mendeley_data/Unlabelled _UAV_Videos/Flight Test 1/FT1_segments_of_interest/f3_mini_e/eo/2_minie3_range_medium_close_birds.mp4,45,1,419,360,468,384,propagated:0.939
/Users/bround/Desktop/Датасеты/Dataset_Mendeley_data/Unlabelled _UAV_Videos/Flight Test 1/FT1_segments_of_interest/f3_mini_e/eo/2_minie3_range_medium_close_birds.mp4,46,1,418,357,467,381,propagated:0.959
/Users/bround/Desktop/Датасеты/Dataset_Mendeley_data/Unlabelled _UAV_Videos/Flight Test 1/FT1_segments_of_interest/f3_mini_e/eo/2_minie3_range_medium_close_birds.mp4,47,1,414,352,463,376,propagated:0.954
/Users/bround/Desktop/Датасеты/Dataset_Mendeley_data/Unlabelled _UAV_Videos/Flight Test 1/FT1_segments_of_interest/f3_mini_e/eo/2_minie3_range_medium_close_birds.mp4,48,1,412,342,461,366,propagated:0.957
/Users/bround/Desktop/Датасеты/Dataset_Mendeley_data/Unlabelled _UAV_Videos/Flight Test 1/FT1_segments_of_interest/f3_mini_e/eo/2_minie3_range_medium_close_birds.mp4,49,1,411,338,460,362,propagated:0.937
/Users/bround/Desktop/Датасеты/Dataset_Mendeley_data/Unlabelled _UAV_Videos/Flight Test 1/FT1_segments_of_interest/f3_mini_e/eo/2_minie3_range_medium_close_birds.mp4,50,1,410,337,459,361,propagated:0.948
/Users/bround/Desktop/Датасеты/Dataset_Mendeley_data/Unlabelled _UAV_Videos/Flight Test 1/FT1_segments_of_interest/f3_mini_e/eo/2_minie3_range_medium_close_birds.mp4,51,1,411,338,460,362,propagated:0.970
/Users/bround/Desktop/Датасеты/Dataset_Mendeley_data/Unlabelled _UAV_Videos/Flight Test 1/FT1_segments_of_interest/f3_mini_e/eo/2_minie3_range_medium_close_birds.mp4,52,1,411,338,460,362,propagated:1.000
/Users/bround/Desktop/Датасеты/Dataset_Mendeley_data/Unlabelled _UAV_Videos/Flight Test 1/FT1_segments_of_interest/f3_mini_e/eo/2_minie3_range_medium_close_birds.mp4,53,1,409,338,458,362,propagated:0.991
/Users/bround/Desktop/Датасеты/Dataset_Mendeley_data/Unlabelled _UAV_Videos/Flight Test 1/FT1_segments_of_interest/f3_mini_e/eo/2_minie3_range_medium_close_birds.mp4,54,1,405,335,454,359,propagated:0.967
/Users/bround/Desktop/Датасеты/Dataset_Mendeley_data/Unlabelled _UAV_Videos/Flight Test 1/FT1_segments_of_interest/f3_mini_e/eo/2_minie3_range_medium_close_birds.mp4,55,1,404,334,453,358,propagated:0.984
/Users/bround/Desktop/Датасеты/Dataset_Mendeley_data/Unlabelled _UAV_Videos/Flight Test 1/FT1_segments_of_interest/f3_mini_e/eo/2_minie3_range_medium_close_birds.mp4,56,1,406,340,455,364,propagated:0.957
/Users/bround/Desktop/Датасеты/Dataset_Mendeley_data/Unlabelled _UAV_Videos/Flight Test 1/FT1_segments_of_interest/f3_mini_e/eo/2_minie3_range_medium_close_birds.mp4,57,1,409,349,458,373,propagated:0.974
/Users/bround/Desktop/Датасеты/Dataset_Mendeley_data/Unlabelled _UAV_Videos/Flight Test 1/FT1_segments_of_interest/f3_mini_e/eo/2_minie3_range_medium_close_birds.mp4,58,1,409,349,458,373,propagated:0.982
/Users/bround/Desktop/Датасеты/Dataset_Mendeley_data/Unlabelled _UAV_Videos/Flight Test 1/FT1_segments_of_interest/f3_mini_e/eo/2_minie3_range_medium_close_birds.mp4,59,1,414,354,463,378,propagated:0.982
/Users/bround/Desktop/Датасеты/Dataset_Mendeley_data/Unlabelled _UAV_Videos/Flight Test 1/FT1_segments_of_interest/f3_mini_e/eo/2_minie3_range_medium_close_birds.mp4,60,1,420,358,469,382,propagated:0.954
/Users/bround/Desktop/Датасеты/Dataset_Mendeley_data/Unlabelled _UAV_Videos/Flight Test 1/FT1_segments_of_interest/f3_mini_e/eo/2_minie3_range_medium_close_birds.mp4,61,1,424,362,473,386,propagated:0.976
/Users/bround/Desktop/Датасеты/Dataset_Mendeley_data/Unlabelled _UAV_Videos/Flight Test 1/FT1_segments_of_interest/f3_mini_e/eo/2_minie3_range_medium_close_birds.mp4,62,1,425,359,474,383,propagated:0.981
/Users/bround/Desktop/Датасеты/Dataset_Mendeley_data/Unlabelled _UAV_Videos/Flight Test 1/FT1_segments_of_interest/f3_mini_e/eo/2_minie3_range_medium_close_birds.mp4,63,1,425,359,474,383,propagated:0.986
/Users/bround/Desktop/Датасеты/Dataset_Mendeley_data/Unlabelled _UAV_Videos/Flight Test 1/FT1_segments_of_interest/f3_mini_e/eo/2_minie3_range_medium_close_birds.mp4,64,1,427,355,476,379,propagated:0.960
/Users/bround/Desktop/Датасеты/Dataset_Mendeley_data/Unlabelled _UAV_Videos/Flight Test 1/FT1_segments_of_interest/f3_mini_e/eo/2_minie3_range_medium_close_birds.mp4,65,1,429,353,478,377,propagated:0.979
/Users/bround/Desktop/Датасеты/Dataset_Mendeley_data/Unlabelled _UAV_Videos/Flight Test 1/FT1_segments_of_interest/f3_mini_e/eo/2_minie3_range_medium_close_birds.mp4,66,1,430,353,479,377,propagated:0.985
/Users/bround/Desktop/Датасеты/Dataset_Mendeley_data/Unlabelled _UAV_Videos/Flight Test 1/FT1_segments_of_interest/f3_mini_e/eo/2_minie3_range_medium_close_birds.mp4,67,1,431,354,480,378,propagated:0.982
/Users/bround/Desktop/Датасеты/Dataset_Mendeley_data/Unlabelled _UAV_Videos/Flight Test 1/FT1_segments_of_interest/f3_mini_e/eo/2_minie3_range_medium_close_birds.mp4,68,1,431,354,480,378,propagated:0.987
/Users/bround/Desktop/Датасеты/Dataset_Mendeley_data/Unlabelled _UAV_Videos/Flight Test 1/FT1_segments_of_interest/f3_mini_e/eo/2_minie3_range_medium_close_birds.mp4,69,1,430,350,479,374,propagated:0.982
/Users/bround/Desktop/Датасеты/Dataset_Mendeley_data/Unlabelled _UAV_Videos/Flight Test 1/FT1_segments_of_interest/f3_mini_e/eo/2_minie3_range_medium_close_birds.mp4,70,1,430,350,479,374,propagated:0.987
/Users/bround/Desktop/Датасеты/Dataset_Mendeley_data/Unlabelled _UAV_Videos/Flight Test 1/FT1_segments_of_interest/f3_mini_e/eo/2_minie3_range_medium_close_birds.mp4,71,1,432,352,481,376,propagated:0.958
/Users/bround/Desktop/Датасеты/Dataset_Mendeley_data/Unlabelled _UAV_Videos/Flight Test 1/FT1_segments_of_interest/f3_mini_e/eo/2_minie3_range_medium_close_birds.mp4,72,1,434,353,483,377,propagated:0.961
/Users/bround/Desktop/Датасеты/Dataset_Mendeley_data/Unlabelled _UAV_Videos/Flight Test 1/FT1_segments_of_interest/f3_mini_e/eo/2_minie3_range_medium_close_birds.mp4,73,1,434,348,483,372,propagated:0.982
/Users/bround/Desktop/Датасеты/Dataset_Mendeley_data/Unlabelled _UAV_Videos/Flight Test 1/FT1_segments_of_interest/f3_mini_e/eo/2_minie3_range_medium_close_birds.mp4,74,1,432,342,481,366,propagated:0.974
/Users/bround/Desktop/Датасеты/Dataset_Mendeley_data/Unlabelled _UAV_Videos/Flight Test 1/FT1_segments_of_interest/f3_mini_e/eo/2_minie3_range_medium_close_birds.mp4,75,1,432,342,481,366,propagated:0.982
/Users/bround/Desktop/Датасеты/Dataset_Mendeley_data/Unlabelled _UAV_Videos/Flight Test 1/FT1_segments_of_interest/f3_mini_e/eo/2_minie3_range_medium_close_birds.mp4,76,1,431,337,480,361,propagated:0.967
/Users/bround/Desktop/Датасеты/Dataset_Mendeley_data/Unlabelled _UAV_Videos/Flight Test 1/FT1_segments_of_interest/f3_mini_e/eo/2_minie3_range_medium_close_birds.mp4,77,1,430,337,479,361,propagated:0.957
/Users/bround/Desktop/Датасеты/Dataset_Mendeley_data/Unlabelled _UAV_Videos/Flight Test 1/FT1_segments_of_interest/f3_mini_e/eo/2_minie3_range_medium_close_birds.mp4,78,1,431,336,480,360,propagated:0.970
/Users/bround/Desktop/Датасеты/Dataset_Mendeley_data/Unlabelled _UAV_Videos/Flight Test 1/FT1_segments_of_interest/f3_mini_e/eo/2_minie3_range_medium_close_birds.mp4,79,1,431,337,480,361,propagated:0.970
/Users/bround/Desktop/Датасеты/Dataset_Mendeley_data/Unlabelled _UAV_Videos/Flight Test 1/FT1_segments_of_interest/f3_mini_e/eo/2_minie3_range_medium_close_birds.mp4,80,1,432,338,481,362,propagated:0.969
/Users/bround/Desktop/Датасеты/Dataset_Mendeley_data/Unlabelled _UAV_Videos/Flight Test 1/FT1_segments_of_interest/f3_mini_e/eo/2_minie3_range_medium_close_birds.mp4,81,1,422,328,488,359,manual
/Users/bround/Desktop/Датасеты/Dataset_Mendeley_data/Unlabelled _UAV_Videos/Flight Test 1/FT1_segments_of_interest/f3_mini_e/eo/2_minie3_range_medium_close_birds.mp4,83,1,413,328,479,359,propagated:0.964
/Users/bround/Desktop/Датасеты/Dataset_Mendeley_data/Unlabelled _UAV_Videos/Flight Test 1/FT1_segments_of_interest/f3_mini_e/eo/2_minie3_range_medium_close_birds.mp4,84,1,398,325,464,356,propagated:0.965
/Users/bround/Desktop/Датасеты/Dataset_Mendeley_data/Unlabelled _UAV_Videos/Flight Test 1/FT1_segments_of_interest/f3_mini_e/eo/2_minie3_range_medium_close_birds.mp4,85,1,393,314,459,345,propagated:0.973
/Users/bround/Desktop/Датасеты/Dataset_Mendeley_data/Unlabelled _UAV_Videos/Flight Test 1/FT1_segments_of_interest/f3_mini_e/eo/2_minie3_range_medium_close_birds.mp4,86,1,390,304,456,335,propagated:0.970
/Users/bround/Desktop/Датасеты/Dataset_Mendeley_data/Unlabelled _UAV_Videos/Flight Test 1/FT1_segments_of_interest/f3_mini_e/eo/2_minie3_range_medium_close_birds.mp4,87,1,384,298,450,329,propagated:0.955
/Users/bround/Desktop/Датасеты/Dataset_Mendeley_data/Unlabelled _UAV_Videos/Flight Test 1/FT1_segments_of_interest/f3_mini_e/eo/2_minie3_range_medium_close_birds.mp4,88,1,384,298,450,329,propagated:0.969
/Users/bround/Desktop/Датасеты/Dataset_Mendeley_data/Unlabelled _UAV_Videos/Flight Test 1/FT1_segments_of_interest/f3_mini_e/eo/2_minie3_range_medium_close_birds.mp4,89,1,370,291,436,322,propagated:0.954
/Users/bround/Desktop/Датасеты/Dataset_Mendeley_data/Unlabelled _UAV_Videos/Flight Test 1/FT1_segments_of_interest/f3_mini_e/eo/2_minie3_range_medium_close_birds.mp4,90,1,343,281,409,312,propagated:0.934
/Users/bround/Desktop/Датасеты/Dataset_Mendeley_data/Unlabelled _UAV_Videos/Flight Test 1/FT1_segments_of_interest/f3_mini_e/eo/2_minie3_range_medium_close_birds.mp4,91,1,323,270,389,301,propagated:0.958
/Users/bround/Desktop/Датасеты/Dataset_Mendeley_data/Unlabelled _UAV_Videos/Flight Test 1/FT1_segments_of_interest/f3_mini_e/eo/2_minie3_range_medium_close_birds.mp4,92,1,310,265,376,296,propagated:0.952
/Users/bround/Desktop/Датасеты/Dataset_Mendeley_data/Unlabelled _UAV_Videos/Flight Test 1/FT1_segments_of_interest/f3_mini_e/eo/2_minie3_range_medium_close_birds.mp4,93,1,310,265,376,296,propagated:1.000
/Users/bround/Desktop/Датасеты/Dataset_Mendeley_data/Unlabelled _UAV_Videos/Flight Test 1/FT1_segments_of_interest/f3_mini_e/eo/2_minie3_range_medium_close_birds.mp4,94,1,304,266,370,297,propagated:0.981
/Users/bround/Desktop/Датасеты/Dataset_Mendeley_data/Unlabelled _UAV_Videos/Flight Test 1/FT1_segments_of_interest/f3_mini_e/eo/2_minie3_range_medium_close_birds.mp4,95,1,298,261,364,292,propagated:0.941
/Users/bround/Desktop/Датасеты/Dataset_Mendeley_data/Unlabelled _UAV_Videos/Flight Test 1/FT1_segments_of_interest/f3_mini_e/eo/2_minie3_range_medium_close_birds.mp4,96,1,294,258,360,289,propagated:0.986
/Users/bround/Desktop/Датасеты/Dataset_Mendeley_data/Unlabelled _UAV_Videos/Flight Test 1/FT1_segments_of_interest/f3_mini_e/eo/2_minie3_range_medium_close_birds.mp4,97,1,289,259,355,290,propagated:0.989
/Users/bround/Desktop/Датасеты/Dataset_Mendeley_data/Unlabelled _UAV_Videos/Flight Test 1/FT1_segments_of_interest/f3_mini_e/eo/2_minie3_range_medium_close_birds.mp4,98,1,285,260,351,291,propagated:0.985
/Users/bround/Desktop/Датасеты/Dataset_Mendeley_data/Unlabelled _UAV_Videos/Flight Test 1/FT1_segments_of_interest/f3_mini_e/eo/2_minie3_range_medium_close_birds.mp4,99,1,285,260,351,291,propagated:0.989
/Users/bround/Desktop/Датасеты/Dataset_Mendeley_data/Unlabelled _UAV_Videos/Flight Test 1/FT1_segments_of_interest/f3_mini_e/eo/2_minie3_range_medium_close_birds.mp4,100,1,278,258,344,289,propagated:0.995
/Users/bround/Desktop/Датасеты/Dataset_Mendeley_data/Unlabelled _UAV_Videos/Flight Test 1/FT1_segments_of_interest/f3_mini_e/eo/2_minie3_range_medium_close_birds.mp4,101,1,265,254,331,285,propagated:0.964
/Users/bround/Desktop/Датасеты/Dataset_Mendeley_data/Unlabelled _UAV_Videos/Flight Test 1/FT1_segments_of_interest/f3_mini_e/eo/2_minie3_range_medium_close_birds.mp4,102,1,256,251,322,282,propagated:0.989
/Users/bround/Desktop/Датасеты/Dataset_Mendeley_data/Unlabelled _UAV_Videos/Flight Test 1/FT1_segments_of_interest/f3_mini_e/eo/2_minie3_range_medium_close_birds.mp4,103,1,251,249,317,280,propagated:0.966
/Users/bround/Desktop/Датасеты/Dataset_Mendeley_data/Unlabelled _UAV_Videos/Flight Test 1/FT1_segments_of_interest/f3_mini_e/eo/2_minie3_range_medium_close_birds.mp4,104,1,248,247,314,278,propagated:0.945
/Users/bround/Desktop/Датасеты/Dataset_Mendeley_data/Unlabelled _UAV_Videos/Flight Test 1/FT1_segments_of_interest/f3_mini_e/eo/2_minie3_range_medium_close_birds.mp4,105,1,248,247,314,278,propagated:0.961
/Users/bround/Desktop/Датасеты/Dataset_Mendeley_data/Unlabelled _UAV_Videos/Flight Test 1/FT1_segments_of_interest/f3_mini_e/eo/2_minie3_range_medium_close_birds.mp4,106,1,248,248,314,279,propagated:0.949
/Users/bround/Desktop/Датасеты/Dataset_Mendeley_data/Unlabelled _UAV_Videos/Flight Test 1/FT1_segments_of_interest/f3_mini_e/eo/2_minie3_range_medium_close_birds.mp4,107,1,253,251,319,282,propagated:0.942
/Users/bround/Desktop/Датасеты/Dataset_Mendeley_data/Unlabelled _UAV_Videos/Flight Test 1/FT1_segments_of_interest/f3_mini_e/eo/2_minie3_range_medium_close_birds.mp4,108,1,259,258,325,289,propagated:0.957
/Users/bround/Desktop/Датасеты/Dataset_Mendeley_data/Unlabelled _UAV_Videos/Flight Test 1/FT1_segments_of_interest/f3_mini_e/eo/2_minie3_range_medium_close_birds.mp4,109,1,269,260,335,291,propagated:0.954
/Users/bround/Desktop/Датасеты/Dataset_Mendeley_data/Unlabelled _UAV_Videos/Flight Test 1/FT1_segments_of_interest/f3_mini_e/eo/2_minie3_range_medium_close_birds.mp4,110,1,274,259,340,290,propagated:0.933
/Users/bround/Desktop/Датасеты/Dataset_Mendeley_data/Unlabelled _UAV_Videos/Flight Test 1/FT1_segments_of_interest/f3_mini_e/eo/2_minie3_range_medium_close_birds.mp4,111,1,279,261,345,292,propagated:0.964
/Users/bround/Desktop/Датасеты/Dataset_Mendeley_data/Unlabelled _UAV_Videos/Flight Test 1/FT1_segments_of_interest/f3_mini_e/eo/2_minie3_range_medium_close_birds.mp4,112,1,279,261,345,292,propagated:0.975
/Users/bround/Desktop/Датасеты/Dataset_Mendeley_data/Unlabelled _UAV_Videos/Flight Test 1/FT1_segments_of_interest/f3_mini_e/eo/2_minie3_range_medium_close_birds.mp4,113,1,287,265,353,296,propagated:0.984
/Users/bround/Desktop/Датасеты/Dataset_Mendeley_data/Unlabelled _UAV_Videos/Flight Test 1/FT1_segments_of_interest/f3_mini_e/eo/2_minie3_range_medium_close_birds.mp4,114,1,294,273,360,304,propagated:0.955
/Users/bround/Desktop/Датасеты/Dataset_Mendeley_data/Unlabelled _UAV_Videos/Flight Test 1/FT1_segments_of_interest/f3_mini_e/eo/2_minie3_range_medium_close_birds.mp4,115,1,301,282,367,313,propagated:0.983
/Users/bround/Desktop/Датасеты/Dataset_Mendeley_data/Unlabelled _UAV_Videos/Flight Test 1/FT1_segments_of_interest/f3_mini_e/eo/2_minie3_range_medium_close_birds.mp4,116,1,305,287,371,318,propagated:0.987
/Users/bround/Desktop/Датасеты/Dataset_Mendeley_data/Unlabelled _UAV_Videos/Flight Test 1/FT1_segments_of_interest/f3_mini_e/eo/2_minie3_range_medium_close_birds.mp4,117,1,308,286,374,317,propagated:0.985
/Users/bround/Desktop/Датасеты/Dataset_Mendeley_data/Unlabelled _UAV_Videos/Flight Test 1/FT1_segments_of_interest/f3_mini_e/eo/2_minie3_range_medium_close_birds.mp4,118,1,308,286,374,317,propagated:0.988
/Users/bround/Desktop/Датасеты/Dataset_Mendeley_data/Unlabelled _UAV_Videos/Flight Test 1/FT1_segments_of_interest/f3_mini_e/eo/2_minie3_range_medium_close_birds.mp4,119,1,315,281,381,312,propagated:0.986
/Users/bround/Desktop/Датасеты/Dataset_Mendeley_data/Unlabelled _UAV_Videos/Flight Test 1/FT1_segments_of_interest/f3_mini_e/eo/2_minie3_range_medium_close_birds.mp4,120,1,322,277,388,308,propagated:0.987
/Users/bround/Desktop/Датасеты/Dataset_Mendeley_data/Unlabelled _UAV_Videos/Flight Test 1/FT1_segments_of_interest/f3_mini_e/eo/2_minie3_range_medium_close_birds.mp4,121,1,329,275,395,306,propagated:0.959
/Users/bround/Desktop/Датасеты/Dataset_Mendeley_data/Unlabelled _UAV_Videos/Flight Test 1/FT1_segments_of_interest/f3_mini_e/eo/2_minie3_range_medium_close_birds.mp4,122,1,335,269,401,300,propagated:0.966
/Users/bround/Desktop/Датасеты/Dataset_Mendeley_data/Unlabelled _UAV_Videos/Flight Test 1/FT1_segments_of_interest/f3_mini_e/eo/2_minie3_range_medium_close_birds.mp4,123,1,341,264,407,295,propagated:0.988
/Users/bround/Desktop/Датасеты/Dataset_Mendeley_data/Unlabelled _UAV_Videos/Flight Test 1/FT1_segments_of_interest/f3_mini_e/eo/2_minie3_range_medium_close_birds.mp4,124,1,341,264,407,295,propagated:0.991
/Users/bround/Desktop/Датасеты/Dataset_Mendeley_data/Unlabelled _UAV_Videos/Flight Test 1/FT1_segments_of_interest/f3_mini_e/eo/2_minie3_range_medium_close_birds.mp4,125,1,346,265,412,296,propagated:0.978
/Users/bround/Desktop/Датасеты/Dataset_Mendeley_data/Unlabelled _UAV_Videos/Flight Test 1/FT1_segments_of_interest/f3_mini_e/eo/2_minie3_range_medium_close_birds.mp4,126,1,348,266,414,297,propagated:0.972
/Users/bround/Desktop/Датасеты/Dataset_Mendeley_data/Unlabelled _UAV_Videos/Flight Test 1/FT1_segments_of_interest/f3_mini_e/eo/2_minie3_range_medium_close_birds.mp4,127,1,349,265,415,296,propagated:0.927
/Users/bround/Desktop/Датасеты/Dataset_Mendeley_data/Unlabelled _UAV_Videos/Flight Test 1/FT1_segments_of_interest/f3_mini_e/eo/2_minie3_range_medium_close_birds.mp4,128,1,349,260,415,291,propagated:0.954
/Users/bround/Desktop/Датасеты/Dataset_Mendeley_data/Unlabelled _UAV_Videos/Flight Test 1/FT1_segments_of_interest/f3_mini_e/eo/2_minie3_range_medium_close_birds.mp4,129,1,350,253,416,284,propagated:0.963
/Users/bround/Desktop/Датасеты/Dataset_Mendeley_data/Unlabelled _UAV_Videos/Flight Test 1/FT1_segments_of_interest/f3_mini_e/eo/2_minie3_range_medium_close_birds.mp4,130,1,350,253,416,284,propagated:0.973
/Users/bround/Desktop/Датасеты/Dataset_Mendeley_data/Unlabelled _UAV_Videos/Flight Test 1/FT1_segments_of_interest/f3_mini_e/eo/2_minie3_range_medium_close_birds.mp4,131,1,348,245,414,276,propagated:0.932
/Users/bround/Desktop/Датасеты/Dataset_Mendeley_data/Unlabelled _UAV_Videos/Flight Test 1/FT1_segments_of_interest/f3_mini_e/eo/2_minie3_range_medium_close_birds.mp4,132,1,346,242,412,273,propagated:0.963
/Users/bround/Desktop/Датасеты/Dataset_Mendeley_data/Unlabelled _UAV_Videos/Flight Test 1/FT1_segments_of_interest/f3_mini_e/eo/2_minie3_range_medium_close_birds.mp4,133,1,347,241,413,272,propagated:0.974
/Users/bround/Desktop/Датасеты/Dataset_Mendeley_data/Unlabelled _UAV_Videos/Flight Test 1/FT1_segments_of_interest/f3_mini_e/eo/2_minie3_range_medium_close_birds.mp4,134,1,345,239,411,270,propagated:0.959
/Users/bround/Desktop/Датасеты/Dataset_Mendeley_data/Unlabelled _UAV_Videos/Flight Test 1/FT1_segments_of_interest/f3_mini_e/eo/2_minie3_range_medium_close_birds.mp4,135,1,340,238,406,269,propagated:0.958
/Users/bround/Desktop/Датасеты/Dataset_Mendeley_data/Unlabelled _UAV_Videos/Flight Test 1/FT1_segments_of_interest/f3_mini_e/eo/2_minie3_range_medium_close_birds.mp4,136,1,340,238,406,269,propagated:0.971
/Users/bround/Desktop/Датасеты/Dataset_Mendeley_data/Unlabelled _UAV_Videos/Flight Test 1/FT1_segments_of_interest/f3_mini_e/eo/2_minie3_range_medium_close_birds.mp4,137,1,332,237,398,268,propagated:0.964
/Users/bround/Desktop/Датасеты/Dataset_Mendeley_data/Unlabelled _UAV_Videos/Flight Test 1/FT1_segments_of_interest/f3_mini_e/eo/2_minie3_range_medium_close_birds.mp4,138,1,319,235,385,266,propagated:0.983
/Users/bround/Desktop/Датасеты/Dataset_Mendeley_data/Unlabelled _UAV_Videos/Flight Test 1/FT1_segments_of_interest/f3_mini_e/eo/2_minie3_range_medium_close_birds.mp4,139,1,302,236,368,267,propagated:0.966
/Users/bround/Desktop/Датасеты/Dataset_Mendeley_data/Unlabelled _UAV_Videos/Flight Test 1/FT1_segments_of_interest/f3_mini_e/eo/2_minie3_range_medium_close_birds.mp4,140,1,280,237,346,268,propagated:0.940
/Users/bround/Desktop/Датасеты/Dataset_Mendeley_data/Unlabelled _UAV_Videos/Flight Test 1/FT1_segments_of_interest/f3_mini_e/eo/2_minie3_range_medium_close_birds.mp4,141,1,257,237,323,268,propagated:0.969
/Users/bround/Desktop/Датасеты/Dataset_Mendeley_data/Unlabelled _UAV_Videos/Flight Test 1/FT1_segments_of_interest/f3_mini_e/eo/2_minie3_range_medium_close_birds.mp4,142,1,257,237,323,268,propagated:0.978
/Users/bround/Desktop/Датасеты/Dataset_Mendeley_data/Unlabelled _UAV_Videos/Flight Test 1/FT1_segments_of_interest/f3_mini_e/eo/2_minie3_range_medium_close_birds.mp4,143,1,239,240,305,271,propagated:0.985
/Users/bround/Desktop/Датасеты/Dataset_Mendeley_data/Unlabelled _UAV_Videos/Flight Test 1/FT1_segments_of_interest/f3_mini_e/eo/2_minie3_range_medium_close_birds.mp4,144,1,236,254,302,285,propagated:0.967
/Users/bround/Desktop/Датасеты/Dataset_Mendeley_data/Unlabelled _UAV_Videos/Flight Test 1/FT1_segments_of_interest/f3_mini_e/eo/2_minie3_range_medium_close_birds.mp4,145,1,240,275,306,306,propagated:0.974
/Users/bround/Desktop/Датасеты/Dataset_Mendeley_data/Unlabelled _UAV_Videos/Flight Test 1/FT1_segments_of_interest/f3_mini_e/eo/2_minie3_range_medium_close_birds.mp4,146,1,247,292,313,323,propagated:0.972
/Users/bround/Desktop/Датасеты/Dataset_Mendeley_data/Unlabelled _UAV_Videos/Flight Test 1/FT1_segments_of_interest/f3_mini_e/eo/2_minie3_range_medium_close_birds.mp4,147,1,250,293,316,324,propagated:0.951
/Users/bround/Desktop/Датасеты/Dataset_Mendeley_data/Unlabelled _UAV_Videos/Flight Test 1/FT1_segments_of_interest/f3_mini_e/eo/2_minie3_range_medium_close_birds.mp4,148,1,250,293,316,324,propagated:0.964
/Users/bround/Desktop/Датасеты/Dataset_Mendeley_data/Unlabelled _UAV_Videos/Flight Test 1/FT1_segments_of_interest/f3_mini_e/eo/2_minie3_range_medium_close_birds.mp4,149,1,251,283,317,314,propagated:0.980
/Users/bround/Desktop/Датасеты/Dataset_Mendeley_data/Unlabelled _UAV_Videos/Flight Test 1/FT1_segments_of_interest/f3_mini_e/eo/2_minie3_range_medium_close_birds.mp4,150,1,253,275,319,306,propagated:0.964
/Users/bround/Desktop/Датасеты/Dataset_Mendeley_data/Unlabelled _UAV_Videos/Flight Test 1/FT1_segments_of_interest/f3_mini_e/eo/2_minie3_range_medium_close_birds.mp4,151,1,255,277,321,308,propagated:0.958
/Users/bround/Desktop/Датасеты/Dataset_Mendeley_data/Unlabelled _UAV_Videos/Flight Test 1/FT1_segments_of_interest/f3_mini_e/eo/2_minie3_range_medium_close_birds.mp4,152,1,259,278,325,309,propagated:0.986
/Users/bround/Desktop/Датасеты/Dataset_Mendeley_data/Unlabelled _UAV_Videos/Flight Test 1/FT1_segments_of_interest/f3_mini_e/eo/2_minie3_range_medium_close_birds.mp4,153,1,259,278,325,309,propagated:1.000
/Users/bround/Desktop/Датасеты/Dataset_Mendeley_data/Unlabelled _UAV_Videos/Flight Test 1/FT1_segments_of_interest/f3_mini_e/eo/2_minie3_range_medium_close_birds.mp4,154,1,260,275,326,306,propagated:0.955
/Users/bround/Desktop/Датасеты/Dataset_Mendeley_data/Unlabelled _UAV_Videos/Flight Test 1/FT1_segments_of_interest/f3_mini_e/eo/2_minie3_range_medium_close_birds.mp4,155,1,259,273,325,304,propagated:0.990
/Users/bround/Desktop/Датасеты/Dataset_Mendeley_data/Unlabelled _UAV_Videos/Flight Test 1/FT1_segments_of_interest/f3_mini_e/eo/2_minie3_range_medium_close_birds.mp4,156,1,259,271,325,302,propagated:0.993
/Users/bround/Desktop/Датасеты/Dataset_Mendeley_data/Unlabelled _UAV_Videos/Flight Test 1/FT1_segments_of_interest/f3_mini_e/eo/2_minie3_range_medium_close_birds.mp4,157,1,260,267,326,298,propagated:0.967
/Users/bround/Desktop/Датасеты/Dataset_Mendeley_data/Unlabelled _UAV_Videos/Flight Test 1/FT1_segments_of_interest/f3_mini_e/eo/2_minie3_range_medium_close_birds.mp4,158,1,260,264,326,295,propagated:0.975
/Users/bround/Desktop/Датасеты/Dataset_Mendeley_data/Unlabelled _UAV_Videos/Flight Test 1/FT1_segments_of_interest/f3_mini_e/eo/2_minie3_range_medium_close_birds.mp4,159,1,260,264,326,295,propagated:0.982
/Users/bround/Desktop/Датасеты/Dataset_Mendeley_data/Unlabelled _UAV_Videos/Flight Test 1/FT1_segments_of_interest/f3_mini_e/eo/2_minie3_range_medium_close_birds.mp4,160,1,261,266,327,297,propagated:0.989
/Users/bround/Desktop/Датасеты/Dataset_Mendeley_data/Unlabelled _UAV_Videos/Flight Test 1/FT1_segments_of_interest/f3_mini_e/eo/2_minie3_range_medium_close_birds.mp4,161,1,265,272,331,303,propagated:0.967
/Users/bround/Desktop/Датасеты/Dataset_Mendeley_data/Unlabelled _UAV_Videos/Flight Test 1/FT1_segments_of_interest/f3_mini_e/eo/2_minie3_range_medium_close_birds.mp4,162,1,273,278,339,309,propagated:0.962
/Users/bround/Desktop/Датасеты/Dataset_Mendeley_data/Unlabelled _UAV_Videos/Flight Test 1/FT1_segments_of_interest/f3_mini_e/eo/2_minie3_range_medium_close_birds.mp4,163,1,275,282,341,313,propagated:0.983
/Users/bround/Desktop/Датасеты/Dataset_Mendeley_data/Unlabelled _UAV_Videos/Flight Test 1/FT1_segments_of_interest/f3_mini_e/eo/2_minie3_range_medium_close_birds.mp4,164,1,279,281,345,312,propagated:0.975
/Users/bround/Desktop/Датасеты/Dataset_Mendeley_data/Unlabelled _UAV_Videos/Flight Test 1/FT1_segments_of_interest/f3_mini_e/eo/2_minie3_range_medium_close_birds.mp4,165,1,287,281,353,312,propagated:0.973
/Users/bround/Desktop/Датасеты/Dataset_Mendeley_data/Unlabelled _UAV_Videos/Flight Test 1/FT1_segments_of_interest/f3_mini_e/eo/2_minie3_range_medium_close_birds.mp4,166,1,287,281,353,312,propagated:0.981
/Users/bround/Desktop/Датасеты/Dataset_Mendeley_data/Unlabelled _UAV_Videos/Flight Test 1/FT1_segments_of_interest/f3_mini_e/eo/2_minie3_range_medium_close_birds.mp4,167,1,300,283,366,314,propagated:0.977
/Users/bround/Desktop/Датасеты/Dataset_Mendeley_data/Unlabelled _UAV_Videos/Flight Test 1/FT1_segments_of_interest/f3_mini_e/eo/2_minie3_range_medium_close_birds.mp4,168,1,313,285,379,316,propagated:0.956
/Users/bround/Desktop/Датасеты/Dataset_Mendeley_data/Unlabelled _UAV_Videos/Flight Test 1/FT1_segments_of_interest/f3_mini_e/eo/2_minie3_range_medium_close_birds.mp4,169,1,328,283,394,314,propagated:0.977
/Users/bround/Desktop/Датасеты/Dataset_Mendeley_data/Unlabelled _UAV_Videos/Flight Test 1/FT1_segments_of_interest/f3_mini_e/eo/2_minie3_range_medium_close_birds.mp4,170,1,337,275,403,306,propagated:0.978
/Users/bround/Desktop/Датасеты/Dataset_Mendeley_data/Unlabelled _UAV_Videos/Flight Test 1/FT1_segments_of_interest/f3_mini_e/eo/2_minie3_range_medium_close_birds.mp4,171,1,337,275,403,306,propagated:0.984
/Users/bround/Desktop/Датасеты/Dataset_Mendeley_data/Unlabelled _UAV_Videos/Flight Test 1/FT1_segments_of_interest/f3_mini_e/eo/2_minie3_range_medium_close_birds.mp4,172,1,345,271,411,302,propagated:0.954
/Users/bround/Desktop/Датасеты/Dataset_Mendeley_data/Unlabelled _UAV_Videos/Flight Test 1/FT1_segments_of_interest/f3_mini_e/eo/2_minie3_range_medium_close_birds.mp4,173,1,356,276,422,307,propagated:0.982
/Users/bround/Desktop/Датасеты/Dataset_Mendeley_data/Unlabelled _UAV_Videos/Flight Test 1/FT1_segments_of_interest/f3_mini_e/eo/2_minie3_range_medium_close_birds.mp4,174,1,362,279,428,310,propagated:0.968
/Users/bround/Desktop/Датасеты/Dataset_Mendeley_data/Unlabelled _UAV_Videos/Flight Test 1/FT1_segments_of_interest/f3_mini_e/eo/2_minie3_range_medium_close_birds.mp4,175,1,360,280,426,311,propagated:0.988
/Users/bround/Desktop/Датасеты/Dataset_Mendeley_data/Unlabelled _UAV_Videos/Flight Test 1/FT1_segments_of_interest/f3_mini_e/eo/2_minie3_range_medium_close_birds.mp4,176,1,353,276,419,307,propagated:0.989
/Users/bround/Desktop/Датасеты/Dataset_Mendeley_data/Unlabelled _UAV_Videos/Flight Test 1/FT1_segments_of_interest/f3_mini_e/eo/2_minie3_range_medium_close_birds.mp4,177,1,349,272,415,303,propagated:0.988
/Users/bround/Desktop/Датасеты/Dataset_Mendeley_data/Unlabelled _UAV_Videos/Flight Test 1/FT1_segments_of_interest/f3_mini_e/eo/2_minie3_range_medium_close_birds.mp4,178,1,349,272,415,303,propagated:0.992
/Users/bround/Desktop/Датасеты/Dataset_Mendeley_data/Unlabelled _UAV_Videos/Flight Test 1/FT1_segments_of_interest/f3_mini_e/eo/2_minie3_range_medium_close_birds.mp4,179,1,348,271,414,302,propagated:0.964
/Users/bround/Desktop/Датасеты/Dataset_Mendeley_data/Unlabelled _UAV_Videos/Flight Test 1/FT1_segments_of_interest/f3_mini_e/eo/2_minie3_range_medium_close_birds.mp4,180,1,350,271,416,302,propagated:0.951
/Users/bround/Desktop/Датасеты/Dataset_Mendeley_data/Unlabelled _UAV_Videos/Flight Test 1/FT1_segments_of_interest/f3_mini_e/eo/2_minie3_range_medium_close_birds.mp4,181,1,357,274,423,305,propagated:0.994
/Users/bround/Desktop/Датасеты/Dataset_Mendeley_data/Unlabelled _UAV_Videos/Flight Test 1/FT1_segments_of_interest/f3_mini_e/eo/2_minie3_range_medium_close_birds.mp4,182,1,358,280,424,311,propagated:0.969
/Users/bround/Desktop/Датасеты/Dataset_Mendeley_data/Unlabelled _UAV_Videos/Flight Test 1/FT1_segments_of_interest/f3_mini_e/eo/2_minie3_range_medium_close_birds.mp4,183,1,358,280,424,311,propagated:1.000
/Users/bround/Desktop/Датасеты/Dataset_Mendeley_data/Unlabelled _UAV_Videos/Flight Test 1/FT1_segments_of_interest/f3_mini_e/eo/2_minie3_range_medium_close_birds.mp4,184,1,357,284,423,315,propagated:0.979
/Users/bround/Desktop/Датасеты/Dataset_Mendeley_data/Unlabelled _UAV_Videos/Flight Test 1/FT1_segments_of_interest/f3_mini_e/eo/2_minie3_range_medium_close_birds.mp4,185,1,357,286,423,317,propagated:0.984
/Users/bround/Desktop/Датасеты/Dataset_Mendeley_data/Unlabelled _UAV_Videos/Flight Test 1/FT1_segments_of_interest/f3_mini_e/eo/2_minie3_range_medium_close_birds.mp4,186,1,356,286,422,317,propagated:0.987
/Users/bround/Desktop/Датасеты/Dataset_Mendeley_data/Unlabelled _UAV_Videos/Flight Test 1/FT1_segments_of_interest/f3_mini_e/eo/2_minie3_range_medium_close_birds.mp4,187,1,358,289,424,320,propagated:0.983
/Users/bround/Desktop/Датасеты/Dataset_Mendeley_data/Unlabelled _UAV_Videos/Flight Test 1/FT1_segments_of_interest/f3_mini_e/eo/2_minie3_range_medium_close_birds.mp4,188,1,365,293,431,324,propagated:0.986
/Users/bround/Desktop/Датасеты/Dataset_Mendeley_data/Unlabelled _UAV_Videos/Flight Test 1/FT1_segments_of_interest/f3_mini_e/eo/2_minie3_range_medium_close_birds.mp4,189,1,373,298,439,329,propagated:0.959
/Users/bround/Desktop/Датасеты/Dataset_Mendeley_data/Unlabelled _UAV_Videos/Flight Test 1/FT1_segments_of_interest/f3_mini_e/eo/2_minie3_range_medium_close_birds.mp4,190,1,373,298,439,329,propagated:0.971
/Users/bround/Desktop/Датасеты/Dataset_Mendeley_data/Unlabelled _UAV_Videos/Flight Test 1/FT1_segments_of_interest/f3_mini_e/eo/2_minie3_range_medium_close_birds.mp4,191,1,380,300,446,331,propagated:0.973
/Users/bround/Desktop/Датасеты/Dataset_Mendeley_data/Unlabelled _UAV_Videos/Flight Test 1/FT1_segments_of_interest/f3_mini_e/eo/2_minie3_range_medium_close_birds.mp4,192,1,382,297,448,328,propagated:0.976
/Users/bround/Desktop/Датасеты/Dataset_Mendeley_data/Unlabelled _UAV_Videos/Flight Test 1/FT1_segments_of_interest/f3_mini_e/eo/2_minie3_range_medium_close_birds.mp4,193,1,383,293,449,324,propagated:0.981
/Users/bround/Desktop/Датасеты/Dataset_Mendeley_data/Unlabelled _UAV_Videos/Flight Test 1/FT1_segments_of_interest/f3_mini_e/eo/2_minie3_range_medium_close_birds.mp4,194,1,384,288,450,319,propagated:0.983
/Users/bround/Desktop/Датасеты/Dataset_Mendeley_data/Unlabelled _UAV_Videos/Flight Test 1/FT1_segments_of_interest/f3_mini_e/eo/2_minie3_range_medium_close_birds.mp4,195,1,384,288,450,319,propagated:0.988
/Users/bround/Desktop/Датасеты/Dataset_Mendeley_data/Unlabelled _UAV_Videos/Flight Test 1/FT1_segments_of_interest/f3_mini_e/eo/2_minie3_range_medium_close_birds.mp4,196,1,383,286,449,317,propagated:0.964
/Users/bround/Desktop/Датасеты/Dataset_Mendeley_data/Unlabelled _UAV_Videos/Flight Test 1/FT1_segments_of_interest/f3_mini_e/eo/2_minie3_range_medium_close_birds.mp4,197,1,382,283,448,314,propagated:0.983
/Users/bround/Desktop/Датасеты/Dataset_Mendeley_data/Unlabelled _UAV_Videos/Flight Test 1/FT1_segments_of_interest/f3_mini_e/eo/2_minie3_range_medium_close_birds.mp4,198,1,384,283,450,314,propagated:0.982
/Users/bround/Desktop/Датасеты/Dataset_Mendeley_data/Unlabelled _UAV_Videos/Flight Test 1/FT1_segments_of_interest/f3_mini_e/eo/2_minie3_range_medium_close_birds.mp4,199,1,388,285,454,316,propagated:0.960
/Users/bround/Desktop/Датасеты/Dataset_Mendeley_data/Unlabelled _UAV_Videos/Flight Test 1/FT1_segments_of_interest/f3_mini_e/eo/2_minie3_range_medium_close_birds.mp4,200,1,390,284,456,315,propagated:0.938
/Users/bround/Desktop/Датасеты/Dataset_Mendeley_data/Unlabelled _UAV_Videos/Flight Test 1/FT1_segments_of_interest/f3_mini_e/eo/2_minie3_range_medium_close_birds.mp4,201,1,390,279,456,310,propagated:0.982
/Users/bround/Desktop/Датасеты/Dataset_Mendeley_data/Unlabelled _UAV_Videos/Flight Test 1/FT1_segments_of_interest/f3_mini_e/eo/2_minie3_range_medium_close_birds.mp4,202,1,390,279,456,310,propagated:0.987
/Users/bround/Desktop/Датасеты/Dataset_Mendeley_data/Unlabelled _UAV_Videos/Flight Test 1/FT1_segments_of_interest/f3_mini_e/eo/2_minie3_range_medium_close_birds.mp4,203,1,392,279,458,310,propagated:0.994
/Users/bround/Desktop/Датасеты/Dataset_Mendeley_data/Unlabelled _UAV_Videos/Flight Test 1/FT1_segments_of_interest/f3_mini_e/eo/2_minie3_range_medium_close_birds.mp4,204,1,394,282,460,313,propagated:0.981
/Users/bround/Desktop/Датасеты/Dataset_Mendeley_data/Unlabelled _UAV_Videos/Flight Test 1/FT1_segments_of_interest/f3_mini_e/eo/2_minie3_range_medium_close_birds.mp4,205,1,396,286,462,317,propagated:0.992
/Users/bround/Desktop/Датасеты/Dataset_Mendeley_data/Unlabelled _UAV_Videos/Flight Test 1/FT1_segments_of_interest/f3_mini_e/eo/2_minie3_range_medium_close_birds.mp4,206,1,399,291,465,322,propagated:0.990
/Users/bround/Desktop/Датасеты/Dataset_Mendeley_data/Unlabelled _UAV_Videos/Flight Test 1/FT1_segments_of_interest/f3_mini_e/eo/2_minie3_range_medium_close_birds.mp4,207,1,402,295,468,326,propagated:0.992
/Users/bround/Desktop/Датасеты/Dataset_Mendeley_data/Unlabelled _UAV_Videos/Flight Test 1/FT1_segments_of_interest/f3_mini_e/eo/2_minie3_range_medium_close_birds.mp4,208,1,402,295,468,326,propagated:0.994
/Users/bround/Desktop/Датасеты/Dataset_Mendeley_data/Unlabelled _UAV_Videos/Flight Test 1/FT1_segments_of_interest/f3_mini_e/eo/2_minie3_range_medium_close_birds.mp4,209,1,404,298,470,329,propagated:0.974
/Users/bround/Desktop/Датасеты/Dataset_Mendeley_data/Unlabelled _UAV_Videos/Flight Test 1/FT1_segments_of_interest/f3_mini_e/eo/2_minie3_range_medium_close_birds.mp4,210,1,411,306,477,337,propagated:0.984
/Users/bround/Desktop/Датасеты/Dataset_Mendeley_data/Unlabelled _UAV_Videos/Flight Test 1/FT1_segments_of_interest/f3_mini_e/eo/2_minie3_range_medium_close_birds.mp4,211,1,419,318,485,349,propagated:0.973
/Users/bround/Desktop/Датасеты/Dataset_Mendeley_data/Unlabelled _UAV_Videos/Flight Test 1/FT1_segments_of_interest/f3_mini_e/eo/2_minie3_range_medium_close_birds.mp4,212,1,422,327,488,358,propagated:0.983
/Users/bround/Desktop/Датасеты/Dataset_Mendeley_data/Unlabelled _UAV_Videos/Flight Test 1/FT1_segments_of_interest/f3_mini_e/eo/2_minie3_range_medium_close_birds.mp4,213,1,422,327,488,358,propagated:1.000
/Users/bround/Desktop/Датасеты/Dataset_Mendeley_data/Unlabelled _UAV_Videos/Flight Test 1/FT1_segments_of_interest/f3_mini_e/eo/2_minie3_range_medium_close_birds.mp4,214,1,420,326,486,357,propagated:0.985
/Users/bround/Desktop/Датасеты/Dataset_Mendeley_data/Unlabelled _UAV_Videos/Flight Test 1/FT1_segments_of_interest/f3_mini_e/eo/2_minie3_range_medium_close_birds.mp4,215,1,420,325,486,356,propagated:0.984
/Users/bround/Desktop/Датасеты/Dataset_Mendeley_data/Unlabelled _UAV_Videos/Flight Test 1/FT1_segments_of_interest/f3_mini_e/eo/2_minie3_range_medium_close_birds.mp4,216,1,422,325,488,356,propagated:0.963
/Users/bround/Desktop/Датасеты/Dataset_Mendeley_data/Unlabelled _UAV_Videos/Flight Test 1/FT1_segments_of_interest/f3_mini_e/eo/2_minie3_range_medium_close_birds.mp4,217,1,422,324,488,355,propagated:0.993
/Users/bround/Desktop/Датасеты/Dataset_Mendeley_data/Unlabelled _UAV_Videos/Flight Test 1/FT1_segments_of_interest/f3_mini_e/eo/2_minie3_range_medium_close_birds.mp4,218,1,423,323,489,354,propagated:0.991
/Users/bround/Desktop/Датасеты/Dataset_Mendeley_data/Unlabelled _UAV_Videos/Flight Test 1/FT1_segments_of_interest/f3_mini_e/eo/2_minie3_range_medium_close_birds.mp4,219,1,423,323,489,354,propagated:0.994
/Users/bround/Desktop/Датасеты/Dataset_Mendeley_data/Unlabelled _UAV_Videos/Flight Test 1/FT1_segments_of_interest/f3_mini_e/eo/2_minie3_range_medium_close_birds.mp4,220,1,422,320,488,351,propagated:0.982
/Users/bround/Desktop/Датасеты/Dataset_Mendeley_data/Unlabelled _UAV_Videos/Flight Test 1/FT1_segments_of_interest/f3_mini_e/eo/2_minie3_range_medium_close_birds.mp4,221,1,420,319,486,350,propagated:0.983
/Users/bround/Desktop/Датасеты/Dataset_Mendeley_data/Unlabelled _UAV_Videos/Flight Test 1/FT1_segments_of_interest/f3_mini_e/eo/2_minie3_range_medium_close_birds.mp4,222,1,417,325,483,356,propagated:0.978
/Users/bround/Desktop/Датасеты/Dataset_Mendeley_data/Unlabelled _UAV_Videos/Flight Test 1/FT1_segments_of_interest/f3_mini_e/eo/2_minie3_range_medium_close_birds.mp4,223,1,414,332,480,363,propagated:0.994
/Users/bround/Desktop/Датасеты/Dataset_Mendeley_data/Unlabelled _UAV_Videos/Flight Test 1/FT1_segments_of_interest/f3_mini_e/eo/2_minie3_range_medium_close_birds.mp4,224,1,409,336,475,367,propagated:0.948
/Users/bround/Desktop/Датасеты/Dataset_Mendeley_data/Unlabelled _UAV_Videos/Flight Test 1/FT1_segments_of_interest/f3_mini_e/eo/2_minie3_range_medium_close_birds.mp4,225,1,407,338,473,369,propagated:0.950
/Users/bround/Desktop/Датасеты/Dataset_Mendeley_data/Unlabelled _UAV_Videos/Flight Test 1/FT1_segments_of_interest/f3_mini_e/eo/2_minie3_range_medium_close_birds.mp4,226,1,407,338,473,369,propagated:0.964
/Users/bround/Desktop/Датасеты/Dataset_Mendeley_data/Unlabelled _UAV_Videos/Flight Test 1/FT1_segments_of_interest/f3_mini_e/eo/2_minie3_range_medium_close_birds.mp4,227,1,406,342,472,373,propagated:0.990
/Users/bround/Desktop/Датасеты/Dataset_Mendeley_data/Unlabelled _UAV_Videos/Flight Test 1/FT1_segments_of_interest/f3_mini_e/eo/2_minie3_range_medium_close_birds.mp4,228,1,404,343,470,374,propagated:0.961
/Users/bround/Desktop/Датасеты/Dataset_Mendeley_data/Unlabelled _UAV_Videos/Flight Test 1/FT1_segments_of_interest/f3_mini_e/eo/2_minie3_range_medium_close_birds.mp4,229,1,403,340,469,371,propagated:0.981
/Users/bround/Desktop/Датасеты/Dataset_Mendeley_data/Unlabelled _UAV_Videos/Flight Test 1/FT1_segments_of_interest/f3_mini_e/eo/2_minie3_range_medium_close_birds.mp4,230,1,404,339,470,370,propagated:0.981
/Users/bround/Desktop/Датасеты/Dataset_Mendeley_data/Unlabelled _UAV_Videos/Flight Test 1/FT1_segments_of_interest/f3_mini_e/eo/2_minie3_range_medium_close_birds.mp4,231,1,404,339,470,370,propagated:0.987
/Users/bround/Desktop/Датасеты/Dataset_Mendeley_data/Unlabelled _UAV_Videos/Flight Test 1/FT1_segments_of_interest/f3_mini_e/eo/2_minie3_range_medium_close_birds.mp4,232,1,404,340,470,371,propagated:0.977
/Users/bround/Desktop/Датасеты/Dataset_Mendeley_data/Unlabelled _UAV_Videos/Flight Test 1/FT1_segments_of_interest/f3_mini_e/eo/2_minie3_range_medium_close_birds.mp4,233,1,402,338,468,369,propagated:0.976
/Users/bround/Desktop/Датасеты/Dataset_Mendeley_data/Unlabelled _UAV_Videos/Flight Test 1/FT1_segments_of_interest/f3_mini_e/eo/2_minie3_range_medium_close_birds.mp4,234,1,401,338,467,369,propagated:0.985
/Users/bround/Desktop/Датасеты/Dataset_Mendeley_data/Unlabelled _UAV_Videos/Flight Test 1/FT1_segments_of_interest/f3_mini_e/eo/2_minie3_range_medium_close_birds.mp4,235,1,402,341,468,372,propagated:0.982
/Users/bround/Desktop/Датасеты/Dataset_Mendeley_data/Unlabelled _UAV_Videos/Flight Test 1/FT1_segments_of_interest/f3_mini_e/eo/2_minie3_range_medium_close_birds.mp4,236,1,403,343,469,374,propagated:0.985
/Users/bround/Desktop/Датасеты/Dataset_Mendeley_data/Unlabelled _UAV_Videos/Flight Test 1/FT1_segments_of_interest/f3_mini_e/eo/2_minie3_range_medium_close_birds.mp4,237,1,402,342,468,373,propagated:0.981
/Users/bround/Desktop/Датасеты/Dataset_Mendeley_data/Unlabelled _UAV_Videos/Flight Test 1/FT1_segments_of_interest/f3_mini_e/eo/2_minie3_range_medium_close_birds.mp4,238,1,402,342,468,373,propagated:0.986
/Users/bround/Desktop/Датасеты/Dataset_Mendeley_data/Unlabelled _UAV_Videos/Flight Test 1/FT1_segments_of_interest/f3_mini_e/eo/2_minie3_range_medium_close_birds.mp4,239,1,404,341,470,372,propagated:0.986
/Users/bround/Desktop/Датасеты/Dataset_Mendeley_data/Unlabelled _UAV_Videos/Flight Test 1/FT1_segments_of_interest/f3_mini_e/eo/2_minie3_range_medium_close_birds.mp4,240,1,406,344,472,375,propagated:0.982
/Users/bround/Desktop/Датасеты/Dataset_Mendeley_data/Unlabelled _UAV_Videos/Flight Test 1/FT1_segments_of_interest/f3_mini_e/eo/2_minie3_range_medium_close_birds.mp4,241,1,409,348,475,379,propagated:0.964
/Users/bround/Desktop/Датасеты/Dataset_Mendeley_data/Unlabelled _UAV_Videos/Flight Test 1/FT1_segments_of_interest/f3_mini_e/eo/2_minie3_range_medium_close_birds.mp4,242,1,412,350,478,381,propagated:0.979
/Users/bround/Desktop/Датасеты/Dataset_Mendeley_data/Unlabelled _UAV_Videos/Flight Test 1/FT1_segments_of_interest/f3_mini_e/eo/2_minie3_range_medium_close_birds.mp4,243,1,412,350,478,381,propagated:1.000
/Users/bround/Desktop/Датасеты/Dataset_Mendeley_data/Unlabelled _UAV_Videos/Flight Test 1/FT1_segments_of_interest/f3_mini_e/eo/2_minie3_range_medium_close_birds.mp4,244,1,413,351,479,382,propagated:0.991
/Users/bround/Desktop/Датасеты/Dataset_Mendeley_data/Unlabelled _UAV_Videos/Flight Test 1/FT1_segments_of_interest/f3_mini_e/eo/2_minie3_range_medium_close_birds.mp4,245,1,414,352,480,383,propagated:0.987
/Users/bround/Desktop/Датасеты/Dataset_Mendeley_data/Unlabelled _UAV_Videos/Flight Test 1/FT1_segments_of_interest/f3_mini_e/eo/2_minie3_range_medium_close_birds.mp4,246,1,414,353,480,384,propagated:0.992
/Users/bround/Desktop/Датасеты/Dataset_Mendeley_data/Unlabelled _UAV_Videos/Flight Test 1/FT1_segments_of_interest/f3_mini_e/eo/2_minie3_range_medium_close_birds.mp4,247,1,415,353,481,384,propagated:0.990
/Users/bround/Desktop/Датасеты/Dataset_Mendeley_data/Unlabelled _UAV_Videos/Flight Test 1/FT1_segments_of_interest/f3_mini_e/eo/2_minie3_range_medium_close_birds.mp4,248,1,413,354,479,385,propagated:0.987
/Users/bround/Desktop/Датасеты/Dataset_Mendeley_data/Unlabelled _UAV_Videos/Flight Test 1/FT1_segments_of_interest/f3_mini_e/eo/2_minie3_range_medium_close_birds.mp4,249,1,413,354,479,385,propagated:0.991
/Users/bround/Desktop/Датасеты/Dataset_Mendeley_data/Unlabelled _UAV_Videos/Flight Test 1/FT1_segments_of_interest/f3_mini_e/eo/2_minie3_range_medium_close_birds.mp4,250,1,414,352,480,383,propagated:0.994
/Users/bround/Desktop/Датасеты/Dataset_Mendeley_data/Unlabelled _UAV_Videos/Flight Test 1/FT1_segments_of_interest/f3_mini_e/eo/2_minie3_range_medium_close_birds.mp4,251,1,419,350,485,381,propagated:0.978
/Users/bround/Desktop/Датасеты/Dataset_Mendeley_data/Unlabelled _UAV_Videos/Flight Test 1/FT1_segments_of_interest/f3_mini_e/eo/2_minie3_range_medium_close_birds.mp4,252,1,422,351,488,382,propagated:0.960
/Users/bround/Desktop/Датасеты/Dataset_Mendeley_data/Unlabelled _UAV_Videos/Flight Test 1/FT1_segments_of_interest/f3_mini_e/eo/2_minie3_range_medium_close_birds.mp4,253,1,425,352,491,383,propagated:0.978
/Users/bround/Desktop/Датасеты/Dataset_Mendeley_data/Unlabelled _UAV_Videos/Flight Test 1/FT1_segments_of_interest/f3_mini_e/eo/2_minie3_range_medium_close_birds.mp4,254,1,429,357,495,388,propagated:0.972
/Users/bround/Desktop/Датасеты/Dataset_Mendeley_data/Unlabelled _UAV_Videos/Flight Test 1/FT1_segments_of_interest/f3_mini_e/eo/2_minie3_range_medium_close_birds.mp4,255,1,430,362,496,393,propagated:0.985
/Users/bround/Desktop/Датасеты/Dataset_Mendeley_data/Unlabelled _UAV_Videos/Flight Test 1/FT1_segments_of_interest/f3_mini_e/eo/2_minie3_range_medium_close_birds.mp4,256,1,430,362,496,393,propagated:0.990
/Users/bround/Desktop/Датасеты/Dataset_Mendeley_data/Unlabelled _UAV_Videos/Flight Test 1/FT1_segments_of_interest/f3_mini_e/eo/2_minie3_range_medium_close_birds.mp4,257,1,432,370,498,401,propagated:0.978
/Users/bround/Desktop/Датасеты/Dataset_Mendeley_data/Unlabelled _UAV_Videos/Flight Test 1/FT1_segments_of_interest/f3_mini_e/eo/2_minie3_range_medium_close_birds.mp4,258,1,435,378,501,409,propagated:0.982
/Users/bround/Desktop/Датасеты/Dataset_Mendeley_data/Unlabelled _UAV_Videos/Flight Test 1/FT1_segments_of_interest/f3_mini_e/eo/2_minie3_range_medium_close_birds.mp4,259,1,436,383,502,414,propagated:0.994
/Users/bround/Desktop/Датасеты/Dataset_Mendeley_data/Unlabelled _UAV_Videos/Flight Test 1/FT1_segments_of_interest/f3_mini_e/eo/2_minie3_range_medium_close_birds.mp4,260,1,436,386,502,417,propagated:0.975
/Users/bround/Desktop/Датасеты/Dataset_Mendeley_data/Unlabelled _UAV_Videos/Flight Test 1/FT1_segments_of_interest/f3_mini_e/eo/2_minie3_range_medium_close_birds.mp4,261,1,437,390,503,421,propagated:0.990
/Users/bround/Desktop/Датасеты/Dataset_Mendeley_data/Unlabelled _UAV_Videos/Flight Test 1/FT1_segments_of_interest/f3_mini_e/eo/2_minie3_range_medium_close_birds.mp4,262,1,437,390,503,421,propagated:0.993
/Users/bround/Desktop/Датасеты/Dataset_Mendeley_data/Unlabelled _UAV_Videos/Flight Test 1/FT1_segments_of_interest/f3_mini_e/eo/2_minie3_range_medium_close_birds.mp4,263,1,438,392,504,423,propagated:0.961
/Users/bround/Desktop/Датасеты/Dataset_Mendeley_data/Unlabelled _UAV_Videos/Flight Test 1/FT1_segments_of_interest/f3_mini_e/eo/2_minie3_range_medium_close_birds.mp4,264,1,439,394,505,425,propagated:0.965
/Users/bround/Desktop/Датасеты/Dataset_Mendeley_data/Unlabelled _UAV_Videos/Flight Test 1/FT1_segments_of_interest/f3_mini_e/eo/2_minie3_range_medium_close_birds.mp4,265,1,441,395,507,426,propagated:0.994
/Users/bround/Desktop/Датасеты/Dataset_Mendeley_data/Unlabelled _UAV_Videos/Flight Test 1/FT1_segments_of_interest/f3_mini_e/eo/2_minie3_range_medium_close_birds.mp4,266,1,440,393,506,424,propagated:0.985
/Users/bround/Desktop/Датасеты/Dataset_Mendeley_data/Unlabelled _UAV_Videos/Flight Test 1/FT1_segments_of_interest/f3_mini_e/eo/2_minie3_range_medium_close_birds.mp4,267,1,440,393,506,424,propagated:0.987
/Users/bround/Desktop/Датасеты/Dataset_Mendeley_data/Unlabelled _UAV_Videos/Flight Test 1/FT1_segments_of_interest/f3_mini_e/eo/2_minie3_range_medium_close_birds.mp4,268,1,440,393,506,424,propagated:0.991
/Users/bround/Desktop/Датасеты/Dataset_Mendeley_data/Unlabelled _UAV_Videos/Flight Test 1/FT1_segments_of_interest/f3_mini_e/eo/2_minie3_range_medium_close_birds.mp4,269,1,438,393,504,424,propagated:0.992
/Users/bround/Desktop/Датасеты/Dataset_Mendeley_data/Unlabelled _UAV_Videos/Flight Test 1/FT1_segments_of_interest/f3_mini_e/eo/2_minie3_range_medium_close_birds.mp4,270,1,438,392,504,423,propagated:0.981
/Users/bround/Desktop/Датасеты/Dataset_Mendeley_data/Unlabelled _UAV_Videos/Flight Test 1/FT1_segments_of_interest/f3_mini_e/eo/2_minie3_range_medium_close_birds.mp4,271,1,437,392,503,423,propagated:0.987
/Users/bround/Desktop/Датасеты/Dataset_Mendeley_data/Unlabelled _UAV_Videos/Flight Test 1/FT1_segments_of_interest/f3_mini_e/eo/2_minie3_range_medium_close_birds.mp4,272,1,436,390,502,421,propagated:0.991
/Users/bround/Desktop/Датасеты/Dataset_Mendeley_data/Unlabelled _UAV_Videos/Flight Test 1/FT1_segments_of_interest/f3_mini_e/eo/2_minie3_range_medium_close_birds.mp4,273,1,434,388,500,419,propagated:0.996
/Users/bround/Desktop/Датасеты/Dataset_Mendeley_data/Unlabelled _UAV_Videos/Flight Test 1/FT1_segments_of_interest/f3_mini_e/eo/2_minie3_range_medium_close_birds.mp4,274,1,434,388,500,419,propagated:0.997
/Users/bround/Desktop/Датасеты/Dataset_Mendeley_data/Unlabelled _UAV_Videos/Flight Test 1/FT1_segments_of_interest/f3_mini_e/eo/2_minie3_range_medium_close_birds.mp4,275,1,432,388,498,419,propagated:0.992
/Users/bround/Desktop/Датасеты/Dataset_Mendeley_data/Unlabelled _UAV_Videos/Flight Test 1/FT1_segments_of_interest/f3_mini_e/eo/2_minie3_range_medium_close_birds.mp4,276,1,432,389,498,420,propagated:0.975
/Users/bround/Desktop/Датасеты/Dataset_Mendeley_data/Unlabelled _UAV_Videos/Flight Test 1/FT1_segments_of_interest/f3_mini_e/eo/2_minie3_range_medium_close_birds.mp4,277,1,435,389,501,420,propagated:0.989
/Users/bround/Desktop/Датасеты/Dataset_Mendeley_data/Unlabelled _UAV_Videos/Flight Test 1/FT1_segments_of_interest/f3_mini_e/eo/2_minie3_range_medium_close_birds.mp4,278,1,437,390,503,421,propagated:0.969
/Users/bround/Desktop/Датасеты/Dataset_Mendeley_data/Unlabelled _UAV_Videos/Flight Test 1/FT1_segments_of_interest/f3_mini_e/eo/2_minie3_range_medium_close_birds.mp4,279,1,437,390,503,421,propagated:0.978
/Users/bround/Desktop/Датасеты/Dataset_Mendeley_data/Unlabelled _UAV_Videos/Flight Test 1/FT1_segments_of_interest/f3_mini_e/eo/2_minie3_range_medium_close_birds.mp4,280,1,438,389,504,420,propagated:0.971
/Users/bround/Desktop/Датасеты/Dataset_Mendeley_data/Unlabelled _UAV_Videos/Flight Test 1/FT1_segments_of_interest/f3_mini_e/eo/2_minie3_range_medium_close_birds.mp4,281,1,436,383,502,414,propagated:0.969
/Users/bround/Desktop/Датасеты/Dataset_Mendeley_data/Unlabelled _UAV_Videos/Flight Test 1/FT1_segments_of_interest/f3_mini_e/eo/2_minie3_range_medium_close_birds.mp4,282,1,435,381,501,412,propagated:0.990
/Users/bround/Desktop/Датасеты/Dataset_Mendeley_data/Unlabelled _UAV_Videos/Flight Test 1/FT1_segments_of_interest/f3_mini_e/eo/2_minie3_range_medium_close_birds.mp4,283,1,432,379,498,410,propagated:0.993
/Users/bround/Desktop/Датасеты/Dataset_Mendeley_data/Unlabelled _UAV_Videos/Flight Test 1/FT1_segments_of_interest/f3_mini_e/eo/2_minie3_range_medium_close_birds.mp4,284,1,428,377,494,408,propagated:0.961
/Users/bround/Desktop/Датасеты/Dataset_Mendeley_data/Unlabelled _UAV_Videos/Flight Test 1/FT1_segments_of_interest/f3_mini_e/eo/2_minie3_range_medium_close_birds.mp4,285,1,428,377,494,408,propagated:0.972
/Users/bround/Desktop/Датасеты/Dataset_Mendeley_data/Unlabelled _UAV_Videos/Flight Test 1/FT1_segments_of_interest/f3_mini_e/eo/2_minie3_range_medium_close_birds.mp4,286,1,427,373,493,404,propagated:0.996
/Users/bround/Desktop/Датасеты/Dataset_Mendeley_data/Unlabelled _UAV_Videos/Flight Test 1/FT1_segments_of_interest/f3_mini_e/eo/2_minie3_range_medium_close_birds.mp4,287,1,429,369,495,400,propagated:0.963
/Users/bround/Desktop/Датасеты/Dataset_Mendeley_data/Unlabelled _UAV_Videos/Flight Test 1/FT1_segments_of_interest/f3_mini_e/eo/2_minie3_range_medium_close_birds.mp4,288,1,431,364,497,395,propagated:0.987
/Users/bround/Desktop/Датасеты/Dataset_Mendeley_data/Unlabelled _UAV_Videos/Flight Test 1/FT1_segments_of_interest/f3_mini_e/eo/2_minie3_range_medium_close_birds.mp4,289,1,432,358,498,389,propagated:0.976
/Users/bround/Desktop/Датасеты/Dataset_Mendeley_data/Unlabelled _UAV_Videos/Flight Test 1/FT1_segments_of_interest/f3_mini_e/eo/2_minie3_range_medium_close_birds.mp4,290,1,431,354,497,385,propagated:0.987
/Users/bround/Desktop/Датасеты/Dataset_Mendeley_data/Unlabelled _UAV_Videos/Flight Test 1/FT1_segments_of_interest/f3_mini_e/eo/2_minie3_range_medium_close_birds.mp4,291,1,431,354,497,385,propagated:0.991
/Users/bround/Desktop/Датасеты/Dataset_Mendeley_data/Unlabelled _UAV_Videos/Flight Test 1/FT1_segments_of_interest/f3_mini_e/eo/2_minie3_range_medium_close_birds.mp4,292,1,431,349,497,380,propagated:0.978
/Users/bround/Desktop/Датасеты/Dataset_Mendeley_data/Unlabelled _UAV_Videos/Flight Test 1/FT1_segments_of_interest/f3_mini_e/eo/2_minie3_range_medium_close_birds.mp4,293,1,432,348,498,379,propagated:0.976
/Users/bround/Desktop/Датасеты/Dataset_Mendeley_data/Unlabelled _UAV_Videos/Flight Test 1/FT1_segments_of_interest/f3_mini_e/eo/2_minie3_range_medium_close_birds.mp4,294,1,431,350,497,381,propagated:0.980
/Users/bround/Desktop/Датасеты/Dataset_Mendeley_data/Unlabelled _UAV_Videos/Flight Test 1/FT1_segments_of_interest/f3_mini_e/eo/2_minie3_range_medium_close_birds.mp4,295,1,432,352,498,383,propagated:0.975
/Users/bround/Desktop/Датасеты/Dataset_Mendeley_data/Unlabelled _UAV_Videos/Flight Test 1/FT1_segments_of_interest/f3_mini_e/eo/2_minie3_range_medium_close_birds.mp4,296,1,433,352,499,383,propagated:0.991
/Users/bround/Desktop/Датасеты/Dataset_Mendeley_data/Unlabelled _UAV_Videos/Flight Test 1/FT1_segments_of_interest/f3_mini_e/eo/2_minie3_range_medium_close_birds.mp4,297,1,435,351,501,382,propagated:0.984
/Users/bround/Desktop/Датасеты/Dataset_Mendeley_data/Unlabelled _UAV_Videos/Flight Test 1/FT1_segments_of_interest/f3_mini_e/eo/2_minie3_range_medium_close_birds.mp4,298,1,435,351,501,382,propagated:0.989
/Users/bround/Desktop/Датасеты/Dataset_Mendeley_data/Unlabelled _UAV_Videos/Flight Test 1/FT1_segments_of_interest/f3_mini_e/eo/2_minie3_range_medium_close_birds.mp4,299,1,436,346,502,377,propagated:0.971
/Users/bround/Desktop/Датасеты/Dataset_Mendeley_data/Unlabelled _UAV_Videos/Flight Test 1/FT1_segments_of_interest/f3_mini_e/eo/2_minie3_range_medium_close_birds.mp4,300,1,436,340,502,371,propagated:0.977
/Users/bround/Desktop/Датасеты/Dataset_Mendeley_data/Unlabelled _UAV_Videos/Flight Test 1/FT1_segments_of_interest/f3_mini_e/eo/2_minie3_range_medium_close_birds.mp4,301,1,437,339,503,370,propagated:0.990
/Users/bround/Desktop/Датасеты/Dataset_Mendeley_data/Unlabelled _UAV_Videos/Flight Test 1/FT1_segments_of_interest/f3_mini_e/eo/2_minie3_range_medium_close_birds.mp4,302,1,439,342,505,373,propagated:0.984
/Users/bround/Desktop/Датасеты/Dataset_Mendeley_data/Unlabelled _UAV_Videos/Flight Test 1/FT1_segments_of_interest/f3_mini_e/eo/2_minie3_range_medium_close_birds.mp4,303,1,439,342,505,373,propagated:1.000
/Users/bround/Desktop/Датасеты/Dataset_Mendeley_data/Unlabelled _UAV_Videos/Flight Test 1/FT1_segments_of_interest/f3_mini_e/eo/2_minie3_range_medium_close_birds.mp4,304,1,443,349,509,380,propagated:0.981
/Users/bround/Desktop/Датасеты/Dataset_Mendeley_data/Unlabelled _UAV_Videos/Flight Test 1/FT1_segments_of_interest/f3_mini_e/eo/2_minie3_range_medium_close_birds.mp4,305,1,446,353,512,384,propagated:0.989
/Users/bround/Desktop/Датасеты/Dataset_Mendeley_data/Unlabelled _UAV_Videos/Flight Test 1/FT1_segments_of_interest/f3_mini_e/eo/2_minie3_range_medium_close_birds.mp4,306,1,447,356,513,387,propagated:0.991
/Users/bround/Desktop/Датасеты/Dataset_Mendeley_data/Unlabelled _UAV_Videos/Flight Test 1/FT1_segments_of_interest/f3_mini_e/eo/2_minie3_range_medium_close_birds.mp4,307,1,450,355,516,386,propagated:0.980
/Users/bround/Desktop/Датасеты/Dataset_Mendeley_data/Unlabelled _UAV_Videos/Flight Test 1/FT1_segments_of_interest/f3_mini_e/eo/2_minie3_range_medium_close_birds.mp4,308,1,458,351,524,382,propagated:0.981
/Users/bround/Desktop/Датасеты/Dataset_Mendeley_data/Unlabelled _UAV_Videos/Flight Test 1/FT1_segments_of_interest/f3_mini_e/eo/2_minie3_range_medium_close_birds.mp4,309,1,459,345,525,376,propagated:0.977
/Users/bround/Desktop/Датасеты/Dataset_Mendeley_data/Unlabelled _UAV_Videos/Flight Test 1/FT1_segments_of_interest/f3_mini_e/eo/2_minie3_range_medium_close_birds.mp4,310,1,459,345,525,376,propagated:0.984
/Users/bround/Desktop/Датасеты/Dataset_Mendeley_data/Unlabelled _UAV_Videos/Flight Test 1/FT1_segments_of_interest/f3_mini_e/eo/2_minie3_range_medium_close_birds.mp4,311,1,458,341,524,372,propagated:0.983
/Users/bround/Desktop/Датасеты/Dataset_Mendeley_data/Unlabelled _UAV_Videos/Flight Test 1/FT1_segments_of_interest/f3_mini_e/eo/2_minie3_range_medium_close_birds.mp4,312,1,456,340,522,371,propagated:0.988
/Users/bround/Desktop/Датасеты/Dataset_Mendeley_data/Unlabelled _UAV_Videos/Flight Test 1/FT1_segments_of_interest/f3_mini_e/eo/2_minie3_range_medium_close_birds.mp4,313,1,455,340,521,371,propagated:0.982
/Users/bround/Desktop/Датасеты/Dataset_Mendeley_data/Unlabelled _UAV_Videos/Flight Test 1/FT1_segments_of_interest/f3_mini_e/eo/2_minie3_range_medium_close_birds.mp4,314,1,454,344,520,375,propagated:0.993
/Users/bround/Desktop/Датасеты/Dataset_Mendeley_data/Unlabelled _UAV_Videos/Flight Test 1/FT1_segments_of_interest/f3_mini_e/eo/2_minie3_range_medium_close_birds.mp4,315,1,454,344,520,375,propagated:0.995
/Users/bround/Desktop/Датасеты/Dataset_Mendeley_data/Unlabelled _UAV_Videos/Flight Test 1/FT1_segments_of_interest/f3_mini_e/eo/2_minie3_range_medium_close_birds.mp4,316,1,453,344,519,375,propagated:0.994
/Users/bround/Desktop/Датасеты/Dataset_Mendeley_data/Unlabelled _UAV_Videos/Flight Test 1/FT1_segments_of_interest/f3_mini_e/eo/2_minie3_range_medium_close_birds.mp4,317,1,452,339,518,370,propagated:0.992
/Users/bround/Desktop/Датасеты/Dataset_Mendeley_data/Unlabelled _UAV_Videos/Flight Test 1/FT1_segments_of_interest/f3_mini_e/eo/2_minie3_range_medium_close_birds.mp4,318,1,452,335,518,366,propagated:0.992
/Users/bround/Desktop/Датасеты/Dataset_Mendeley_data/Unlabelled _UAV_Videos/Flight Test 1/FT1_segments_of_interest/f3_mini_e/eo/2_minie3_range_medium_close_birds.mp4,319,1,450,331,516,362,propagated:0.964
/Users/bround/Desktop/Датасеты/Dataset_Mendeley_data/Unlabelled _UAV_Videos/Flight Test 1/FT1_segments_of_interest/f3_mini_e/eo/2_minie3_range_medium_close_birds.mp4,320,1,450,328,516,359,propagated:0.987
/Users/bround/Desktop/Датасеты/Dataset_Mendeley_data/Unlabelled _UAV_Videos/Flight Test 1/FT1_segments_of_interest/f3_mini_e/eo/2_minie3_range_medium_close_birds.mp4,321,1,450,328,516,359,propagated:0.991
/Users/bround/Desktop/Датасеты/Dataset_Mendeley_data/Unlabelled _UAV_Videos/Flight Test 1/FT1_segments_of_interest/f3_mini_e/eo/2_minie3_range_medium_close_birds.mp4,322,1,450,327,516,358,propagated:0.980
/Users/bround/Desktop/Датасеты/Dataset_Mendeley_data/Unlabelled _UAV_Videos/Flight Test 1/FT1_segments_of_interest/f3_mini_e/eo/2_minie3_range_medium_close_birds.mp4,323,1,451,329,517,360,propagated:0.984
/Users/bround/Desktop/Датасеты/Dataset_Mendeley_data/Unlabelled _UAV_Videos/Flight Test 1/FT1_segments_of_interest/f3_mini_e/eo/2_minie3_range_medium_close_birds.mp4,324,1,453,330,519,361,propagated:0.981
/Users/bround/Desktop/Датасеты/Dataset_Mendeley_data/Unlabelled _UAV_Videos/Flight Test 1/FT1_segments_of_interest/f3_mini_e/eo/2_minie3_range_medium_close_birds.mp4,325,1,456,329,522,360,propagated:0.976
/Users/bround/Desktop/Датасеты/Dataset_Mendeley_data/Unlabelled _UAV_Videos/Flight Test 1/FT1_segments_of_interest/f3_mini_e/eo/2_minie3_range_medium_close_birds.mp4,326,1,458,329,524,360,propagated:0.991
/Users/bround/Desktop/Датасеты/Dataset_Mendeley_data/Unlabelled _UAV_Videos/Flight Test 1/FT1_segments_of_interest/f3_mini_e/eo/2_minie3_range_medium_close_birds.mp4,327,1,461,330,527,361,propagated:0.964
/Users/bround/Desktop/Датасеты/Dataset_Mendeley_data/Unlabelled _UAV_Videos/Flight Test 1/FT1_segments_of_interest/f3_mini_e/eo/2_minie3_range_medium_close_birds.mp4,328,1,461,330,527,361,propagated:0.975
/Users/bround/Desktop/Датасеты/Dataset_Mendeley_data/Unlabelled _UAV_Videos/Flight Test 1/FT1_segments_of_interest/f3_mini_e/eo/2_minie3_range_medium_close_birds.mp4,329,1,462,331,528,362,propagated:0.994
/Users/bround/Desktop/Датасеты/Dataset_Mendeley_data/Unlabelled _UAV_Videos/Flight Test 1/FT1_segments_of_interest/f3_mini_e/eo/2_minie3_range_medium_close_birds.mp4,330,1,466,332,532,363,propagated:0.971
/Users/bround/Desktop/Датасеты/Dataset_Mendeley_data/Unlabelled _UAV_Videos/Flight Test 1/FT1_segments_of_interest/f3_mini_e/eo/2_minie3_range_medium_close_birds.mp4,331,1,469,331,535,362,propagated:0.992
/Users/bround/Desktop/Датасеты/Dataset_Mendeley_data/Unlabelled _UAV_Videos/Flight Test 1/FT1_segments_of_interest/f3_mini_e/eo/2_minie3_range_medium_close_birds.mp4,332,1,453,321,549,363,manual
/Users/bround/Desktop/Датасеты/Dataset_Mendeley_data/Unlabelled _UAV_Videos/Flight Test 1/FT1_segments_of_interest/f3_mini_e/eo/2_minie3_range_medium_close_birds.mp4,334,1,453,321,549,363,propagated:1.000
/Users/bround/Desktop/Датасеты/Dataset_Mendeley_data/Unlabelled _UAV_Videos/Flight Test 1/FT1_segments_of_interest/f3_mini_e/eo/2_minie3_range_medium_close_birds.mp4,335,1,456,321,552,363,propagated:0.971
/Users/bround/Desktop/Датасеты/Dataset_Mendeley_data/Unlabelled _UAV_Videos/Flight Test 1/FT1_segments_of_interest/f3_mini_e/eo/2_minie3_range_medium_close_birds.mp4,336,1,458,326,554,368,propagated:0.985
/Users/bround/Desktop/Датасеты/Dataset_Mendeley_data/Unlabelled _UAV_Videos/Flight Test 1/FT1_segments_of_interest/f3_mini_e/eo/2_minie3_range_medium_close_birds.mp4,337,1,458,330,554,372,propagated:0.970
/Users/bround/Desktop/Датасеты/Dataset_Mendeley_data/Unlabelled _UAV_Videos/Flight Test 1/FT1_segments_of_interest/f3_mini_e/eo/2_minie3_range_medium_close_birds.mp4,338,1,454,325,550,367,propagated:0.988
/Users/bround/Desktop/Датасеты/Dataset_Mendeley_data/Unlabelled _UAV_Videos/Flight Test 1/FT1_segments_of_interest/f3_mini_e/eo/2_minie3_range_medium_close_birds.mp4,339,1,454,325,550,367,propagated:0.991
/Users/bround/Desktop/Датасеты/Dataset_Mendeley_data/Unlabelled _UAV_Videos/Flight Test 1/FT1_segments_of_interest/f3_mini_e/eo/2_minie3_range_medium_close_birds.mp4,340,1,446,307,542,349,propagated:0.985
/Users/bround/Desktop/Датасеты/Dataset_Mendeley_data/Unlabelled _UAV_Videos/Flight Test 1/FT1_segments_of_interest/f3_mini_e/eo/2_minie3_range_medium_close_birds.mp4,341,1,434,292,530,334,propagated:0.971
/Users/bround/Desktop/Датасеты/Dataset_Mendeley_data/Unlabelled _UAV_Videos/Flight Test 1/FT1_segments_of_interest/f3_mini_e/eo/2_minie3_range_medium_close_birds.mp4,342,1,421,292,517,334,propagated:0.986
/Users/bround/Desktop/Датасеты/Dataset_Mendeley_data/Unlabelled _UAV_Videos/Flight Test 1/FT1_segments_of_interest/f3_mini_e/eo/2_minie3_range_medium_close_birds.mp4,343,1,410,297,506,339,propagated:0.983
/Users/bround/Desktop/Датасеты/Dataset_Mendeley_data/Unlabelled _UAV_Videos/Flight Test 1/FT1_segments_of_interest/f3_mini_e/eo/2_minie3_range_medium_close_birds.mp4,344,1,397,295,493,337,propagated:0.993
/Users/bround/Desktop/Датасеты/Dataset_Mendeley_data/Unlabelled _UAV_Videos/Flight Test 1/FT1_segments_of_interest/f3_mini_e/eo/2_minie3_range_medium_close_birds.mp4,345,1,377,286,473,328,propagated:0.984
/Users/bround/Desktop/Датасеты/Dataset_Mendeley_data/Unlabelled _UAV_Videos/Flight Test 1/FT1_segments_of_interest/f3_mini_e/eo/2_minie3_range_medium_close_birds.mp4,346,1,377,286,473,328,propagated:0.987
/Users/bround/Desktop/Датасеты/Dataset_Mendeley_data/Unlabelled _UAV_Videos/Flight Test 1/FT1_segments_of_interest/f3_mini_e/eo/2_minie3_range_medium_close_birds.mp4,347,1,354,277,450,319,propagated:0.992
/Users/bround/Desktop/Датасеты/Dataset_Mendeley_data/Unlabelled _UAV_Videos/Flight Test 1/FT1_segments_of_interest/f3_mini_e/eo/2_minie3_range_medium_close_birds.mp4,348,1,330,274,426,316,propagated:0.986
/Users/bround/Desktop/Датасеты/Dataset_Mendeley_data/Unlabelled _UAV_Videos/Flight Test 1/FT1_segments_of_interest/f3_mini_e/eo/2_minie3_range_medium_close_birds.mp4,349,1,311,274,407,316,propagated:0.987
/Users/bround/Desktop/Датасеты/Dataset_Mendeley_data/Unlabelled _UAV_Videos/Flight Test 1/FT1_segments_of_interest/f3_mini_e/eo/2_minie3_range_medium_close_birds.mp4,350,1,297,275,393,317,propagated:0.980
/Users/bround/Desktop/Датасеты/Dataset_Mendeley_data/Unlabelled _UAV_Videos/Flight Test 1/FT1_segments_of_interest/f3_mini_e/eo/2_minie3_range_medium_close_birds.mp4,351,1,292,273,388,315,propagated:0.976
/Users/bround/Desktop/Датасеты/Dataset_Mendeley_data/Unlabelled _UAV_Videos/Flight Test 1/FT1_segments_of_interest/f3_mini_e/eo/2_minie3_range_medium_close_birds.mp4,352,1,292,273,388,315,propagated:0.983
/Users/bround/Desktop/Датасеты/Dataset_Mendeley_data/Unlabelled _UAV_Videos/Flight Test 1/FT1_segments_of_interest/f3_mini_e/eo/2_minie3_range_medium_close_birds.mp4,353,1,282,267,378,309,propagated:0.969
/Users/bround/Desktop/Датасеты/Dataset_Mendeley_data/Unlabelled _UAV_Videos/Flight Test 1/FT1_segments_of_interest/f3_mini_e/eo/2_minie3_range_medium_close_birds.mp4,354,1,279,265,375,307,propagated:0.976
/Users/bround/Desktop/Датасеты/Dataset_Mendeley_data/Unlabelled _UAV_Videos/Flight Test 1/FT1_segments_of_interest/f3_mini_e/eo/2_minie3_range_medium_close_birds.mp4,355,1,280,267,376,309,propagated:0.985
/Users/bround/Desktop/Датасеты/Dataset_Mendeley_data/Unlabelled _UAV_Videos/Flight Test 1/FT1_segments_of_interest/f3_mini_e/eo/2_minie3_range_medium_close_birds.mp4,356,1,281,269,377,311,propagated:0.989
/Users/bround/Desktop/Датасеты/Dataset_Mendeley_data/Unlabelled _UAV_Videos/Flight Test 1/FT1_segments_of_interest/f3_mini_e/eo/2_minie3_range_medium_close_birds.mp4,357,1,281,269,377,311,propagated:0.992
/Users/bround/Desktop/Датасеты/Dataset_Mendeley_data/Unlabelled _UAV_Videos/Flight Test 1/FT1_segments_of_interest/f3_mini_e/eo/2_minie3_range_medium_close_birds.mp4,358,1,283,273,379,315,propagated:0.993
/Users/bround/Desktop/Датасеты/Dataset_Mendeley_data/Unlabelled _UAV_Videos/Flight Test 1/FT1_segments_of_interest/f3_mini_e/eo/2_minie3_range_medium_close_birds.mp4,359,1,285,279,381,321,propagated:0.965
/Users/bround/Desktop/Датасеты/Dataset_Mendeley_data/Unlabelled _UAV_Videos/Flight Test 1/FT1_segments_of_interest/f3_mini_e/eo/2_minie3_range_medium_close_birds.mp4,360,1,288,286,384,328,propagated:0.988
/Users/bround/Desktop/Датасеты/Dataset_Mendeley_data/Unlabelled _UAV_Videos/Flight Test 1/FT1_segments_of_interest/f3_mini_e/eo/2_minie3_range_medium_close_birds.mp4,361,1,288,288,384,330,propagated:0.994
/Users/bround/Desktop/Датасеты/Dataset_Mendeley_data/Unlabelled _UAV_Videos/Flight Test 1/FT1_segments_of_interest/f3_mini_e/eo/2_minie3_range_medium_close_birds.mp4,362,1,285,286,381,328,propagated:0.983
/Users/bround/Desktop/Датасеты/Dataset_Mendeley_data/Unlabelled _UAV_Videos/Flight Test 1/FT1_segments_of_interest/f3_mini_e/eo/2_minie3_range_medium_close_birds.mp4,363,1,283,284,379,326,propagated:0.982
/Users/bround/Desktop/Датасеты/Dataset_Mendeley_data/Unlabelled _UAV_Videos/Flight Test 1/FT1_segments_of_interest/f3_mini_e/eo/2_minie3_range_medium_close_birds.mp4,364,1,283,284,379,326,propagated:1.000
/Users/bround/Desktop/Датасеты/Dataset_Mendeley_data/Unlabelled _UAV_Videos/Flight Test 1/FT1_segments_of_interest/f3_mini_e/eo/2_minie3_range_medium_close_birds.mp4,365,1,282,285,378,327,propagated:0.990
/Users/bround/Desktop/Датасеты/Dataset_Mendeley_data/Unlabelled _UAV_Videos/Flight Test 1/FT1_segments_of_interest/f3_mini_e/eo/2_minie3_range_medium_close_birds.mp4,366,1,284,288,380,330,propagated:0.966
/Users/bround/Desktop/Датасеты/Dataset_Mendeley_data/Unlabelled _UAV_Videos/Flight Test 1/FT1_segments_of_interest/f3_mini_e/eo/2_minie3_range_medium_close_birds.mp4,367,1,284,292,380,334,propagated:0.978
/Users/bround/Desktop/Датасеты/Dataset_Mendeley_data/Unlabelled _UAV_Videos/Flight Test 1/FT1_segments_of_interest/f3_mini_e/eo/2_minie3_range_medium_close_birds.mp4,368,1,282,294,378,336,propagated:0.965
/Users/bround/Desktop/Датасеты/Dataset_Mendeley_data/Unlabelled _UAV_Videos/Flight Test 1/FT1_segments_of_interest/f3_mini_e/eo/2_minie3_range_medium_close_birds.mp4,369,1,279,293,375,335,propagated:0.937
/Users/bround/Desktop/Датасеты/Dataset_Mendeley_data/Unlabelled _UAV_Videos/Flight Test 1/FT1_segments_of_interest/f3_mini_e/eo/2_minie3_range_medium_close_birds.mp4,370,1,279,293,375,335,propagated:0.955
/Users/bround/Desktop/Датасеты/Dataset_Mendeley_data/Unlabelled _UAV_Videos/Flight Test 1/FT1_segments_of_interest/f3_mini_e/eo/2_minie3_range_medium_close_birds.mp4,371,1,275,290,371,332,propagated:0.918
/Users/bround/Desktop/Датасеты/Dataset_Mendeley_data/Unlabelled _UAV_Videos/Flight Test 1/FT1_segments_of_interest/f3_mini_e/eo/2_minie3_range_medium_close_birds.mp4,372,1,270,283,366,325,propagated:0.896
/Users/bround/Desktop/Датасеты/Dataset_Mendeley_data/Unlabelled _UAV_Videos/Flight Test 1/FT1_segments_of_interest/f3_mini_e/eo/2_minie3_range_medium_close_birds.mp4,373,1,267,278,363,320,propagated:0.893
/Users/bround/Desktop/Датасеты/Dataset_Mendeley_data/Unlabelled _UAV_Videos/Flight Test 1/FT1_segments_of_interest/f3_mini_e/eo/2_minie3_range_medium_close_birds.mp4,374,1,270,276,366,318,propagated:0.981
/Users/bround/Desktop/Датасеты/Dataset_Mendeley_data/Unlabelled _UAV_Videos/Flight Test 1/FT1_segments_of_interest/f3_mini_e/eo/2_minie3_range_medium_close_birds.mp4,375,1,271,273,367,315,propagated:0.942
/Users/bround/Desktop/Датасеты/Dataset_Mendeley_data/Unlabelled _UAV_Videos/Flight Test 1/FT1_segments_of_interest/f3_mini_e/eo/2_minie3_range_medium_close_birds.mp4,376,1,271,273,367,315,propagated:0.958
/Users/bround/Desktop/Датасеты/Dataset_Mendeley_data/Unlabelled _UAV_Videos/Flight Test 1/FT1_segments_of_interest/f3_mini_e/eo/2_minie3_range_medium_close_birds.mp4,377,1,272,269,368,311,propagated:0.961
/Users/bround/Desktop/Датасеты/Dataset_Mendeley_data/Unlabelled _UAV_Videos/Flight Test 1/FT1_segments_of_interest/f3_mini_e/eo/2_minie3_range_medium_close_birds.mp4,378,1,272,266,368,308,propagated:0.950
/Users/bround/Desktop/Датасеты/Dataset_Mendeley_data/Unlabelled _UAV_Videos/Flight Test 1/FT1_segments_of_interest/f3_mini_e/eo/2_minie3_range_medium_close_birds.mp4,379,1,272,267,368,309,propagated:0.957
/Users/bround/Desktop/Датасеты/Dataset_Mendeley_data/Unlabelled _UAV_Videos/Flight Test 1/FT1_segments_of_interest/f3_mini_e/eo/2_minie3_range_medium_close_birds.mp4,380,1,271,271,367,313,propagated:0.947
/Users/bround/Desktop/Датасеты/Dataset_Mendeley_data/Unlabelled _UAV_Videos/Flight Test 1/FT1_segments_of_interest/f3_mini_e/eo/2_minie3_range_medium_close_birds.mp4,381,1,270,274,366,316,propagated:0.952
/Users/bround/Desktop/Датасеты/Dataset_Mendeley_data/Unlabelled _UAV_Videos/Flight Test 1/FT1_segments_of_interest/f3_mini_e/eo/2_minie3_range_medium_close_birds.mp4,382,1,270,274,366,316,propagated:0.966
/Users/bround/Desktop/Датасеты/Dataset_Mendeley_data/Unlabelled _UAV_Videos/Flight Test 1/FT1_segments_of_interest/f3_mini_e/eo/2_minie3_range_medium_close_birds.mp4,383,1,273,274,369,316,propagated:0.942
/Users/bround/Desktop/Датасеты/Dataset_Mendeley_data/Unlabelled _UAV_Videos/Flight Test 1/FT1_segments_of_interest/f3_mini_e/eo/2_minie3_range_medium_close_birds.mp4,384,1,274,273,370,315,propagated:0.988
/Users/bround/Desktop/Датасеты/Dataset_Mendeley_data/Unlabelled _UAV_Videos/Flight Test 1/FT1_segments_of_interest/f3_mini_e/eo/2_minie3_range_medium_close_birds.mp4,385,1,275,272,371,314,propagated:0.969
/Users/bround/Desktop/Датасеты/Dataset_Mendeley_data/Unlabelled _UAV_Videos/Flight Test 1/FT1_segments_of_interest/f3_mini_e/eo/2_minie3_range_medium_close_birds.mp4,386,1,276,269,372,311,propagated:0.947
/Users/bround/Desktop/Датасеты/Dataset_Mendeley_data/Unlabelled _UAV_Videos/Flight Test 1/FT1_segments_of_interest/f3_mini_e/eo/2_minie3_range_medium_close_birds.mp4,387,1,276,269,372,311,propagated:0.962
/Users/bround/Desktop/Датасеты/Dataset_Mendeley_data/Unlabelled _UAV_Videos/Flight Test 1/FT1_segments_of_interest/f3_mini_e/eo/2_minie3_range_medium_close_birds.mp4,388,1,279,267,375,309,propagated:0.960
/Users/bround/Desktop/Датасеты/Dataset_Mendeley_data/Unlabelled _UAV_Videos/Flight Test 1/FT1_segments_of_interest/f3_mini_e/eo/2_minie3_range_medium_close_birds.mp4,389,1,281,267,377,309,propagated:0.957
/Users/bround/Desktop/Датасеты/Dataset_Mendeley_data/Unlabelled _UAV_Videos/Flight Test 1/FT1_segments_of_interest/f3_mini_e/eo/2_minie3_range_medium_close_birds.mp4,390,1,280,266,376,308,propagated:0.934
/Users/bround/Desktop/Датасеты/Dataset_Mendeley_data/Unlabelled _UAV_Videos/Flight Test 1/FT1_segments_of_interest/f3_mini_e/eo/2_minie3_range_medium_close_birds.mp4,391,1,280,264,376,306,propagated:0.917
/Users/bround/Desktop/Датасеты/Dataset_Mendeley_data/Unlabelled _UAV_Videos/Flight Test 1/FT1_segments_of_interest/f3_mini_e/eo/2_minie3_range_medium_close_birds.mp4,392,1,279,262,375,304,propagated:0.924
/Users/bround/Desktop/Датасеты/Dataset_Mendeley_data/Unlabelled _UAV_Videos/Flight Test 1/FT1_segments_of_interest/f3_mini_e/eo/2_minie3_range_medium_close_birds.mp4,393,1,279,261,375,303,propagated:0.924
/Users/bround/Desktop/Датасеты/Dataset_Mendeley_data/Unlabelled _UAV_Videos/Flight Test 1/FT1_segments_of_interest/f3_mini_e/eo/2_minie3_range_medium_close_birds.mp4,394,1,279,261,375,303,propagated:1.000
/Users/bround/Desktop/Датасеты/Dataset_Mendeley_data/Unlabelled _UAV_Videos/Flight Test 1/FT1_segments_of_interest/f3_mini_e/eo/2_minie3_range_medium_close_birds.mp4,395,1,280,258,376,300,propagated:0.969
/Users/bround/Desktop/Датасеты/Dataset_Mendeley_data/Unlabelled _UAV_Videos/Flight Test 1/FT1_segments_of_interest/f3_mini_e/eo/2_minie3_range_medium_close_birds.mp4,396,1,280,254,376,296,propagated:0.960
/Users/bround/Desktop/Датасеты/Dataset_Mendeley_data/Unlabelled _UAV_Videos/Flight Test 1/FT1_segments_of_interest/f3_mini_e/eo/2_minie3_range_medium_close_birds.mp4,397,1,282,253,378,295,propagated:0.966
/Users/bround/Desktop/Датасеты/Dataset_Mendeley_data/Unlabelled _UAV_Videos/Flight Test 1/FT1_segments_of_interest/f3_mini_e/eo/2_minie3_range_medium_close_birds.mp4,398,1,285,254,381,296,propagated:0.970
/Users/bround/Desktop/Датасеты/Dataset_Mendeley_data/Unlabelled _UAV_Videos/Flight Test 1/FT1_segments_of_interest/f3_mini_e/eo/2_minie3_range_medium_close_birds.mp4,399,1,285,251,381,293,propagated:0.967
/Users/bround/Desktop/Датасеты/Dataset_Mendeley_data/Unlabelled _UAV_Videos/Flight Test 1/FT1_segments_of_interest/f3_mini_e/eo/2_minie3_range_medium_close_birds.mp4,400,1,285,251,381,293,propagated:0.976
/Users/bround/Desktop/Датасеты/Dataset_Mendeley_data/Unlabelled _UAV_Videos/Flight Test 1/FT1_segments_of_interest/f3_mini_e/eo/2_minie3_range_medium_close_birds.mp4,401,1,285,244,381,286,propagated:0.985
/Users/bround/Desktop/Датасеты/Dataset_Mendeley_data/Unlabelled _UAV_Videos/Flight Test 1/FT1_segments_of_interest/f3_mini_e/eo/2_minie3_range_medium_close_birds.mp4,402,1,285,239,381,281,propagated:0.966
/Users/bround/Desktop/Датасеты/Dataset_Mendeley_data/Unlabelled _UAV_Videos/Flight Test 1/FT1_segments_of_interest/f3_mini_e/eo/2_minie3_range_medium_close_birds.mp4,403,1,285,236,381,278,propagated:0.961
/Users/bround/Desktop/Датасеты/Dataset_Mendeley_data/Unlabelled _UAV_Videos/Flight Test 1/FT1_segments_of_interest/f3_mini_e/eo/2_minie3_range_medium_close_birds.mp4,404,1,285,235,381,277,propagated:0.984
/Users/bround/Desktop/Датасеты/Dataset_Mendeley_data/Unlabelled _UAV_Videos/Flight Test 1/FT1_segments_of_interest/f3_mini_e/eo/2_minie3_range_medium_close_birds.mp4,405,1,285,239,381,281,propagated:0.991
/Users/bround/Desktop/Датасеты/Dataset_Mendeley_data/Unlabelled _UAV_Videos/Flight Test 1/FT1_segments_of_interest/f3_mini_e/eo/2_minie3_range_medium_close_birds.mp4,406,1,285,239,381,281,propagated:0.993
/Users/bround/Desktop/Датасеты/Dataset_Mendeley_data/Unlabelled _UAV_Videos/Flight Test 1/FT1_segments_of_interest/f3_mini_e/eo/2_minie3_range_medium_close_birds.mp4,407,1,284,242,380,284,propagated:0.982
/Users/bround/Desktop/Датасеты/Dataset_Mendeley_data/Unlabelled _UAV_Videos/Flight Test 1/FT1_segments_of_interest/f3_mini_e/eo/2_minie3_range_medium_close_birds.mp4,408,1,285,243,381,285,propagated:0.985
/Users/bround/Desktop/Датасеты/Dataset_Mendeley_data/Unlabelled _UAV_Videos/Flight Test 1/FT1_segments_of_interest/f3_mini_e/eo/2_minie3_range_medium_close_birds.mp4,409,1,284,239,380,281,propagated:0.976
/Users/bround/Desktop/Датасеты/Dataset_Mendeley_data/Unlabelled _UAV_Videos/Flight Test 1/FT1_segments_of_interest/f3_mini_e/eo/2_minie3_range_medium_close_birds.mp4,410,1,283,239,379,281,propagated:0.964
/Users/bround/Desktop/Датасеты/Dataset_Mendeley_data/Unlabelled _UAV_Videos/Flight Test 1/FT1_segments_of_interest/f3_mini_e/eo/2_minie3_range_medium_close_birds.mp4,411,1,285,242,381,284,propagated:0.971
/Users/bround/Desktop/Датасеты/Dataset_Mendeley_data/Unlabelled _UAV_Videos/Flight Test 1/FT1_segments_of_interest/f3_mini_e/eo/2_minie3_range_medium_close_birds.mp4,412,1,285,242,381,284,propagated:0.980
/Users/bround/Desktop/Датасеты/Dataset_Mendeley_data/Unlabelled _UAV_Videos/Flight Test 1/FT1_segments_of_interest/f3_mini_e/eo/2_minie3_range_medium_close_birds.mp4,413,1,287,247,383,289,propagated:0.980
/Users/bround/Desktop/Датасеты/Dataset_Mendeley_data/Unlabelled _UAV_Videos/Flight Test 1/FT1_segments_of_interest/f3_mini_e/eo/2_minie3_range_medium_close_birds.mp4,414,1,289,255,385,297,propagated:0.989
/Users/bround/Desktop/Датасеты/Dataset_Mendeley_data/Unlabelled _UAV_Videos/Flight Test 1/FT1_segments_of_interest/f3_mini_e/eo/2_minie3_range_medium_close_birds.mp4,415,1,292,261,388,303,propagated:0.992
/Users/bround/Desktop/Датасеты/Dataset_Mendeley_data/Unlabelled _UAV_Videos/Flight Test 1/FT1_segments_of_interest/f3_mini_e/eo/2_minie3_range_medium_close_birds.mp4,416,1,293,263,389,305,propagated:0.992
/Users/bround/Desktop/Датасеты/Dataset_Mendeley_data/Unlabelled _UAV_Videos/Flight Test 1/FT1_segments_of_interest/f3_mini_e/eo/2_minie3_range_medium_close_birds.mp4,417,1,295,268,391,310,propagated:0.975
/Users/bround/Desktop/Датасеты/Dataset_Mendeley_data/Unlabelled _UAV_Videos/Flight Test 1/FT1_segments_of_interest/f3_mini_e/eo/2_minie3_range_medium_close_birds.mp4,418,1,295,268,391,310,propagated:0.982
/Users/bround/Desktop/Датасеты/Dataset_Mendeley_data/Unlabelled _UAV_Videos/Flight Test 1/FT1_segments_of_interest/f3_mini_e/eo/2_minie3_range_medium_close_birds.mp4,419,1,297,273,393,315,propagated:0.967
/Users/bround/Desktop/Датасеты/Dataset_Mendeley_data/Unlabelled _UAV_Videos/Flight Test 1/FT1_segments_of_interest/f3_mini_e/eo/2_minie3_range_medium_close_birds.mp4,420,1,298,272,394,314,propagated:0.966
/Users/bround/Desktop/Датасеты/Dataset_Mendeley_data/Unlabelled _UAV_Videos/Flight Test 1/FT1_segments_of_interest/f3_mini_e/eo/2_minie3_range_medium_close_birds.mp4,421,1,298,269,394,311,propagated:0.958
/Users/bround/Desktop/Датасеты/Dataset_Mendeley_data/Unlabelled _UAV_Videos/Flight Test 1/FT1_segments_of_interest/f3_mini_e/eo/2_minie3_range_medium_close_birds.mp4,422,1,297,265,393,307,propagated:0.973
/Users/bround/Desktop/Датасеты/Dataset_Mendeley_data/Unlabelled _UAV_Videos/Flight Test 1/FT1_segments_of_interest/f3_mini_e/eo/2_minie3_range_medium_close_birds.mp4,423,1,296,264,392,306,propagated:0.974
/Users/bround/Desktop/Датасеты/Dataset_Mendeley_data/Unlabelled _UAV_Videos/Flight Test 1/FT1_segments_of_interest/f3_mini_e/eo/2_minie3_range_medium_close_birds.mp4,424,1,296,264,392,306,propagated:1.000
/Users/bround/Desktop/Датасеты/Dataset_Mendeley_data/Unlabelled _UAV_Videos/Flight Test 1/FT1_segments_of_interest/f3_mini_e/eo/2_minie3_range_medium_close_birds.mp4,425,1,297,263,393,305,propagated:0.982
/Users/bround/Desktop/Датасеты/Dataset_Mendeley_data/Unlabelled _UAV_Videos/Flight Test 1/FT1_segments_of_interest/f3_mini_e/eo/2_minie3_range_medium_close_birds.mp4,426,1,296,261,392,303,propagated:0.987
/Users/bround/Desktop/Датасеты/Dataset_Mendeley_data/Unlabelled _UAV_Videos/Flight Test 1/FT1_segments_of_interest/f3_mini_e/eo/2_minie3_range_medium_close_birds.mp4,427,1,296,259,392,301,propagated:0.969
/Users/bround/Desktop/Датасеты/Dataset_Mendeley_data/Unlabelled _UAV_Videos/Flight Test 1/FT1_segments_of_interest/f3_mini_e/eo/2_minie3_range_medium_close_birds.mp4,428,1,296,258,392,300,propagated:0.981
/Users/bround/Desktop/Датасеты/Dataset_Mendeley_data/Unlabelled _UAV_Videos/Flight Test 1/FT1_segments_of_interest/f3_mini_e/eo/2_minie3_range_medium_close_birds.mp4,429,1,296,256,392,298,propagated:0.993
/Users/bround/Desktop/Датасеты/Dataset_Mendeley_data/Unlabelled _UAV_Videos/Flight Test 1/FT1_segments_of_interest/f3_mini_e/eo/2_minie3_range_medium_close_birds.mp4,430,1,296,256,392,298,propagated:0.995
/Users/bround/Desktop/Датасеты/Dataset_Mendeley_data/Unlabelled _UAV_Videos/Flight Test 1/FT1_segments_of_interest/f3_mini_e/eo/2_minie3_range_medium_close_birds.mp4,431,1,296,251,392,293,propagated:0.984
/Users/bround/Desktop/Датасеты/Dataset_Mendeley_data/Unlabelled _UAV_Videos/Flight Test 1/FT1_segments_of_interest/f3_mini_e/eo/2_minie3_range_medium_close_birds.mp4,432,1,297,252,393,294,propagated:0.984
/Users/bround/Desktop/Датасеты/Dataset_Mendeley_data/Unlabelled _UAV_Videos/Flight Test 1/FT1_segments_of_interest/f3_mini_e/eo/2_minie3_range_medium_close_birds.mp4,433,1,297,252,393,294,propagated:0.973
/Users/bround/Desktop/Датасеты/Dataset_Mendeley_data/Unlabelled _UAV_Videos/Flight Test 1/FT1_segments_of_interest/f3_mini_e/eo/2_minie3_range_medium_close_birds.mp4,434,1,296,249,392,291,propagated:0.976
/Users/bround/Desktop/Датасеты/Dataset_Mendeley_data/Unlabelled _UAV_Videos/Flight Test 1/FT1_segments_of_interest/f3_mini_e/eo/2_minie3_range_medium_close_birds.mp4,435,1,296,249,392,291,propagated:0.983
/Users/bround/Desktop/Датасеты/Dataset_Mendeley_data/Unlabelled _UAV_Videos/Flight Test 1/FT1_segments_of_interest/f3_mini_e/eo/2_minie3_range_medium_close_birds.mp4,436,1,296,248,392,290,propagated:0.979
/Users/bround/Desktop/Датасеты/Dataset_Mendeley_data/Unlabelled _UAV_Videos/Flight Test 1/FT1_segments_of_interest/f3_mini_e/eo/2_minie3_range_medium_close_birds.mp4,437,1,295,247,391,289,propagated:0.979
/Users/bround/Desktop/Датасеты/Dataset_Mendeley_data/Unlabelled _UAV_Videos/Flight Test 1/FT1_segments_of_interest/f3_mini_e/eo/2_minie3_range_medium_close_birds.mp4,438,1,294,247,390,289,propagated:0.990
/Users/bround/Desktop/Датасеты/Dataset_Mendeley_data/Unlabelled _UAV_Videos/Flight Test 1/FT1_segments_of_interest/f3_mini_e/eo/2_minie3_range_medium_close_birds.mp4,439,1,294,246,390,288,propagated:0.988
/Users/bround/Desktop/Датасеты/Dataset_Mendeley_data/Unlabelled _UAV_Videos/Flight Test 1/FT1_segments_of_interest/f3_mini_e/eo/2_minie3_range_medium_close_birds.mp4,440,1,294,246,390,288,propagated:0.992
/Users/bround/Desktop/Датасеты/Dataset_Mendeley_data/Unlabelled _UAV_Videos/Flight Test 1/FT1_segments_of_interest/f3_mini_e/eo/2_minie3_range_medium_close_birds.mp4,441,1,295,242,391,284,propagated:0.983
/Users/bround/Desktop/Датасеты/Dataset_Mendeley_data/Unlabelled _UAV_Videos/Flight Test 1/FT1_segments_of_interest/f3_mini_e/eo/2_minie3_range_medium_close_birds.mp4,442,1,295,242,391,284,propagated:0.988
/Users/bround/Desktop/Датасеты/Dataset_Mendeley_data/Unlabelled _UAV_Videos/Flight Test 1/FT1_segments_of_interest/f3_mini_e/eo/2_minie3_range_medium_close_birds.mp4,443,1,296,241,392,283,propagated:0.985
/Users/bround/Desktop/Датасеты/Dataset_Mendeley_data/Unlabelled _UAV_Videos/Flight Test 1/FT1_segments_of_interest/f3_mini_e/eo/2_minie3_range_medium_close_birds.mp4,444,1,296,239,392,281,propagated:0.974
/Users/bround/Desktop/Датасеты/Dataset_Mendeley_data/Unlabelled _UAV_Videos/Flight Test 1/FT1_segments_of_interest/f3_mini_e/eo/2_minie3_range_medium_close_birds.mp4,445,1,297,238,393,280,propagated:0.974
/Users/bround/Desktop/Датасеты/Dataset_Mendeley_data/Unlabelled _UAV_Videos/Flight Test 1/FT1_segments_of_interest/f3_mini_e/eo/2_minie3_range_medium_close_birds.mp4,446,1,298,237,394,279,propagated:0.974
/Users/bround/Desktop/Датасеты/Dataset_Mendeley_data/Unlabelled _UAV_Videos/Flight Test 1/FT1_segments_of_interest/f3_mini_e/eo/2_minie3_range_medium_close_birds.mp4,447,1,298,237,394,279,propagated:0.982
/Users/bround/Desktop/Датасеты/Dataset_Mendeley_data/Unlabelled _UAV_Videos/Flight Test 1/FT1_segments_of_interest/f3_mini_e/eo/2_minie3_range_medium_close_birds.mp4,448,1,298,235,394,277,propagated:0.970
/Users/bround/Desktop/Датасеты/Dataset_Mendeley_data/Unlabelled _UAV_Videos/Flight Test 1/FT1_segments_of_interest/f3_mini_e/eo/2_minie3_range_medium_close_birds.mp4,449,1,299,234,395,276,propagated:0.990
/Users/bround/Desktop/Датасеты/Dataset_Mendeley_data/Unlabelled _UAV_Videos/Flight Test 1/FT1_segments_of_interest/f3_mini_e/eo/2_minie3_range_medium_close_birds.mp4,450,1,299,234,395,276,propagated:0.986
/Users/bround/Desktop/Датасеты/Dataset_Mendeley_data/Unlabelled _UAV_Videos/Flight Test 1/FT1_segments_of_interest/f3_mini_e/eo/2_minie3_range_medium_close_birds.mp4,451,1,300,232,396,274,propagated:0.970
/Users/bround/Desktop/Датасеты/Dataset_Mendeley_data/Unlabelled _UAV_Videos/Flight Test 1/FT1_segments_of_interest/f3_mini_e/eo/2_minie3_range_medium_close_birds.mp4,452,1,300,232,396,274,propagated:0.980
/Users/bround/Desktop/Датасеты/Dataset_Mendeley_data/Unlabelled _UAV_Videos/Flight Test 1/FT1_segments_of_interest/f3_mini_e/eo/2_minie3_range_medium_close_birds.mp4,453,1,300,232,396,274,propagated:0.986
/Users/bround/Desktop/Датасеты/Dataset_Mendeley_data/Unlabelled _UAV_Videos/Flight Test 1/FT1_segments_of_interest/f3_mini_e/eo/2_minie3_range_medium_close_birds.mp4,454,1,300,232,396,274,propagated:0.992
/Users/bround/Desktop/Датасеты/Dataset_Mendeley_data/Unlabelled _UAV_Videos/Flight Test 1/FT1_segments_of_interest/f3_mini_e/eo/2_minie3_range_medium_close_birds.mp4,455,1,300,233,396,275,propagated:0.991
/Users/bround/Desktop/Датасеты/Dataset_Mendeley_data/Unlabelled _UAV_Videos/Flight Test 1/FT1_segments_of_interest/f3_mini_e/eo/2_minie3_range_medium_close_birds.mp4,456,1,302,235,398,277,propagated:0.987
/Users/bround/Desktop/Датасеты/Dataset_Mendeley_data/Unlabelled _UAV_Videos/Flight Test 1/FT1_segments_of_interest/f3_mini_e/eo/2_minie3_range_medium_close_birds.mp4,457,1,306,237,402,279,propagated:0.981
/Users/bround/Desktop/Датасеты/Dataset_Mendeley_data/Unlabelled _UAV_Videos/Flight Test 1/FT1_segments_of_interest/f3_mini_e/eo/2_minie3_range_medium_close_birds.mp4,458,1,307,240,403,282,propagated:0.993
/Users/bround/Desktop/Датасеты/Dataset_Mendeley_data/Unlabelled _UAV_Videos/Flight Test 1/FT1_segments_of_interest/f3_mini_e/eo/2_minie3_range_medium_close_birds.mp4,459,1,307,240,403,282,propagated:0.995
/Users/bround/Desktop/Датасеты/Dataset_Mendeley_data/Unlabelled _UAV_Videos/Flight Test 1/FT1_segments_of_interest/f3_mini_e/eo/2_minie3_range_medium_close_birds.mp4,460,1,307,239,403,281,propagated:0.984
/Users/bround/Desktop/Датасеты/Dataset_Mendeley_data/Unlabelled _UAV_Videos/Flight Test 1/FT1_segments_of_interest/f3_mini_e/eo/2_minie3_range_medium_close_birds.mp4,461,1,308,238,404,280,propagated:0.983
/Users/bround/Desktop/Датасеты/Dataset_Mendeley_data/Unlabelled _UAV_Videos/Flight Test 1/FT1_segments_of_interest/f3_mini_e/eo/2_minie3_range_medium_close_birds.mp4,462,1,308,236,404,278,propagated:0.989
/Users/bround/Desktop/Датасеты/Dataset_Mendeley_data/Unlabelled _UAV_Videos/Flight Test 1/FT1_segments_of_interest/f3_mini_e/eo/2_minie3_range_medium_close_birds.mp4,463,1,307,235,403,277,propagated:0.969
/Users/bround/Desktop/Датасеты/Dataset_Mendeley_data/Unlabelled _UAV_Videos/Flight Test 1/FT1_segments_of_interest/f3_mini_e/eo/2_minie3_range_medium_close_birds.mp4,464,1,307,233,403,275,propagated:0.978
/Users/bround/Desktop/Датасеты/Dataset_Mendeley_data/Unlabelled _UAV_Videos/Flight Test 1/FT1_segments_of_interest/f3_mini_e/eo/2_minie3_range_medium_close_birds.mp4,465,1,307,231,403,273,propagated:0.983
/Users/bround/Desktop/Датасеты/Dataset_Mendeley_data/Unlabelled _UAV_Videos/Flight Test 1/FT1_segments_of_interest/f3_mini_e/eo/2_minie3_range_medium_close_birds.mp4,466,1,307,231,403,273,propagated:0.988
/Users/bround/Desktop/Датасеты/Dataset_Mendeley_data/Unlabelled _UAV_Videos/Flight Test 1/FT1_segments_of_interest/f3_mini_e/eo/2_minie3_range_medium_close_birds.mp4,467,1,308,229,404,271,propagated:0.993
/Users/bround/Desktop/Датасеты/Dataset_Mendeley_data/Unlabelled _UAV_Videos/Flight Test 1/FT1_segments_of_interest/f3_mini_e/eo/2_minie3_range_medium_close_birds.mp4,468,1,308,226,404,268,propagated:0.969
/Users/bround/Desktop/Датасеты/Dataset_Mendeley_data/Unlabelled _UAV_Videos/Flight Test 1/FT1_segments_of_interest/f3_mini_e/eo/2_minie3_range_medium_close_birds.mp4,469,1,308,222,404,264,propagated:0.991
/Users/bround/Desktop/Датасеты/Dataset_Mendeley_data/Unlabelled _UAV_Videos/Flight Test 1/FT1_segments_of_interest/f3_mini_e/eo/2_minie3_range_medium_close_birds.mp4,470,1,309,223,405,265,propagated:0.976
/Users/bround/Desktop/Датасеты/Dataset_Mendeley_data/Unlabelled _UAV_Videos/Flight Test 1/FT1_segments_of_interest/f3_mini_e/eo/2_minie3_range_medium_close_birds.mp4,471,1,310,226,406,268,propagated:0.984
/Users/bround/Desktop/Датасеты/Dataset_Mendeley_data/Unlabelled _UAV_Videos/Flight Test 1/FT1_segments_of_interest/f3_mini_e/eo/2_minie3_range_medium_close_birds.mp4,472,1,310,226,406,268,propagated:0.989
/Users/bround/Desktop/Датасеты/Dataset_Mendeley_data/Unlabelled _UAV_Videos/Flight Test 1/FT1_segments_of_interest/f3_mini_e/eo/2_minie3_range_medium_close_birds.mp4,473,1,311,226,407,268,propagated:0.972
/Users/bround/Desktop/Датасеты/Dataset_Mendeley_data/Unlabelled _UAV_Videos/Flight Test 1/FT1_segments_of_interest/f3_mini_e/eo/2_minie3_range_medium_close_birds.mp4,474,1,312,225,408,267,propagated:0.973
/Users/bround/Desktop/Датасеты/Dataset_Mendeley_data/Unlabelled _UAV_Videos/Flight Test 1/FT1_segments_of_interest/f3_mini_e/eo/2_minie3_range_medium_close_birds.mp4,475,1,313,224,409,266,propagated:0.969
/Users/bround/Desktop/Датасеты/Dataset_Mendeley_data/Unlabelled _UAV_Videos/Flight Test 1/FT1_segments_of_interest/f3_mini_e/eo/2_minie3_range_medium_close_birds.mp4,476,1,313,221,409,263,propagated:0.980
/Users/bround/Desktop/Датасеты/Dataset_Mendeley_data/Unlabelled _UAV_Videos/Flight Test 1/FT1_segments_of_interest/f3_mini_e/eo/2_minie3_range_medium_close_birds.mp4,477,1,313,221,409,263,propagated:0.986
/Users/bround/Desktop/Датасеты/Dataset_Mendeley_data/Unlabelled _UAV_Videos/Flight Test 1/FT1_segments_of_interest/f3_mini_e/eo/2_minie3_range_medium_close_birds.mp4,478,1,314,218,410,260,propagated:0.959
/Users/bround/Desktop/Датасеты/Dataset_Mendeley_data/Unlabelled _UAV_Videos/Flight Test 1/FT1_segments_of_interest/f3_mini_e/eo/2_minie3_range_medium_close_birds.mp4,479,1,313,218,409,260,propagated:0.974
/Users/bround/Desktop/Датасеты/Dataset_Mendeley_data/Unlabelled _UAV_Videos/Flight Test 1/FT1_segments_of_interest/f3_mini_e/eo/2_minie3_range_medium_close_birds.mp4,480,1,312,219,408,261,propagated:0.992
/Users/bround/Desktop/Датасеты/Dataset_Mendeley_data/Unlabelled _UAV_Videos/Flight Test 1/FT1_segments_of_interest/f3_mini_e/eo/2_minie3_range_medium_close_birds.mp4,481,1,313,221,409,263,propagated:0.981
/Users/bround/Desktop/Датасеты/Dataset_Mendeley_data/Unlabelled _UAV_Videos/Flight Test 1/FT1_segments_of_interest/f3_mini_e/eo/2_minie3_range_medium_close_birds.mp4,482,1,313,223,409,265,propagated:0.991
/Users/bround/Desktop/Датасеты/Dataset_Mendeley_data/Unlabelled _UAV_Videos/Flight Test 1/FT1_segments_of_interest/f3_mini_e/eo/2_minie3_range_medium_close_birds.mp4,483,1,313,223,409,265,propagated:0.965
/Users/bround/Desktop/Датасеты/Dataset_Mendeley_data/Unlabelled _UAV_Videos/Flight Test 1/FT1_segments_of_interest/f3_mini_e/eo/2_minie3_range_medium_close_birds.mp4,484,1,313,223,409,265,propagated:1.000
/Users/bround/Desktop/Датасеты/Dataset_Mendeley_data/Unlabelled _UAV_Videos/Flight Test 1/FT1_segments_of_interest/f3_mini_e/eo/2_minie3_range_medium_close_birds.mp4,485,1,312,218,408,260,propagated:0.987
/Users/bround/Desktop/Датасеты/Dataset_Mendeley_data/Unlabelled _UAV_Videos/Flight Test 1/FT1_segments_of_interest/f3_mini_e/eo/2_minie3_range_medium_close_birds.mp4,486,1,312,213,408,255,propagated:0.970
/Users/bround/Desktop/Датасеты/Dataset_Mendeley_data/Unlabelled _UAV_Videos/Flight Test 1/FT1_segments_of_interest/f3_mini_e/eo/2_minie3_range_medium_close_birds.mp4,487,1,312,214,408,256,propagated:0.987
/Users/bround/Desktop/Датасеты/Dataset_Mendeley_data/Unlabelled _UAV_Videos/Flight Test 1/FT1_segments_of_interest/f3_mini_e/eo/2_minie3_range_medium_close_birds.mp4,488,1,312,214,408,256,propagated:0.983
/Users/bround/Desktop/Датасеты/Dataset_Mendeley_data/Unlabelled _UAV_Videos/Flight Test 1/FT1_segments_of_interest/f3_mini_e/eo/2_minie3_range_medium_close_birds.mp4,489,1,312,212,408,254,propagated:0.985
/Users/bround/Desktop/Датасеты/Dataset_Mendeley_data/Unlabelled _UAV_Videos/Flight Test 1/FT1_segments_of_interest/f3_mini_e/eo/2_minie3_range_medium_close_birds.mp4,490,1,312,212,408,254,propagated:0.990
/Users/bround/Desktop/Датасеты/Dataset_Mendeley_data/Unlabelled _UAV_Videos/Flight Test 1/FT1_segments_of_interest/f3_mini_e/eo/2_minie3_range_medium_close_birds.mp4,491,1,312,211,408,253,propagated:0.991
/Users/bround/Desktop/Датасеты/Dataset_Mendeley_data/Unlabelled _UAV_Videos/Flight Test 1/FT1_segments_of_interest/f3_mini_e/eo/2_minie3_range_medium_close_birds.mp4,492,1,310,209,406,251,propagated:0.984
/Users/bround/Desktop/Датасеты/Dataset_Mendeley_data/Unlabelled _UAV_Videos/Flight Test 1/FT1_segments_of_interest/f3_mini_e/eo/2_minie3_range_medium_close_birds.mp4,493,1,308,206,404,248,propagated:0.988
/Users/bround/Desktop/Датасеты/Dataset_Mendeley_data/Unlabelled _UAV_Videos/Flight Test 1/FT1_segments_of_interest/f3_mini_e/eo/2_minie3_range_medium_close_birds.mp4,494,1,309,209,405,251,propagated:0.989
/Users/bround/Desktop/Датасеты/Dataset_Mendeley_data/Unlabelled _UAV_Videos/Flight Test 1/FT1_segments_of_interest/f3_mini_e/eo/2_minie3_range_medium_close_birds.mp4,495,1,310,211,406,253,propagated:0.992
/Users/bround/Desktop/Датасеты/Dataset_Mendeley_data/Unlabelled _UAV_Videos/Flight Test 1/FT1_segments_of_interest/f3_mini_e/eo/2_minie3_range_medium_close_birds.mp4,496,1,310,211,406,253,propagated:0.994
/Users/bround/Desktop/Датасеты/Dataset_Mendeley_data/Unlabelled _UAV_Videos/Flight Test 1/FT1_segments_of_interest/f3_mini_e/eo/2_minie3_range_medium_close_birds.mp4,497,1,310,206,406,248,propagated:0.975
/Users/bround/Desktop/Датасеты/Dataset_Mendeley_data/Unlabelled _UAV_Videos/Flight Test 1/FT1_segments_of_interest/f3_mini_e/eo/2_minie3_range_medium_close_birds.mp4,498,1,312,202,408,244,propagated:0.984
/Users/bround/Desktop/Датасеты/Dataset_Mendeley_data/Unlabelled _UAV_Videos/Flight Test 1/FT1_segments_of_interest/f3_mini_e/eo/2_minie3_range_medium_close_birds.mp4,499,1,312,196,408,238,propagated:0.970
/Users/bround/Desktop/Датасеты/Dataset_Mendeley_data/Unlabelled _UAV_Videos/Flight Test 1/FT1_segments_of_interest/f3_mini_e/eo/2_minie3_range_medium_close_birds.mp4,500,1,313,192,409,234,propagated:0.990
/Users/bround/Desktop/Датасеты/Dataset_Mendeley_data/Unlabelled _UAV_Videos/Flight Test 1/FT1_segments_of_interest/f3_mini_e/eo/2_minie3_range_medium_close_birds.mp4,501,1,313,190,409,232,propagated:0.990
/Users/bround/Desktop/Датасеты/Dataset_Mendeley_data/Unlabelled _UAV_Videos/Flight Test 1/FT1_segments_of_interest/f3_mini_e/eo/2_minie3_range_medium_close_birds.mp4,502,1,313,190,409,232,propagated:0.993
/Users/bround/Desktop/Датасеты/Dataset_Mendeley_data/Unlabelled _UAV_Videos/Flight Test 1/FT1_segments_of_interest/f3_mini_e/eo/2_minie3_range_medium_close_birds.mp4,503,1,313,190,409,232,propagated:0.981
/Users/bround/Desktop/Датасеты/Dataset_Mendeley_data/Unlabelled _UAV_Videos/Flight Test 1/FT1_segments_of_interest/f3_mini_e/eo/2_minie3_range_medium_close_birds.mp4,504,1,313,192,409,234,propagated:0.988
/Users/bround/Desktop/Датасеты/Dataset_Mendeley_data/Unlabelled _UAV_Videos/Flight Test 1/FT1_segments_of_interest/f3_mini_e/eo/2_minie3_range_medium_close_birds.mp4,505,1,312,194,408,236,propagated:0.993
/Users/bround/Desktop/Датасеты/Dataset_Mendeley_data/Unlabelled _UAV_Videos/Flight Test 1/FT1_segments_of_interest/f3_mini_e/eo/2_minie3_range_medium_close_birds.mp4,506,1,313,196,409,238,propagated:0.989
/Users/bround/Desktop/Датасеты/Dataset_Mendeley_data/Unlabelled _UAV_Videos/Flight Test 1/FT1_segments_of_interest/f3_mini_e/eo/2_minie3_range_medium_close_birds.mp4,507,1,313,196,409,238,propagated:0.992
/Users/bround/Desktop/Датасеты/Dataset_Mendeley_data/Unlabelled _UAV_Videos/Flight Test 1/FT1_segments_of_interest/f3_mini_e/eo/2_minie3_range_medium_close_birds.mp4,508,1,315,197,411,239,propagated:0.992
/Users/bround/Desktop/Датасеты/Dataset_Mendeley_data/Unlabelled _UAV_Videos/Flight Test 1/FT1_segments_of_interest/f3_mini_e/eo/2_minie3_range_medium_close_birds.mp4,509,1,317,197,413,239,propagated:0.964
/Users/bround/Desktop/Датасеты/Dataset_Mendeley_data/Unlabelled _UAV_Videos/Flight Test 1/FT1_segments_of_interest/f3_mini_e/eo/2_minie3_range_medium_close_birds.mp4,510,1,316,196,412,238,propagated:0.989
/Users/bround/Desktop/Датасеты/Dataset_Mendeley_data/Unlabelled _UAV_Videos/Flight Test 1/FT1_segments_of_interest/f3_mini_e/eo/2_minie3_range_medium_close_birds.mp4,511,1,317,198,413,240,propagated:0.960
/Users/bround/Desktop/Датасеты/Dataset_Mendeley_data/Unlabelled _UAV_Videos/Flight Test 1/FT1_segments_of_interest/f3_mini_e/eo/2_minie3_range_medium_close_birds.mp4,512,1,316,203,412,245,propagated:0.980
/Users/bround/Desktop/Датасеты/Dataset_Mendeley_data/Unlabelled _UAV_Videos/Flight Test 1/FT1_segments_of_interest/f3_mini_e/eo/2_minie3_range_medium_close_birds.mp4,513,1,317,215,413,257,propagated:0.956
/Users/bround/Desktop/Датасеты/Dataset_Mendeley_data/Unlabelled _UAV_Videos/Flight Test 1/FT1_segments_of_interest/f3_mini_e/eo/2_minie3_range_medium_close_birds.mp4,514,1,317,215,413,257,propagated:1.000
/Users/bround/Desktop/Датасеты/Dataset_Mendeley_data/Unlabelled _UAV_Videos/Flight Test 1/FT1_segments_of_interest/f3_mini_e/eo/2_minie3_range_medium_close_birds.mp4,515,1,320,230,416,272,propagated:0.983
/Users/bround/Desktop/Датасеты/Dataset_Mendeley_data/Unlabelled _UAV_Videos/Flight Test 1/FT1_segments_of_interest/f3_mini_e/eo/2_minie3_range_medium_close_birds.mp4,516,1,322,239,418,281,propagated:0.963
/Users/bround/Desktop/Датасеты/Dataset_Mendeley_data/Unlabelled _UAV_Videos/Flight Test 1/FT1_segments_of_interest/f3_mini_e/eo/2_minie3_range_medium_close_birds.mp4,517,1,322,242,418,284,propagated:0.962
/Users/bround/Desktop/Датасеты/Dataset_Mendeley_data/Unlabelled _UAV_Videos/Flight Test 1/FT1_segments_of_interest/f3_mini_e/eo/2_minie3_range_medium_close_birds.mp4,518,1,323,243,419,285,propagated:0.960
/Users/bround/Desktop/Датасеты/Dataset_Mendeley_data/Unlabelled _UAV_Videos/Flight Test 1/FT1_segments_of_interest/f3_mini_e/eo/2_minie3_range_medium_close_birds.mp4,519,1,323,243,419,285,propagated:0.972
/Users/bround/Desktop/Датасеты/Dataset_Mendeley_data/Unlabelled _UAV_Videos/Flight Test 1/FT1_segments_of_interest/f3_mini_e/eo/2_minie3_range_medium_close_birds.mp4,520,1,325,246,421,288,propagated:0.930
/Users/bround/Desktop/Датасеты/Dataset_Mendeley_data/Unlabelled _UAV_Videos/Flight Test 1/FT1_segments_of_interest/f3_mini_e/eo/2_minie3_range_medium_close_birds.mp4,521,1,324,249,420,291,propagated:0.939
/Users/bround/Desktop/Датасеты/Dataset_Mendeley_data/Unlabelled _UAV_Videos/Flight Test 1/FT1_segments_of_interest/f3_mini_e/eo/2_minie3_range_medium_close_birds.mp4,522,1,324,254,420,296,propagated:0.935
/Users/bround/Desktop/Датасеты/Dataset_Mendeley_data/Unlabelled _UAV_Videos/Flight Test 1/FT1_segments_of_interest/f3_mini_e/eo/2_minie3_range_medium_close_birds.mp4,523,1,323,261,419,303,propagated:0.949
/Users/bround/Desktop/Датасеты/Dataset_Mendeley_data/Unlabelled _UAV_Videos/Flight Test 1/FT1_segments_of_interest/f3_mini_e/eo/2_minie3_range_medium_close_birds.mp4,524,1,321,267,417,309,propagated:0.975
/Users/bround/Desktop/Датасеты/Dataset_Mendeley_data/Unlabelled _UAV_Videos/Flight Test 1/FT1_segments_of_interest/f3_mini_e/eo/2_minie3_range_medium_close_birds.mp4,525,1,321,267,417,309,propagated:0.982
/Users/bround/Desktop/Датасеты/Dataset_Mendeley_data/Unlabelled _UAV_Videos/Flight Test 1/FT1_segments_of_interest/f3_mini_e/eo/2_minie3_range_medium_close_birds.mp4,526,1,320,271,416,313,propagated:0.991
/Users/bround/Desktop/Датасеты/Dataset_Mendeley_data/Unlabelled _UAV_Videos/Flight Test 1/FT1_segments_of_interest/f3_mini_e/eo/2_minie3_range_medium_close_birds.mp4,527,1,319,272,415,314,propagated:0.969
/Users/bround/Desktop/Датасеты/Dataset_Mendeley_data/Unlabelled _UAV_Videos/Flight Test 1/FT1_segments_of_interest/f3_mini_e/eo/2_minie3_range_medium_close_birds.mp4,528,1,318,270,414,312,propagated:0.987
/Users/bround/Desktop/Датасеты/Dataset_Mendeley_data/Unlabelled _UAV_Videos/Flight Test 1/FT1_segments_of_interest/f3_mini_e/eo/2_minie3_range_medium_close_birds.mp4,529,1,318,268,414,310,propagated:0.993
/Users/bround/Desktop/Датасеты/Dataset_Mendeley_data/Unlabelled _UAV_Videos/Flight Test 1/FT1_segments_of_interest/f3_mini_e/eo/2_minie3_range_medium_close_birds.mp4,530,1,318,264,414,306,propagated:0.990
/Users/bround/Desktop/Датасеты/Dataset_Mendeley_data/Unlabelled _UAV_Videos/Flight Test 1/FT1_segments_of_interest/f3_mini_e/eo/2_minie3_range_medium_close_birds.mp4,531,1,318,258,414,300,propagated:0.970
/Users/bround/Desktop/Датасеты/Dataset_Mendeley_data/Unlabelled _UAV_Videos/Flight Test 1/FT1_segments_of_interest/f3_mini_e/eo/2_minie3_range_medium_close_birds.mp4,532,1,318,258,414,300,propagated:0.979
/Users/bround/Desktop/Датасеты/Dataset_Mendeley_data/Unlabelled _UAV_Videos/Flight Test 1/FT1_segments_of_interest/f3_mini_e/eo/2_minie3_range_medium_close_birds.mp4,533,1,318,256,414,298,propagated:0.984
/Users/bround/Desktop/Датасеты/Dataset_Mendeley_data/Unlabelled _UAV_Videos/Flight Test 1/FT1_segments_of_interest/f3_mini_e/eo/2_minie3_range_medium_close_birds.mp4,534,1,318,256,414,298,propagated:0.991
/Users/bround/Desktop/Датасеты/Dataset_Mendeley_data/Unlabelled _UAV_Videos/Flight Test 1/FT1_segments_of_interest/f3_mini_e/eo/2_minie3_range_medium_close_birds.mp4,535,1,318,253,414,295,propagated:0.972
/Users/bround/Desktop/Датасеты/Dataset_Mendeley_data/Unlabelled _UAV_Videos/Flight Test 1/FT1_segments_of_interest/f3_mini_e/eo/2_minie3_range_medium_close_birds.mp4,536,1,316,247,412,289,propagated:0.968
/Users/bround/Desktop/Датасеты/Dataset_Mendeley_data/Unlabelled _UAV_Videos/Flight Test 1/FT1_segments_of_interest/f3_mini_e/eo/2_minie3_range_medium_close_birds.mp4,537,1,315,235,411,277,propagated:0.977
/Users/bround/Desktop/Датасеты/Dataset_Mendeley_data/Unlabelled _UAV_Videos/Flight Test 1/FT1_segments_of_interest/f3_mini_e/eo/2_minie3_range_medium_close_birds.mp4,538,1,315,235,411,277,propagated:0.984
/Users/bround/Desktop/Датасеты/Dataset_Mendeley_data/Unlabelled _UAV_Videos/Flight Test 1/FT1_segments_of_interest/f3_mini_e/eo/2_minie3_range_medium_close_birds.mp4,539,1,315,229,411,271,propagated:0.986
/Users/bround/Desktop/Датасеты/Dataset_Mendeley_data/Unlabelled _UAV_Videos/Flight Test 1/FT1_segments_of_interest/f3_mini_e/eo/2_minie3_range_medium_close_birds.mp4,540,1,316,230,412,272,propagated:0.981
/Users/bround/Desktop/Датасеты/Dataset_Mendeley_data/Unlabelled _UAV_Videos/Flight Test 1/FT1_segments_of_interest/f3_mini_e/eo/2_minie3_range_medium_close_birds.mp4,541,1,316,234,412,276,propagated:0.990
/Users/bround/Desktop/Датасеты/Dataset_Mendeley_data/Unlabelled _UAV_Videos/Flight Test 1/FT1_segments_of_interest/f3_mini_e/eo/2_minie3_range_medium_close_birds.mp4,542,1,317,235,413,277,propagated:0.990
/Users/bround/Desktop/Датасеты/Dataset_Mendeley_data/Unlabelled _UAV_Videos/Flight Test 1/FT1_segments_of_interest/f3_mini_e/eo/2_minie3_range_medium_close_birds.mp4,543,1,317,235,413,277,propagated:0.993
/Users/bround/Desktop/Датасеты/Dataset_Mendeley_data/Unlabelled _UAV_Videos/Flight Test 1/FT1_segments_of_interest/f3_mini_e/eo/2_minie3_range_medium_close_birds.mp4,544,1,316,234,412,276,propagated:0.980
/Users/bround/Desktop/Датасеты/Dataset_Mendeley_data/Unlabelled _UAV_Videos/Flight Test 1/FT1_segments_of_interest/f3_mini_e/eo/2_minie3_range_medium_close_birds.mp4,545,1,315,229,411,271,propagated:0.982
/Users/bround/Desktop/Датасеты/Dataset_Mendeley_data/Unlabelled _UAV_Videos/Flight Test 1/FT1_segments_of_interest/f3_mini_e/eo/2_minie3_range_medium_close_birds.mp4,546,1,315,225,411,267,propagated:0.976
/Users/bround/Desktop/Датасеты/Dataset_Mendeley_data/Unlabelled _UAV_Videos/Flight Test 1/FT1_segments_of_interest/f3_mini_e/eo/2_minie3_range_medium_close_birds.mp4,547,1,314,222,410,264,propagated:0.977
/Users/bround/Desktop/Датасеты/Dataset_Mendeley_data/Unlabelled _UAV_Videos/Flight Test 1/FT1_segments_of_interest/f3_mini_e/eo/2_minie3_range_medium_close_birds.mp4,548,1,310,221,406,263,propagated:0.974
/Users/bround/Desktop/Датасеты/Dataset_Mendeley_data/Unlabelled _UAV_Videos/Flight Test 1/FT1_segments_of_interest/f3_mini_e/eo/2_minie3_range_medium_close_birds.mp4,549,1,310,221,406,263,propagated:0.982
/Users/bround/Desktop/Датасеты/Dataset_Mendeley_data/Unlabelled _UAV_Videos/Flight Test 1/FT1_segments_of_interest/f3_mini_e/eo/2_minie3_range_medium_close_birds.mp4,550,1,309,221,405,263,propagated:0.976
/Users/bround/Desktop/Датасеты/Dataset_Mendeley_data/Unlabelled _UAV_Videos/Flight Test 1/FT1_segments_of_interest/f3_mini_e/eo/2_minie3_range_medium_close_birds.mp4,551,1,312,219,408,261,propagated:0.968
/Users/bround/Desktop/Датасеты/Dataset_Mendeley_data/Unlabelled _UAV_Videos/Flight Test 1/FT1_segments_of_interest/f3_mini_e/eo/2_minie3_range_medium_close_birds.mp4,552,1,316,217,412,259,propagated:0.982
/Users/bround/Desktop/Датасеты/Dataset_Mendeley_data/Unlabelled _UAV_Videos/Flight Test 1/FT1_segments_of_interest/f3_mini_e/eo/2_minie3_range_medium_close_birds.mp4,553,1,320,213,416,255,propagated:0.983
/Users/bround/Desktop/Датасеты/Dataset_Mendeley_data/Unlabelled _UAV_Videos/Flight Test 1/FT1_segments_of_interest/f3_mini_e/eo/2_minie3_range_medium_close_birds.mp4,554,1,320,207,416,249,propagated:0.974
/Users/bround/Desktop/Датасеты/Dataset_Mendeley_data/Unlabelled _UAV_Videos/Flight Test 1/FT1_segments_of_interest/f3_mini_e/eo/2_minie3_range_medium_close_birds.mp4,555,1,320,207,416,249,propagated:0.981
/Users/bround/Desktop/Датасеты/Dataset_Mendeley_data/Unlabelled _UAV_Videos/Flight Test 1/FT1_segments_of_interest/f3_mini_e/eo/2_minie3_range_medium_close_birds.mp4,556,1,320,201,416,243,propagated:0.980
/Users/bround/Desktop/Датасеты/Dataset_Mendeley_data/Unlabelled _UAV_Videos/Flight Test 1/FT1_segments_of_interest/f3_mini_e/eo/2_minie3_range_medium_close_birds.mp4,557,1,322,201,418,243,propagated:0.986
/Users/bround/Desktop/Датасеты/Dataset_Mendeley_data/Unlabelled _UAV_Videos/Flight Test 1/FT1_segments_of_interest/f3_mini_e/eo/2_minie3_range_medium_close_birds.mp4,558,1,323,204,419,246,propagated:0.985
/Users/bround/Desktop/Датасеты/Dataset_Mendeley_data/Unlabelled _UAV_Videos/Flight Test 1/FT1_segments_of_interest/f3_mini_e/eo/2_minie3_range_medium_close_birds.mp4,559,1,323,201,419,243,propagated:0.986
/Users/bround/Desktop/Датасеты/Dataset_Mendeley_data/Unlabelled _UAV_Videos/Flight Test 1/FT1_segments_of_interest/f3_mini_e/eo/2_minie3_range_medium_close_birds.mp4,560,1,318,193,414,235,propagated:0.989
/Users/bround/Desktop/Датасеты/Dataset_Mendeley_data/Unlabelled _UAV_Videos/Flight Test 1/FT1_segments_of_interest/f3_mini_e/eo/2_minie3_range_medium_close_birds.mp4,561,1,318,193,414,235,propagated:0.992
/Users/bround/Desktop/Датасеты/Dataset_Mendeley_data/Unlabelled _UAV_Videos/Flight Test 1/FT1_segments_of_interest/f3_mini_e/eo/2_minie3_range_medium_close_birds.mp4,562,1,315,186,411,228,propagated:0.969
/Users/bround/Desktop/Датасеты/Dataset_Mendeley_data/Unlabelled _UAV_Videos/Flight Test 1/FT1_segments_of_interest/f3_mini_e/eo/2_minie3_range_medium_close_birds.mp4,563,1,314,185,410,227,propagated:0.980
/Users/bround/Desktop/Датасеты/Dataset_Mendeley_data/Unlabelled _UAV_Videos/Flight Test 1/FT1_segments_of_interest/f3_mini_e/eo/2_minie3_range_medium_close_birds.mp4,564,1,316,190,412,232,propagated:0.988
/Users/bround/Desktop/Датасеты/Dataset_Mendeley_data/Unlabelled _UAV_Videos/Flight Test 1/FT1_segments_of_interest/f3_mini_e/eo/2_minie3_range_medium_close_birds.mp4,565,1,316,193,412,235,propagated:0.991
/Users/bround/Desktop/Датасеты/Dataset_Mendeley_data/Unlabelled _UAV_Videos/Flight Test 1/FT1_segments_of_interest/f3_mini_e/eo/2_minie3_range_medium_close_birds.mp4,566,1,316,189,412,231,propagated:0.987
/Users/bround/Desktop/Датасеты/Dataset_Mendeley_data/Unlabelled _UAV_Videos/Flight Test 1/FT1_segments_of_interest/f3_mini_e/eo/2_minie3_range_medium_close_birds.mp4,567,1,316,189,412,231,propagated:0.991
/Users/bround/Desktop/Датасеты/Dataset_Mendeley_data/Unlabelled _UAV_Videos/Flight Test 1/FT1_segments_of_interest/f3_mini_e/eo/2_minie3_range_medium_close_birds.mp4,568,1,318,182,414,224,propagated:0.982
/Users/bround/Desktop/Датасеты/Dataset_Mendeley_data/Unlabelled _UAV_Videos/Flight Test 1/FT1_segments_of_interest/f3_mini_e/eo/2_minie3_range_medium_close_birds.mp4,569,1,319,177,415,219,propagated:0.988
/Users/bround/Desktop/Датасеты/Dataset_Mendeley_data/Unlabelled _UAV_Videos/Flight Test 1/FT1_segments_of_interest/f3_mini_e/eo/2_minie3_range_medium_close_birds.mp4,570,1,320,178,416,220,propagated:0.975
/Users/bround/Desktop/Датасеты/Dataset_Mendeley_data/Unlabelled _UAV_Videos/Flight Test 1/FT1_segments_of_interest/f3_mini_e/eo/2_minie3_range_medium_close_birds.mp4,571,1,323,183,419,225,propagated:0.981
/Users/bround/Desktop/Датасеты/Dataset_Mendeley_data/Unlabelled _UAV_Videos/Flight Test 1/FT1_segments_of_interest/f3_mini_e/eo/2_minie3_range_medium_close_birds.mp4,572,1,325,181,421,223,propagated:0.989
/Users/bround/Desktop/Датасеты/Dataset_Mendeley_data/Unlabelled _UAV_Videos/Flight Test 1/FT1_segments_of_interest/f3_mini_e/eo/2_minie3_range_medium_close_birds.mp4,573,1,325,181,421,223,propagated:0.992
/Users/bround/Desktop/Датасеты/Dataset_Mendeley_data/Unlabelled _UAV_Videos/Flight Test 1/FT1_segments_of_interest/f3_mini_e/eo/2_minie3_range_medium_close_birds.mp4,574,1,324,179,420,221,propagated:0.978
/Users/bround/Desktop/Датасеты/Dataset_Mendeley_data/Unlabelled _UAV_Videos/Flight Test 1/FT1_segments_of_interest/f3_mini_e/eo/2_minie3_range_medium_close_birds.mp4,575,1,325,180,421,222,propagated:0.989
/Users/bround/Desktop/Датасеты/Dataset_Mendeley_data/Unlabelled _UAV_Videos/Flight Test 1/FT1_segments_of_interest/f3_mini_e/eo/2_minie3_range_medium_close_birds.mp4,576,1,326,177,422,219,propagated:0.985
/Users/bround/Desktop/Датасеты/Dataset_Mendeley_data/Unlabelled _UAV_Videos/Flight Test 1/FT1_segments_of_interest/f3_mini_e/eo/2_minie3_range_medium_close_birds.mp4,577,1,326,171,422,213,propagated:0.985
/Users/bround/Desktop/Датасеты/Dataset_Mendeley_data/Unlabelled _UAV_Videos/Flight Test 1/FT1_segments_of_interest/f3_mini_e/eo/2_minie3_range_medium_close_birds.mp4,578,1,326,169,422,211,propagated:0.988
/Users/bround/Desktop/Датасеты/Dataset_Mendeley_data/Unlabelled _UAV_Videos/Flight Test 1/FT1_segments_of_interest/f3_mini_e/eo/2_minie3_range_medium_close_birds.mp4,579,1,327,171,423,213,propagated:0.982
/Users/bround/Desktop/Датасеты/Dataset_Mendeley_data/Unlabelled _UAV_Videos/Flight Test 1/FT1_segments_of_interest/f3_mini_e/eo/2_minie3_range_medium_close_birds.mp4,580,1,327,171,423,213,propagated:0.988
/Users/bround/Desktop/Датасеты/Dataset_Mendeley_data/Unlabelled _UAV_Videos/Flight Test 1/FT1_segments_of_interest/f3_mini_e/eo/2_minie3_range_medium_close_birds.mp4,581,1,328,175,424,217,propagated:0.972
/Users/bround/Desktop/Датасеты/Dataset_Mendeley_data/Unlabelled _UAV_Videos/Flight Test 1/FT1_segments_of_interest/f3_mini_e/eo/2_minie3_range_medium_close_birds.mp4,582,1,328,178,424,220,propagated:0.992
/Users/bround/Desktop/Датасеты/Dataset_Mendeley_data/Unlabelled _UAV_Videos/Flight Test 1/FT1_segments_of_interest/f3_mini_e/eo/2_minie3_range_medium_close_birds.mp4,583,1,328,182,424,224,propagated:0.987
/Users/bround/Desktop/Датасеты/Dataset_Mendeley_data/Unlabelled _UAV_Videos/Flight Test 1/FT1_segments_of_interest/f3_mini_e/eo/2_minie3_range_medium_close_birds.mp4,584,1,323,189,419,231,propagated:0.989
/Users/bround/Desktop/Датасеты/Dataset_Mendeley_data/Unlabelled _UAV_Videos/Flight Test 1/FT1_segments_of_interest/f3_mini_e/eo/2_minie3_range_medium_close_birds.mp4,585,1,316,197,412,239,propagated:0.982
/Users/bround/Desktop/Датасеты/Dataset_Mendeley_data/Unlabelled _UAV_Videos/Flight Test 1/FT1_segments_of_interest/f3_mini_e/eo/2_minie3_range_medium_close_birds.mp4,586,1,316,197,412,239,propagated:0.987
/Users/bround/Desktop/Датасеты/Dataset_Mendeley_data/Unlabelled _UAV_Videos/Flight Test 1/FT1_segments_of_interest/f3_mini_e/eo/2_minie3_range_medium_close_birds.mp4,587,1,311,206,407,248,propagated:0.979
/Users/bround/Desktop/Датасеты/Dataset_Mendeley_data/Unlabelled _UAV_Videos/Flight Test 1/FT1_segments_of_interest/f3_mini_e/eo/2_minie3_range_medium_close_birds.mp4,588,1,310,210,406,252,propagated:0.976
/Users/bround/Desktop/Датасеты/Dataset_Mendeley_data/Unlabelled _UAV_Videos/Flight Test 1/FT1_segments_of_interest/f3_mini_e/eo/2_minie3_range_medium_close_birds.mp4,589,1,309,209,405,251,propagated:0.979
/Users/bround/Desktop/Датасеты/Dataset_Mendeley_data/Unlabelled _UAV_Videos/Flight Test 1/FT1_segments_of_interest/f3_mini_e/eo/2_minie3_range_medium_close_birds.mp4,590,1,308,207,404,249,propagated:0.975
/Users/bround/Desktop/Датасеты/Dataset_Mendeley_data/Unlabelled _UAV_Videos/Flight Test 1/FT1_segments_of_interest/f3_mini_e/eo/2_minie3_range_medium_close_birds.mp4,591,1,308,207,404,249,propagated:0.982
/Users/bround/Desktop/Датасеты/Dataset_Mendeley_data/Unlabelled _UAV_Videos/Flight Test 1/FT1_segments_of_interest/f3_mini_e/eo/2_minie3_range_medium_close_birds.mp4,592,1,307,206,403,248,propagated:0.981
/Users/bround/Desktop/Датасеты/Dataset_Mendeley_data/Unlabelled _UAV_Videos/Flight Test 1/FT1_segments_of_interest/f3_mini_e/eo/2_minie3_range_medium_close_birds.mp4,593,1,307,207,403,249,propagated:0.983
/Users/bround/Desktop/Датасеты/Dataset_Mendeley_data/Unlabelled _UAV_Videos/Flight Test 1/FT1_segments_of_interest/f3_mini_e/eo/2_minie3_range_medium_close_birds.mp4,594,1,307,210,403,252,propagated:0.987
/Users/bround/Desktop/Датасеты/Dataset_Mendeley_data/Unlabelled _UAV_Videos/Flight Test 1/FT1_segments_of_interest/f3_mini_e/eo/2_minie3_range_medium_close_birds.mp4,595,1,308,213,404,255,propagated:0.984
/Users/bround/Desktop/Датасеты/Dataset_Mendeley_data/Unlabelled _UAV_Videos/Flight Test 1/FT1_segments_of_interest/f3_mini_e/eo/2_minie3_range_medium_close_birds.mp4,596,1,308,212,404,254,propagated:0.959
/Users/bround/Desktop/Датасеты/Dataset_Mendeley_data/Unlabelled _UAV_Videos/Flight Test 1/FT1_segments_of_interest/f3_mini_e/eo/2_minie3_range_medium_close_birds.mp4,597,1,309,210,405,252,propagated:0.969
/Users/bround/Desktop/Датасеты/Dataset_Mendeley_data/Unlabelled _UAV_Videos/Flight Test 1/FT1_segments_of_interest/f3_mini_e/eo/2_minie3_range_medium_close_birds.mp4,598,1,309,210,405,252,propagated:0.978
/Users/bround/Desktop/Датасеты/Dataset_Mendeley_data/Unlabelled _UAV_Videos/Flight Test 1/FT1_segments_of_interest/f3_mini_e/eo/2_minie3_range_medium_close_birds.mp4,599,1,312,205,408,247,propagated:0.964
/Users/bround/Desktop/Датасеты/Dataset_Mendeley_data/Unlabelled _UAV_Videos/Flight Test 1/FT1_segments_of_interest/f3_mini_e/eo/2_minie3_range_medium_close_birds.mp4,600,1,315,199,411,241,propagated:0.958
/Users/bround/Desktop/Датасеты/Dataset_Mendeley_data/Unlabelled _UAV_Videos/Flight Test 1/FT1_segments_of_interest/f3_mini_e/eo/2_minie3_range_medium_close_birds.mp4,601,1,319,196,415,238,propagated:0.960
/Users/bround/Desktop/Датасеты/Dataset_Mendeley_data/Unlabelled _UAV_Videos/Flight Test 1/FT1_segments_of_interest/f3_mini_e/eo/2_minie3_range_medium_close_birds.mp4,602,1,321,197,417,239,propagated:0.982
/Users/bround/Desktop/Датасеты/Dataset_Mendeley_data/Unlabelled _UAV_Videos/Flight Test 1/FT1_segments_of_interest/f3_mini_e/eo/2_minie3_range_medium_close_birds.mp4,603,1,304,178,433,252,manual
/Users/bround/Desktop/Датасеты/Dataset_Mendeley_data/Unlabelled _UAV_Videos/Flight Test 1/FT1_segments_of_interest/f3_mini_e/eo/2_minie3_range_medium_close_birds.mp4,605,1,303,178,432,252,propagated:0.991
/Users/bround/Desktop/Датасеты/Dataset_Mendeley_data/Unlabelled _UAV_Videos/Flight Test 1/FT1_segments_of_interest/f3_mini_e/eo/2_minie3_range_medium_close_birds.mp4,606,1,302,179,431,253,propagated:0.982
/Users/bround/Desktop/Датасеты/Dataset_Mendeley_data/Unlabelled _UAV_Videos/Flight Test 1/FT1_segments_of_interest/f3_mini_e/eo/2_minie3_range_medium_close_birds.mp4,607,1,302,183,431,257,propagated:0.972
/Users/bround/Desktop/Датасеты/Dataset_Mendeley_data/Unlabelled _UAV_Videos/Flight Test 1/FT1_segments_of_interest/f3_mini_e/eo/2_minie3_range_medium_close_birds.mp4,608,1,302,185,431,259,propagated:0.956
/Users/bround/Desktop/Датасеты/Dataset_Mendeley_data/Unlabelled _UAV_Videos/Flight Test 1/FT1_segments_of_interest/f3_mini_e/eo/2_minie3_range_medium_close_birds.mp4,609,1,305,188,434,262,propagated:0.965
/Users/bround/Desktop/Датасеты/Dataset_Mendeley_data/Unlabelled _UAV_Videos/Flight Test 1/FT1_segments_of_interest/f3_mini_e/eo/2_minie3_range_medium_close_birds.mp4,610,1,305,188,434,262,propagated:0.975
/Users/bround/Desktop/Датасеты/Dataset_Mendeley_data/Unlabelled _UAV_Videos/Flight Test 1/FT1_segments_of_interest/f3_mini_e/eo/2_minie3_range_medium_close_birds.mp4,611,1,309,194,438,268,propagated:0.975
/Users/bround/Desktop/Датасеты/Dataset_Mendeley_data/Unlabelled _UAV_Videos/Flight Test 1/FT1_segments_of_interest/f3_mini_e/eo/2_minie3_range_medium_close_birds.mp4,612,1,310,198,439,272,propagated:0.978
/Users/bround/Desktop/Датасеты/Dataset_Mendeley_data/Unlabelled _UAV_Videos/Flight Test 1/FT1_segments_of_interest/f3_mini_e/eo/2_minie3_range_medium_close_birds.mp4,613,1,310,196,439,270,propagated:0.984
/Users/bround/Desktop/Датасеты/Dataset_Mendeley_data/Unlabelled _UAV_Videos/Flight Test 1/FT1_segments_of_interest/f3_mini_e/eo/2_minie3_range_medium_close_birds.mp4,614,1,310,193,439,267,propagated:0.981
/Users/bround/Desktop/Датасеты/Dataset_Mendeley_data/Unlabelled _UAV_Videos/Flight Test 1/FT1_segments_of_interest/f3_mini_e/eo/2_minie3_range_medium_close_birds.mp4,615,1,310,193,439,267,propagated:1.000
/Users/bround/Desktop/Датасеты/Dataset_Mendeley_data/Unlabelled _UAV_Videos/Flight Test 1/FT1_segments_of_interest/f3_mini_e/eo/2_minie3_range_medium_close_birds.mp4,616,1,311,192,440,266,propagated:0.982
/Users/bround/Desktop/Датасеты/Dataset_Mendeley_data/Unlabelled _UAV_Videos/Flight Test 1/FT1_segments_of_interest/f3_mini_e/eo/2_minie3_range_medium_close_birds.mp4,617,1,312,191,441,265,propagated:0.979
/Users/bround/Desktop/Датасеты/Dataset_Mendeley_data/Unlabelled _UAV_Videos/Flight Test 1/FT1_segments_of_interest/f3_mini_e/eo/2_minie3_range_medium_close_birds.mp4,618,1,313,187,442,261,propagated:0.979
/Users/bround/Desktop/Датасеты/Dataset_Mendeley_data/Unlabelled _UAV_Videos/Flight Test 1/FT1_segments_of_interest/f3_mini_e/eo/2_minie3_range_medium_close_birds.mp4,619,1,312,187,441,261,propagated:0.983
/Users/bround/Desktop/Датасеты/Dataset_Mendeley_data/Unlabelled _UAV_Videos/Flight Test 1/FT1_segments_of_interest/f3_mini_e/eo/2_minie3_range_medium_close_birds.mp4,620,1,313,191,442,265,propagated:0.972
/Users/bround/Desktop/Датасеты/Dataset_Mendeley_data/Unlabelled _UAV_Videos/Flight Test 1/FT1_segments_of_interest/f3_mini_e/eo/2_minie3_range_medium_close_birds.mp4,621,1,313,191,442,265,propagated:0.980
/Users/bround/Desktop/Датасеты/Dataset_Mendeley_data/Unlabelled _UAV_Videos/Flight Test 1/FT1_segments_of_interest/f3_mini_e/eo/2_minie3_range_medium_close_birds.mp4,622,1,313,195,442,269,propagated:0.968
/Users/bround/Desktop/Датасеты/Dataset_Mendeley_data/Unlabelled _UAV_Videos/Flight Test 1/FT1_segments_of_interest/f3_mini_e/eo/2_minie3_range_medium_close_birds.mp4,623,1,313,198,442,272,propagated:0.979
/Users/bround/Desktop/Датасеты/Dataset_Mendeley_data/Unlabelled _UAV_Videos/Flight Test 1/FT1_segments_of_interest/f3_mini_e/eo/2_minie3_range_medium_close_birds.mp4,624,1,313,199,442,273,propagated:0.977
/Users/bround/Desktop/Датасеты/Dataset_Mendeley_data/Unlabelled _UAV_Videos/Flight Test 1/FT1_segments_of_interest/f3_mini_e/eo/2_minie3_range_medium_close_birds.mp4,625,1,311,198,440,272,propagated:0.978
/Users/bround/Desktop/Датасеты/Dataset_Mendeley_data/Unlabelled _UAV_Videos/Flight Test 1/FT1_segments_of_interest/f3_mini_e/eo/2_minie3_range_medium_close_birds.mp4,626,1,310,195,439,269,propagated:0.983
/Users/bround/Desktop/Датасеты/Dataset_Mendeley_data/Unlabelled _UAV_Videos/Flight Test 1/FT1_segments_of_interest/f3_mini_e/eo/2_minie3_range_medium_close_birds.mp4,627,1,310,195,439,269,propagated:0.988
/Users/bround/Desktop/Датасеты/Dataset_Mendeley_data/Unlabelled _UAV_Videos/Flight Test 1/FT1_segments_of_interest/f3_mini_e/eo/2_minie3_range_medium_close_birds.mp4,628,1,310,195,439,269,propagated:0.989
/Users/bround/Desktop/Датасеты/Dataset_Mendeley_data/Unlabelled _UAV_Videos/Flight Test 1/FT1_segments_of_interest/f3_mini_e/eo/2_minie3_range_medium_close_birds.mp4,629,1,309,194,438,268,propagated:0.991
/Users/bround/Desktop/Датасеты/Dataset_Mendeley_data/Unlabelled _UAV_Videos/Flight Test 1/FT1_segments_of_interest/f3_mini_e/eo/2_minie3_range_medium_close_birds.mp4,630,1,307,194,436,268,propagated:0.983
/Users/bround/Desktop/Датасеты/Dataset_Mendeley_data/Unlabelled _UAV_Videos/Flight Test 1/FT1_segments_of_interest/f3_mini_e/eo/2_minie3_range_medium_close_birds.mp4,631,1,304,195,433,269,propagated:0.981
/Users/bround/Desktop/Датасеты/Dataset_Mendeley_data/Unlabelled _UAV_Videos/Flight Test 1/FT1_segments_of_interest/f3_mini_e/eo/2_minie3_range_medium_close_birds.mp4,632,1,297,196,426,270,propagated:0.955
/Users/bround/Desktop/Датасеты/Dataset_Mendeley_data/Unlabelled _UAV_Videos/Flight Test 1/FT1_segments_of_interest/f3_mini_e/eo/2_minie3_range_medium_close_birds.mp4,633,1,297,196,426,270,propagated:0.968
/Users/bround/Desktop/Датасеты/Dataset_Mendeley_data/Unlabelled _UAV_Videos/Flight Test 1/FT1_segments_of_interest/f3_mini_e/eo/2_minie3_range_medium_close_birds.mp4,634,1,291,195,420,269,propagated:0.964
/Users/bround/Desktop/Датасеты/Dataset_Mendeley_data/Unlabelled _UAV_Videos/Flight Test 1/FT1_segments_of_interest/f3_mini_e/eo/2_minie3_range_medium_close_birds.mp4,635,1,284,197,413,271,propagated:0.975
/Users/bround/Desktop/Датасеты/Dataset_Mendeley_data/Unlabelled _UAV_Videos/Flight Test 1/FT1_segments_of_interest/f3_mini_e/eo/2_minie3_range_medium_close_birds.mp4,636,1,280,199,409,273,propagated:0.968
/Users/bround/Desktop/Датасеты/Dataset_Mendeley_data/Unlabelled _UAV_Videos/Flight Test 1/FT1_segments_of_interest/f3_mini_e/eo/2_minie3_range_medium_close_birds.mp4,637,1,276,197,405,271,propagated:0.946
/Users/bround/Desktop/Датасеты/Dataset_Mendeley_data/Unlabelled _UAV_Videos/Flight Test 1/FT1_segments_of_interest/f3_mini_e/eo/2_minie3_range_medium_close_birds.mp4,638,1,275,192,404,266,propagated:0.937
/Users/bround/Desktop/Датасеты/Dataset_Mendeley_data/Unlabelled _UAV_Videos/Flight Test 1/FT1_segments_of_interest/f3_mini_e/eo/2_minie3_range_medium_close_birds.mp4,639,1,271,187,400,261,propagated:0.923
/Users/bround/Desktop/Датасеты/Dataset_Mendeley_data/Unlabelled _UAV_Videos/Flight Test 1/FT1_segments_of_interest/f3_mini_e/eo/2_minie3_range_medium_close_birds.mp4,640,1,271,187,400,261,propagated:0.946
/Users/bround/Desktop/Датасеты/Dataset_Mendeley_data/Unlabelled _UAV_Videos/Flight Test 1/FT1_segments_of_interest/f3_mini_e/eo/2_minie3_range_medium_close_birds.mp4,641,1,267,181,396,255,propagated:0.941
/Users/bround/Desktop/Датасеты/Dataset_Mendeley_data/Unlabelled _UAV_Videos/Flight Test 1/FT1_segments_of_interest/f3_mini_e/eo/2_minie3_range_medium_close_birds.mp4,642,1,263,177,392,251,propagated:0.952
/Users/bround/Desktop/Датасеты/Dataset_Mendeley_data/Unlabelled _UAV_Videos/Flight Test 1/FT1_segments_of_interest/f3_mini_e/eo/2_minie3_range_medium_close_birds.mp4,643,1,264,180,393,254,propagated:0.954
/Users/bround/Desktop/Датасеты/Dataset_Mendeley_data/Unlabelled _UAV_Videos/Flight Test 1/FT1_segments_of_interest/f3_mini_e/eo/2_minie3_range_medium_close_birds.mp4,644,1,266,183,395,257,propagated:0.972
/Users/bround/Desktop/Датасеты/Dataset_Mendeley_data/Unlabelled _UAV_Videos/Flight Test 1/FT1_segments_of_interest/f3_mini_e/eo/2_minie3_range_medium_close_birds.mp4,645,1,271,182,400,256,propagated:0.981
/Users/bround/Desktop/Датасеты/Dataset_Mendeley_data/Unlabelled _UAV_Videos/Flight Test 1/FT1_segments_of_interest/f3_mini_e/eo/2_minie3_range_medium_close_birds.mp4,646,1,271,182,400,256,propagated:0.987
/Users/bround/Desktop/Датасеты/Dataset_Mendeley_data/Unlabelled _UAV_Videos/Flight Test 1/FT1_segments_of_interest/f3_mini_e/eo/2_minie3_range_medium_close_birds.mp4,647,1,275,178,404,252,propagated:0.973
/Users/bround/Desktop/Датасеты/Dataset_Mendeley_data/Unlabelled _UAV_Videos/Flight Test 1/FT1_segments_of_interest/f3_mini_e/eo/2_minie3_range_medium_close_birds.mp4,648,1,276,171,405,245,propagated:0.982
/Users/bround/Desktop/Датасеты/Dataset_Mendeley_data/Unlabelled _UAV_Videos/Flight Test 1/FT1_segments_of_interest/f3_mini_e/eo/2_minie3_range_medium_close_birds.mp4,649,1,278,168,407,242,propagated:0.991
/Users/bround/Desktop/Датасеты/Dataset_Mendeley_data/Unlabelled _UAV_Videos/Flight Test 1/FT1_segments_of_interest/f3_mini_e/eo/2_minie3_range_medium_close_birds.mp4,650,1,280,171,409,245,propagated:0.986
/Users/bround/Desktop/Датасеты/Dataset_Mendeley_data/Unlabelled _UAV_Videos/Flight Test 1/FT1_segments_of_interest/f3_mini_e/eo/2_minie3_range_medium_close_birds.mp4,651,1,280,169,409,243,propagated:0.986
/Users/bround/Desktop/Датасеты/Dataset_Mendeley_data/Unlabelled _UAV_Videos/Flight Test 1/FT1_segments_of_interest/f3_mini_e/eo/2_minie3_range_medium_close_birds.mp4,652,1,280,169,409,243,propagated:0.990
/Users/bround/Desktop/Датасеты/Dataset_Mendeley_data/Unlabelled _UAV_Videos/Flight Test 1/FT1_segments_of_interest/f3_mini_e/eo/2_minie3_range_medium_close_birds.mp4,653,1,282,161,411,235,propagated:0.972
/Users/bround/Desktop/Датасеты/Dataset_Mendeley_data/Unlabelled _UAV_Videos/Flight Test 1/FT1_segments_of_interest/f3_mini_e/eo/2_minie3_range_medium_close_birds.mp4,654,1,282,153,411,227,propagated:0.976
/Users/bround/Desktop/Датасеты/Dataset_Mendeley_data/Unlabelled _UAV_Videos/Flight Test 1/FT1_segments_of_interest/f3_mini_e/eo/2_minie3_range_medium_close_birds.mp4,655,1,283,154,412,228,propagated:0.977
/Users/bround/Desktop/Датасеты/Dataset_Mendeley_data/Unlabelled _UAV_Videos/Flight Test 1/FT1_segments_of_interest/f3_mini_e/eo/2_minie3_range_medium_close_birds.mp4,656,1,285,157,414,231,propagated:0.971
/Users/bround/Desktop/Датасеты/Dataset_Mendeley_data/Unlabelled _UAV_Videos/Flight Test 1/FT1_segments_of_interest/f3_mini_e/eo/2_minie3_range_medium_close_birds.mp4,657,0,,,,,invisible
/Users/bround/Desktop/Датасеты/Dataset_Mendeley_data/Unlabelled _UAV_Videos/Flight Test 1/FT1_segments_of_interest/f3_mini_e/eo/2_minie3_range_medium_close_birds.mp4,658,0,,,,,invisible
/Users/bround/Desktop/Датасеты/Dataset_Mendeley_data/Unlabelled _UAV_Videos/Flight Test 1/FT1_segments_of_interest/f3_mini_e/eo/2_minie3_range_medium_close_birds.mp4,659,0,,,,,invisible
/Users/bround/Desktop/Датасеты/Dataset_Mendeley_data/Unlabelled _UAV_Videos/Flight Test 1/FT1_segments_of_interest/f3_mini_e/eo/2_minie3_range_medium_close_birds.mp4,661,1,284,157,413,231,propagated:0.974
/Users/bround/Desktop/Датасеты/Dataset_Mendeley_data/Unlabelled _UAV_Videos/Flight Test 1/FT1_segments_of_interest/f3_mini_e/eo/2_minie3_range_medium_close_birds.mp4,662,1,284,158,413,232,propagated:0.981
/Users/bround/Desktop/Датасеты/Dataset_Mendeley_data/Unlabelled _UAV_Videos/Flight Test 1/FT1_segments_of_interest/f3_mini_e/eo/2_minie3_range_medium_close_birds.mp4,663,1,289,161,418,235,propagated:0.984
/Users/bround/Desktop/Датасеты/Dataset_Mendeley_data/Unlabelled _UAV_Videos/Flight Test 1/FT1_segments_of_interest/f3_mini_e/eo/2_minie3_range_medium_close_birds.mp4,664,1,289,161,418,235,propagated:0.988
/Users/bround/Desktop/Датасеты/Dataset_Mendeley_data/Unlabelled _UAV_Videos/Flight Test 1/FT1_segments_of_interest/f3_mini_e/eo/2_minie3_range_medium_close_birds.mp4,665,1,292,162,421,236,propagated:0.982
/Users/bround/Desktop/Датасеты/Dataset_Mendeley_data/Unlabelled _UAV_Videos/Flight Test 1/FT1_segments_of_interest/f3_mini_e/eo/2_minie3_range_medium_close_birds.mp4,666,1,297,164,426,238,propagated:0.984
/Users/bround/Desktop/Датасеты/Dataset_Mendeley_data/Unlabelled _UAV_Videos/Flight Test 1/FT1_segments_of_interest/f3_mini_e/eo/2_minie3_range_medium_close_birds.mp4,667,1,300,165,429,239,propagated:0.976
/Users/bround/Desktop/Датасеты/Dataset_Mendeley_data/Unlabelled _UAV_Videos/Flight Test 1/FT1_segments_of_interest/f3_mini_e/eo/2_minie3_range_medium_close_birds.mp4,668,1,300,163,429,237,propagated:0.980
/Users/bround/Desktop/Датасеты/Dataset_Mendeley_data/Unlabelled _UAV_Videos/Flight Test 1/FT1_segments_of_interest/f3_mini_e/eo/2_minie3_range_medium_close_birds.mp4,669,1,300,163,429,237,propagated:0.986
/Users/bround/Desktop/Датасеты/Dataset_Mendeley_data/Unlabelled _UAV_Videos/Flight Test 1/FT1_segments_of_interest/f3_mini_e/eo/2_minie3_range_medium_close_birds.mp4,670,1,300,160,429,234,propagated:0.981
/Users/bround/Desktop/Датасеты/Dataset_Mendeley_data/Unlabelled _UAV_Videos/Flight Test 1/FT1_segments_of_interest/f3_mini_e/eo/2_minie3_range_medium_close_birds.mp4,671,1,300,162,429,236,propagated:0.986
/Users/bround/Desktop/Датасеты/Dataset_Mendeley_data/Unlabelled _UAV_Videos/Flight Test 1/FT1_segments_of_interest/f3_mini_e/eo/2_minie3_range_medium_close_birds.mp4,672,1,301,163,430,237,propagated:0.985
/Users/bround/Desktop/Датасеты/Dataset_Mendeley_data/Unlabelled _UAV_Videos/Flight Test 1/FT1_segments_of_interest/f3_mini_e/eo/2_minie3_range_medium_close_birds.mp4,673,1,301,166,430,240,propagated:0.973
/Users/bround/Desktop/Датасеты/Dataset_Mendeley_data/Unlabelled _UAV_Videos/Flight Test 1/FT1_segments_of_interest/f3_mini_e/eo/2_minie3_range_medium_close_birds.mp4,674,1,302,168,431,242,propagated:0.966
/Users/bround/Desktop/Датасеты/Dataset_Mendeley_data/Unlabelled _UAV_Videos/Flight Test 1/FT1_segments_of_interest/f3_mini_e/eo/2_minie3_range_medium_close_birds.mp4,675,1,302,168,431,242,propagated:0.976
/Users/bround/Desktop/Датасеты/Dataset_Mendeley_data/Unlabelled _UAV_Videos/Flight Test 1/FT1_segments_of_interest/f3_mini_e/eo/2_minie3_range_medium_close_birds.mp4,676,1,303,168,432,242,propagated:0.980
/Users/bround/Desktop/Датасеты/Dataset_Mendeley_data/Unlabelled _UAV_Videos/Flight Test 1/FT1_segments_of_interest/f3_mini_e/eo/2_minie3_range_medium_close_birds.mp4,677,1,303,168,432,242,propagated:0.969
/Users/bround/Desktop/Датасеты/Dataset_Mendeley_data/Unlabelled _UAV_Videos/Flight Test 1/FT1_segments_of_interest/f3_mini_e/eo/2_minie3_range_medium_close_birds.mp4,678,1,305,169,434,243,propagated:0.959
/Users/bround/Desktop/Датасеты/Dataset_Mendeley_data/Unlabelled _UAV_Videos/Flight Test 1/FT1_segments_of_interest/f3_mini_e/eo/2_minie3_range_medium_close_birds.mp4,679,1,305,168,434,242,propagated:0.968
/Users/bround/Desktop/Датасеты/Dataset_Mendeley_data/Unlabelled _UAV_Videos/Flight Test 1/FT1_segments_of_interest/f3_mini_e/eo/2_minie3_range_medium_close_birds.mp4,680,1,306,168,435,242,propagated:0.974
/Users/bround/Desktop/Датасеты/Dataset_Mendeley_data/Unlabelled _UAV_Videos/Flight Test 1/FT1_segments_of_interest/f3_mini_e/eo/2_minie3_range_medium_close_birds.mp4,681,1,307,167,436,241,propagated:0.976
/Users/bround/Desktop/Датасеты/Dataset_Mendeley_data/Unlabelled _UAV_Videos/Flight Test 1/FT1_segments_of_interest/f3_mini_e/eo/2_minie3_range_medium_close_birds.mp4,682,1,307,167,436,241,propagated:0.983
/Users/bround/Desktop/Датасеты/Dataset_Mendeley_data/Unlabelled _UAV_Videos/Flight Test 1/FT1_segments_of_interest/f3_mini_e/eo/2_minie3_range_medium_close_birds.mp4,683,1,309,167,438,241,propagated:0.987
/Users/bround/Desktop/Датасеты/Dataset_Mendeley_data/Unlabelled _UAV_Videos/Flight Test 1/FT1_segments_of_interest/f3_mini_e/eo/2_minie3_range_medium_close_birds.mp4,684,1,311,169,440,243,propagated:0.988
/Users/bround/Desktop/Датасеты/Dataset_Mendeley_data/Unlabelled _UAV_Videos/Flight Test 1/FT1_segments_of_interest/f3_mini_e/eo/2_minie3_range_medium_close_birds.mp4,685,1,312,170,441,244,propagated:0.975
/Users/bround/Desktop/Датасеты/Dataset_Mendeley_data/Unlabelled _UAV_Videos/Flight Test 1/FT1_segments_of_interest/f3_mini_e/eo/2_minie3_range_medium_close_birds.mp4,686,1,313,171,442,245,propagated:0.973
/Users/bround/Desktop/Датасеты/Dataset_Mendeley_data/Unlabelled _UAV_Videos/Flight Test 1/FT1_segments_of_interest/f3_mini_e/eo/2_minie3_range_medium_close_birds.mp4,687,1,313,172,442,246,propagated:0.975
/Users/bround/Desktop/Датасеты/Dataset_Mendeley_data/Unlabelled _UAV_Videos/Flight Test 1/FT1_segments_of_interest/f3_mini_e/eo/2_minie3_range_medium_close_birds.mp4,688,1,313,172,442,246,propagated:0.982
/Users/bround/Desktop/Датасеты/Dataset_Mendeley_data/Unlabelled _UAV_Videos/Flight Test 1/FT1_segments_of_interest/f3_mini_e/eo/2_minie3_range_medium_close_birds.mp4,689,1,313,172,442,246,propagated:0.983
/Users/bround/Desktop/Датасеты/Dataset_Mendeley_data/Unlabelled _UAV_Videos/Flight Test 1/FT1_segments_of_interest/f3_mini_e/eo/2_minie3_range_medium_close_birds.mp4,690,1,313,173,442,247,propagated:0.983
/Users/bround/Desktop/Датасеты/Dataset_Mendeley_data/Unlabelled _UAV_Videos/Flight Test 1/FT1_segments_of_interest/f3_mini_e/eo/2_minie3_range_medium_close_birds.mp4,691,1,314,174,443,248,propagated:0.971
/Users/bround/Desktop/Датасеты/Dataset_Mendeley_data/Unlabelled _UAV_Videos/Flight Test 1/FT1_segments_of_interest/f3_mini_e/eo/2_minie3_range_medium_close_birds.mp4,692,1,317,174,446,248,propagated:0.971
/Users/bround/Desktop/Датасеты/Dataset_Mendeley_data/Unlabelled _UAV_Videos/Flight Test 1/FT1_segments_of_interest/f3_mini_e/eo/2_minie3_range_medium_close_birds.mp4,693,1,317,174,446,248,propagated:0.979
/Users/bround/Desktop/Датасеты/Dataset_Mendeley_data/Unlabelled _UAV_Videos/Flight Test 1/FT1_segments_of_interest/f3_mini_e/eo/2_minie3_range_medium_close_birds.mp4,694,1,318,170,447,244,propagated:0.991
/Users/bround/Desktop/Датасеты/Dataset_Mendeley_data/Unlabelled _UAV_Videos/Flight Test 1/FT1_segments_of_interest/f3_mini_e/eo/2_minie3_range_medium_close_birds.mp4,695,1,321,168,450,242,propagated:0.982
/Users/bround/Desktop/Датасеты/Dataset_Mendeley_data/Unlabelled _UAV_Videos/Flight Test 1/FT1_segments_of_interest/f3_mini_e/eo/2_minie3_range_medium_close_birds.mp4,696,1,325,166,454,240,propagated:0.988
/Users/bround/Desktop/Датасеты/Dataset_Mendeley_data/Unlabelled _UAV_Videos/Flight Test 1/FT1_segments_of_interest/f3_mini_e/eo/2_minie3_range_medium_close_birds.mp4,697,1,326,163,455,237,propagated:0.987
/Users/bround/Desktop/Датасеты/Dataset_Mendeley_data/Unlabelled _UAV_Videos/Flight Test 1/FT1_segments_of_interest/f3_mini_e/eo/2_minie3_range_medium_close_birds.mp4,698,1,325,161,454,235,propagated:0.984
/Users/bround/Desktop/Датасеты/Dataset_Mendeley_data/Unlabelled _UAV_Videos/Flight Test 1/FT1_segments_of_interest/f3_mini_e/eo/2_minie3_range_medium_close_birds.mp4,699,1,325,160,454,234,propagated:0.985
/Users/bround/Desktop/Датасеты/Dataset_Mendeley_data/Unlabelled _UAV_Videos/Flight Test 1/FT1_segments_of_interest/f3_mini_e/eo/2_minie3_range_medium_close_birds.mp4,700,1,325,160,454,234,propagated:0.989
/Users/bround/Desktop/Датасеты/Dataset_Mendeley_data/Unlabelled _UAV_Videos/Flight Test 1/FT1_segments_of_interest/f3_mini_e/eo/2_minie3_range_medium_close_birds.mp4,701,1,325,158,454,232,propagated:0.989
/Users/bround/Desktop/Датасеты/Dataset_Mendeley_data/Unlabelled _UAV_Videos/Flight Test 1/FT1_segments_of_interest/f3_mini_e/eo/2_minie3_range_medium_close_birds.mp4,702,1,326,157,455,231,propagated:0.980
/Users/bround/Desktop/Датасеты/Dataset_Mendeley_data/Unlabelled _UAV_Videos/Flight Test 1/FT1_segments_of_interest/f3_mini_e/eo/2_minie3_range_medium_close_birds.mp4,703,1,327,155,456,229,propagated:0.986
/Users/bround/Desktop/Датасеты/Dataset_Mendeley_data/Unlabelled _UAV_Videos/Flight Test 1/FT1_segments_of_interest/f3_mini_e/eo/2_minie3_range_medium_close_birds.mp4,704,1,328,152,457,226,propagated:0.989
/Users/bround/Desktop/Датасеты/Dataset_Mendeley_data/Unlabelled _UAV_Videos/Flight Test 1/FT1_segments_of_interest/f3_mini_e/eo/2_minie3_range_medium_close_birds.mp4,705,1,329,148,458,222,propagated:0.984
/Users/bround/Desktop/Датасеты/Dataset_Mendeley_data/Unlabelled _UAV_Videos/Flight Test 1/FT1_segments_of_interest/f3_mini_e/eo/2_minie3_range_medium_close_birds.mp4,706,1,329,148,458,222,propagated:0.989
/Users/bround/Desktop/Датасеты/Dataset_Mendeley_data/Unlabelled _UAV_Videos/Flight Test 1/FT1_segments_of_interest/f3_mini_e/eo/2_minie3_range_medium_close_birds.mp4,707,1,331,145,460,219,propagated:0.991
/Users/bround/Desktop/Датасеты/Dataset_Mendeley_data/Unlabelled _UAV_Videos/Flight Test 1/FT1_segments_of_interest/f3_mini_e/eo/2_minie3_range_medium_close_birds.mp4,708,1,331,145,460,219,propagated:0.987
/Users/bround/Desktop/Датасеты/Dataset_Mendeley_data/Unlabelled _UAV_Videos/Flight Test 1/FT1_segments_of_interest/f3_mini_e/eo/2_minie3_range_medium_close_birds.mp4,709,1,329,142,458,216,propagated:0.973
/Users/bround/Desktop/Датасеты/Dataset_Mendeley_data/Unlabelled _UAV_Videos/Flight Test 1/FT1_segments_of_interest/f3_mini_e/eo/2_minie3_range_medium_close_birds.mp4,710,1,329,143,458,217,propagated:0.985
/Users/bround/Desktop/Датасеты/Dataset_Mendeley_data/Unlabelled _UAV_Videos/Flight Test 1/FT1_segments_of_interest/f3_mini_e/eo/2_minie3_range_medium_close_birds.mp4,711,1,330,148,459,222,propagated:0.977
/Users/bround/Desktop/Датасеты/Dataset_Mendeley_data/Unlabelled _UAV_Videos/Flight Test 1/FT1_segments_of_interest/f3_mini_e/eo/2_minie3_range_medium_close_birds.mp4,712,1,330,148,459,222,propagated:0.984
/Users/bround/Desktop/Датасеты/Dataset_Mendeley_data/Unlabelled _UAV_Videos/Flight Test 1/FT1_segments_of_interest/f3_mini_e/eo/2_minie3_range_medium_close_birds.mp4,713,1,331,160,460,234,propagated:0.976
/Users/bround/Desktop/Датасеты/Dataset_Mendeley_data/Unlabelled _UAV_Videos/Flight Test 1/FT1_segments_of_interest/f3_mini_e/eo/2_minie3_range_medium_close_birds.mp4,714,1,331,170,460,244,propagated:0.965
/Users/bround/Desktop/Датасеты/Dataset_Mendeley_data/Unlabelled _UAV_Videos/Flight Test 1/FT1_segments_of_interest/f3_mini_e/eo/2_minie3_range_medium_close_birds.mp4,715,1,333,173,462,247,propagated:0.973
/Users/bround/Desktop/Датасеты/Dataset_Mendeley_data/Unlabelled _UAV_Videos/Flight Test 1/FT1_segments_of_interest/f3_mini_e/eo/2_minie3_range_medium_close_birds.mp4,716,1,335,170,464,244,propagated:0.963
/Users/bround/Desktop/Датасеты/Dataset_Mendeley_data/Unlabelled _UAV_Videos/Flight Test 1/FT1_segments_of_interest/f3_mini_e/eo/2_minie3_range_medium_close_birds.mp4,717,1,337,169,466,243,propagated:0.961
/Users/bround/Desktop/Датасеты/Dataset_Mendeley_data/Unlabelled _UAV_Videos/Flight Test 1/FT1_segments_of_interest/f3_mini_e/eo/2_minie3_range_medium_close_birds.mp4,718,1,337,169,466,243,propagated:0.972
/Users/bround/Desktop/Датасеты/Dataset_Mendeley_data/Unlabelled _UAV_Videos/Flight Test 1/FT1_segments_of_interest/f3_mini_e/eo/2_minie3_range_medium_close_birds.mp4,719,1,342,173,471,247,propagated:0.968
/Users/bround/Desktop/Датасеты/Dataset_Mendeley_data/Unlabelled _UAV_Videos/Flight Test 1/FT1_segments_of_interest/f3_mini_e/eo/2_minie3_range_medium_close_birds.mp4,720,1,346,179,475,253,propagated:0.964
/Users/bround/Desktop/Датасеты/Dataset_Mendeley_data/Unlabelled _UAV_Videos/Flight Test 1/FT1_segments_of_interest/f3_mini_e/eo/2_minie3_range_medium_close_birds.mp4,721,1,351,182,480,256,propagated:0.974
/Users/bround/Desktop/Датасеты/Dataset_Mendeley_data/Unlabelled _UAV_Videos/Flight Test 1/FT1_segments_of_interest/f3_mini_e/eo/2_minie3_range_medium_close_birds.mp4,722,1,356,188,485,262,propagated:0.984
/Users/bround/Desktop/Датасеты/Dataset_Mendeley_data/Unlabelled _UAV_Videos/Flight Test 1/FT1_segments_of_interest/f3_mini_e/eo/2_minie3_range_medium_close_birds.mp4,723,1,360,191,489,265,propagated:0.978
/Users/bround/Desktop/Датасеты/Dataset_Mendeley_data/Unlabelled _UAV_Videos/Flight Test 1/FT1_segments_of_interest/f3_mini_e/eo/2_minie3_range_medium_close_birds.mp4,724,1,360,191,489,265,propagated:0.984
/Users/bround/Desktop/Датасеты/Dataset_Mendeley_data/Unlabelled _UAV_Videos/Flight Test 1/FT1_segments_of_interest/f3_mini_e/eo/2_minie3_range_medium_close_birds.mp4,725,1,363,196,492,270,propagated:0.973
/Users/bround/Desktop/Датасеты/Dataset_Mendeley_data/Unlabelled _UAV_Videos/Flight Test 1/FT1_segments_of_interest/f3_mini_e/eo/2_minie3_range_medium_close_birds.mp4,726,1,365,203,494,277,propagated:0.971
/Users/bround/Desktop/Датасеты/Dataset_Mendeley_data/Unlabelled _UAV_Videos/Flight Test 1/FT1_segments_of_interest/f3_mini_e/eo/2_minie3_range_medium_close_birds.mp4,727,1,365,209,494,283,propagated:0.964
/Users/bround/Desktop/Датасеты/Dataset_Mendeley_data/Unlabelled _UAV_Videos/Flight Test 1/FT1_segments_of_interest/f3_mini_e/eo/2_minie3_range_medium_close_birds.mp4,728,1,361,210,490,284,propagated:0.960
/Users/bround/Desktop/Датасеты/Dataset_Mendeley_data/Unlabelled _UAV_Videos/Flight Test 1/FT1_segments_of_interest/f3_mini_e/eo/2_minie3_range_medium_close_birds.mp4,729,1,361,210,490,284,propagated:0.971
/Users/bround/Desktop/Датасеты/Dataset_Mendeley_data/Unlabelled _UAV_Videos/Flight Test 1/FT1_segments_of_interest/f3_mini_e/eo/2_minie3_range_medium_close_birds.mp4,730,1,356,219,485,293,propagated:0.973
/Users/bround/Desktop/Датасеты/Dataset_Mendeley_data/Unlabelled _UAV_Videos/Flight Test 1/FT1_segments_of_interest/f3_mini_e/eo/2_minie3_range_medium_close_birds.mp4,731,1,345,228,474,302,propagated:0.981
/Users/bround/Desktop/Датасеты/Dataset_Mendeley_data/Unlabelled _UAV_Videos/Flight Test 1/FT1_segments_of_interest/f3_mini_e/eo/2_minie3_range_medium_close_birds.mp4,732,1,332,232,461,306,propagated:0.981
/Users/bround/Desktop/Датасеты/Dataset_Mendeley_data/Unlabelled _UAV_Videos/Flight Test 1/FT1_segments_of_interest/f3_mini_e/eo/2_minie3_range_medium_close_birds.mp4,733,1,323,234,452,308,propagated:0.980
/Users/bround/Desktop/Датасеты/Dataset_Mendeley_data/Unlabelled _UAV_Videos/Flight Test 1/FT1_segments_of_interest/f3_mini_e/eo/2_minie3_range_medium_close_birds.mp4,734,1,315,234,444,308,propagated:0.988
/Users/bround/Desktop/Датасеты/Dataset_Mendeley_data/Unlabelled _UAV_Videos/Flight Test 1/FT1_segments_of_interest/f3_mini_e/eo/2_minie3_range_medium_close_birds.mp4,735,1,306,225,435,299,propagated:0.988
/Users/bround/Desktop/Датасеты/Dataset_Mendeley_data/Unlabelled _UAV_Videos/Flight Test 1/FT1_segments_of_interest/f3_mini_e/eo/2_minie3_range_medium_close_birds.mp4,736,1,306,225,435,299,propagated:0.992
/Users/bround/Desktop/Датасеты/Dataset_Mendeley_data/Unlabelled _UAV_Videos/Flight Test 1/FT1_segments_of_interest/f3_mini_e/eo/2_minie3_range_medium_close_birds.mp4,737,1,303,216,432,290,propagated:0.978
/Users/bround/Desktop/Датасеты/Dataset_Mendeley_data/Unlabelled _UAV_Videos/Flight Test 1/FT1_segments_of_interest/f3_mini_e/eo/2_minie3_range_medium_close_birds.mp4,738,1,305,214,434,288,propagated:0.965
/Users/bround/Desktop/Датасеты/Dataset_Mendeley_data/Unlabelled _UAV_Videos/Flight Test 1/FT1_segments_of_interest/f3_mini_e/eo/2_minie3_range_medium_close_birds.mp4,739,1,305,213,434,287,propagated:0.962
/Users/bround/Desktop/Датасеты/Dataset_Mendeley_data/Unlabelled _UAV_Videos/Flight Test 1/FT1_segments_of_interest/f3_mini_e/eo/2_minie3_range_medium_close_birds.mp4,740,1,305,215,434,289,propagated:0.952
/Users/bround/Desktop/Датасеты/Dataset_Mendeley_data/Unlabelled _UAV_Videos/Flight Test 1/FT1_segments_of_interest/f3_mini_e/eo/2_minie3_range_medium_close_birds.mp4,741,1,306,225,435,299,propagated:0.974
/Users/bround/Desktop/Датасеты/Dataset_Mendeley_data/Unlabelled _UAV_Videos/Flight Test 1/FT1_segments_of_interest/f3_mini_e/eo/2_minie3_range_medium_close_birds.mp4,742,1,306,225,435,299,propagated:0.981
/Users/bround/Desktop/Датасеты/Dataset_Mendeley_data/Unlabelled _UAV_Videos/Flight Test 1/FT1_segments_of_interest/f3_mini_e/eo/2_minie3_range_medium_close_birds.mp4,743,1,304,228,433,302,propagated:0.977
/Users/bround/Desktop/Датасеты/Dataset_Mendeley_data/Unlabelled _UAV_Videos/Flight Test 1/FT1_segments_of_interest/f3_mini_e/eo/2_minie3_range_medium_close_birds.mp4,744,1,302,225,431,299,propagated:0.961
/Users/bround/Desktop/Датасеты/Dataset_Mendeley_data/Unlabelled _UAV_Videos/Flight Test 1/FT1_segments_of_interest/f3_mini_e/eo/2_minie3_range_medium_close_birds.mp4,745,1,304,222,433,296,propagated:0.971
/Users/bround/Desktop/Датасеты/Dataset_Mendeley_data/Unlabelled _UAV_Videos/Flight Test 1/FT1_segments_of_interest/f3_mini_e/eo/2_minie3_range_medium_close_birds.mp4,746,1,305,221,434,295,propagated:0.974
/Users/bround/Desktop/Датасеты/Dataset_Mendeley_data/Unlabelled _UAV_Videos/Flight Test 1/FT1_segments_of_interest/f3_mini_e/eo/2_minie3_range_medium_close_birds.mp4,747,1,303,221,432,295,propagated:0.968
/Users/bround/Desktop/Датасеты/Dataset_Mendeley_data/Unlabelled _UAV_Videos/Flight Test 1/FT1_segments_of_interest/f3_mini_e/eo/2_minie3_range_medium_close_birds.mp4,748,1,303,221,432,295,propagated:0.977
/Users/bround/Desktop/Датасеты/Dataset_Mendeley_data/Unlabelled _UAV_Videos/Flight Test 1/FT1_segments_of_interest/f3_mini_e/eo/2_minie3_range_medium_close_birds.mp4,749,1,300,224,429,298,propagated:0.970
/Users/bround/Desktop/Датасеты/Dataset_Mendeley_data/Unlabelled _UAV_Videos/Flight Test 1/FT1_segments_of_interest/f3_mini_e/eo/2_minie3_range_medium_close_birds.mp4,750,1,300,234,429,308,propagated:0.973
/Users/bround/Desktop/Датасеты/Dataset_Mendeley_data/Unlabelled _UAV_Videos/Flight Test 1/FT1_segments_of_interest/f3_mini_e/eo/2_minie3_range_medium_close_birds.mp4,751,1,310,246,439,320,propagated:0.974
/Users/bround/Desktop/Датасеты/Dataset_Mendeley_data/Unlabelled _UAV_Videos/Flight Test 1/FT1_segments_of_interest/f3_mini_e/eo/2_minie3_range_medium_close_birds.mp4,752,1,318,248,447,322,propagated:0.988
/Users/bround/Desktop/Датасеты/Dataset_Mendeley_data/Unlabelled _UAV_Videos/Flight Test 1/FT1_segments_of_interest/f3_mini_e/eo/2_minie3_range_medium_close_birds.mp4,753,1,319,252,448,326,propagated:0.989
/Users/bround/Desktop/Датасеты/Dataset_Mendeley_data/Unlabelled _UAV_Videos/Flight Test 1/FT1_segments_of_interest/f3_mini_e/eo/2_minie3_range_medium_close_birds.mp4,754,1,319,252,448,326,propagated:0.992
/Users/bround/Desktop/Датасеты/Dataset_Mendeley_data/Unlabelled _UAV_Videos/Flight Test 1/FT1_segments_of_interest/f3_mini_e/eo/2_minie3_range_medium_close_birds.mp4,755,1,313,247,442,321,propagated:0.973
/Users/bround/Desktop/Датасеты/Dataset_Mendeley_data/Unlabelled _UAV_Videos/Flight Test 1/FT1_segments_of_interest/f3_mini_e/eo/2_minie3_range_medium_close_birds.mp4,756,1,308,239,437,313,propagated:0.968
/Users/bround/Desktop/Датасеты/Dataset_Mendeley_data/Unlabelled _UAV_Videos/Flight Test 1/FT1_segments_of_interest/f3_mini_e/eo/2_minie3_range_medium_close_birds.mp4,757,1,309,235,438,309,propagated:0.973
/Users/bround/Desktop/Датасеты/Dataset_Mendeley_data/Unlabelled _UAV_Videos/Flight Test 1/FT1_segments_of_interest/f3_mini_e/eo/2_minie3_range_medium_close_birds.mp4,758,1,311,235,440,309,propagated:0.968
/Users/bround/Desktop/Датасеты/Dataset_Mendeley_data/Unlabelled _UAV_Videos/Flight Test 1/FT1_segments_of_interest/f3_mini_e/eo/2_minie3_range_medium_close_birds.mp4,759,1,311,235,440,309,propagated:0.977
/Users/bround/Desktop/Датасеты/Dataset_Mendeley_data/Unlabelled _UAV_Videos/Flight Test 1/FT1_segments_of_interest/f3_mini_e/eo/2_minie3_range_medium_close_birds.mp4,760,1,314,237,443,311,propagated:0.976
/Users/bround/Desktop/Датасеты/Dataset_Mendeley_data/Unlabelled _UAV_Videos/Flight Test 1/FT1_segments_of_interest/f3_mini_e/eo/2_minie3_range_medium_close_birds.mp4,761,1,322,242,451,316,propagated:0.973
/Users/bround/Desktop/Датасеты/Dataset_Mendeley_data/Unlabelled _UAV_Videos/Flight Test 1/FT1_segments_of_interest/f3_mini_e/eo/2_minie3_range_medium_close_birds.mp4,762,1,322,247,451,321,propagated:0.976
/Users/bround/Desktop/Датасеты/Dataset_Mendeley_data/Unlabelled _UAV_Videos/Flight Test 1/FT1_segments_of_interest/f3_mini_e/eo/2_minie3_range_medium_close_birds.mp4,763,1,324,247,453,321,propagated:0.983
/Users/bround/Desktop/Датасеты/Dataset_Mendeley_data/Unlabelled _UAV_Videos/Flight Test 1/FT1_segments_of_interest/f3_mini_e/eo/2_minie3_range_medium_close_birds.mp4,764,1,322,243,451,317,propagated:0.983
/Users/bround/Desktop/Датасеты/Dataset_Mendeley_data/Unlabelled _UAV_Videos/Flight Test 1/FT1_segments_of_interest/f3_mini_e/eo/2_minie3_range_medium_close_birds.mp4,765,1,322,243,451,317,propagated:0.988
/Users/bround/Desktop/Датасеты/Dataset_Mendeley_data/Unlabelled _UAV_Videos/Flight Test 1/FT1_segments_of_interest/f3_mini_e/eo/2_minie3_range_medium_close_birds.mp4,766,1,324,240,453,314,propagated:0.981
/Users/bround/Desktop/Датасеты/Dataset_Mendeley_data/Unlabelled _UAV_Videos/Flight Test 1/FT1_segments_of_interest/f3_mini_e/eo/2_minie3_range_medium_close_birds.mp4,767,1,321,238,450,312,propagated:0.975
/Users/bround/Desktop/Датасеты/Dataset_Mendeley_data/Unlabelled _UAV_Videos/Flight Test 1/FT1_segments_of_interest/f3_mini_e/eo/2_minie3_range_medium_close_birds.mp4,768,1,318,237,447,311,propagated:0.977
/Users/bround/Desktop/Датасеты/Dataset_Mendeley_data/Unlabelled _UAV_Videos/Flight Test 1/FT1_segments_of_interest/f3_mini_e/eo/2_minie3_range_medium_close_birds.mp4,769,1,314,234,443,308,propagated:0.976
/Users/bround/Desktop/Датасеты/Dataset_Mendeley_data/Unlabelled _UAV_Videos/Flight Test 1/FT1_segments_of_interest/f3_mini_e/eo/2_minie3_range_medium_close_birds.mp4,770,1,313,228,442,302,propagated:0.969
/Users/bround/Desktop/Датасеты/Dataset_Mendeley_data/Unlabelled _UAV_Videos/Flight Test 1/FT1_segments_of_interest/f3_mini_e/eo/2_minie3_range_medium_close_birds.mp4,771,1,313,228,442,302,propagated:1.000
/Users/bround/Desktop/Датасеты/Dataset_Mendeley_data/Unlabelled _UAV_Videos/Flight Test 1/FT1_segments_of_interest/f3_mini_e/eo/2_minie3_range_medium_close_birds.mp4,772,1,313,223,442,297,propagated:0.987
/Users/bround/Desktop/Датасеты/Dataset_Mendeley_data/Unlabelled _UAV_Videos/Flight Test 1/FT1_segments_of_interest/f3_mini_e/eo/2_minie3_range_medium_close_birds.mp4,773,1,311,220,440,294,propagated:0.986
/Users/bround/Desktop/Датасеты/Dataset_Mendeley_data/Unlabelled _UAV_Videos/Flight Test 1/FT1_segments_of_interest/f3_mini_e/eo/2_minie3_range_medium_close_birds.mp4,774,1,310,219,439,293,propagated:0.979
/Users/bround/Desktop/Датасеты/Dataset_Mendeley_data/Unlabelled _UAV_Videos/Flight Test 1/FT1_segments_of_interest/f3_mini_e/eo/2_minie3_range_medium_close_birds.mp4,775,1,312,216,441,290,propagated:0.985
/Users/bround/Desktop/Датасеты/Dataset_Mendeley_data/Unlabelled _UAV_Videos/Flight Test 1/FT1_segments_of_interest/f3_mini_e/eo/2_minie3_range_medium_close_birds.mp4,776,1,311,209,440,283,propagated:0.977
/Users/bround/Desktop/Датасеты/Dataset_Mendeley_data/Unlabelled _UAV_Videos/Flight Test 1/FT1_segments_of_interest/f3_mini_e/eo/2_minie3_range_medium_close_birds.mp4,777,1,311,209,440,283,propagated:0.984
/Users/bround/Desktop/Датасеты/Dataset_Mendeley_data/Unlabelled _UAV_Videos/Flight Test 1/FT1_segments_of_interest/f3_mini_e/eo/2_minie3_range_medium_close_birds.mp4,778,1,313,204,442,278,propagated:0.975
/Users/bround/Desktop/Датасеты/Dataset_Mendeley_data/Unlabelled _UAV_Videos/Flight Test 1/FT1_segments_of_interest/f3_mini_e/eo/2_minie3_range_medium_close_birds.mp4,779,1,313,201,442,275,propagated:0.978
/Users/bround/Desktop/Датасеты/Dataset_Mendeley_data/Unlabelled _UAV_Videos/Flight Test 1/FT1_segments_of_interest/f3_mini_e/eo/2_minie3_range_medium_close_birds.mp4,780,1,310,193,439,267,propagated:0.974
/Users/bround/Desktop/Датасеты/Dataset_Mendeley_data/Unlabelled _UAV_Videos/Flight Test 1/FT1_segments_of_interest/f3_mini_e/eo/2_minie3_range_medium_close_birds.mp4,781,1,309,188,438,262,propagated:0.989
/Users/bround/Desktop/Датасеты/Dataset_Mendeley_data/Unlabelled _UAV_Videos/Flight Test 1/FT1_segments_of_interest/f3_mini_e/eo/2_minie3_range_medium_close_birds.mp4,782,1,310,188,439,262,propagated:0.983
/Users/bround/Desktop/Датасеты/Dataset_Mendeley_data/Unlabelled _UAV_Videos/Flight Test 1/FT1_segments_of_interest/f3_mini_e/eo/2_minie3_range_medium_close_birds.mp4,783,1,311,186,440,260,propagated:0.974
/Users/bround/Desktop/Датасеты/Dataset_Mendeley_data/Unlabelled _UAV_Videos/Flight Test 1/FT1_segments_of_interest/f3_mini_e/eo/2_minie3_range_medium_close_birds.mp4,784,1,311,186,440,260,propagated:0.982
/Users/bround/Desktop/Датасеты/Dataset_Mendeley_data/Unlabelled _UAV_Videos/Flight Test 1/FT1_segments_of_interest/f3_mini_e/eo/2_minie3_range_medium_close_birds.mp4,785,1,318,188,447,262,propagated:0.967
/Users/bround/Desktop/Датасеты/Dataset_Mendeley_data/Unlabelled _UAV_Videos/Flight Test 1/FT1_segments_of_interest/f3_mini_e/eo/2_minie3_range_medium_close_birds.mp4,786,1,321,196,450,270,propagated:0.953
/Users/bround/Desktop/Датасеты/Dataset_Mendeley_data/Unlabelled _UAV_Videos/Flight Test 1/FT1_segments_of_interest/f3_mini_e/eo/2_minie3_range_medium_close_birds.mp4,787,1,318,205,447,279,propagated:0.936
/Users/bround/Desktop/Датасеты/Dataset_Mendeley_data/Unlabelled _UAV_Videos/Flight Test 1/FT1_segments_of_interest/f3_mini_e/eo/2_minie3_range_medium_close_birds.mp4,788,1,318,206,447,280,propagated:0.943
/Users/bround/Desktop/Датасеты/Dataset_Mendeley_data/Unlabelled _UAV_Videos/Flight Test 1/FT1_segments_of_interest/f3_mini_e/eo/2_minie3_range_medium_close_birds.mp4,789,1,318,202,447,276,propagated:0.945
/Users/bround/Desktop/Датасеты/Dataset_Mendeley_data/Unlabelled _UAV_Videos/Flight Test 1/FT1_segments_of_interest/f3_mini_e/eo/2_minie3_range_medium_close_birds.mp4,790,1,318,202,447,276,propagated:0.962
/Users/bround/Desktop/Датасеты/Dataset_Mendeley_data/Unlabelled _UAV_Videos/Flight Test 1/FT1_segments_of_interest/f3_mini_e/eo/2_minie3_range_medium_close_birds.mp4,791,1,316,203,445,277,propagated:0.993
/Users/bround/Desktop/Датасеты/Dataset_Mendeley_data/Unlabelled _UAV_Videos/Flight Test 1/FT1_segments_of_interest/f3_mini_e/eo/2_minie3_range_medium_close_birds.mp4,792,1,312,198,441,272,propagated:0.983
/Users/bround/Desktop/Датасеты/Dataset_Mendeley_data/Unlabelled _UAV_Videos/Flight Test 1/FT1_segments_of_interest/f3_mini_e/eo/2_minie3_range_medium_close_birds.mp4,793,1,300,190,429,264,propagated:0.973
/Users/bround/Desktop/Датасеты/Dataset_Mendeley_data/Unlabelled _UAV_Videos/Flight Test 1/FT1_segments_of_interest/f3_mini_e/eo/2_minie3_range_medium_close_birds.mp4,794,1,284,179,413,253,propagated:0.967
/Users/bround/Desktop/Датасеты/Dataset_Mendeley_data/Unlabelled _UAV_Videos/Flight Test 1/FT1_segments_of_interest/f3_mini_e/eo/2_minie3_range_medium_close_birds.mp4,795,1,273,160,402,234,propagated:0.955
/Users/bround/Desktop/Датасеты/Dataset_Mendeley_data/Unlabelled _UAV_Videos/Flight Test 1/FT1_segments_of_interest/f3_mini_e/eo/2_minie3_range_medium_close_birds.mp4,796,1,273,160,402,234,propagated:0.968
/Users/bround/Desktop/Датасеты/Dataset_Mendeley_data/Unlabelled _UAV_Videos/Flight Test 1/FT1_segments_of_interest/f3_mini_e/eo/2_minie3_range_medium_close_birds.mp4,797,1,265,141,394,215,propagated:0.964
/Users/bround/Desktop/Датасеты/Dataset_Mendeley_data/Unlabelled _UAV_Videos/Flight Test 1/FT1_segments_of_interest/f3_mini_e/eo/2_minie3_range_medium_close_birds.mp4,798,1,265,136,394,210,propagated:0.960
/Users/bround/Desktop/Датасеты/Dataset_Mendeley_data/Unlabelled _UAV_Videos/Flight Test 1/FT1_segments_of_interest/f3_mini_e/eo/2_minie3_range_medium_close_birds.mp4,799,1,275,147,404,221,propagated:0.972
/Users/bround/Desktop/Датасеты/Dataset_Mendeley_data/Unlabelled _UAV_Videos/Flight Test 1/FT1_segments_of_interest/f3_mini_e/eo/2_minie3_range_medium_close_birds.mp4,800,1,287,167,416,241,propagated:0.981
/Users/bround/Desktop/Датасеты/Dataset_Mendeley_data/Unlabelled _UAV_Videos/Flight Test 1/FT1_segments_of_interest/f3_mini_e/eo/2_minie3_range_medium_close_birds.mp4,801,1,287,167,416,241,propagated:1.000
/Users/bround/Desktop/Датасеты/Dataset_Mendeley_data/Unlabelled _UAV_Videos/Flight Test 1/FT1_segments_of_interest/f3_mini_e/eo/2_minie3_range_medium_close_birds.mp4,802,1,289,185,418,259,propagated:0.979
/Users/bround/Desktop/Датасеты/Dataset_Mendeley_data/Unlabelled _UAV_Videos/Flight Test 1/FT1_segments_of_interest/f3_mini_e/eo/2_minie3_range_medium_close_birds.mp4,803,1,278,187,407,261,propagated:0.974
/Users/bround/Desktop/Датасеты/Dataset_Mendeley_data/Unlabelled _UAV_Videos/Flight Test 1/FT1_segments_of_interest/f3_mini_e/eo/2_minie3_range_medium_close_birds.mp4,804,1,265,166,394,240,propagated:0.980
/Users/bround/Desktop/Датасеты/Dataset_Mendeley_data/Unlabelled _UAV_Videos/Flight Test 1/FT1_segments_of_interest/f3_mini_e/eo/2_minie3_range_medium_close_birds.mp4,805,1,256,134,385,208,propagated:0.977
/Users/bround/Desktop/Датасеты/Dataset_Mendeley_data/Unlabelled _UAV_Videos/Flight Test 1/FT1_segments_of_interest/f3_mini_e/eo/2_minie3_range_medium_close_birds.mp4,806,1,251,116,380,190,propagated:0.975
/Users/bround/Desktop/Датасеты/Dataset_Mendeley_data/Unlabelled _UAV_Videos/Flight Test 1/FT1_segments_of_interest/f3_mini_e/eo/2_minie3_range_medium_close_birds.mp4,807,1,240,124,369,198,propagated:0.975
/Users/bround/Desktop/Датасеты/Dataset_Mendeley_data/Unlabelled _UAV_Videos/Flight Test 1/FT1_segments_of_interest/f3_mini_e/eo/2_minie3_range_medium_close_birds.mp4,808,1,240,124,369,198,propagated:0.983
/Users/bround/Desktop/Датасеты/Dataset_Mendeley_data/Unlabelled _UAV_Videos/Flight Test 1/FT1_segments_of_interest/f3_mini_e/eo/2_minie3_range_medium_close_birds.mp4,809,1,229,144,358,218,propagated:0.980
/Users/bround/Desktop/Датасеты/Dataset_Mendeley_data/Unlabelled _UAV_Videos/Flight Test 1/FT1_segments_of_interest/f3_mini_e/eo/2_minie3_range_medium_close_birds.mp4,810,1,214,162,343,236,propagated:0.978
/Users/bround/Desktop/Датасеты/Dataset_Mendeley_data/Unlabelled _UAV_Videos/Flight Test 1/FT1_segments_of_interest/f3_mini_e/eo/2_minie3_range_medium_close_birds.mp4,811,1,203,166,332,240,propagated:0.983
/Users/bround/Desktop/Датасеты/Dataset_Mendeley_data/Unlabelled _UAV_Videos/Flight Test 1/FT1_segments_of_interest/f3_mini_e/eo/2_minie3_range_medium_close_birds.mp4,812,1,191,154,320,228,propagated:0.979
/Users/bround/Desktop/Датасеты/Dataset_Mendeley_data/Unlabelled _UAV_Videos/Flight Test 1/FT1_segments_of_interest/f3_mini_e/eo/2_minie3_range_medium_close_birds.mp4,813,1,181,147,310,221,propagated:0.983
/Users/bround/Desktop/Датасеты/Dataset_Mendeley_data/Unlabelled _UAV_Videos/Flight Test 1/FT1_segments_of_interest/f3_mini_e/eo/2_minie3_range_medium_close_birds.mp4,814,1,181,147,310,221,propagated:0.988
/Users/bround/Desktop/Датасеты/Dataset_Mendeley_data/Unlabelled _UAV_Videos/Flight Test 1/FT1_segments_of_interest/f3_mini_e/eo/2_minie3_range_medium_close_birds.mp4,815,1,175,162,304,236,propagated:0.974
/Users/bround/Desktop/Датасеты/Dataset_Mendeley_data/Unlabelled _UAV_Videos/Flight Test 1/FT1_segments_of_interest/f3_mini_e/eo/2_minie3_range_medium_close_birds.mp4,816,1,173,188,302,262,propagated:0.974
/Users/bround/Desktop/Датасеты/Dataset_Mendeley_data/Unlabelled _UAV_Videos/Flight Test 1/FT1_segments_of_interest/f3_mini_e/eo/2_minie3_range_medium_close_birds.mp4,817,1,163,212,292,286,propagated:0.979
/Users/bround/Desktop/Датасеты/Dataset_Mendeley_data/Unlabelled _UAV_Videos/Flight Test 1/FT1_segments_of_interest/f3_mini_e/eo/2_minie3_range_medium_close_birds.mp4,818,1,148,230,277,304,propagated:0.979
/Users/bround/Desktop/Датасеты/Dataset_Mendeley_data/Unlabelled _UAV_Videos/Flight Test 1/FT1_segments_of_interest/f3_mini_e/eo/2_minie3_range_medium_close_birds.mp4,819,1,148,230,277,304,propagated:0.985
/Users/bround/Desktop/Датасеты/Dataset_Mendeley_data/Unlabelled _UAV_Videos/Flight Test 1/FT1_segments_of_interest/f3_mini_e/eo/2_minie3_range_medium_close_birds.mp4,820,1,131,232,260,306,propagated:0.982
/Users/bround/Desktop/Датасеты/Dataset_Mendeley_data/Unlabelled _UAV_Videos/Flight Test 1/FT1_segments_of_interest/f3_mini_e/eo/2_minie3_range_medium_close_birds.mp4,821,1,120,224,249,298,propagated:0.982
/Users/bround/Desktop/Датасеты/Dataset_Mendeley_data/Unlabelled _UAV_Videos/Flight Test 1/FT1_segments_of_interest/f3_mini_e/eo/2_minie3_range_medium_close_birds.mp4,822,1,125,217,254,291,propagated:0.981
/Users/bround/Desktop/Датасеты/Dataset_Mendeley_data/Unlabelled _UAV_Videos/Flight Test 1/FT1_segments_of_interest/f3_mini_e/eo/2_minie3_range_medium_close_birds.mp4,823,1,136,225,265,299,propagated:0.984
/Users/bround/Desktop/Датасеты/Dataset_Mendeley_data/Unlabelled _UAV_Videos/Flight Test 1/FT1_segments_of_interest/f3_mini_e/eo/2_minie3_range_medium_close_birds.mp4,824,1,144,241,273,315,propagated:0.978
/Users/bround/Desktop/Датасеты/Dataset_Mendeley_data/Unlabelled _UAV_Videos/Flight Test 1/FT1_segments_of_interest/f3_mini_e/eo/2_minie3_range_medium_close_birds.mp4,825,1,144,249,273,323,propagated:0.979
/Users/bround/Desktop/Датасеты/Dataset_Mendeley_data/Unlabelled _UAV_Videos/Flight Test 1/FT1_segments_of_interest/f3_mini_e/eo/2_minie3_range_medium_close_birds.mp4,826,1,144,249,273,323,propagated:0.985
/Users/bround/Desktop/Датасеты/Dataset_Mendeley_data/Unlabelled _UAV_Videos/Flight Test 1/FT1_segments_of_interest/f3_mini_e/eo/2_minie3_range_medium_close_birds.mp4,827,1,137,246,266,320,propagated:0.979
/Users/bround/Desktop/Датасеты/Dataset_Mendeley_data/Unlabelled _UAV_Videos/Flight Test 1/FT1_segments_of_interest/f3_mini_e/eo/2_minie3_range_medium_close_birds.mp4,828,1,130,248,259,322,propagated:0.982
/Users/bround/Desktop/Датасеты/Dataset_Mendeley_data/Unlabelled _UAV_Videos/Flight Test 1/FT1_segments_of_interest/f3_mini_e/eo/2_minie3_range_medium_close_birds.mp4,829,1,123,257,252,331,propagated:0.968
/Users/bround/Desktop/Датасеты/Dataset_Mendeley_data/Unlabelled _UAV_Videos/Flight Test 1/FT1_segments_of_interest/f3_mini_e/eo/2_minie3_range_medium_close_birds.mp4,830,1,93,242,258,342,manual
/Users/bround/Desktop/Датасеты/Dataset_Mendeley_data/Unlabelled _UAV_Videos/Flight Test 1/FT1_segments_of_interest/f3_mini_e/eo/2_minie3_range_medium_close_birds.mp4,832,1,93,242,258,342,propagated:0.990
/Users/bround/Desktop/Датасеты/Dataset_Mendeley_data/Unlabelled _UAV_Videos/Flight Test 1/FT1_segments_of_interest/f3_mini_e/eo/2_minie3_range_medium_close_birds.mp4,833,1,100,235,265,335,propagated:0.988
/Users/bround/Desktop/Датасеты/Dataset_Mendeley_data/Unlabelled _UAV_Videos/Flight Test 1/FT1_segments_of_interest/f3_mini_e/eo/2_minie3_range_medium_close_birds.mp4,834,1,104,232,269,332,propagated:0.988
/Users/bround/Desktop/Датасеты/Dataset_Mendeley_data/Unlabelled _UAV_Videos/Flight Test 1/FT1_segments_of_interest/f3_mini_e/eo/2_minie3_range_medium_close_birds.mp4,835,1,104,231,269,331,propagated:0.987
/Users/bround/Desktop/Датасеты/Dataset_Mendeley_data/Unlabelled _UAV_Videos/Flight Test 1/FT1_segments_of_interest/f3_mini_e/eo/2_minie3_range_medium_close_birds.mp4,836,1,104,225,269,325,propagated:0.975
/Users/bround/Desktop/Датасеты/Dataset_Mendeley_data/Unlabelled _UAV_Videos/Flight Test 1/FT1_segments_of_interest/f3_mini_e/eo/2_minie3_range_medium_close_birds.mp4,837,1,104,225,269,325,propagated:0.982
/Users/bround/Desktop/Датасеты/Dataset_Mendeley_data/Unlabelled _UAV_Videos/Flight Test 1/FT1_segments_of_interest/f3_mini_e/eo/2_minie3_range_medium_close_birds.mp4,838,1,100,222,265,322,propagated:0.974
/Users/bround/Desktop/Датасеты/Dataset_Mendeley_data/Unlabelled _UAV_Videos/Flight Test 1/FT1_segments_of_interest/f3_mini_e/eo/2_minie3_range_medium_close_birds.mp4,839,1,97,225,262,325,propagated:0.978
/Users/bround/Desktop/Датасеты/Dataset_Mendeley_data/Unlabelled _UAV_Videos/Flight Test 1/FT1_segments_of_interest/f3_mini_e/eo/2_minie3_range_medium_close_birds.mp4,840,1,103,222,268,322,propagated:0.986
/Users/bround/Desktop/Датасеты/Dataset_Mendeley_data/Unlabelled _UAV_Videos/Flight Test 1/FT1_segments_of_interest/f3_mini_e/eo/2_minie3_range_medium_close_birds.mp4,841,1,109,214,274,314,propagated:0.973
/Users/bround/Desktop/Датасеты/Dataset_Mendeley_data/Unlabelled _UAV_Videos/Flight Test 1/FT1_segments_of_interest/f3_mini_e/eo/2_minie3_range_medium_close_birds.mp4,842,1,113,206,278,306,propagated:0.989
/Users/bround/Desktop/Датасеты/Dataset_Mendeley_data/Unlabelled _UAV_Videos/Flight Test 1/FT1_segments_of_interest/f3_mini_e/eo/2_minie3_range_medium_close_birds.mp4,843,1,113,206,278,306,propagated:0.992
/Users/bround/Desktop/Датасеты/Dataset_Mendeley_data/Unlabelled _UAV_Videos/Flight Test 1/FT1_segments_of_interest/f3_mini_e/eo/2_minie3_range_medium_close_birds.mp4,844,1,115,196,280,296,propagated:0.987
/Users/bround/Desktop/Датасеты/Dataset_Mendeley_data/Unlabelled _UAV_Videos/Flight Test 1/FT1_segments_of_interest/f3_mini_e/eo/2_minie3_range_medium_close_birds.mp4,845,1,115,187,280,287,propagated:0.983
/Users/bround/Desktop/Датасеты/Dataset_Mendeley_data/Unlabelled _UAV_Videos/Flight Test 1/FT1_segments_of_interest/f3_mini_e/eo/2_minie3_range_medium_close_birds.mp4,846,1,117,177,282,277,propagated:0.970
/Users/bround/Desktop/Датасеты/Dataset_Mendeley_data/Unlabelled _UAV_Videos/Flight Test 1/FT1_segments_of_interest/f3_mini_e/eo/2_minie3_range_medium_close_birds.mp4,847,1,122,165,287,265,propagated:0.962
/Users/bround/Desktop/Датасеты/Dataset_Mendeley_data/Unlabelled _UAV_Videos/Flight Test 1/FT1_segments_of_interest/f3_mini_e/eo/2_minie3_range_medium_close_birds.mp4,848,1,128,156,293,256,propagated:0.966
/Users/bround/Desktop/Датасеты/Dataset_Mendeley_data/Unlabelled _UAV_Videos/Flight Test 1/FT1_segments_of_interest/f3_mini_e/eo/2_minie3_range_medium_close_birds.mp4,849,1,128,156,293,256,propagated:0.976
/Users/bround/Desktop/Датасеты/Dataset_Mendeley_data/Unlabelled _UAV_Videos/Flight Test 1/FT1_segments_of_interest/f3_mini_e/eo/2_minie3_range_medium_close_birds.mp4,850,1,132,152,297,252,propagated:0.962
/Users/bround/Desktop/Датасеты/Dataset_Mendeley_data/Unlabelled _UAV_Videos/Flight Test 1/FT1_segments_of_interest/f3_mini_e/eo/2_minie3_range_medium_close_birds.mp4,851,1,132,143,297,243,propagated:0.956
/Users/bround/Desktop/Датасеты/Dataset_Mendeley_data/Unlabelled _UAV_Videos/Flight Test 1/FT1_segments_of_interest/f3_mini_e/eo/2_minie3_range_medium_close_birds.mp4,852,1,128,133,293,233,propagated:0.983
/Users/bround/Desktop/Датасеты/Dataset_Mendeley_data/Unlabelled _UAV_Videos/Flight Test 1/FT1_segments_of_interest/f3_mini_e/eo/2_minie3_range_medium_close_birds.mp4,853,1,126,126,291,226,propagated:0.969
/Users/bround/Desktop/Датасеты/Dataset_Mendeley_data/Unlabelled _UAV_Videos/Flight Test 1/FT1_segments_of_interest/f3_mini_e/eo/2_minie3_range_medium_close_birds.mp4,854,1,125,124,290,224,propagated:0.968
/Users/bround/Desktop/Датасеты/Dataset_Mendeley_data/Unlabelled _UAV_Videos/Flight Test 1/FT1_segments_of_interest/f3_mini_e/eo/2_minie3_range_medium_close_birds.mp4,855,1,122,121,287,221,propagated:0.971
/Users/bround/Desktop/Датасеты/Dataset_Mendeley_data/Unlabelled _UAV_Videos/Flight Test 1/FT1_segments_of_interest/f3_mini_e/eo/2_minie3_range_medium_close_birds.mp4,856,1,122,121,287,221,propagated:0.979
/Users/bround/Desktop/Датасеты/Dataset_Mendeley_data/Unlabelled _UAV_Videos/Flight Test 1/FT1_segments_of_interest/f3_mini_e/eo/2_minie3_range_medium_close_birds.mp4,857,1,116,118,281,218,propagated:0.973
/Users/bround/Desktop/Датасеты/Dataset_Mendeley_data/Unlabelled _UAV_Videos/Flight Test 1/FT1_segments_of_interest/f3_mini_e/eo/2_minie3_range_medium_close_birds.mp4,858,1,116,114,281,214,propagated:0.973
/Users/bround/Desktop/Датасеты/Dataset_Mendeley_data/Unlabelled _UAV_Videos/Flight Test 1/FT1_segments_of_interest/f3_mini_e/eo/2_minie3_range_medium_close_birds.mp4,859,1,118,108,283,208,propagated:0.970
/Users/bround/Desktop/Датасеты/Dataset_Mendeley_data/Unlabelled _UAV_Videos/Flight Test 1/FT1_segments_of_interest/f3_mini_e/eo/2_minie3_range_medium_close_birds.mp4,860,1,119,103,284,203,propagated:0.975
/Users/bround/Desktop/Датасеты/Dataset_Mendeley_data/Unlabelled _UAV_Videos/Flight Test 1/FT1_segments_of_interest/f3_mini_e/eo/2_minie3_range_medium_close_birds.mp4,861,1,119,103,284,203,propagated:0.983
/Users/bround/Desktop/Датасеты/Dataset_Mendeley_data/Unlabelled _UAV_Videos/Flight Test 1/FT1_segments_of_interest/f3_mini_e/eo/2_minie3_range_medium_close_birds.mp4,862,1,117,101,282,201,propagated:0.984
/Users/bround/Desktop/Датасеты/Dataset_Mendeley_data/Unlabelled _UAV_Videos/Flight Test 1/FT1_segments_of_interest/f3_mini_e/eo/2_minie3_range_medium_close_birds.mp4,863,1,116,99,281,199,propagated:0.986
/Users/bround/Desktop/Датасеты/Dataset_Mendeley_data/Unlabelled _UAV_Videos/Flight Test 1/FT1_segments_of_interest/f3_mini_e/eo/2_minie3_range_medium_close_birds.mp4,864,1,119,92,284,192,propagated:0.984
/Users/bround/Desktop/Датасеты/Dataset_Mendeley_data/Unlabelled _UAV_Videos/Flight Test 1/FT1_segments_of_interest/f3_mini_e/eo/2_minie3_range_medium_close_birds.mp4,865,1,119,81,284,181,propagated:0.986
/Users/bround/Desktop/Датасеты/Dataset_Mendeley_data/Unlabelled _UAV_Videos/Flight Test 1/FT1_segments_of_interest/f3_mini_e/eo/2_minie3_range_medium_close_birds.mp4,866,1,116,69,281,169,propagated:0.970
/Users/bround/Desktop/Датасеты/Dataset_Mendeley_data/Unlabelled _UAV_Videos/Flight Test 1/FT1_segments_of_interest/f3_mini_e/eo/2_minie3_range_medium_close_birds.mp4,867,1,116,69,281,169,propagated:0.979
/Users/bround/Desktop/Датасеты/Dataset_Mendeley_data/Unlabelled _UAV_Videos/Flight Test 1/FT1_segments_of_interest/f3_mini_e/eo/2_minie3_range_medium_close_birds.mp4,868,1,114,61,279,161,propagated:0.976
/Users/bround/Desktop/Датасеты/Dataset_Mendeley_data/Unlabelled _UAV_Videos/Flight Test 1/FT1_segments_of_interest/f3_mini_e/eo/2_minie3_range_medium_close_birds.mp4,869,1,111,62,276,162,propagated:0.962
/Users/bround/Desktop/Датасеты/Dataset_Mendeley_data/Unlabelled _UAV_Videos/Flight Test 1/FT1_segments_of_interest/f3_mini_e/eo/2_minie3_range_medium_close_birds.mp4,870,1,111,68,276,168,propagated:0.954
/Users/bround/Desktop/Датасеты/Dataset_Mendeley_data/Unlabelled _UAV_Videos/Flight Test 1/FT1_segments_of_interest/f3_mini_e/eo/2_minie3_range_medium_close_birds.mp4,871,1,114,73,279,173,propagated:0.952
/Users/bround/Desktop/Датасеты/Dataset_Mendeley_data/Unlabelled _UAV_Videos/Flight Test 1/FT1_segments_of_interest/f3_mini_e/eo/2_minie3_range_medium_close_birds.mp4,872,1,116,83,281,183,propagated:0.988
/Users/bround/Desktop/Датасеты/Dataset_Mendeley_data/Unlabelled _UAV_Videos/Flight Test 1/FT1_segments_of_interest/f3_mini_e/eo/2_minie3_range_medium_close_birds.mp4,873,1,116,83,281,183,propagated:0.991
/Users/bround/Desktop/Датасеты/Dataset_Mendeley_data/Unlabelled _UAV_Videos/Flight Test 1/FT1_segments_of_interest/f3_mini_e/eo/2_minie3_range_medium_close_birds.mp4,874,1,117,89,282,189,propagated:0.986
/Users/bround/Desktop/Датасеты/Dataset_Mendeley_data/Unlabelled _UAV_Videos/Flight Test 1/FT1_segments_of_interest/f3_mini_e/eo/2_minie3_range_medium_close_birds.mp4,875,1,117,95,282,195,propagated:0.982
/Users/bround/Desktop/Датасеты/Dataset_Mendeley_data/Unlabelled _UAV_Videos/Flight Test 1/FT1_segments_of_interest/f3_mini_e/eo/2_minie3_range_medium_close_birds.mp4,876,1,118,109,283,209,propagated:0.972
/Users/bround/Desktop/Датасеты/Dataset_Mendeley_data/Unlabelled _UAV_Videos/Flight Test 1/FT1_segments_of_interest/f3_mini_e/eo/2_minie3_range_medium_close_birds.mp4,877,1,121,123,286,223,propagated:0.976
/Users/bround/Desktop/Датасеты/Dataset_Mendeley_data/Unlabelled _UAV_Videos/Flight Test 1/FT1_segments_of_interest/f3_mini_e/eo/2_minie3_range_medium_close_birds.mp4,878,1,124,139,289,239,propagated:0.982
/Users/bround/Desktop/Датасеты/Dataset_Mendeley_data/Unlabelled _UAV_Videos/Flight Test 1/FT1_segments_of_interest/f3_mini_e/eo/2_minie3_range_medium_close_birds.mp4,879,1,125,152,290,252,propagated:0.980
/Users/bround/Desktop/Датасеты/Dataset_Mendeley_data/Unlabelled _UAV_Videos/Flight Test 1/FT1_segments_of_interest/f3_mini_e/eo/2_minie3_range_medium_close_birds.mp4,880,1,125,152,290,252,propagated:0.986
/Users/bround/Desktop/Датасеты/Dataset_Mendeley_data/Unlabelled _UAV_Videos/Flight Test 1/FT1_segments_of_interest/f3_mini_e/eo/2_minie3_range_medium_close_birds.mp4,881,1,127,164,292,264,propagated:0.985
/Users/bround/Desktop/Датасеты/Dataset_Mendeley_data/Unlabelled _UAV_Videos/Flight Test 1/FT1_segments_of_interest/f3_mini_e/eo/2_minie3_range_medium_close_birds.mp4,882,1,131,171,296,271,propagated:0.986
/Users/bround/Desktop/Датасеты/Dataset_Mendeley_data/Unlabelled _UAV_Videos/Flight Test 1/FT1_segments_of_interest/f3_mini_e/eo/2_minie3_range_medium_close_birds.mp4,883,1,135,175,300,275,propagated:0.983
/Users/bround/Desktop/Датасеты/Dataset_Mendeley_data/Unlabelled _UAV_Videos/Flight Test 1/FT1_segments_of_interest/f3_mini_e/eo/2_minie3_range_medium_close_birds.mp4,884,1,138,175,303,275,propagated:0.984
/Users/bround/Desktop/Датасеты/Dataset_Mendeley_data/Unlabelled _UAV_Videos/Flight Test 1/FT1_segments_of_interest/f3_mini_e/eo/2_minie3_range_medium_close_birds.mp4,885,1,138,175,303,275,propagated:0.988
/Users/bround/Desktop/Датасеты/Dataset_Mendeley_data/Unlabelled _UAV_Videos/Flight Test 1/FT1_segments_of_interest/f3_mini_e/eo/2_minie3_range_medium_close_birds.mp4,886,1,141,178,306,278,propagated:0.977
/Users/bround/Desktop/Датасеты/Dataset_Mendeley_data/Unlabelled _UAV_Videos/Flight Test 1/FT1_segments_of_interest/f3_mini_e/eo/2_minie3_range_medium_close_birds.mp4,887,1,147,183,312,283,propagated:0.969
/Users/bround/Desktop/Датасеты/Dataset_Mendeley_data/Unlabelled _UAV_Videos/Flight Test 1/FT1_segments_of_interest/f3_mini_e/eo/2_minie3_range_medium_close_birds.mp4,888,1,156,195,321,295,propagated:0.970
/Users/bround/Desktop/Датасеты/Dataset_Mendeley_data/Unlabelled _UAV_Videos/Flight Test 1/FT1_segments_of_interest/f3_mini_e/eo/2_minie3_range_medium_close_birds.mp4,889,1,164,207,329,307,propagated:0.964
/Users/bround/Desktop/Датасеты/Dataset_Mendeley_data/Unlabelled _UAV_Videos/Flight Test 1/FT1_segments_of_interest/f3_mini_e/eo/2_minie3_range_medium_close_birds.mp4,890,1,171,222,336,322,propagated:0.956
/Users/bround/Desktop/Датасеты/Dataset_Mendeley_data/Unlabelled _UAV_Videos/Flight Test 1/FT1_segments_of_interest/f3_mini_e/eo/2_minie3_range_medium_close_birds.mp4,891,1,178,237,343,337,propagated:0.951
/Users/bround/Desktop/Датасеты/Dataset_Mendeley_data/Unlabelled _UAV_Videos/Flight Test 1/FT1_segments_of_interest/f3_mini_e/eo/2_minie3_range_medium_close_birds.mp4,892,1,178,237,343,337,propagated:1.000
/Users/bround/Desktop/Датасеты/Dataset_Mendeley_data/Unlabelled _UAV_Videos/Flight Test 1/FT1_segments_of_interest/f3_mini_e/eo/2_minie3_range_medium_close_birds.mp4,893,1,185,254,350,354,propagated:0.988
/Users/bround/Desktop/Датасеты/Dataset_Mendeley_data/Unlabelled _UAV_Videos/Flight Test 1/FT1_segments_of_interest/f3_mini_e/eo/2_minie3_range_medium_close_birds.mp4,894,1,189,268,354,368,propagated:0.986
/Users/bround/Desktop/Датасеты/Dataset_Mendeley_data/Unlabelled _UAV_Videos/Flight Test 1/FT1_segments_of_interest/f3_mini_e/eo/2_minie3_range_medium_close_birds.mp4,895,1,193,284,358,384,propagated:0.977
/Users/bround/Desktop/Датасеты/Dataset_Mendeley_data/Unlabelled _UAV_Videos/Flight Test 1/FT1_segments_of_interest/f3_mini_e/eo/2_minie3_range_medium_close_birds.mp4,896,1,196,310,361,410,propagated:0.978
/Users/bround/Desktop/Датасеты/Dataset_Mendeley_data/Unlabelled _UAV_Videos/Flight Test 1/FT1_segments_of_interest/f3_mini_e/eo/2_minie3_range_medium_close_birds.mp4,897,1,196,310,361,410,propagated:0.985
/Users/bround/Desktop/Датасеты/Dataset_Mendeley_data/Unlabelled _UAV_Videos/Flight Test 1/FT1_segments_of_interest/f3_mini_e/eo/2_minie3_range_medium_close_birds.mp4,898,1,199,330,364,430,propagated:0.982
/Users/bround/Desktop/Датасеты/Dataset_Mendeley_data/Unlabelled _UAV_Videos/Flight Test 1/FT1_segments_of_interest/f3_mini_e/eo/2_minie3_range_medium_close_birds.mp4,899,1,201,341,366,441,propagated:0.969
/Users/bround/Desktop/Датасеты/Dataset_Mendeley_data/Unlabelled _UAV_Videos/Flight Test 1/FT1_segments_of_interest/f3_mini_e/eo/2_minie3_range_medium_close_birds.mp4,900,1,201,345,366,445,propagated:0.965
/Users/bround/Desktop/Датасеты/Dataset_Mendeley_data/Unlabelled _UAV_Videos/Flight Test 1/FT1_segments_of_interest/f3_mini_e/eo/2_minie3_range_medium_close_birds.mp4,901,1,201,348,366,448,propagated:0.964
/Users/bround/Desktop/Датасеты/Dataset_Mendeley_data/Unlabelled _UAV_Videos/Flight Test 1/FT1_segments_of_interest/f3_mini_e/eo/2_minie3_range_medium_close_birds.mp4,902,1,201,344,366,444,propagated:0.988
/Users/bround/Desktop/Датасеты/Dataset_Mendeley_data/Unlabelled _UAV_Videos/Flight Test 1/FT1_segments_of_interest/f3_mini_e/eo/2_minie3_range_medium_close_birds.mp4,903,1,201,344,366,444,propagated:0.992
/Users/bround/Desktop/Датасеты/Dataset_Mendeley_data/Unlabelled _UAV_Videos/Flight Test 1/FT1_segments_of_interest/f3_mini_e/eo/2_minie3_range_medium_close_birds.mp4,904,1,202,337,367,437,propagated:0.983
/Users/bround/Desktop/Датасеты/Dataset_Mendeley_data/Unlabelled _UAV_Videos/Flight Test 1/FT1_segments_of_interest/f3_mini_e/eo/2_minie3_range_medium_close_birds.mp4,905,1,202,329,367,429,propagated:0.984
/Users/bround/Desktop/Датасеты/Dataset_Mendeley_data/Unlabelled _UAV_Videos/Flight Test 1/FT1_segments_of_interest/f3_mini_e/eo/2_minie3_range_medium_close_birds.mp4,906,1,201,320,366,420,propagated:0.975
/Users/bround/Desktop/Датасеты/Dataset_Mendeley_data/Unlabelled _UAV_Videos/Flight Test 1/FT1_segments_of_interest/f3_mini_e/eo/2_minie3_range_medium_close_birds.mp4,907,1,203,311,368,411,propagated:0.980
/Users/bround/Desktop/Датасеты/Dataset_Mendeley_data/Unlabelled _UAV_Videos/Flight Test 1/FT1_segments_of_interest/f3_mini_e/eo/2_minie3_range_medium_close_birds.mp4,908,1,205,302,370,402,propagated:0.983
/Users/bround/Desktop/Датасеты/Dataset_Mendeley_data/Unlabelled _UAV_Videos/Flight Test 1/FT1_segments_of_interest/f3_mini_e/eo/2_minie3_range_medium_close_birds.mp4,909,1,205,302,370,402,propagated:0.988
/Users/bround/Desktop/Датасеты/Dataset_Mendeley_data/Unlabelled _UAV_Videos/Flight Test 1/FT1_segments_of_interest/f3_mini_e/eo/2_minie3_range_medium_close_birds.mp4,910,1,210,290,375,390,propagated:0.984
/Users/bround/Desktop/Датасеты/Dataset_Mendeley_data/Unlabelled _UAV_Videos/Flight Test 1/FT1_segments_of_interest/f3_mini_e/eo/2_minie3_range_medium_close_birds.mp4,911,1,214,279,379,379,propagated:0.981
/Users/bround/Desktop/Датасеты/Dataset_Mendeley_data/Unlabelled _UAV_Videos/Flight Test 1/FT1_segments_of_interest/f3_mini_e/eo/2_minie3_range_medium_close_birds.mp4,912,1,215,272,380,372,propagated:0.986
/Users/bround/Desktop/Датасеты/Dataset_Mendeley_data/Unlabelled _UAV_Videos/Flight Test 1/FT1_segments_of_interest/f3_mini_e/eo/2_minie3_range_medium_close_birds.mp4,913,1,217,264,382,364,propagated:0.987
/Users/bround/Desktop/Датасеты/Dataset_Mendeley_data/Unlabelled _UAV_Videos/Flight Test 1/FT1_segments_of_interest/f3_mini_e/eo/2_minie3_range_medium_close_birds.mp4,914,1,218,257,383,357,propagated:0.975
/Users/bround/Desktop/Датасеты/Dataset_Mendeley_data/Unlabelled _UAV_Videos/Flight Test 1/FT1_segments_of_interest/f3_mini_e/eo/2_minie3_range_medium_close_birds.mp4,915,1,218,257,383,357,propagated:0.982
/Users/bround/Desktop/Датасеты/Dataset_Mendeley_data/Unlabelled _UAV_Videos/Flight Test 1/FT1_segments_of_interest/f3_mini_e/eo/2_minie3_range_medium_close_birds.mp4,916,1,220,251,385,351,propagated:0.984
/Users/bround/Desktop/Датасеты/Dataset_Mendeley_data/Unlabelled _UAV_Videos/Flight Test 1/FT1_segments_of_interest/f3_mini_e/eo/2_minie3_range_medium_close_birds.mp4,917,1,223,246,388,346,propagated:0.978
/Users/bround/Desktop/Датасеты/Dataset_Mendeley_data/Unlabelled _UAV_Videos/Flight Test 1/FT1_segments_of_interest/f3_mini_e/eo/2_minie3_range_medium_close_birds.mp4,918,1,224,243,389,343,propagated:0.979
/Users/bround/Desktop/Датасеты/Dataset_Mendeley_data/Unlabelled _UAV_Videos/Flight Test 1/FT1_segments_of_interest/f3_mini_e/eo/2_minie3_range_medium_close_birds.mp4,919,1,226,237,391,337,propagated:0.976
/Users/bround/Desktop/Датасеты/Dataset_Mendeley_data/Unlabelled _UAV_Videos/Flight Test 1/FT1_segments_of_interest/f3_mini_e/eo/2_minie3_range_medium_close_birds.mp4,920,1,224,230,389,330,propagated:0.982
/Users/bround/Desktop/Датасеты/Dataset_Mendeley_data/Unlabelled _UAV_Videos/Flight Test 1/FT1_segments_of_interest/f3_mini_e/eo/2_minie3_range_medium_close_birds.mp4,921,1,224,222,389,322,propagated:0.977
/Users/bround/Desktop/Датасеты/Dataset_Mendeley_data/Unlabelled _UAV_Videos/Flight Test 1/FT1_segments_of_interest/f3_mini_e/eo/2_minie3_range_medium_close_birds.mp4,922,1,224,222,389,322,propagated:1.000
/Users/bround/Desktop/Датасеты/Dataset_Mendeley_data/Unlabelled _UAV_Videos/Flight Test 1/FT1_segments_of_interest/f3_mini_e/eo/2_minie3_range_medium_close_birds.mp4,923,1,223,216,388,316,propagated:0.983
/Users/bround/Desktop/Датасеты/Dataset_Mendeley_data/Unlabelled _UAV_Videos/Flight Test 1/FT1_segments_of_interest/f3_mini_e/eo/2_minie3_range_medium_close_birds.mp4,924,1,224,210,389,310,propagated:0.981
/Users/bround/Desktop/Датасеты/Dataset_Mendeley_data/Unlabelled _UAV_Videos/Flight Test 1/FT1_segments_of_interest/f3_mini_e/eo/2_minie3_range_medium_close_birds.mp4,925,1,225,208,390,308,propagated:0.984
/Users/bround/Desktop/Датасеты/Dataset_Mendeley_data/Unlabelled _UAV_Videos/Flight Test 1/FT1_segments_of_interest/f3_mini_e/eo/2_minie3_range_medium_close_birds.mp4,926,1,226,206,391,306,propagated:0.974
/Users/bround/Desktop/Датасеты/Dataset_Mendeley_data/Unlabelled _UAV_Videos/Flight Test 1/FT1_segments_of_interest/f3_mini_e/eo/2_minie3_range_medium_close_birds.mp4,927,1,228,204,393,304,propagated:0.977
/Users/bround/Desktop/Датасеты/Dataset_Mendeley_data/Unlabelled _UAV_Videos/Flight Test 1/FT1_segments_of_interest/f3_mini_e/eo/2_minie3_range_medium_close_birds.mp4,928,1,228,204,393,304,propagated:0.984
/Users/bround/Desktop/Датасеты/Dataset_Mendeley_data/Unlabelled _UAV_Videos/Flight Test 1/FT1_segments_of_interest/f3_mini_e/eo/2_minie3_range_medium_close_birds.mp4,929,1,229,200,394,300,propagated:0.982
/Users/bround/Desktop/Датасеты/Dataset_Mendeley_data/Unlabelled _UAV_Videos/Flight Test 1/FT1_segments_of_interest/f3_mini_e/eo/2_minie3_range_medium_close_birds.mp4,930,1,230,195,395,295,propagated:0.977
/Users/bround/Desktop/Датасеты/Dataset_Mendeley_data/Unlabelled _UAV_Videos/Flight Test 1/FT1_segments_of_interest/f3_mini_e/eo/2_minie3_range_medium_close_birds.mp4,931,1,231,191,396,291,propagated:0.980
/Users/bround/Desktop/Датасеты/Dataset_Mendeley_data/Unlabelled _UAV_Videos/Flight Test 1/FT1_segments_of_interest/f3_mini_e/eo/2_minie3_range_medium_close_birds.mp4,932,1,233,184,398,284,propagated:0.986
/Users/bround/Desktop/Датасеты/Dataset_Mendeley_data/Unlabelled _UAV_Videos/Flight Test 1/FT1_segments_of_interest/f3_mini_e/eo/2_minie3_range_medium_close_birds.mp4,933,1,233,184,398,284,propagated:0.990
/Users/bround/Desktop/Датасеты/Dataset_Mendeley_data/Unlabelled _UAV_Videos/Flight Test 1/FT1_segments_of_interest/f3_mini_e/eo/2_minie3_range_medium_close_birds.mp4,934,1,235,177,400,277,propagated:0.980
/Users/bround/Desktop/Датасеты/Dataset_Mendeley_data/Unlabelled _UAV_Videos/Flight Test 1/FT1_segments_of_interest/f3_mini_e/eo/2_minie3_range_medium_close_birds.mp4,935,1,237,170,402,270,propagated:0.976
/Users/bround/Desktop/Датасеты/Dataset_Mendeley_data/Unlabelled _UAV_Videos/Flight Test 1/FT1_segments_of_interest/f3_mini_e/eo/2_minie3_range_medium_close_birds.mp4,936,1,239,165,404,265,propagated:0.973
/Users/bround/Desktop/Датасеты/Dataset_Mendeley_data/Unlabelled _UAV_Videos/Flight Test 1/FT1_segments_of_interest/f3_mini_e/eo/2_minie3_range_medium_close_birds.mp4,937,1,241,159,406,259,propagated:0.974
/Users/bround/Desktop/Датасеты/Dataset_Mendeley_data/Unlabelled _UAV_Videos/Flight Test 1/FT1_segments_of_interest/f3_mini_e/eo/2_minie3_range_medium_close_birds.mp4,938,1,241,153,406,253,propagated:0.976
/Users/bround/Desktop/Датасеты/Dataset_Mendeley_data/Unlabelled _UAV_Videos/Flight Test 1/FT1_segments_of_interest/f3_mini_e/eo/2_minie3_range_medium_close_birds.mp4,939,1,241,153,406,253,propagated:0.983
/Users/bround/Desktop/Датасеты/Dataset_Mendeley_data/Unlabelled _UAV_Videos/Flight Test 1/FT1_segments_of_interest/f3_mini_e/eo/2_minie3_range_medium_close_birds.mp4,940,1,241,144,406,244,propagated:0.982
/Users/bround/Desktop/Датасеты/Dataset_Mendeley_data/Unlabelled _UAV_Videos/Flight Test 1/FT1_segments_of_interest/f3_mini_e/eo/2_minie3_range_medium_close_birds.mp4,941,1,240,137,405,237,propagated:0.978
/Users/bround/Desktop/Датасеты/Dataset_Mendeley_data/Unlabelled _UAV_Videos/Flight Test 1/FT1_segments_of_interest/f3_mini_e/eo/2_minie3_range_medium_close_birds.mp4,942,1,241,129,406,229,propagated:0.987
/Users/bround/Desktop/Датасеты/Dataset_Mendeley_data/Unlabelled _UAV_Videos/Flight Test 1/FT1_segments_of_interest/f3_mini_e/eo/2_minie3_range_medium_close_birds.mp4,943,1,241,122,406,222,propagated:0.987
/Users/bround/Desktop/Датасеты/Dataset_Mendeley_data/Unlabelled _UAV_Videos/Flight Test 1/FT1_segments_of_interest/f3_mini_e/eo/2_minie3_range_medium_close_birds.mp4,944,1,242,116,407,216,propagated:0.985
/Users/bround/Desktop/Датасеты/Dataset_Mendeley_data/Unlabelled _UAV_Videos/Flight Test 1/FT1_segments_of_interest/f3_mini_e/eo/2_minie3_range_medium_close_birds.mp4,945,1,242,116,407,216,propagated:0.989
/Users/bround/Desktop/Датасеты/Dataset_Mendeley_data/Unlabelled _UAV_Videos/Flight Test 1/FT1_segments_of_interest/f3_mini_e/eo/2_minie3_range_medium_close_birds.mp4,946,1,242,111,407,211,propagated:0.987
/Users/bround/Desktop/Датасеты/Dataset_Mendeley_data/Unlabelled _UAV_Videos/Flight Test 1/FT1_segments_of_interest/f3_mini_e/eo/2_minie3_range_medium_close_birds.mp4,947,1,243,107,408,207,propagated:0.986
/Users/bround/Desktop/Датасеты/Dataset_Mendeley_data/Unlabelled _UAV_Videos/Flight Test 1/FT1_segments_of_interest/f3_mini_e/eo/2_minie3_range_medium_close_birds.mp4,948,1,243,100,408,200,propagated:0.987
/Users/bround/Desktop/Датасеты/Dataset_Mendeley_data/Unlabelled _UAV_Videos/Flight Test 1/FT1_segments_of_interest/f3_mini_e/eo/2_minie3_range_medium_close_birds.mp4,949,1,243,96,408,196,propagated:0.983
/Users/bround/Desktop/Датасеты/Dataset_Mendeley_data/Unlabelled _UAV_Videos/Flight Test 1/FT1_segments_of_interest/f3_mini_e/eo/2_minie3_range_medium_close_birds.mp4,950,1,243,96,408,196,propagated:0.988
/Users/bround/Desktop/Датасеты/Dataset_Mendeley_data/Unlabelled _UAV_Videos/Flight Test 1/FT1_segments_of_interest/f3_mini_e/eo/2_minie3_range_medium_close_birds.mp4,951,1,245,95,410,195,propagated:0.977
/Users/bround/Desktop/Датасеты/Dataset_Mendeley_data/Unlabelled _UAV_Videos/Flight Test 1/FT1_segments_of_interest/f3_mini_e/eo/2_minie3_range_medium_close_birds.mp4,952,1,247,99,412,199,propagated:0.980
/Users/bround/Desktop/Датасеты/Dataset_Mendeley_data/Unlabelled _UAV_Videos/Flight Test 1/FT1_segments_of_interest/f3_mini_e/eo/2_minie3_range_medium_close_birds.mp4,953,1,248,105,413,205,propagated:0.985
/Users/bround/Desktop/Датасеты/Dataset_Mendeley_data/Unlabelled _UAV_Videos/Flight Test 1/FT1_segments_of_interest/f3_mini_e/eo/2_minie3_range_medium_close_birds.mp4,954,1,247,111,412,211,propagated:0.984
/Users/bround/Desktop/Датасеты/Dataset_Mendeley_data/Unlabelled _UAV_Videos/Flight Test 1/FT1_segments_of_interest/f3_mini_e/eo/2_minie3_range_medium_close_birds.mp4,955,1,247,121,412,221,propagated:0.981
/Users/bround/Desktop/Датасеты/Dataset_Mendeley_data/Unlabelled _UAV_Videos/Flight Test 1/FT1_segments_of_interest/f3_mini_e/eo/2_minie3_range_medium_close_birds.mp4,956,1,248,126,413,226,propagated:0.982
/Users/bround/Desktop/Датасеты/Dataset_Mendeley_data/Unlabelled _UAV_Videos/Flight Test 1/FT1_segments_of_interest/f3_mini_e/eo/2_minie3_range_medium_close_birds.mp4,957,1,248,126,413,226,propagated:0.987
/Users/bround/Desktop/Датасеты/Dataset_Mendeley_data/Unlabelled _UAV_Videos/Flight Test 1/FT1_segments_of_interest/f3_mini_e/eo/2_minie3_range_medium_close_birds.mp4,958,1,250,123,415,223,propagated:0.983
/Users/bround/Desktop/Датасеты/Dataset_Mendeley_data/Unlabelled _UAV_Videos/Flight Test 1/FT1_segments_of_interest/f3_mini_e/eo/2_minie3_range_medium_close_birds.mp4,959,1,251,119,416,219,propagated:0.982
/Users/bround/Desktop/Датасеты/Dataset_Mendeley_data/Unlabelled _UAV_Videos/Flight Test 1/FT1_segments_of_interest/f3_mini_e/eo/2_minie3_range_medium_close_birds.mp4,960,1,254,111,419,211,propagated:0.982
/Users/bround/Desktop/Датасеты/Dataset_Mendeley_data/Unlabelled _UAV_Videos/Flight Test 1/FT1_segments_of_interest/f3_mini_e/eo/2_minie3_range_medium_close_birds.mp4,961,1,257,107,422,207,propagated:0.976
/Users/bround/Desktop/Датасеты/Dataset_Mendeley_data/Unlabelled _UAV_Videos/Flight Test 1/FT1_segments_of_interest/f3_mini_e/eo/2_minie3_range_medium_close_birds.mp4,962,1,256,111,421,211,propagated:0.985
/Users/bround/Desktop/Датасеты/Dataset_Mendeley_data/Unlabelled _UAV_Videos/Flight Test 1/FT1_segments_of_interest/f3_mini_e/eo/2_minie3_range_medium_close_birds.mp4,963,1,256,111,421,211,propagated:0.989
/Users/bround/Desktop/Датасеты/Dataset_Mendeley_data/Unlabelled _UAV_Videos/Flight Test 1/FT1_segments_of_interest/f3_mini_e/eo/2_minie3_range_medium_close_birds.mp4,964,1,255,122,420,222,propagated:0.973
/Users/bround/Desktop/Датасеты/Dataset_Mendeley_data/Unlabelled _UAV_Videos/Flight Test 1/FT1_segments_of_interest/f3_mini_e/eo/2_minie3_range_medium_close_birds.mp4,965,1,255,132,420,232,propagated:0.976
/Users/bround/Desktop/Датасеты/Dataset_Mendeley_data/Unlabelled _UAV_Videos/Flight Test 1/FT1_segments_of_interest/f3_mini_e/eo/2_minie3_range_medium_close_birds.mp4,966,1,256,139,421,239,propagated:0.978
/Users/bround/Desktop/Датасеты/Dataset_Mendeley_data/Unlabelled _UAV_Videos/Flight Test 1/FT1_segments_of_interest/f3_mini_e/eo/2_minie3_range_medium_close_birds.mp4,967,1,259,148,424,248,propagated:0.974
/Users/bround/Desktop/Датасеты/Dataset_Mendeley_data/Unlabelled _UAV_Videos/Flight Test 1/FT1_segments_of_interest/f3_mini_e/eo/2_minie3_range_medium_close_birds.mp4,968,1,262,152,427,252,propagated:0.972
/Users/bround/Desktop/Датасеты/Dataset_Mendeley_data/Unlabelled _UAV_Videos/Flight Test 1/FT1_segments_of_interest/f3_mini_e/eo/2_minie3_range_medium_close_birds.mp4,969,1,264,150,429,250,propagated:0.964
/Users/bround/Desktop/Датасеты/Dataset_Mendeley_data/Unlabelled _UAV_Videos/Flight Test 1/FT1_segments_of_interest/f3_mini_e/eo/2_minie3_range_medium_close_birds.mp4,970,1,264,150,429,250,propagated:0.975
/Users/bround/Desktop/Датасеты/Dataset_Mendeley_data/Unlabelled _UAV_Videos/Flight Test 1/FT1_segments_of_interest/f3_mini_e/eo/2_minie3_range_medium_close_birds.mp4,971,1,265,152,430,252,propagated:0.977
/Users/bround/Desktop/Датасеты/Dataset_Mendeley_data/Unlabelled _UAV_Videos/Flight Test 1/FT1_segments_of_interest/f3_mini_e/eo/2_minie3_range_medium_close_birds.mp4,972,1,266,152,431,252,propagated:0.989
/Users/bround/Desktop/Датасеты/Dataset_Mendeley_data/Unlabelled _UAV_Videos/Flight Test 1/FT1_segments_of_interest/f3_mini_e/eo/2_minie3_range_medium_close_birds.mp4,973,1,266,157,431,257,propagated:0.977
/Users/bround/Desktop/Датасеты/Dataset_Mendeley_data/Unlabelled _UAV_Videos/Flight Test 1/FT1_segments_of_interest/f3_mini_e/eo/2_minie3_range_medium_close_birds.mp4,974,1,271,159,436,259,propagated:0.967
/Users/bround/Desktop/Датасеты/Dataset_Mendeley_data/Unlabelled _UAV_Videos/Flight Test 1/FT1_segments_of_interest/f3_mini_e/eo/2_minie3_range_medium_close_birds.mp4,975,1,274,166,439,266,propagated:0.964
/Users/bround/Desktop/Датасеты/Dataset_Mendeley_data/Unlabelled _UAV_Videos/Flight Test 1/FT1_segments_of_interest/f3_mini_e/eo/2_minie3_range_medium_close_birds.mp4,976,1,274,166,439,266,propagated:0.974
/Users/bround/Desktop/Датасеты/Dataset_Mendeley_data/Unlabelled _UAV_Videos/Flight Test 1/FT1_segments_of_interest/f3_mini_e/eo/2_minie3_range_medium_close_birds.mp4,977,1,278,170,443,270,propagated:0.967
/Users/bround/Desktop/Датасеты/Dataset_Mendeley_data/Unlabelled _UAV_Videos/Flight Test 1/FT1_segments_of_interest/f3_mini_e/eo/2_minie3_range_medium_close_birds.mp4,978,1,279,177,444,277,propagated:0.965
/Users/bround/Desktop/Датасеты/Dataset_Mendeley_data/Unlabelled _UAV_Videos/Flight Test 1/FT1_segments_of_interest/f3_mini_e/eo/2_minie3_range_medium_close_birds.mp4,979,1,276,182,441,282,propagated:0.960
/Users/bround/Desktop/Датасеты/Dataset_Mendeley_data/Unlabelled _UAV_Videos/Flight Test 1/FT1_segments_of_interest/f3_mini_e/eo/2_minie3_range_medium_close_birds.mp4,980,1,271,193,436,293,propagated:0.955
/Users/bround/Desktop/Датасеты/Dataset_Mendeley_data/Unlabelled _UAV_Videos/Flight Test 1/FT1_segments_of_interest/f3_mini_e/eo/2_minie3_range_medium_close_birds.mp4,981,1,250,153,457,308,manual
/Users/bround/Desktop/Датасеты/Dataset_Mendeley_data/Unlabelled _UAV_Videos/Flight Test 1/FT1_segments_of_interest/f3_mini_e/eo/2_minie3_range_medium_close_birds.mp4,983,1,247,156,454,311,propagated:0.977
/Users/bround/Desktop/Датасеты/Dataset_Mendeley_data/Unlabelled _UAV_Videos/Flight Test 1/FT1_segments_of_interest/f3_mini_e/eo/2_minie3_range_medium_close_birds.mp4,984,1,248,149,455,304,propagated:0.968
/Users/bround/Desktop/Датасеты/Dataset_Mendeley_data/Unlabelled _UAV_Videos/Flight Test 1/FT1_segments_of_interest/f3_mini_e/eo/2_minie3_range_medium_close_birds.mp4,985,1,246,142,453,297,propagated:0.964
/Users/bround/Desktop/Датасеты/Dataset_Mendeley_data/Unlabelled _UAV_Videos/Flight Test 1/FT1_segments_of_interest/f3_mini_e/eo/2_minie3_range_medium_close_birds.mp4,986,1,244,130,451,285,propagated:0.960
/Users/bround/Desktop/Датасеты/Dataset_Mendeley_data/Unlabelled _UAV_Videos/Flight Test 1/FT1_segments_of_interest/f3_mini_e/eo/2_minie3_range_medium_close_birds.mp4,987,1,244,130,451,285,propagated:0.972
/Users/bround/Desktop/Датасеты/Dataset_Mendeley_data/Unlabelled _UAV_Videos/Flight Test 1/FT1_segments_of_interest/f3_mini_e/eo/2_minie3_range_medium_close_birds.mp4,988,1,244,119,451,274,propagated:0.964
/Users/bround/Desktop/Датасеты/Dataset_Mendeley_data/Unlabelled _UAV_Videos/Flight Test 1/FT1_segments_of_interest/f3_mini_e/eo/2_minie3_range_medium_close_birds.mp4,989,1,243,112,450,267,propagated:0.963
/Users/bround/Desktop/Датасеты/Dataset_Mendeley_data/Unlabelled _UAV_Videos/Flight Test 1/FT1_segments_of_interest/f3_mini_e/eo/2_minie3_range_medium_close_birds.mp4,990,1,245,105,452,260,propagated:0.966
/Users/bround/Desktop/Датасеты/Dataset_Mendeley_data/Unlabelled _UAV_Videos/Flight Test 1/FT1_segments_of_interest/f3_mini_e/eo/2_minie3_range_medium_close_birds.mp4,991,1,251,99,458,254,propagated:0.963
/Users/bround/Desktop/Датасеты/Dataset_Mendeley_data/Unlabelled _UAV_Videos/Flight Test 1/FT1_segments_of_interest/f3_mini_e/eo/2_minie3_range_medium_close_birds.mp4,992,1,258,91,465,246,propagated:0.969
/Users/bround/Desktop/Датасеты/Dataset_Mendeley_data/Unlabelled _UAV_Videos/Flight Test 1/FT1_segments_of_interest/f3_mini_e/eo/2_minie3_range_medium_close_birds.mp4,993,1,259,86,466,241,propagated:0.977
/Users/bround/Desktop/Датасеты/Dataset_Mendeley_data/Unlabelled _UAV_Videos/Flight Test 1/FT1_segments_of_interest/f3_mini_e/eo/2_minie3_range_medium_close_birds.mp4,994,1,259,86,466,241,propagated:0.983
/Users/bround/Desktop/Датасеты/Dataset_Mendeley_data/Unlabelled _UAV_Videos/Flight Test 1/FT1_segments_of_interest/f3_mini_e/eo/2_minie3_range_medium_close_birds.mp4,995,1,261,80,468,235,propagated:0.983
/Users/bround/Desktop/Датасеты/Dataset_Mendeley_data/Unlabelled _UAV_Videos/Flight Test 1/FT1_segments_of_interest/f3_mini_e/eo/2_minie3_range_medium_close_birds.mp4,996,1,260,78,467,233,propagated:0.980
/Users/bround/Desktop/Датасеты/Dataset_Mendeley_data/Unlabelled _UAV_Videos/Flight Test 1/FT1_segments_of_interest/f3_mini_e/eo/2_minie3_range_medium_close_birds.mp4,997,1,260,73,467,228,propagated:0.979
/Users/bround/Desktop/Датасеты/Dataset_Mendeley_data/Unlabelled _UAV_Videos/Flight Test 1/FT1_segments_of_interest/f3_mini_e/eo/2_minie3_range_medium_close_birds.mp4,998,1,261,68,468,223,propagated:0.975
/Users/bround/Desktop/Датасеты/Dataset_Mendeley_data/Unlabelled _UAV_Videos/Flight Test 1/FT1_segments_of_interest/f3_mini_e/eo/2_minie3_range_medium_close_birds.mp4,999,1,261,68,468,223,propagated:0.982
/Users/bround/Desktop/Датасеты/Dataset_Mendeley_data/Unlabelled _UAV_Videos/Flight Test 1/FT1_segments_of_interest/f3_mini_e/eo/2_minie3_range_medium_close_birds.mp4,1000,1,260,61,467,216,propagated:0.978
/Users/bround/Desktop/Датасеты/Dataset_Mendeley_data/Unlabelled _UAV_Videos/Flight Test 1/FT1_segments_of_interest/f3_mini_e/eo/2_minie3_range_medium_close_birds.mp4,1001,1,259,54,466,209,propagated:0.979
/Users/bround/Desktop/Датасеты/Dataset_Mendeley_data/Unlabelled _UAV_Videos/Flight Test 1/FT1_segments_of_interest/f3_mini_e/eo/2_minie3_range_medium_close_birds.mp4,1002,1,260,49,467,204,propagated:0.966
/Users/bround/Desktop/Датасеты/Dataset_Mendeley_data/Unlabelled _UAV_Videos/Flight Test 1/FT1_segments_of_interest/f3_mini_e/eo/2_minie3_range_medium_close_birds.mp4,1003,1,260,48,467,203,propagated:0.992
/Users/bround/Desktop/Датасеты/Dataset_Mendeley_data/Unlabelled _UAV_Videos/Flight Test 1/FT1_segments_of_interest/f3_mini_e/eo/2_minie3_range_medium_close_birds.mp4,1004,1,260,45,467,200,propagated:0.986
/Users/bround/Desktop/Датасеты/Dataset_Mendeley_data/Unlabelled _UAV_Videos/Flight Test 1/FT1_segments_of_interest/f3_mini_e/eo/2_minie3_range_medium_close_birds.mp4,1005,1,261,44,468,199,propagated:0.980
/Users/bround/Desktop/Датасеты/Dataset_Mendeley_data/Unlabelled _UAV_Videos/Flight Test 1/FT1_segments_of_interest/f3_mini_e/eo/2_minie3_range_medium_close_birds.mp4,1006,1,261,44,468,199,propagated:0.986
/Users/bround/Desktop/Датасеты/Dataset_Mendeley_data/Unlabelled _UAV_Videos/Flight Test 1/FT1_segments_of_interest/f3_mini_e/eo/2_minie3_range_medium_close_birds.mp4,1007,1,263,43,470,198,propagated:0.982
/Users/bround/Desktop/Датасеты/Dataset_Mendeley_data/Unlabelled _UAV_Videos/Flight Test 1/FT1_segments_of_interest/f3_mini_e/eo/2_minie3_range_medium_close_birds.mp4,1008,1,264,43,471,198,propagated:0.979
/Users/bround/Desktop/Датасеты/Dataset_Mendeley_data/Unlabelled _UAV_Videos/Flight Test 1/FT1_segments_of_interest/f3_mini_e/eo/2_minie3_range_medium_close_birds.mp4,1009,1,266,41,473,196,propagated:0.981
/Users/bround/Desktop/Датасеты/Dataset_Mendeley_data/Unlabelled _UAV_Videos/Flight Test 1/FT1_segments_of_interest/f3_mini_e/eo/2_minie3_range_medium_close_birds.mp4,1010,1,266,38,473,193,propagated:0.984
/Users/bround/Desktop/Датасеты/Dataset_Mendeley_data/Unlabelled _UAV_Videos/Flight Test 1/FT1_segments_of_interest/f3_mini_e/eo/2_minie3_range_medium_close_birds.mp4,1011,1,266,38,473,193,propagated:0.988
/Users/bround/Desktop/Датасеты/Dataset_Mendeley_data/Unlabelled _UAV_Videos/Flight Test 1/FT1_segments_of_interest/f3_mini_e/eo/2_minie3_range_medium_close_birds.mp4,1012,1,266,36,473,191,propagated:0.984
/Users/bround/Desktop/Датасеты/Dataset_Mendeley_data/Unlabelled _UAV_Videos/Flight Test 1/FT1_segments_of_interest/f3_mini_e/eo/2_minie3_range_medium_close_birds.mp4,1013,1,266,35,473,190,propagated:0.979
/Users/bround/Desktop/Датасеты/Dataset_Mendeley_data/Unlabelled _UAV_Videos/Flight Test 1/FT1_segments_of_interest/f3_mini_e/eo/2_minie3_range_medium_close_birds.mp4,1014,1,266,35,473,190,propagated:0.984
/Users/bround/Desktop/Датасеты/Dataset_Mendeley_data/Unlabelled _UAV_Videos/Flight Test 1/FT1_segments_of_interest/f3_mini_e/eo/2_minie3_range_medium_close_birds.mp4,1015,1,265,36,472,191,propagated:0.988
/Users/bround/Desktop/Датасеты/Dataset_Mendeley_data/Unlabelled _UAV_Videos/Flight Test 1/FT1_segments_of_interest/f3_mini_e/eo/2_minie3_range_medium_close_birds.mp4,1016,1,264,34,471,189,propagated:0.987
/Users/bround/Desktop/Датасеты/Dataset_Mendeley_data/Unlabelled _UAV_Videos/Flight Test 1/FT1_segments_of_interest/f3_mini_e/eo/2_minie3_range_medium_close_birds.mp4,1017,1,264,34,471,189,propagated:0.991
/Users/bround/Desktop/Датасеты/Dataset_Mendeley_data/Unlabelled _UAV_Videos/Flight Test 1/FT1_segments_of_interest/f3_mini_e/eo/2_minie3_range_medium_close_birds.mp4,1018,1,263,37,470,192,propagated:0.987
/Users/bround/Desktop/Датасеты/Dataset_Mendeley_data/Unlabelled _UAV_Videos/Flight Test 1/FT1_segments_of_interest/f3_mini_e/eo/2_minie3_range_medium_close_birds.mp4,1019,1,263,38,470,193,propagated:0.984
/Users/bround/Desktop/Датасеты/Dataset_Mendeley_data/Unlabelled _UAV_Videos/Flight Test 1/FT1_segments_of_interest/f3_mini_e/eo/2_minie3_range_medium_close_birds.mp4,1020,1,264,40,471,195,propagated:0.983
/Users/bround/Desktop/Датасеты/Dataset_Mendeley_data/Unlabelled _UAV_Videos/Flight Test 1/FT1_segments_of_interest/f3_mini_e/eo/2_minie3_range_medium_close_birds.mp4,1021,1,268,46,475,201,propagated:0.981
/Users/bround/Desktop/Датасеты/Dataset_Mendeley_data/Unlabelled _UAV_Videos/Flight Test 1/FT1_segments_of_interest/f3_mini_e/eo/2_minie3_range_medium_close_birds.mp4,1022,1,272,54,479,209,propagated:0.984
/Users/bround/Desktop/Датасеты/Dataset_Mendeley_data/Unlabelled _UAV_Videos/Flight Test 1/FT1_segments_of_interest/f3_mini_e/eo/2_minie3_range_medium_close_birds.mp4,1023,1,272,54,479,209,propagated:1.000
/Users/bround/Desktop/Датасеты/Dataset_Mendeley_data/Unlabelled _UAV_Videos/Flight Test 1/FT1_segments_of_interest/f3_mini_e/eo/2_minie3_range_medium_close_birds.mp4,1024,1,275,62,482,217,propagated:0.978
/Users/bround/Desktop/Датасеты/Dataset_Mendeley_data/Unlabelled _UAV_Videos/Flight Test 1/FT1_segments_of_interest/f3_mini_e/eo/2_minie3_range_medium_close_birds.mp4,1025,1,277,72,484,227,propagated:0.983
/Users/bround/Desktop/Датасеты/Dataset_Mendeley_data/Unlabelled _UAV_Videos/Flight Test 1/FT1_segments_of_interest/f3_mini_e/eo/2_minie3_range_medium_close_birds.mp4,1026,1,279,75,486,230,propagated:0.989
/Users/bround/Desktop/Датасеты/Dataset_Mendeley_data/Unlabelled _UAV_Videos/Flight Test 1/FT1_segments_of_interest/f3_mini_e/eo/2_minie3_range_medium_close_birds.mp4,1027,1,280,77,487,232,propagated:0.984
/Users/bround/Desktop/Датасеты/Dataset_Mendeley_data/Unlabelled _UAV_Videos/Flight Test 1/FT1_segments_of_interest/f3_mini_e/eo/2_minie3_range_medium_close_birds.mp4,1028,1,280,78,487,233,propagated:0.983
/Users/bround/Desktop/Датасеты/Dataset_Mendeley_data/Unlabelled _UAV_Videos/Flight Test 1/FT1_segments_of_interest/f3_mini_e/eo/2_minie3_range_medium_close_birds.mp4,1029,1,280,78,487,233,propagated:0.987
/Users/bround/Desktop/Датасеты/Dataset_Mendeley_data/Unlabelled _UAV_Videos/Flight Test 1/FT1_segments_of_interest/f3_mini_e/eo/2_minie3_range_medium_close_birds.mp4,1030,1,280,77,487,232,propagated:0.984
/Users/bround/Desktop/Датасеты/Dataset_Mendeley_data/Unlabelled _UAV_Videos/Flight Test 1/FT1_segments_of_interest/f3_mini_e/eo/2_minie3_range_medium_close_birds.mp4,1031,1,279,76,486,231,propagated:0.988
/Users/bround/Desktop/Датасеты/Dataset_Mendeley_data/Unlabelled _UAV_Videos/Flight Test 1/FT1_segments_of_interest/f3_mini_e/eo/2_minie3_range_medium_close_birds.mp4,1032,1,279,75,486,230,propagated:0.986
/Users/bround/Desktop/Датасеты/Dataset_Mendeley_data/Unlabelled _UAV_Videos/Flight Test 1/FT1_segments_of_interest/f3_mini_e/eo/2_minie3_range_medium_close_birds.mp4,1033,1,280,70,487,225,propagated:0.984
/Users/bround/Desktop/Датасеты/Dataset_Mendeley_data/Unlabelled _UAV_Videos/Flight Test 1/FT1_segments_of_interest/f3_mini_e/eo/2_minie3_range_medium_close_birds.mp4,1034,1,279,67,486,222,propagated:0.987
/Users/bround/Desktop/Датасеты/Dataset_Mendeley_data/Unlabelled _UAV_Videos/Flight Test 1/FT1_segments_of_interest/f3_mini_e/eo/2_minie3_range_medium_close_birds.mp4,1035,1,279,67,486,222,propagated:0.991
/Users/bround/Desktop/Датасеты/Dataset_Mendeley_data/Unlabelled _UAV_Videos/Flight Test 1/FT1_segments_of_interest/f3_mini_e/eo/2_minie3_range_medium_close_birds.mp4,1036,1,282,64,489,219,propagated:0.987
/Users/bround/Desktop/Датасеты/Dataset_Mendeley_data/Unlabelled _UAV_Videos/Flight Test 1/FT1_segments_of_interest/f3_mini_e/eo/2_minie3_range_medium_close_birds.mp4,1037,1,284,66,491,221,propagated:0.986
/Users/bround/Desktop/Датасеты/Dataset_Mendeley_data/Unlabelled _UAV_Videos/Flight Test 1/FT1_segments_of_interest/f3_mini_e/eo/2_minie3_range_medium_close_birds.mp4,1038,1,285,70,492,225,propagated:0.989
/Users/bround/Desktop/Датасеты/Dataset_Mendeley_data/Unlabelled _UAV_Videos/Flight Test 1/FT1_segments_of_interest/f3_mini_e/eo/2_minie3_range_medium_close_birds.mp4,1039,1,283,75,490,230,propagated:0.982
/Users/bround/Desktop/Датасеты/Dataset_Mendeley_data/Unlabelled _UAV_Videos/Flight Test 1/FT1_segments_of_interest/f3_mini_e/eo/2_minie3_range_medium_close_birds.mp4,1040,1,280,73,487,228,propagated:0.988
/Users/bround/Desktop/Датасеты/Dataset_Mendeley_data/Unlabelled _UAV_Videos/Flight Test 1/FT1_segments_of_interest/f3_mini_e/eo/2_minie3_range_medium_close_birds.mp4,1041,1,280,73,487,228,propagated:0.992
/Users/bround/Desktop/Датасеты/Dataset_Mendeley_data/Unlabelled _UAV_Videos/Flight Test 1/FT1_segments_of_interest/f3_mini_e/eo/2_minie3_range_medium_close_birds.mp4,1042,1,275,66,482,221,propagated:0.989
/Users/bround/Desktop/Датасеты/Dataset_Mendeley_data/Unlabelled _UAV_Videos/Flight Test 1/FT1_segments_of_interest/f3_mini_e/eo/2_minie3_range_medium_close_birds.mp4,1043,1,270,59,477,214,propagated:0.986
/Users/bround/Desktop/Датасеты/Dataset_Mendeley_data/Unlabelled _UAV_Videos/Flight Test 1/FT1_segments_of_interest/f3_mini_e/eo/2_minie3_range_medium_close_birds.mp4,1044,1,268,54,475,209,propagated:0.991
/Users/bround/Desktop/Датасеты/Dataset_Mendeley_data/Unlabelled _UAV_Videos/Flight Test 1/FT1_segments_of_interest/f3_mini_e/eo/2_minie3_range_medium_close_birds.mp4,1045,1,268,56,475,211,propagated:0.984
/Users/bround/Desktop/Датасеты/Dataset_Mendeley_data/Unlabelled _UAV_Videos/Flight Test 1/FT1_segments_of_interest/f3_mini_e/eo/2_minie3_range_medium_close_birds.mp4,1046,1,270,60,477,215,propagated:0.981
/Users/bround/Desktop/Датасеты/Dataset_Mendeley_data/Unlabelled _UAV_Videos/Flight Test 1/FT1_segments_of_interest/f3_mini_e/eo/2_minie3_range_medium_close_birds.mp4,1047,1,270,60,477,215,propagated:0.986
/Users/bround/Desktop/Датасеты/Dataset_Mendeley_data/Unlabelled _UAV_Videos/Flight Test 1/FT1_segments_of_interest/f3_mini_e/eo/2_minie3_range_medium_close_birds.mp4,1048,1,273,68,480,223,propagated:0.987
/Users/bround/Desktop/Датасеты/Dataset_Mendeley_data/Unlabelled _UAV_Videos/Flight Test 1/FT1_segments_of_interest/f3_mini_e/eo/2_minie3_range_medium_close_birds.mp4,1049,1,275,70,482,225,propagated:0.989
/Users/bround/Desktop/Датасеты/Dataset_Mendeley_data/Unlabelled _UAV_Videos/Flight Test 1/FT1_segments_of_interest/f3_mini_e/eo/2_minie3_range_medium_close_birds.mp4,1050,1,275,71,482,226,propagated:0.988
/Users/bround/Desktop/Датасеты/Dataset_Mendeley_data/Unlabelled _UAV_Videos/Flight Test 1/FT1_segments_of_interest/f3_mini_e/eo/2_minie3_range_medium_close_birds.mp4,1051,1,276,71,483,226,propagated:0.986
/Users/bround/Desktop/Датасеты/Dataset_Mendeley_data/Unlabelled _UAV_Videos/Flight Test 1/FT1_segments_of_interest/f3_mini_e/eo/2_minie3_range_medium_close_birds.mp4,1052,1,276,71,483,226,propagated:0.990
/Users/bround/Desktop/Датасеты/Dataset_Mendeley_data/Unlabelled _UAV_Videos/Flight Test 1/FT1_segments_of_interest/f3_mini_e/eo/2_minie3_range_medium_close_birds.mp4,1053,1,277,77,484,232,propagated:0.987
/Users/bround/Desktop/Датасеты/Dataset_Mendeley_data/Unlabelled _UAV_Videos/Flight Test 1/FT1_segments_of_interest/f3_mini_e/eo/2_minie3_range_medium_close_birds.mp4,1054,1,279,88,486,243,propagated:0.982
/Users/bround/Desktop/Датасеты/Dataset_Mendeley_data/Unlabelled _UAV_Videos/Flight Test 1/FT1_segments_of_interest/f3_mini_e/eo/2_minie3_range_medium_close_birds.mp4,1055,1,283,102,490,257,propagated:0.988
/Users/bround/Desktop/Датасеты/Dataset_Mendeley_data/Unlabelled _UAV_Videos/Flight Test 1/FT1_segments_of_interest/f3_mini_e/eo/2_minie3_range_medium_close_birds.mp4,1056,1,288,122,495,277,propagated:0.987
/Users/bround/Desktop/Датасеты/Dataset_Mendeley_data/Unlabelled _UAV_Videos/Flight Test 1/FT1_segments_of_interest/f3_mini_e/eo/2_minie3_range_medium_close_birds.mp4,1057,1,293,141,500,296,propagated:0.988
/Users/bround/Desktop/Датасеты/Dataset_Mendeley_data/Unlabelled _UAV_Videos/Flight Test 1/FT1_segments_of_interest/f3_mini_e/eo/2_minie3_range_medium_close_birds.mp4,1058,1,297,161,504,316,propagated:0.989
/Users/bround/Desktop/Датасеты/Dataset_Mendeley_data/Unlabelled _UAV_Videos/Flight Test 1/FT1_segments_of_interest/f3_mini_e/eo/2_minie3_range_medium_close_birds.mp4,1059,1,302,181,509,336,propagated:0.982
/Users/bround/Desktop/Датасеты/Dataset_Mendeley_data/Unlabelled _UAV_Videos/Flight Test 1/FT1_segments_of_interest/f3_mini_e/eo/2_minie3_range_medium_close_birds.mp4,1060,1,302,181,509,336,propagated:0.987
/Users/bround/Desktop/Датасеты/Dataset_Mendeley_data/Unlabelled _UAV_Videos/Flight Test 1/FT1_segments_of_interest/f3_mini_e/eo/2_minie3_range_medium_close_birds.mp4,1061,1,308,199,515,354,propagated:0.980
/Users/bround/Desktop/Датасеты/Dataset_Mendeley_data/Unlabelled _UAV_Videos/Flight Test 1/FT1_segments_of_interest/f3_mini_e/eo/2_minie3_range_medium_close_birds.mp4,1062,1,311,209,518,364,propagated:0.980
/Users/bround/Desktop/Датасеты/Dataset_Mendeley_data/Unlabelled _UAV_Videos/Flight Test 1/FT1_segments_of_interest/f3_mini_e/eo/2_minie3_range_medium_close_birds.mp4,1063,1,312,212,519,367,propagated:0.984
/Users/bround/Desktop/Датасеты/Dataset_Mendeley_data/Unlabelled _UAV_Videos/Flight Test 1/FT1_segments_of_interest/f3_mini_e/eo/2_minie3_range_medium_close_birds.mp4,1064,1,312,211,519,366,propagated:0.990
/Users/bround/Desktop/Датасеты/Dataset_Mendeley_data/Unlabelled _UAV_Videos/Flight Test 1/FT1_segments_of_interest/f3_mini_e/eo/2_minie3_range_medium_close_birds.mp4,1065,1,310,207,517,362,propagated:0.990
/Users/bround/Desktop/Датасеты/Dataset_Mendeley_data/Unlabelled _UAV_Videos/Flight Test 1/FT1_segments_of_interest/f3_mini_e/eo/2_minie3_range_medium_close_birds.mp4,1066,1,310,207,517,362,propagated:0.993
/Users/bround/Desktop/Датасеты/Dataset_Mendeley_data/Unlabelled _UAV_Videos/Flight Test 1/FT1_segments_of_interest/f3_mini_e/eo/2_minie3_range_medium_close_birds.mp4,1067,1,308,204,515,359,propagated:0.992
/Users/bround/Desktop/Датасеты/Dataset_Mendeley_data/Unlabelled _UAV_Videos/Flight Test 1/FT1_segments_of_interest/f3_mini_e/eo/2_minie3_range_medium_close_birds.mp4,1068,1,307,201,514,356,propagated:0.987
/Users/bround/Desktop/Датасеты/Dataset_Mendeley_data/Unlabelled _UAV_Videos/Flight Test 1/FT1_segments_of_interest/f3_mini_e/eo/2_minie3_range_medium_close_birds.mp4,1069,1,305,199,512,354,propagated:0.993
/Users/bround/Desktop/Датасеты/Dataset_Mendeley_data/Unlabelled _UAV_Videos/Flight Test 1/FT1_segments_of_interest/f3_mini_e/eo/2_minie3_range_medium_close_birds.mp4,1070,1,305,198,512,353,propagated:0.990
/Users/bround/Desktop/Датасеты/Dataset_Mendeley_data/Unlabelled _UAV_Videos/Flight Test 1/FT1_segments_of_interest/f3_mini_e/eo/2_minie3_range_medium_close_birds.mp4,1071,1,305,198,512,353,propagated:0.993
/Users/bround/Desktop/Датасеты/Dataset_Mendeley_data/Unlabelled _UAV_Videos/Flight Test 1/FT1_segments_of_interest/f3_mini_e/eo/2_minie3_range_medium_close_birds.mp4,1072,1,306,199,513,354,propagated:0.982
/Users/bround/Desktop/Датасеты/Dataset_Mendeley_data/Unlabelled _UAV_Videos/Flight Test 1/FT1_segments_of_interest/f3_mini_e/eo/2_minie3_range_medium_close_birds.mp4,1073,1,306,199,513,354,propagated:0.988
/Users/bround/Desktop/Датасеты/Dataset_Mendeley_data/Unlabelled _UAV_Videos/Flight Test 1/FT1_segments_of_interest/f3_mini_e/eo/2_minie3_range_medium_close_birds.mp4,1074,1,305,193,512,348,propagated:0.984
/Users/bround/Desktop/Датасеты/Dataset_Mendeley_data/Unlabelled _UAV_Videos/Flight Test 1/FT1_segments_of_interest/f3_mini_e/eo/2_minie3_range_medium_close_birds.mp4,1075,1,303,186,510,341,propagated:0.984
/Users/bround/Desktop/Датасеты/Dataset_Mendeley_data/Unlabelled _UAV_Videos/Flight Test 1/FT1_segments_of_interest/f3_mini_e/eo/2_minie3_range_medium_close_birds.mp4,1076,1,302,178,509,333,propagated:0.980
/Users/bround/Desktop/Датасеты/Dataset_Mendeley_data/Unlabelled _UAV_Videos/Flight Test 1/FT1_segments_of_interest/f3_mini_e/eo/2_minie3_range_medium_close_birds.mp4,1077,1,300,174,507,329,propagated:0.976
/Users/bround/Desktop/Датасеты/Dataset_Mendeley_data/Unlabelled _UAV_Videos/Flight Test 1/FT1_segments_of_interest/f3_mini_e/eo/2_minie3_range_medium_close_birds.mp4,1078,1,300,174,507,329,propagated:0.983
/Users/bround/Desktop/Датасеты/Dataset_Mendeley_data/Unlabelled _UAV_Videos/Flight Test 1/FT1_segments_of_interest/f3_mini_e/eo/2_minie3_range_medium_close_birds.mp4,1079,1,298,175,505,330,propagated:0.978
/Users/bround/Desktop/Датасеты/Dataset_Mendeley_data/Unlabelled _UAV_Videos/Flight Test 1/FT1_segments_of_interest/f3_mini_e/eo/2_minie3_range_medium_close_birds.mp4,1080,1,296,174,503,329,propagated:0.981
/Users/bround/Desktop/Датасеты/Dataset_Mendeley_data/Unlabelled _UAV_Videos/Flight Test 1/FT1_segments_of_interest/f3_mini_e/eo/2_minie3_range_medium_close_birds.mp4,1081,1,294,170,501,325,propagated:0.979
/Users/bround/Desktop/Датасеты/Dataset_Mendeley_data/Unlabelled _UAV_Videos/Flight Test 1/FT1_segments_of_interest/f3_mini_e/eo/2_minie3_range_medium_close_birds.mp4,1082,1,294,170,501,325,propagated:0.985
/Users/bround/Desktop/Датасеты/Dataset_Mendeley_data/Unlabelled _UAV_Videos/Flight Test 1/FT1_segments_of_interest/f3_mini_e/eo/2_minie3_range_medium_close_birds.mp4,1083,1,287,149,494,304,propagated:0.985
/Users/bround/Desktop/Датасеты/Dataset_Mendeley_data/Unlabelled _UAV_Videos/Flight Test 1/FT1_segments_of_interest/f3_mini_e/eo/2_minie3_range_medium_close_birds.mp4,1084,1,287,149,494,304,propagated:0.989
/Users/bround/Desktop/Датасеты/Dataset_Mendeley_data/Unlabelled _UAV_Videos/Flight Test 1/FT1_segments_of_interest/f3_mini_e/eo/2_minie3_range_medium_close_birds.mp4,1085,1,285,146,492,301,propagated:0.990
/Users/bround/Desktop/Датасеты/Dataset_Mendeley_data/Unlabelled _UAV_Videos/Flight Test 1/FT1_segments_of_interest/f3_mini_e/eo/2_minie3_range_medium_close_birds.mp4,1086,1,285,145,492,300,propagated:0.986
/Users/bround/Desktop/Датасеты/Dataset_Mendeley_data/Unlabelled _UAV_Videos/Flight Test 1/FT1_segments_of_interest/f3_mini_e/eo/2_minie3_range_medium_close_birds.mp4,1087,1,284,147,491,302,propagated:0.985
/Users/bround/Desktop/Датасеты/Dataset_Mendeley_data/Unlabelled _UAV_Videos/Flight Test 1/FT1_segments_of_interest/f3_mini_e/eo/2_minie3_range_medium_close_birds.mp4,1088,1,285,149,492,304,propagated:0.985
/Users/bround/Desktop/Датасеты/Dataset_Mendeley_data/Unlabelled _UAV_Videos/Flight Test 1/FT1_segments_of_interest/f3_mini_e/eo/2_minie3_range_medium_close_birds.mp4,1089,1,285,149,492,304,propagated:0.989
/Users/bround/Desktop/Датасеты/Dataset_Mendeley_data/Unlabelled _UAV_Videos/Flight Test 1/FT1_segments_of_interest/f3_mini_e/eo/2_minie3_range_medium_close_birds.mp4,1090,1,285,150,492,305,propagated:0.987
/Users/bround/Desktop/Датасеты/Dataset_Mendeley_data/Unlabelled _UAV_Videos/Flight Test 1/FT1_segments_of_interest/f3_mini_e/eo/2_minie3_range_medium_close_birds.mp4,1091,1,286,152,493,307,propagated:0.986
/Users/bround/Desktop/Датасеты/Dataset_Mendeley_data/Unlabelled _UAV_Videos/Flight Test 1/FT1_segments_of_interest/f3_mini_e/eo/2_minie3_range_medium_close_birds.mp4,1092,1,289,154,496,309,propagated:0.980
/Users/bround/Desktop/Датасеты/Dataset_Mendeley_data/Unlabelled _UAV_Videos/Flight Test 1/FT1_segments_of_interest/f3_mini_e/eo/2_minie3_range_medium_close_birds.mp4,1093,1,291,155,498,310,propagated:0.986
/Users/bround/Desktop/Датасеты/Dataset_Mendeley_data/Unlabelled _UAV_Videos/Flight Test 1/FT1_segments_of_interest/f3_mini_e/eo/2_minie3_range_medium_close_birds.mp4,1094,1,292,158,499,313,propagated:0.987
/Users/bround/Desktop/Датасеты/Dataset_Mendeley_data/Unlabelled _UAV_Videos/Flight Test 1/FT1_segments_of_interest/f3_mini_e/eo/2_minie3_range_medium_close_birds.mp4,1095,1,292,158,499,313,propagated:0.991
/Users/bround/Desktop/Датасеты/Dataset_Mendeley_data/Unlabelled _UAV_Videos/Flight Test 1/FT1_segments_of_interest/f3_mini_e/eo/2_minie3_range_medium_close_birds.mp4,1096,1,293,162,500,317,propagated:0.983
/Users/bround/Desktop/Датасеты/Dataset_Mendeley_data/Unlabelled _UAV_Videos/Flight Test 1/FT1_segments_of_interest/f3_mini_e/eo/2_minie3_range_medium_close_birds.mp4,1097,1,294,167,501,322,propagated:0.983
/Users/bround/Desktop/Датасеты/Dataset_Mendeley_data/Unlabelled _UAV_Videos/Flight Test 1/FT1_segments_of_interest/f3_mini_e/eo/2_minie3_range_medium_close_birds.mp4,1098,1,296,170,503,325,propagated:0.982
/Users/bround/Desktop/Датасеты/Dataset_Mendeley_data/Unlabelled _UAV_Videos/Flight Test 1/FT1_segments_of_interest/f3_mini_e/eo/2_minie3_range_medium_close_birds.mp4,1099,1,298,171,505,326,propagated:0.982
/Users/bround/Desktop/Датасеты/Dataset_Mendeley_data/Unlabelled _UAV_Videos/Flight Test 1/FT1_segments_of_interest/f3_mini_e/eo/2_minie3_range_medium_close_birds.mp4,1100,1,302,171,509,326,propagated:0.981
/Users/bround/Desktop/Датасеты/Dataset_Mendeley_data/Unlabelled _UAV_Videos/Flight Test 1/FT1_segments_of_interest/f3_mini_e/eo/2_minie3_range_medium_close_birds.mp4,1101,1,302,171,509,326,propagated:0.986
/Users/bround/Desktop/Датасеты/Dataset_Mendeley_data/Unlabelled _UAV_Videos/Flight Test 1/FT1_segments_of_interest/f3_mini_e/eo/2_minie3_range_medium_close_birds.mp4,1102,1,304,169,511,324,propagated:0.981
/Users/bround/Desktop/Датасеты/Dataset_Mendeley_data/Unlabelled _UAV_Videos/Flight Test 1/FT1_segments_of_interest/f3_mini_e/eo/2_minie3_range_medium_close_birds.mp4,1103,1,306,171,513,326,propagated:0.987
/Users/bround/Desktop/Датасеты/Dataset_Mendeley_data/Unlabelled _UAV_Videos/Flight Test 1/FT1_segments_of_interest/f3_mini_e/eo/2_minie3_range_medium_close_birds.mp4,1104,1,307,175,514,330,propagated:0.984
/Users/bround/Desktop/Датасеты/Dataset_Mendeley_data/Unlabelled _UAV_Videos/Flight Test 1/FT1_segments_of_interest/f3_mini_e/eo/2_minie3_range_medium_close_birds.mp4,1105,1,308,177,515,332,propagated:0.988
/Users/bround/Desktop/Датасеты/Dataset_Mendeley_data/Unlabelled _UAV_Videos/Flight Test 1/FT1_segments_of_interest/f3_mini_e/eo/2_minie3_range_medium_close_birds.mp4,1106,1,309,175,516,330,propagated:0.985
/Users/bround/Desktop/Датасеты/Dataset_Mendeley_data/Unlabelled _UAV_Videos/Flight Test 1/FT1_segments_of_interest/f3_mini_e/eo/2_minie3_range_medium_close_birds.mp4,1107,1,310,172,517,327,propagated:0.985
/Users/bround/Desktop/Датасеты/Dataset_Mendeley_data/Unlabelled _UAV_Videos/Flight Test 1/FT1_segments_of_interest/f3_mini_e/eo/2_minie3_range_medium_close_birds.mp4,1108,1,310,172,517,327,propagated:0.989
/Users/bround/Desktop/Датасеты/Dataset_Mendeley_data/Unlabelled _UAV_Videos/Flight Test 1/FT1_segments_of_interest/f3_mini_e/eo/2_minie3_range_medium_close_birds.mp4,1109,1,310,172,517,327,propagated:0.988
/Users/bround/Desktop/Датасеты/Dataset_Mendeley_data/Unlabelled _UAV_Videos/Flight Test 1/FT1_segments_of_interest/f3_mini_e/eo/2_minie3_range_medium_close_birds.mp4,1110,1,309,172,516,327,propagated:0.988
/Users/bround/Desktop/Датасеты/Dataset_Mendeley_data/Unlabelled _UAV_Videos/Flight Test 1/FT1_segments_of_interest/f3_mini_e/eo/2_minie3_range_medium_close_birds.mp4,1111,1,309,173,516,328,propagated:0.987
/Users/bround/Desktop/Датасеты/Dataset_Mendeley_data/Unlabelled _UAV_Videos/Flight Test 1/FT1_segments_of_interest/f3_mini_e/eo/2_minie3_range_medium_close_birds.mp4,1112,1,309,174,516,329,propagated:0.986
/Users/bround/Desktop/Датасеты/Dataset_Mendeley_data/Unlabelled _UAV_Videos/Flight Test 1/FT1_segments_of_interest/f3_mini_e/eo/2_minie3_range_medium_close_birds.mp4,1113,1,309,174,516,329,propagated:1.000
/Users/bround/Desktop/Датасеты/Dataset_Mendeley_data/Unlabelled _UAV_Videos/Flight Test 1/FT1_segments_of_interest/f3_mini_e/eo/2_minie3_range_medium_close_birds.mp4,1114,1,309,176,516,331,propagated:0.994
/Users/bround/Desktop/Датасеты/Dataset_Mendeley_data/Unlabelled _UAV_Videos/Flight Test 1/FT1_segments_of_interest/f3_mini_e/eo/2_minie3_range_medium_close_birds.mp4,1115,1,309,177,516,332,propagated:0.994
/Users/bround/Desktop/Датасеты/Dataset_Mendeley_data/Unlabelled _UAV_Videos/Flight Test 1/FT1_segments_of_interest/f3_mini_e/eo/2_minie3_range_medium_close_birds.mp4,1116,1,309,178,516,333,propagated:0.984
/Users/bround/Desktop/Датасеты/Dataset_Mendeley_data/Unlabelled _UAV_Videos/Flight Test 1/FT1_segments_of_interest/f3_mini_e/eo/2_minie3_range_medium_close_birds.mp4,1117,1,308,179,515,334,propagated:0.982
/Users/bround/Desktop/Датасеты/Dataset_Mendeley_data/Unlabelled _UAV_Videos/Flight Test 1/FT1_segments_of_interest/f3_mini_e/eo/2_minie3_range_medium_close_birds.mp4,1118,1,308,183,515,338,propagated:0.987
/Users/bround/Desktop/Датасеты/Dataset_Mendeley_data/Unlabelled _UAV_Videos/Flight Test 1/FT1_segments_of_interest/f3_mini_e/eo/2_minie3_range_medium_close_birds.mp4,1119,1,307,185,514,340,propagated:0.983
/Users/bround/Desktop/Датасеты/Dataset_Mendeley_data/Unlabelled _UAV_Videos/Flight Test 1/FT1_segments_of_interest/f3_mini_e/eo/2_minie3_range_medium_close_birds.mp4,1120,1,307,185,514,340,propagated:0.988
