source,frame_index,visible,x1,y1,x2,y2,note
/Users/bround/Desktop/Датасеты/Dataset_Mendeley_data/Unlabelled _UAV_Videos/Flight Test 1/FT1_segments_of_interest/f3_mini_e/ir/5_minie3_range_far.mp4,0,1,413,211,440,224,manual
/Users/bround/Desktop/Датасеты/Dataset_Mendeley_data/Unlabelled _UAV_Videos/Flight Test 1/FT1_segments_of_interest/f3_mini_e/ir/5_minie3_range_far.mp4,2,1,413,211,440,224,propagated:0.999
/Users/bround/Desktop/Датасеты/Dataset_Mendeley_data/Unlabelled _UAV_Videos/Flight Test 1/FT1_segments_of_interest/f3_mini_e/ir/5_minie3_range_far.mp4,3,1,398,217,425,230,propagated:0.916
/Users/bround/Desktop/Датасеты/Dataset_Mendeley_data/Unlabelled _UAV_Videos/Flight Test 1/FT1_segments_of_interest/f3_mini_e/ir/5_minie3_range_far.mp4,4,1,381,225,408,238,propagated:0.946
/Users/bround/Desktop/Датасеты/Dataset_Mendeley_data/Unlabelled _UAV_Videos/Flight Test 1/FT1_segments_of_interest/f3_mini_e/ir/5_minie3_range_far.mp4,5,1,359,229,386,242,propagated:0.918
/Users/bround/Desktop/Датасеты/Dataset_Mendeley_data/Unlabelled _UAV_Videos/Flight Test 1/FT1_segments_of_interest/f3_mini_e/ir/5_minie3_range_far.mp4,6,1,336,235,363,248,propagated:0.962
/Users/bround/Desktop/Датасеты/Dataset_Mendeley_data/Unlabelled _UAV_Videos/Flight Test 1/FT1_segments_of_interest/f3_mini_e/ir/5_minie3_range_far.mp4,7,1,319,234,346,247,propagated:0.860
/Users/bround/Desktop/Датасеты/Dataset_Mendeley_data/Unlabelled _UAV_Videos/Flight Test 1/FT1_segments_of_interest/f3_mini_e/ir/5_minie3_range_far.mp4,8,1,319,234,346,247,propagated:0.888
/Users/bround/Desktop/Датасеты/Dataset_Mendeley_data/Unlabelled _UAV_Videos/Flight Test 1/FT1_segments_of_interest/f3_mini_e/ir/5_minie3_range_far.mp4,9,1,297,232,324,245,propagated:0.910
/Users/bround/Desktop/Датасеты/Dataset_Mendeley_data/Unlabelled _UAV_Videos/Flight Test 1/FT1_segments_of_interest/f3_mini_e/ir/5_minie3_range_far.mp4,10,1,281,231,308,244,propagated:0.874
/Users/bround/Desktop/Датасеты/Dataset_Mendeley_data/Unlabelled _UAV_Videos/Flight Test 1/FT1_segments_of_interest/f3_mini_e/ir/5_minie3_range_far.mp4,11,1,263,217,290,230,propagated:0.892
/Users/bround/Desktop/Датасеты/Dataset_Mendeley_data/Unlabelled _UAV_Videos/Flight Test 1/FT1_segments_of_interest/f3_mini_e/ir/5_minie3_range_far.mp4,12,1,246,220,273,233,propagated:0.773
/Users/bround/Desktop/Датасеты/Dataset_Mendeley_data/Unlabelled _UAV_Videos/Flight Test 1/FT1_segments_of_interest/f3_mini_e/ir/5_minie3_range_far.mp4,13,1,231,235,258,248,propagated:0.872
/Users/bround/Desktop/Датасеты/Dataset_Mendeley_data/Unlabelled _UAV_Videos/Flight Test 1/FT1_segments_of_interest/f3_mini_e/ir/5_minie3_range_far.mp4,14,1,231,235,258,248,propagated:0.907
/Users/bround/Desktop/Датасеты/Dataset_Mendeley_data/Unlabelled _UAV_Videos/Flight Test 1/FT1_segments_of_interest/f3_mini_e/ir/5_minie3_range_far.mp4,15,1,215,250,242,263,propagated:0.926
/Users/bround/Desktop/Датасеты/Dataset_Mendeley_data/Unlabelled _UAV_Videos/Flight Test 1/FT1_segments_of_interest/f3_mini_e/ir/5_minie3_range_far.mp4,16,1,207,256,234,269,propagated:0.901
/Users/bround/Desktop/Датасеты/Dataset_Mendeley_data/Unlabelled _UAV_Videos/Flight Test 1/FT1_segments_of_interest/f3_mini_e/ir/5_minie3_range_far.mp4,17,1,205,259,232,272,propagated:0.946
/Users/bround/Desktop/Датасеты/Dataset_Mendeley_data/Unlabelled _UAV_Videos/Flight Test 1/FT1_segments_of_interest/f3_mini_e/ir/5_minie3_range_far.mp4,18,1,207,262,234,275,propagated:0.966
/Users/bround/Desktop/Датасеты/Dataset_Mendeley_data/Unlabelled _UAV_Videos/Flight Test 1/FT1_segments_of_interest/f3_mini_e/ir/5_minie3_range_far.mp4,19,1,207,262,234,275,propagated:0.976
/Users/bround/Desktop/Датасеты/Dataset_Mendeley_data/Unlabelled _UAV_Videos/Flight Test 1/FT1_segments_of_interest/f3_mini_e/ir/5_minie3_range_far.mp4,20,1,215,260,242,273,propagated:0.920
/Users/bround/Desktop/Датасеты/Dataset_Mendeley_data/Unlabelled _UAV_Videos/Flight Test 1/FT1_segments_of_interest/f3_mini_e/ir/5_minie3_range_far.mp4,21,1,226,259,253,272,propagated:0.958
/Users/bround/Desktop/Датасеты/Dataset_Mendeley_data/Unlabelled _UAV_Videos/Flight Test 1/FT1_segments_of_interest/f3_mini_e/ir/5_minie3_range_far.mp4,22,1,231,256,258,269,propagated:0.989
/Users/bround/Desktop/Датасеты/Dataset_Mendeley_data/Unlabelled _UAV_Videos/Flight Test 1/FT1_segments_of_interest/f3_mini_e/ir/5_minie3_range_far.mp4,23,1,241,259,268,272,propagated:0.968
/Users/bround/Desktop/Датасеты/Dataset_Mendeley_data/Unlabelled _UAV_Videos/Flight Test 1/FT1_segments_of_interest/f3_mini_e/ir/5_minie3_range_far.mp4,24,1,246,259,273,272,propagated:0.956
/Users/bround/Desktop/Датасеты/Dataset_Mendeley_data/Unlabelled _UAV_Videos/Flight Test 1/FT1_segments_of_interest/f3_mini_e/ir/5_minie3_range_far.mp4,25,1,248,257,275,270,propagated:0.953
/Users/bround/Desktop/Датасеты/Dataset_Mendeley_data/Unlabelled _UAV_Videos/Flight Test 1/FT1_segments_of_interest/f3_mini_e/ir/5_minie3_range_far.mp4,26,1,248,257,275,270,propagated:0.966
/Users/bround/Desktop/Датасеты/Dataset_Mendeley_data/Unlabelled _UAV_Videos/Flight Test 1/FT1_segments_of_interest/f3_mini_e/ir/5_minie3_range_far.mp4,27,1,252,257,279,270,propagated:0.953
/Users/bround/Desktop/Датасеты/Dataset_Mendeley_data/Unlabelled _UAV_Videos/Flight Test 1/FT1_segments_of_interest/f3_mini_e/ir/5_minie3_range_far.mp4,28,1,255,257,282,270,propagated:0.969
/Users/bround/Desktop/Датасеты/Dataset_Mendeley_data/Unlabelled _UAV_Videos/Flight Test 1/FT1_segments_of_interest/f3_mini_e/ir/5_minie3_range_far.mp4,29,1,257,258,284,271,propagated:0.973
/Users/bround/Desktop/Датасеты/Dataset_Mendeley_data/Unlabelled _UAV_Videos/Flight Test 1/FT1_segments_of_interest/f3_mini_e/ir/5_minie3_range_far.mp4,30,1,260,259,287,272,propagated:0.977
/Users/bround/Desktop/Датасеты/Dataset_Mendeley_data/Unlabelled _UAV_Videos/Flight Test 1/FT1_segments_of_interest/f3_mini_e/ir/5_minie3_range_far.mp4,31,1,260,259,287,272,propagated:0.984
/Users/bround/Desktop/Датасеты/Dataset_Mendeley_data/Unlabelled _UAV_Videos/Flight Test 1/FT1_segments_of_interest/f3_mini_e/ir/5_minie3_range_far.mp4,32,1,255,264,282,277,propagated:0.884
/Users/bround/Desktop/Датасеты/Dataset_Mendeley_data/Unlabelled _UAV_Videos/Flight Test 1/FT1_segments_of_interest/f3_mini_e/ir/5_minie3_range_far.mp4,33,1,246,272,273,285,propagated:0.929
/Users/bround/Desktop/Датасеты/Dataset_Mendeley_data/Unlabelled _UAV_Videos/Flight Test 1/FT1_segments_of_interest/f3_mini_e/ir/5_minie3_range_far.mp4,34,1,237,276,264,289,propagated:0.922
/Users/bround/Desktop/Датасеты/Dataset_Mendeley_data/Unlabelled _UAV_Videos/Flight Test 1/FT1_segments_of_interest/f3_mini_e/ir/5_minie3_range_far.mp4,35,1,225,283,252,296,propagated:0.948
/Users/bround/Desktop/Датасеты/Dataset_Mendeley_data/Unlabelled _UAV_Videos/Flight Test 1/FT1_segments_of_interest/f3_mini_e/ir/5_minie3_range_far.mp4,36,1,212,285,239,298,propagated:0.949
/Users/bround/Desktop/Датасеты/Dataset_Mendeley_data/Unlabelled _UAV_Videos/Flight Test 1/FT1_segments_of_interest/f3_mini_e/ir/5_minie3_range_far.mp4,37,1,206,287,233,300,propagated:0.972
/Users/bround/Desktop/Датасеты/Dataset_Mendeley_data/Unlabelled _UAV_Videos/Flight Test 1/FT1_segments_of_interest/f3_mini_e/ir/5_minie3_range_far.mp4,38,1,206,287,233,300,propagated:0.980
/Users/bround/Desktop/Датасеты/Dataset_Mendeley_data/Unlabelled _UAV_Videos/Flight Test 1/FT1_segments_of_interest/f3_mini_e/ir/5_minie3_range_far.mp4,39,1,198,287,225,300,propagated:0.966
/Users/bround/Desktop/Датасеты/Dataset_Mendeley_data/Unlabelled _UAV_Videos/Flight Test 1/FT1_segments_of_interest/f3_mini_e/ir/5_minie3_range_far.mp4,40,1,188,285,215,298,propagated:0.962
/Users/bround/Desktop/Датасеты/Dataset_Mendeley_data/Unlabelled _UAV_Videos/Flight Test 1/FT1_segments_of_interest/f3_mini_e/ir/5_minie3_range_far.mp4,41,1,180,284,207,297,propagated:0.971
/Users/bround/Desktop/Датасеты/Dataset_Mendeley_data/Unlabelled _UAV_Videos/Flight Test 1/FT1_segments_of_interest/f3_mini_e/ir/5_minie3_range_far.mp4,42,1,174,284,201,297,propagated:0.954
/Users/bround/Desktop/Датасеты/Dataset_Mendeley_data/Unlabelled _UAV_Videos/Flight Test 1/FT1_segments_of_interest/f3_mini_e/ir/5_minie3_range_far.mp4,43,1,172,278,199,291,propagated:0.909
/Users/bround/Desktop/Датасеты/Dataset_Mendeley_data/Unlabelled _UAV_Videos/Flight Test 1/FT1_segments_of_interest/f3_mini_e/ir/5_minie3_range_far.mp4,44,1,172,278,199,291,propagated:0.941
/Users/bround/Desktop/Датасеты/Dataset_Mendeley_data/Unlabelled _UAV_Videos/Flight Test 1/FT1_segments_of_interest/f3_mini_e/ir/5_minie3_range_far.mp4,45,1,173,274,200,287,propagated:0.975
/Users/bround/Desktop/Датасеты/Dataset_Mendeley_data/Unlabelled _UAV_Videos/Flight Test 1/FT1_segments_of_interest/f3_mini_e/ir/5_minie3_range_far.mp4,46,1,177,276,204,289,propagated:0.967
/Users/bround/Desktop/Датасеты/Dataset_Mendeley_data/Unlabelled _UAV_Videos/Flight Test 1/FT1_segments_of_interest/f3_mini_e/ir/5_minie3_range_far.mp4,47,1,183,265,210,278,propagated:0.952
/Users/bround/Desktop/Датасеты/Dataset_Mendeley_data/Unlabelled _UAV_Videos/Flight Test 1/FT1_segments_of_interest/f3_mini_e/ir/5_minie3_range_far.mp4,48,1,183,264,210,277,propagated:0.971
/Users/bround/Desktop/Датасеты/Dataset_Mendeley_data/Unlabelled _UAV_Videos/Flight Test 1/FT1_segments_of_interest/f3_mini_e/ir/5_minie3_range_far.mp4,49,1,185,267,212,280,propagated:0.985
/Users/bround/Desktop/Датасеты/Dataset_Mendeley_data/Unlabelled _UAV_Videos/Flight Test 1/FT1_segments_of_interest/f3_mini_e/ir/5_minie3_range_far.mp4,50,1,185,267,212,280,propagated:0.988
/Users/bround/Desktop/Датасеты/Dataset_Mendeley_data/Unlabelled _UAV_Videos/Flight Test 1/FT1_segments_of_interest/f3_mini_e/ir/5_minie3_range_far.mp4,51,1,192,267,219,280,propagated:0.980
/Users/bround/Desktop/Датасеты/Dataset_Mendeley_data/Unlabelled _UAV_Videos/Flight Test 1/FT1_segments_of_interest/f3_mini_e/ir/5_minie3_range_far.mp4,52,1,192,270,219,283,propagated:0.906
/Users/bround/Desktop/Датасеты/Dataset_Mendeley_data/Unlabelled _UAV_Videos/Flight Test 1/FT1_segments_of_interest/f3_mini_e/ir/5_minie3_range_far.mp4,53,1,192,276,219,289,propagated:0.968
/Users/bround/Desktop/Датасеты/Dataset_Mendeley_data/Unlabelled _UAV_Videos/Flight Test 1/FT1_segments_of_interest/f3_mini_e/ir/5_minie3_range_far.mp4,54,1,191,277,218,290,propagated:0.963
/Users/bround/Desktop/Датасеты/Dataset_Mendeley_data/Unlabelled _UAV_Videos/Flight Test 1/FT1_segments_of_interest/f3_mini_e/ir/5_minie3_range_far.mp4,55,1,191,277,218,290,propagated:0.971
/Users/bround/Desktop/Датасеты/Dataset_Mendeley_data/Unlabelled _UAV_Videos/Flight Test 1/FT1_segments_of_interest/f3_mini_e/ir/5_minie3_range_far.mp4,56,1,182,285,209,298,propagated:0.957
/Users/bround/Desktop/Датасеты/Dataset_Mendeley_data/Unlabelled _UAV_Videos/Flight Test 1/FT1_segments_of_interest/f3_mini_e/ir/5_minie3_range_far.mp4,57,1,181,291,208,304,propagated:0.941
/Users/bround/Desktop/Датасеты/Dataset_Mendeley_data/Unlabelled _UAV_Videos/Flight Test 1/FT1_segments_of_interest/f3_mini_e/ir/5_minie3_range_far.mp4,58,1,187,294,214,307,propagated:0.967
/Users/bround/Desktop/Датасеты/Dataset_Mendeley_data/Unlabelled _UAV_Videos/Flight Test 1/FT1_segments_of_interest/f3_mini_e/ir/5_minie3_range_far.mp4,59,1,194,295,221,308,propagated:0.955
/Users/bround/Desktop/Датасеты/Dataset_Mendeley_data/Unlabelled _UAV_Videos/Flight Test 1/FT1_segments_of_interest/f3_mini_e/ir/5_minie3_range_far.mp4,60,1,205,303,232,316,propagated:0.880
/Users/bround/Desktop/Датасеты/Dataset_Mendeley_data/Unlabelled _UAV_Videos/Flight Test 1/FT1_segments_of_interest/f3_mini_e/ir/5_minie3_range_far.mp4,61,1,216,316,243,329,propagated:0.940
/Users/bround/Desktop/Датасеты/Dataset_Mendeley_data/Unlabelled _UAV_Videos/Flight Test 1/FT1_segments_of_interest/f3_mini_e/ir/5_minie3_range_far.mp4,62,1,216,316,243,329,propagated:1.000
/Users/bround/Desktop/Датасеты/Dataset_Mendeley_data/Unlabelled _UAV_Videos/Flight Test 1/FT1_segments_of_interest/f3_mini_e/ir/5_minie3_range_far.mp4,63,1,223,324,250,337,propagated:0.989
/Users/bround/Desktop/Датасеты/Dataset_Mendeley_data/Unlabelled _UAV_Videos/Flight Test 1/FT1_segments_of_interest/f3_mini_e/ir/5_minie3_range_far.mp4,64,1,236,331,263,344,propagated:0.936
/Users/bround/Desktop/Датасеты/Dataset_Mendeley_data/Unlabelled _UAV_Videos/Flight Test 1/FT1_segments_of_interest/f3_mini_e/ir/5_minie3_range_far.mp4,65,1,245,338,272,351,propagated:0.948
/Users/bround/Desktop/Датасеты/Dataset_Mendeley_data/Unlabelled _UAV_Videos/Flight Test 1/FT1_segments_of_interest/f3_mini_e/ir/5_minie3_range_far.mp4,66,1,252,334,279,347,propagated:0.897
/Users/bround/Desktop/Датасеты/Dataset_Mendeley_data/Unlabelled _UAV_Videos/Flight Test 1/FT1_segments_of_interest/f3_mini_e/ir/5_minie3_range_far.mp4,67,1,252,334,279,347,propagated:0.919
/Users/bround/Desktop/Датасеты/Dataset_Mendeley_data/Unlabelled _UAV_Videos/Flight Test 1/FT1_segments_of_interest/f3_mini_e/ir/5_minie3_range_far.mp4,68,1,257,330,284,343,propagated:0.939
/Users/bround/Desktop/Датасеты/Dataset_Mendeley_data/Unlabelled _UAV_Videos/Flight Test 1/FT1_segments_of_interest/f3_mini_e/ir/5_minie3_range_far.mp4,69,1,256,328,283,341,propagated:0.920
/Users/bround/Desktop/Датасеты/Dataset_Mendeley_data/Unlabelled _UAV_Videos/Flight Test 1/FT1_segments_of_interest/f3_mini_e/ir/5_minie3_range_far.mp4,70,1,253,327,280,340,propagated:0.927
/Users/bround/Desktop/Датасеты/Dataset_Mendeley_data/Unlabelled _UAV_Videos/Flight Test 1/FT1_segments_of_interest/f3_mini_e/ir/5_minie3_range_far.mp4,71,1,251,321,278,334,propagated:0.914
/Users/bround/Desktop/Датасеты/Dataset_Mendeley_data/Unlabelled _UAV_Videos/Flight Test 1/FT1_segments_of_interest/f3_mini_e/ir/5_minie3_range_far.mp4,72,1,247,321,274,334,propagated:0.973
/Users/bround/Desktop/Датасеты/Dataset_Mendeley_data/Unlabelled _UAV_Videos/Flight Test 1/FT1_segments_of_interest/f3_mini_e/ir/5_minie3_range_far.mp4,73,1,243,327,270,340,propagated:0.936
/Users/bround/Desktop/Датасеты/Dataset_Mendeley_data/Unlabelled _UAV_Videos/Flight Test 1/FT1_segments_of_interest/f3_mini_e/ir/5_minie3_range_far.mp4,74,1,243,327,270,340,propagated:0.945
/Users/bround/Desktop/Датасеты/Dataset_Mendeley_data/Unlabelled _UAV_Videos/Flight Test 1/FT1_segments_of_interest/f3_mini_e/ir/5_minie3_range_far.mp4,75,1,247,329,274,342,propagated:0.840
/Users/bround/Desktop/Датасеты/Dataset_Mendeley_data/Unlabelled _UAV_Videos/Flight Test 1/FT1_segments_of_interest/f3_mini_e/ir/5_minie3_range_far.mp4,76,1,250,329,277,342,propagated:0.871
/Users/bround/Desktop/Датасеты/Dataset_Mendeley_data/Unlabelled _UAV_Videos/Flight Test 1/FT1_segments_of_interest/f3_mini_e/ir/5_minie3_range_far.mp4,77,1,244,335,271,348,propagated:0.943
/Users/bround/Desktop/Датасеты/Dataset_Mendeley_data/Unlabelled _UAV_Videos/Flight Test 1/FT1_segments_of_interest/f3_mini_e/ir/5_minie3_range_far.mp4,78,1,238,338,265,351,propagated:0.903
/Users/bround/Desktop/Датасеты/Dataset_Mendeley_data/Unlabelled _UAV_Videos/Flight Test 1/FT1_segments_of_interest/f3_mini_e/ir/5_minie3_range_far.mp4,79,1,227,338,254,351,propagated:0.886
/Users/bround/Desktop/Датасеты/Dataset_Mendeley_data/Unlabelled _UAV_Videos/Flight Test 1/FT1_segments_of_interest/f3_mini_e/ir/5_minie3_range_far.mp4,80,1,227,338,254,351,propagated:0.895
/Users/bround/Desktop/Датасеты/Dataset_Mendeley_data/Unlabelled _UAV_Videos/Flight Test 1/FT1_segments_of_interest/f3_mini_e/ir/5_minie3_range_far.mp4,81,1,224,339,251,352,propagated:0.961
/Users/bround/Desktop/Датасеты/Dataset_Mendeley_data/Unlabelled _UAV_Videos/Flight Test 1/FT1_segments_of_interest/f3_mini_e/ir/5_minie3_range_far.mp4,82,1,224,334,251,347,propagated:0.917
/Users/bround/Desktop/Датасеты/Dataset_Mendeley_data/Unlabelled _UAV_Videos/Flight Test 1/FT1_segments_of_interest/f3_mini_e/ir/5_minie3_range_far.mp4,83,1,228,332,255,345,propagated:0.935
/Users/bround/Desktop/Датасеты/Dataset_Mendeley_data/Unlabelled _UAV_Videos/Flight Test 1/FT1_segments_of_interest/f3_mini_e/ir/5_minie3_range_far.mp4,84,1,237,331,264,344,propagated:0.949
/Users/bround/Desktop/Датасеты/Dataset_Mendeley_data/Unlabelled _UAV_Videos/Flight Test 1/FT1_segments_of_interest/f3_mini_e/ir/5_minie3_range_far.mp4,85,1,240,327,267,340,propagated:0.915
/Users/bround/Desktop/Датасеты/Dataset_Mendeley_data/Unlabelled _UAV_Videos/Flight Test 1/FT1_segments_of_interest/f3_mini_e/ir/5_minie3_range_far.mp4,86,1,240,327,267,340,propagated:0.941
/Users/bround/Desktop/Датасеты/Dataset_Mendeley_data/Unlabelled _UAV_Videos/Flight Test 1/FT1_segments_of_interest/f3_mini_e/ir/5_minie3_range_far.mp4,87,1,246,322,273,335,propagated:0.959
/Users/bround/Desktop/Датасеты/Dataset_Mendeley_data/Unlabelled _UAV_Videos/Flight Test 1/FT1_segments_of_interest/f3_mini_e/ir/5_minie3_range_far.mp4,88,1,248,319,275,332,propagated:0.962
/Users/bround/Desktop/Датасеты/Dataset_Mendeley_data/Unlabelled _UAV_Videos/Flight Test 1/FT1_segments_of_interest/f3_mini_e/ir/5_minie3_range_far.mp4,89,1,252,318,279,331,propagated:0.950
/Users/bround/Desktop/Датасеты/Dataset_Mendeley_data/Unlabelled _UAV_Videos/Flight Test 1/FT1_segments_of_interest/f3_mini_e/ir/5_minie3_range_far.mp4,90,1,251,320,278,333,propagated:0.958
/Users/bround/Desktop/Датасеты/Dataset_Mendeley_data/Unlabelled _UAV_Videos/Flight Test 1/FT1_segments_of_interest/f3_mini_e/ir/5_minie3_range_far.mp4,91,1,251,324,278,337,propagated:0.964
/Users/bround/Desktop/Датасеты/Dataset_Mendeley_data/Unlabelled _UAV_Videos/Flight Test 1/FT1_segments_of_interest/f3_mini_e/ir/5_minie3_range_far.mp4,92,1,251,324,278,337,propagated:1.000
/Users/bround/Desktop/Датасеты/Dataset_Mendeley_data/Unlabelled _UAV_Videos/Flight Test 1/FT1_segments_of_interest/f3_mini_e/ir/5_minie3_range_far.mp4,93,1,249,326,276,339,propagated:0.967
/Users/bround/Desktop/Датасеты/Dataset_Mendeley_data/Unlabelled _UAV_Videos/Flight Test 1/FT1_segments_of_interest/f3_mini_e/ir/5_minie3_range_far.mp4,94,1,250,326,277,339,propagated:0.930
/Users/bround/Desktop/Датасеты/Dataset_Mendeley_data/Unlabelled _UAV_Videos/Flight Test 1/FT1_segments_of_interest/f3_mini_e/ir/5_minie3_range_far.mp4,95,1,246,331,273,344,propagated:0.927
/Users/bround/Desktop/Датасеты/Dataset_Mendeley_data/Unlabelled _UAV_Videos/Flight Test 1/FT1_segments_of_interest/f3_mini_e/ir/5_minie3_range_far.mp4,96,1,236,330,263,343,propagated:0.905
/Users/bround/Desktop/Датасеты/Dataset_Mendeley_data/Unlabelled _UAV_Videos/Flight Test 1/FT1_segments_of_interest/f3_mini_e/ir/5_minie3_range_far.mp4,97,1,220,322,247,335,propagated:0.880
/Users/bround/Desktop/Датасеты/Dataset_Mendeley_data/Unlabelled _UAV_Videos/Flight Test 1/FT1_segments_of_interest/f3_mini_e/ir/5_minie3_range_far.mp4,98,1,220,322,247,335,propagated:0.918
/Users/bround/Desktop/Датасеты/Dataset_Mendeley_data/Unlabelled _UAV_Videos/Flight Test 1/FT1_segments_of_interest/f3_mini_e/ir/5_minie3_range_far.mp4,99,1,199,310,226,323,propagated:0.935
/Users/bround/Desktop/Датасеты/Dataset_Mendeley_data/Unlabelled _UAV_Videos/Flight Test 1/FT1_segments_of_interest/f3_mini_e/ir/5_minie3_range_far.mp4,100,1,186,303,213,316,propagated:0.923
/Users/bround/Desktop/Датасеты/Dataset_Mendeley_data/Unlabelled _UAV_Videos/Flight Test 1/FT1_segments_of_interest/f3_mini_e/ir/5_minie3_range_far.mp4,101,1,183,305,210,318,propagated:0.922
/Users/bround/Desktop/Датасеты/Dataset_Mendeley_data/Unlabelled _UAV_Videos/Flight Test 1/FT1_segments_of_interest/f3_mini_e/ir/5_minie3_range_far.mp4,102,1,175,288,202,301,propagated:0.803
/Users/bround/Desktop/Датасеты/Dataset_Mendeley_data/Unlabelled _UAV_Videos/Flight Test 1/FT1_segments_of_interest/f3_mini_e/ir/5_minie3_range_far.mp4,103,1,169,271,196,284,propagated:0.946
/Users/bround/Desktop/Датасеты/Dataset_Mendeley_data/Unlabelled _UAV_Videos/Flight Test 1/FT1_segments_of_interest/f3_mini_e/ir/5_minie3_range_far.mp4,104,1,169,271,196,284,propagated:0.962
/Users/bround/Desktop/Датасеты/Dataset_Mendeley_data/Unlabelled _UAV_Videos/Flight Test 1/FT1_segments_of_interest/f3_mini_e/ir/5_minie3_range_far.mp4,105,1,162,268,189,281,propagated:0.969
/Users/bround/Desktop/Датасеты/Dataset_Mendeley_data/Unlabelled _UAV_Videos/Flight Test 1/FT1_segments_of_interest/f3_mini_e/ir/5_minie3_range_far.mp4,106,1,155,263,182,276,propagated:0.956
/Users/bround/Desktop/Датасеты/Dataset_Mendeley_data/Unlabelled _UAV_Videos/Flight Test 1/FT1_segments_of_interest/f3_mini_e/ir/5_minie3_range_far.mp4,107,1,154,263,181,276,propagated:0.962
/Users/bround/Desktop/Датасеты/Dataset_Mendeley_data/Unlabelled _UAV_Videos/Flight Test 1/FT1_segments_of_interest/f3_mini_e/ir/5_minie3_range_far.mp4,108,1,152,267,179,280,propagated:0.965
/Users/bround/Desktop/Датасеты/Dataset_Mendeley_data/Unlabelled _UAV_Videos/Flight Test 1/FT1_segments_of_interest/f3_mini_e/ir/5_minie3_range_far.mp4,109,1,149,266,176,279,propagated:0.960
/Users/bround/Desktop/Датасеты/Dataset_Mendeley_data/Unlabelled _UAV_Videos/Flight Test 1/FT1_segments_of_interest/f3_mini_e/ir/5_minie3_range_far.mp4,110,1,149,266,176,279,propagated:0.974
/Users/bround/Desktop/Датасеты/Dataset_Mendeley_data/Unlabelled _UAV_Videos/Flight Test 1/FT1_segments_of_interest/f3_mini_e/ir/5_minie3_range_far.mp4,111,1,155,269,182,282,propagated:0.979
/Users/bround/Desktop/Датасеты/Dataset_Mendeley_data/Unlabelled _UAV_Videos/Flight Test 1/FT1_segments_of_interest/f3_mini_e/ir/5_minie3_range_far.mp4,112,1,159,271,186,284,propagated:0.997
/Users/bround/Desktop/Датасеты/Dataset_Mendeley_data/Unlabelled _UAV_Videos/Flight Test 1/FT1_segments_of_interest/f3_mini_e/ir/5_minie3_range_far.mp4,113,1,163,271,190,284,propagated:0.960
/Users/bround/Desktop/Датасеты/Dataset_Mendeley_data/Unlabelled _UAV_Videos/Flight Test 1/FT1_segments_of_interest/f3_mini_e/ir/5_minie3_range_far.mp4,114,1,170,272,197,285,propagated:0.972
/Users/bround/Desktop/Датасеты/Dataset_Mendeley_data/Unlabelled _UAV_Videos/Flight Test 1/FT1_segments_of_interest/f3_mini_e/ir/5_minie3_range_far.mp4,115,1,174,271,201,284,propagated:0.974
/Users/bround/Desktop/Датасеты/Dataset_Mendeley_data/Unlabelled _UAV_Videos/Flight Test 1/FT1_segments_of_interest/f3_mini_e/ir/5_minie3_range_far.mp4,116,1,174,271,201,284,propagated:0.981
/Users/bround/Desktop/Датасеты/Dataset_Mendeley_data/Unlabelled _UAV_Videos/Flight Test 1/FT1_segments_of_interest/f3_mini_e/ir/5_minie3_range_far.mp4,117,1,184,270,211,283,propagated:0.980
/Users/bround/Desktop/Датасеты/Dataset_Mendeley_data/Unlabelled _UAV_Videos/Flight Test 1/FT1_segments_of_interest/f3_mini_e/ir/5_minie3_range_far.mp4,118,1,191,272,218,285,propagated:0.956
/Users/bround/Desktop/Датасеты/Dataset_Mendeley_data/Unlabelled _UAV_Videos/Flight Test 1/FT1_segments_of_interest/f3_mini_e/ir/5_minie3_range_far.mp4,119,1,194,275,221,288,propagated:0.987
/Users/bround/Desktop/Датасеты/Dataset_Mendeley_data/Unlabelled _UAV_Videos/Flight Test 1/FT1_segments_of_interest/f3_mini_e/ir/5_minie3_range_far.mp4,120,1,201,273,228,286,propagated:0.953
/Users/bround/Desktop/Датасеты/Dataset_Mendeley_data/Unlabelled _UAV_Videos/Flight Test 1/FT1_segments_of_interest/f3_mini_e/ir/5_minie3_range_far.mp4,121,1,196,273,220,287,manual
/Users/bround/Desktop/Датасеты/Dataset_Mendeley_data/Unlabelled _UAV_Videos/Flight Test 1/FT1_segments_of_interest/f3_mini_e/ir/5_minie3_range_far.mp4,123,1,196,277,220,291,propagated:0.986
/Users/bround/Desktop/Датасеты/Dataset_Mendeley_data/Unlabelled _UAV_Videos/Flight Test 1/FT1_segments_of_interest/f3_mini_e/ir/5_minie3_range_far.mp4,124,1,196,277,220,291,propagated:0.966
/Users/bround/Desktop/Датасеты/Dataset_Mendeley_data/Unlabelled _UAV_Videos/Flight Test 1/FT1_segments_of_interest/f3_mini_e/ir/5_minie3_range_far.mp4,125,1,192,278,216,292,propagated:0.973
/Users/bround/Desktop/Датасеты/Dataset_Mendeley_data/Unlabelled _UAV_Videos/Flight Test 1/FT1_segments_of_interest/f3_mini_e/ir/5_minie3_range_far.mp4,126,1,189,286,213,300,propagated:0.966
/Users/bround/Desktop/Датасеты/Dataset_Mendeley_data/Unlabelled _UAV_Videos/Flight Test 1/FT1_segments_of_interest/f3_mini_e/ir/5_minie3_range_far.mp4,127,1,184,293,208,307,propagated:0.967
/Users/bround/Desktop/Датасеты/Dataset_Mendeley_data/Unlabelled _UAV_Videos/Flight Test 1/FT1_segments_of_interest/f3_mini_e/ir/5_minie3_range_far.mp4,128,1,184,293,208,307,propagated:0.975
/Users/bround/Desktop/Датасеты/Dataset_Mendeley_data/Unlabelled _UAV_Videos/Flight Test 1/FT1_segments_of_interest/f3_mini_e/ir/5_minie3_range_far.mp4,129,1,172,296,196,310,propagated:0.942
/Users/bround/Desktop/Датасеты/Dataset_Mendeley_data/Unlabelled _UAV_Videos/Flight Test 1/FT1_segments_of_interest/f3_mini_e/ir/5_minie3_range_far.mp4,130,1,165,299,189,313,propagated:0.980
/Users/bround/Desktop/Датасеты/Dataset_Mendeley_data/Unlabelled _UAV_Videos/Flight Test 1/FT1_segments_of_interest/f3_mini_e/ir/5_minie3_range_far.mp4,131,1,152,305,176,319,propagated:0.931
/Users/bround/Desktop/Датасеты/Dataset_Mendeley_data/Unlabelled _UAV_Videos/Flight Test 1/FT1_segments_of_interest/f3_mini_e/ir/5_minie3_range_far.mp4,132,1,137,313,161,327,propagated:0.935
/Users/bround/Desktop/Датасеты/Dataset_Mendeley_data/Unlabelled _UAV_Videos/Flight Test 1/FT1_segments_of_interest/f3_mini_e/ir/5_minie3_range_far.mp4,133,1,127,314,151,328,propagated:0.980
/Users/bround/Desktop/Датасеты/Dataset_Mendeley_data/Unlabelled _UAV_Videos/Flight Test 1/FT1_segments_of_interest/f3_mini_e/ir/5_minie3_range_far.mp4,134,1,127,314,151,328,propagated:0.986
/Users/bround/Desktop/Датасеты/Dataset_Mendeley_data/Unlabelled _UAV_Videos/Flight Test 1/FT1_segments_of_interest/f3_mini_e/ir/5_minie3_range_far.mp4,135,1,123,315,147,329,propagated:0.985
/Users/bround/Desktop/Датасеты/Dataset_Mendeley_data/Unlabelled _UAV_Videos/Flight Test 1/FT1_segments_of_interest/f3_mini_e/ir/5_minie3_range_far.mp4,136,1,119,313,143,327,propagated:0.984
/Users/bround/Desktop/Датасеты/Dataset_Mendeley_data/Unlabelled _UAV_Videos/Flight Test 1/FT1_segments_of_interest/f3_mini_e/ir/5_minie3_range_far.mp4,137,1,120,306,144,320,propagated:0.947
/Users/bround/Desktop/Датасеты/Dataset_Mendeley_data/Unlabelled _UAV_Videos/Flight Test 1/FT1_segments_of_interest/f3_mini_e/ir/5_minie3_range_far.mp4,138,1,124,299,148,313,propagated:0.947
/Users/bround/Desktop/Датасеты/Dataset_Mendeley_data/Unlabelled _UAV_Videos/Flight Test 1/FT1_segments_of_interest/f3_mini_e/ir/5_minie3_range_far.mp4,139,1,130,297,154,311,propagated:0.960
/Users/bround/Desktop/Датасеты/Dataset_Mendeley_data/Unlabelled _UAV_Videos/Flight Test 1/FT1_segments_of_interest/f3_mini_e/ir/5_minie3_range_far.mp4,140,1,130,297,154,311,propagated:0.971
/Users/bround/Desktop/Датасеты/Dataset_Mendeley_data/Unlabelled _UAV_Videos/Flight Test 1/FT1_segments_of_interest/f3_mini_e/ir/5_minie3_range_far.mp4,141,1,135,295,159,309,propagated:0.972
/Users/bround/Desktop/Датасеты/Dataset_Mendeley_data/Unlabelled _UAV_Videos/Flight Test 1/FT1_segments_of_interest/f3_mini_e/ir/5_minie3_range_far.mp4,142,1,136,293,160,307,propagated:0.981
/Users/bround/Desktop/Датасеты/Dataset_Mendeley_data/Unlabelled _UAV_Videos/Flight Test 1/FT1_segments_of_interest/f3_mini_e/ir/5_minie3_range_far.mp4,143,1,135,286,159,300,propagated:0.929
/Users/bround/Desktop/Датасеты/Dataset_Mendeley_data/Unlabelled _UAV_Videos/Flight Test 1/FT1_segments_of_interest/f3_mini_e/ir/5_minie3_range_far.mp4,144,1,136,283,160,297,propagated:0.973
/Users/bround/Desktop/Датасеты/Dataset_Mendeley_data/Unlabelled _UAV_Videos/Flight Test 1/FT1_segments_of_interest/f3_mini_e/ir/5_minie3_range_far.mp4,145,1,142,286,166,300,propagated:0.958
/Users/bround/Desktop/Датасеты/Dataset_Mendeley_data/Unlabelled _UAV_Videos/Flight Test 1/FT1_segments_of_interest/f3_mini_e/ir/5_minie3_range_far.mp4,146,1,142,286,166,300,propagated:0.967
/Users/bround/Desktop/Датасеты/Dataset_Mendeley_data/Unlabelled _UAV_Videos/Flight Test 1/FT1_segments_of_interest/f3_mini_e/ir/5_minie3_range_far.mp4,147,1,146,290,170,304,propagated:0.957
/Users/bround/Desktop/Датасеты/Dataset_Mendeley_data/Unlabelled _UAV_Videos/Flight Test 1/FT1_segments_of_interest/f3_mini_e/ir/5_minie3_range_far.mp4,148,1,151,291,175,305,propagated:0.968
/Users/bround/Desktop/Датасеты/Dataset_Mendeley_data/Unlabelled _UAV_Videos/Flight Test 1/FT1_segments_of_interest/f3_mini_e/ir/5_minie3_range_far.mp4,149,1,159,290,183,304,propagated:0.958
/Users/bround/Desktop/Датасеты/Dataset_Mendeley_data/Unlabelled _UAV_Videos/Flight Test 1/FT1_segments_of_interest/f3_mini_e/ir/5_minie3_range_far.mp4,150,1,166,290,190,304,propagated:0.951
/Users/bround/Desktop/Датасеты/Dataset_Mendeley_data/Unlabelled _UAV_Videos/Flight Test 1/FT1_segments_of_interest/f3_mini_e/ir/5_minie3_range_far.mp4,151,1,168,289,192,303,propagated:0.959
/Users/bround/Desktop/Датасеты/Dataset_Mendeley_data/Unlabelled _UAV_Videos/Flight Test 1/FT1_segments_of_interest/f3_mini_e/ir/5_minie3_range_far.mp4,152,1,168,289,192,303,propagated:0.970
/Users/bround/Desktop/Датасеты/Dataset_Mendeley_data/Unlabelled _UAV_Videos/Flight Test 1/FT1_segments_of_interest/f3_mini_e/ir/5_minie3_range_far.mp4,153,1,169,288,193,302,propagated:0.984
/Users/bround/Desktop/Датасеты/Dataset_Mendeley_data/Unlabelled _UAV_Videos/Flight Test 1/FT1_segments_of_interest/f3_mini_e/ir/5_minie3_range_far.mp4,154,1,170,289,194,303,propagated:0.949
/Users/bround/Desktop/Датасеты/Dataset_Mendeley_data/Unlabelled _UAV_Videos/Flight Test 1/FT1_segments_of_interest/f3_mini_e/ir/5_minie3_range_far.mp4,155,1,171,292,195,306,propagated:0.962
/Users/bround/Desktop/Датасеты/Dataset_Mendeley_data/Unlabelled _UAV_Videos/Flight Test 1/FT1_segments_of_interest/f3_mini_e/ir/5_minie3_range_far.mp4,156,1,168,293,192,307,propagated:0.965
/Users/bround/Desktop/Датасеты/Dataset_Mendeley_data/Unlabelled _UAV_Videos/Flight Test 1/FT1_segments_of_interest/f3_mini_e/ir/5_minie3_range_far.mp4,157,1,164,295,188,309,propagated:0.975
/Users/bround/Desktop/Датасеты/Dataset_Mendeley_data/Unlabelled _UAV_Videos/Flight Test 1/FT1_segments_of_interest/f3_mini_e/ir/5_minie3_range_far.mp4,158,1,164,295,188,309,propagated:0.982
/Users/bround/Desktop/Датасеты/Dataset_Mendeley_data/Unlabelled _UAV_Videos/Flight Test 1/FT1_segments_of_interest/f3_mini_e/ir/5_minie3_range_far.mp4,159,1,161,299,185,313,propagated:0.952
/Users/bround/Desktop/Датасеты/Dataset_Mendeley_data/Unlabelled _UAV_Videos/Flight Test 1/FT1_segments_of_interest/f3_mini_e/ir/5_minie3_range_far.mp4,160,1,160,302,184,316,propagated:0.965
/Users/bround/Desktop/Датасеты/Dataset_Mendeley_data/Unlabelled _UAV_Videos/Flight Test 1/FT1_segments_of_interest/f3_mini_e/ir/5_minie3_range_far.mp4,161,1,157,301,181,315,propagated:0.964
/Users/bround/Desktop/Датасеты/Dataset_Mendeley_data/Unlabelled _UAV_Videos/Flight Test 1/FT1_segments_of_interest/f3_mini_e/ir/5_minie3_range_far.mp4,162,1,154,293,178,307,propagated:0.957
/Users/bround/Desktop/Датасеты/Dataset_Mendeley_data/Unlabelled _UAV_Videos/Flight Test 1/FT1_segments_of_interest/f3_mini_e/ir/5_minie3_range_far.mp4,163,1,154,293,178,307,propagated:1.000
/Users/bround/Desktop/Датасеты/Dataset_Mendeley_data/Unlabelled _UAV_Videos/Flight Test 1/FT1_segments_of_interest/f3_mini_e/ir/5_minie3_range_far.mp4,164,1,148,290,172,304,propagated:0.942
/Users/bround/Desktop/Датасеты/Dataset_Mendeley_data/Unlabelled _UAV_Videos/Flight Test 1/FT1_segments_of_interest/f3_mini_e/ir/5_minie3_range_far.mp4,165,1,140,290,164,304,propagated:0.944
/Users/bround/Desktop/Датасеты/Dataset_Mendeley_data/Unlabelled _UAV_Videos/Flight Test 1/FT1_segments_of_interest/f3_mini_e/ir/5_minie3_range_far.mp4,166,1,139,290,163,304,propagated:0.964
/Users/bround/Desktop/Датасеты/Dataset_Mendeley_data/Unlabelled _UAV_Videos/Flight Test 1/FT1_segments_of_interest/f3_mini_e/ir/5_minie3_range_far.mp4,167,1,142,291,166,305,propagated:0.978
/Users/bround/Desktop/Датасеты/Dataset_Mendeley_data/Unlabelled _UAV_Videos/Flight Test 1/FT1_segments_of_interest/f3_mini_e/ir/5_minie3_range_far.mp4,168,1,145,293,169,307,propagated:0.977
/Users/bround/Desktop/Датасеты/Dataset_Mendeley_data/Unlabelled _UAV_Videos/Flight Test 1/FT1_segments_of_interest/f3_mini_e/ir/5_minie3_range_far.mp4,169,1,148,302,172,316,propagated:0.948
/Users/bround/Desktop/Датасеты/Dataset_Mendeley_data/Unlabelled _UAV_Videos/Flight Test 1/FT1_segments_of_interest/f3_mini_e/ir/5_minie3_range_far.mp4,170,1,148,302,172,316,propagated:0.963
/Users/bround/Desktop/Датасеты/Dataset_Mendeley_data/Unlabelled _UAV_Videos/Flight Test 1/FT1_segments_of_interest/f3_mini_e/ir/5_minie3_range_far.mp4,171,1,152,309,176,323,propagated:0.982
/Users/bround/Desktop/Датасеты/Dataset_Mendeley_data/Unlabelled _UAV_Videos/Flight Test 1/FT1_segments_of_interest/f3_mini_e/ir/5_minie3_range_far.mp4,172,1,163,315,187,329,propagated:0.923
/Users/bround/Desktop/Датасеты/Dataset_Mendeley_data/Unlabelled _UAV_Videos/Flight Test 1/FT1_segments_of_interest/f3_mini_e/ir/5_minie3_range_far.mp4,173,1,176,311,200,325,propagated:0.827
/Users/bround/Desktop/Датасеты/Dataset_Mendeley_data/Unlabelled _UAV_Videos/Flight Test 1/FT1_segments_of_interest/f3_mini_e/ir/5_minie3_range_far.mp4,174,1,173,302,197,316,propagated:0.920
/Users/bround/Desktop/Датасеты/Dataset_Mendeley_data/Unlabelled _UAV_Videos/Flight Test 1/FT1_segments_of_interest/f3_mini_e/ir/5_minie3_range_far.mp4,175,1,163,308,187,322,propagated:0.870
/Users/bround/Desktop/Датасеты/Dataset_Mendeley_data/Unlabelled _UAV_Videos/Flight Test 1/FT1_segments_of_interest/f3_mini_e/ir/5_minie3_range_far.mp4,176,1,163,308,187,322,propagated:0.908
/Users/bround/Desktop/Датасеты/Dataset_Mendeley_data/Unlabelled _UAV_Videos/Flight Test 1/FT1_segments_of_interest/f3_mini_e/ir/5_minie3_range_far.mp4,177,1,163,320,187,334,propagated:0.961
/Users/bround/Desktop/Датасеты/Dataset_Mendeley_data/Unlabelled _UAV_Videos/Flight Test 1/FT1_segments_of_interest/f3_mini_e/ir/5_minie3_range_far.mp4,178,1,167,330,191,344,propagated:0.975
/Users/bround/Desktop/Датасеты/Dataset_Mendeley_data/Unlabelled _UAV_Videos/Flight Test 1/FT1_segments_of_interest/f3_mini_e/ir/5_minie3_range_far.mp4,179,1,173,336,197,350,propagated:0.971
/Users/bround/Desktop/Датасеты/Dataset_Mendeley_data/Unlabelled _UAV_Videos/Flight Test 1/FT1_segments_of_interest/f3_mini_e/ir/5_minie3_range_far.mp4,180,1,173,347,197,361,propagated:0.942
/Users/bround/Desktop/Датасеты/Dataset_Mendeley_data/Unlabelled _UAV_Videos/Flight Test 1/FT1_segments_of_interest/f3_mini_e/ir/5_minie3_range_far.mp4,181,1,170,358,194,372,propagated:0.974
/Users/bround/Desktop/Датасеты/Dataset_Mendeley_data/Unlabelled _UAV_Videos/Flight Test 1/FT1_segments_of_interest/f3_mini_e/ir/5_minie3_range_far.mp4,182,1,170,358,194,372,propagated:0.981
/Users/bround/Desktop/Датасеты/Dataset_Mendeley_data/Unlabelled _UAV_Videos/Flight Test 1/FT1_segments_of_interest/f3_mini_e/ir/5_minie3_range_far.mp4,183,1,172,365,196,379,propagated:0.967
/Users/bround/Desktop/Датасеты/Dataset_Mendeley_data/Unlabelled _UAV_Videos/Flight Test 1/FT1_segments_of_interest/f3_mini_e/ir/5_minie3_range_far.mp4,184,1,174,364,198,378,propagated:0.964
/Users/bround/Desktop/Датасеты/Dataset_Mendeley_data/Unlabelled _UAV_Videos/Flight Test 1/FT1_segments_of_interest/f3_mini_e/ir/5_minie3_range_far.mp4,185,1,172,355,196,369,propagated:0.967
/Users/bround/Desktop/Датасеты/Dataset_Mendeley_data/Unlabelled _UAV_Videos/Flight Test 1/FT1_segments_of_interest/f3_mini_e/ir/5_minie3_range_far.mp4,186,1,169,347,193,361,propagated:0.963
/Users/bround/Desktop/Датасеты/Dataset_Mendeley_data/Unlabelled _UAV_Videos/Flight Test 1/FT1_segments_of_interest/f3_mini_e/ir/5_minie3_range_far.mp4,187,1,169,347,193,361,propagated:0.973
/Users/bround/Desktop/Датасеты/Dataset_Mendeley_data/Unlabelled _UAV_Videos/Flight Test 1/FT1_segments_of_interest/f3_mini_e/ir/5_minie3_range_far.mp4,188,1,163,341,187,355,propagated:0.960
/Users/bround/Desktop/Датасеты/Dataset_Mendeley_data/Unlabelled _UAV_Videos/Flight Test 1/FT1_segments_of_interest/f3_mini_e/ir/5_minie3_range_far.mp4,189,1,164,336,188,350,propagated:0.934
/Users/bround/Desktop/Датасеты/Dataset_Mendeley_data/Unlabelled _UAV_Videos/Flight Test 1/FT1_segments_of_interest/f3_mini_e/ir/5_minie3_range_far.mp4,190,1,172,335,196,349,propagated:0.949
/Users/bround/Desktop/Датасеты/Dataset_Mendeley_data/Unlabelled _UAV_Videos/Flight Test 1/FT1_segments_of_interest/f3_mini_e/ir/5_minie3_range_far.mp4,191,1,176,334,200,348,propagated:0.968
/Users/bround/Desktop/Датасеты/Dataset_Mendeley_data/Unlabelled _UAV_Videos/Flight Test 1/FT1_segments_of_interest/f3_mini_e/ir/5_minie3_range_far.mp4,192,1,177,338,201,352,propagated:0.906
/Users/bround/Desktop/Датасеты/Dataset_Mendeley_data/Unlabelled _UAV_Videos/Flight Test 1/FT1_segments_of_interest/f3_mini_e/ir/5_minie3_range_far.mp4,193,1,184,349,208,363,propagated:0.908
/Users/bround/Desktop/Датасеты/Dataset_Mendeley_data/Unlabelled _UAV_Videos/Flight Test 1/FT1_segments_of_interest/f3_mini_e/ir/5_minie3_range_far.mp4,194,1,184,349,208,363,propagated:0.932
/Users/bround/Desktop/Датасеты/Dataset_Mendeley_data/Unlabelled _UAV_Videos/Flight Test 1/FT1_segments_of_interest/f3_mini_e/ir/5_minie3_range_far.mp4,195,1,190,350,214,364,propagated:0.921
/Users/bround/Desktop/Датасеты/Dataset_Mendeley_data/Unlabelled _UAV_Videos/Flight Test 1/FT1_segments_of_interest/f3_mini_e/ir/5_minie3_range_far.mp4,196,1,193,349,217,363,propagated:0.925
/Users/bround/Desktop/Датасеты/Dataset_Mendeley_data/Unlabelled _UAV_Videos/Flight Test 1/FT1_segments_of_interest/f3_mini_e/ir/5_minie3_range_far.mp4,197,1,201,352,225,366,propagated:0.930
/Users/bround/Desktop/Датасеты/Dataset_Mendeley_data/Unlabelled _UAV_Videos/Flight Test 1/FT1_segments_of_interest/f3_mini_e/ir/5_minie3_range_far.mp4,198,1,210,351,234,365,propagated:0.929
/Users/bround/Desktop/Датасеты/Dataset_Mendeley_data/Unlabelled _UAV_Videos/Flight Test 1/FT1_segments_of_interest/f3_mini_e/ir/5_minie3_range_far.mp4,199,1,219,349,243,363,propagated:0.918
/Users/bround/Desktop/Датасеты/Dataset_Mendeley_data/Unlabelled _UAV_Videos/Flight Test 1/FT1_segments_of_interest/f3_mini_e/ir/5_minie3_range_far.mp4,200,1,219,349,243,363,propagated:0.934
/Users/bround/Desktop/Датасеты/Dataset_Mendeley_data/Unlabelled _UAV_Videos/Flight Test 1/FT1_segments_of_interest/f3_mini_e/ir/5_minie3_range_far.mp4,201,1,225,353,249,367,propagated:0.951
/Users/bround/Desktop/Датасеты/Dataset_Mendeley_data/Unlabelled _UAV_Videos/Flight Test 1/FT1_segments_of_interest/f3_mini_e/ir/5_minie3_range_far.mp4,202,1,228,356,252,370,propagated:0.954
/Users/bround/Desktop/Датасеты/Dataset_Mendeley_data/Unlabelled _UAV_Videos/Flight Test 1/FT1_segments_of_interest/f3_mini_e/ir/5_minie3_range_far.mp4,203,1,227,352,251,366,propagated:0.940
/Users/bround/Desktop/Датасеты/Dataset_Mendeley_data/Unlabelled _UAV_Videos/Flight Test 1/FT1_segments_of_interest/f3_mini_e/ir/5_minie3_range_far.mp4,204,1,220,352,244,366,propagated:0.933
/Users/bround/Desktop/Датасеты/Dataset_Mendeley_data/Unlabelled _UAV_Videos/Flight Test 1/FT1_segments_of_interest/f3_mini_e/ir/5_minie3_range_far.mp4,205,1,214,349,238,363,propagated:0.948
/Users/bround/Desktop/Датасеты/Dataset_Mendeley_data/Unlabelled _UAV_Videos/Flight Test 1/FT1_segments_of_interest/f3_mini_e/ir/5_minie3_range_far.mp4,206,1,214,349,238,363,propagated:0.964
/Users/bround/Desktop/Датасеты/Dataset_Mendeley_data/Unlabelled _UAV_Videos/Flight Test 1/FT1_segments_of_interest/f3_mini_e/ir/5_minie3_range_far.mp4,207,1,211,345,235,359,propagated:0.967
/Users/bround/Desktop/Датасеты/Dataset_Mendeley_data/Unlabelled _UAV_Videos/Flight Test 1/FT1_segments_of_interest/f3_mini_e/ir/5_minie3_range_far.mp4,208,1,212,347,236,361,propagated:0.929
/Users/bround/Desktop/Датасеты/Dataset_Mendeley_data/Unlabelled _UAV_Videos/Flight Test 1/FT1_segments_of_interest/f3_mini_e/ir/5_minie3_range_far.mp4,209,1,210,351,234,365,propagated:0.938
/Users/bround/Desktop/Датасеты/Dataset_Mendeley_data/Unlabelled _UAV_Videos/Flight Test 1/FT1_segments_of_interest/f3_mini_e/ir/5_minie3_range_far.mp4,210,1,203,352,227,366,propagated:0.944
/Users/bround/Desktop/Датасеты/Dataset_Mendeley_data/Unlabelled _UAV_Videos/Flight Test 1/FT1_segments_of_interest/f3_mini_e/ir/5_minie3_range_far.mp4,211,1,197,352,221,366,propagated:0.958
/Users/bround/Desktop/Датасеты/Dataset_Mendeley_data/Unlabelled _UAV_Videos/Flight Test 1/FT1_segments_of_interest/f3_mini_e/ir/5_minie3_range_far.mp4,212,1,197,352,221,366,propagated:0.973
/Users/bround/Desktop/Датасеты/Dataset_Mendeley_data/Unlabelled _UAV_Videos/Flight Test 1/FT1_segments_of_interest/f3_mini_e/ir/5_minie3_range_far.mp4,213,1,187,350,211,364,propagated:0.960
/Users/bround/Desktop/Датасеты/Dataset_Mendeley_data/Unlabelled _UAV_Videos/Flight Test 1/FT1_segments_of_interest/f3_mini_e/ir/5_minie3_range_far.mp4,214,1,174,350,198,364,propagated:0.962
/Users/bround/Desktop/Датасеты/Dataset_Mendeley_data/Unlabelled _UAV_Videos/Flight Test 1/FT1_segments_of_interest/f3_mini_e/ir/5_minie3_range_far.mp4,215,1,161,346,185,360,propagated:0.968
/Users/bround/Desktop/Датасеты/Dataset_Mendeley_data/Unlabelled _UAV_Videos/Flight Test 1/FT1_segments_of_interest/f3_mini_e/ir/5_minie3_range_far.mp4,216,1,156,341,180,355,propagated:0.925
/Users/bround/Desktop/Датасеты/Dataset_Mendeley_data/Unlabelled _UAV_Videos/Flight Test 1/FT1_segments_of_interest/f3_mini_e/ir/5_minie3_range_far.mp4,217,1,158,334,182,348,propagated:0.924
/Users/bround/Desktop/Датасеты/Dataset_Mendeley_data/Unlabelled _UAV_Videos/Flight Test 1/FT1_segments_of_interest/f3_mini_e/ir/5_minie3_range_far.mp4,218,1,158,334,182,348,propagated:0.952
/Users/bround/Desktop/Датасеты/Dataset_Mendeley_data/Unlabelled _UAV_Videos/Flight Test 1/FT1_segments_of_interest/f3_mini_e/ir/5_minie3_range_far.mp4,219,1,164,319,188,333,propagated:0.919
/Users/bround/Desktop/Датасеты/Dataset_Mendeley_data/Unlabelled _UAV_Videos/Flight Test 1/FT1_segments_of_interest/f3_mini_e/ir/5_minie3_range_far.mp4,220,1,170,305,194,319,propagated:0.951
/Users/bround/Desktop/Датасеты/Dataset_Mendeley_data/Unlabelled _UAV_Videos/Flight Test 1/FT1_segments_of_interest/f3_mini_e/ir/5_minie3_range_far.mp4,221,1,172,292,196,306,propagated:0.940
/Users/bround/Desktop/Датасеты/Dataset_Mendeley_data/Unlabelled _UAV_Videos/Flight Test 1/FT1_segments_of_interest/f3_mini_e/ir/5_minie3_range_far.mp4,222,1,173,281,197,295,propagated:0.964
/Users/bround/Desktop/Датасеты/Dataset_Mendeley_data/Unlabelled _UAV_Videos/Flight Test 1/FT1_segments_of_interest/f3_mini_e/ir/5_minie3_range_far.mp4,223,1,175,282,199,296,propagated:0.975
/Users/bround/Desktop/Датасеты/Dataset_Mendeley_data/Unlabelled _UAV_Videos/Flight Test 1/FT1_segments_of_interest/f3_mini_e/ir/5_minie3_range_far.mp4,224,1,175,282,199,296,propagated:0.980
/Users/bround/Desktop/Датасеты/Dataset_Mendeley_data/Unlabelled _UAV_Videos/Flight Test 1/FT1_segments_of_interest/f3_mini_e/ir/5_minie3_range_far.mp4,225,1,173,281,197,295,propagated:0.971
/Users/bround/Desktop/Датасеты/Dataset_Mendeley_data/Unlabelled _UAV_Videos/Flight Test 1/FT1_segments_of_interest/f3_mini_e/ir/5_minie3_range_far.mp4,226,1,166,278,190,292,propagated:0.955
/Users/bround/Desktop/Датасеты/Dataset_Mendeley_data/Unlabelled _UAV_Videos/Flight Test 1/FT1_segments_of_interest/f3_mini_e/ir/5_minie3_range_far.mp4,227,1,156,275,180,289,propagated:0.956
/Users/bround/Desktop/Датасеты/Dataset_Mendeley_data/Unlabelled _UAV_Videos/Flight Test 1/FT1_segments_of_interest/f3_mini_e/ir/5_minie3_range_far.mp4,228,1,151,278,175,292,propagated:0.952
/Users/bround/Desktop/Датасеты/Dataset_Mendeley_data/Unlabelled _UAV_Videos/Flight Test 1/FT1_segments_of_interest/f3_mini_e/ir/5_minie3_range_far.mp4,229,1,146,281,170,295,propagated:0.945
/Users/bround/Desktop/Датасеты/Dataset_Mendeley_data/Unlabelled _UAV_Videos/Flight Test 1/FT1_segments_of_interest/f3_mini_e/ir/5_minie3_range_far.mp4,230,1,146,281,170,295,propagated:0.965
/Users/bround/Desktop/Датасеты/Dataset_Mendeley_data/Unlabelled _UAV_Videos/Flight Test 1/FT1_segments_of_interest/f3_mini_e/ir/5_minie3_range_far.mp4,231,1,136,280,160,294,propagated:0.956
/Users/bround/Desktop/Датасеты/Dataset_Mendeley_data/Unlabelled _UAV_Videos/Flight Test 1/FT1_segments_of_interest/f3_mini_e/ir/5_minie3_range_far.mp4,232,1,127,275,151,289,propagated:0.970
/Users/bround/Desktop/Датасеты/Dataset_Mendeley_data/Unlabelled _UAV_Videos/Flight Test 1/FT1_segments_of_interest/f3_mini_e/ir/5_minie3_range_far.mp4,233,1,126,276,150,290,propagated:0.977
/Users/bround/Desktop/Датасеты/Dataset_Mendeley_data/Unlabelled _UAV_Videos/Flight Test 1/FT1_segments_of_interest/f3_mini_e/ir/5_minie3_range_far.mp4,234,1,125,277,149,291,propagated:0.963
/Users/bround/Desktop/Датасеты/Dataset_Mendeley_data/Unlabelled _UAV_Videos/Flight Test 1/FT1_segments_of_interest/f3_mini_e/ir/5_minie3_range_far.mp4,235,1,126,276,150,290,propagated:0.972
/Users/bround/Desktop/Датасеты/Dataset_Mendeley_data/Unlabelled _UAV_Videos/Flight Test 1/FT1_segments_of_interest/f3_mini_e/ir/5_minie3_range_far.mp4,236,1,126,276,150,290,propagated:0.980
/Users/bround/Desktop/Датасеты/Dataset_Mendeley_data/Unlabelled _UAV_Videos/Flight Test 1/FT1_segments_of_interest/f3_mini_e/ir/5_minie3_range_far.mp4,237,1,124,269,148,283,propagated:0.970
/Users/bround/Desktop/Датасеты/Dataset_Mendeley_data/Unlabelled _UAV_Videos/Flight Test 1/FT1_segments_of_interest/f3_mini_e/ir/5_minie3_range_far.mp4,238,1,124,264,148,278,propagated:0.986
/Users/bround/Desktop/Датасеты/Dataset_Mendeley_data/Unlabelled _UAV_Videos/Flight Test 1/FT1_segments_of_interest/f3_mini_e/ir/5_minie3_range_far.mp4,239,1,121,257,145,271,propagated:0.962
/Users/bround/Desktop/Датасеты/Dataset_Mendeley_data/Unlabelled _UAV_Videos/Flight Test 1/FT1_segments_of_interest/f3_mini_e/ir/5_minie3_range_far.mp4,240,1,116,252,140,266,propagated:0.987
/Users/bround/Desktop/Датасеты/Dataset_Mendeley_data/Unlabelled _UAV_Videos/Flight Test 1/FT1_segments_of_interest/f3_mini_e/ir/5_minie3_range_far.mp4,241,1,116,252,140,266,propagated:0.958
/Users/bround/Desktop/Датасеты/Dataset_Mendeley_data/Unlabelled _UAV_Videos/Flight Test 1/FT1_segments_of_interest/f3_mini_e/ir/5_minie3_range_far.mp4,242,1,116,252,140,266,propagated:0.972
/Users/bround/Desktop/Датасеты/Dataset_Mendeley_data/Unlabelled _UAV_Videos/Flight Test 1/FT1_segments_of_interest/f3_mini_e/ir/5_minie3_range_far.mp4,243,1,121,253,145,267,propagated:0.991
/Users/bround/Desktop/Датасеты/Dataset_Mendeley_data/Unlabelled _UAV_Videos/Flight Test 1/FT1_segments_of_interest/f3_mini_e/ir/5_minie3_range_far.mp4,244,1,126,252,150,266,propagated:0.963
/Users/bround/Desktop/Датасеты/Dataset_Mendeley_data/Unlabelled _UAV_Videos/Flight Test 1/FT1_segments_of_interest/f3_mini_e/ir/5_minie3_range_far.mp4,245,1,132,248,156,262,propagated:0.970
/Users/bround/Desktop/Датасеты/Dataset_Mendeley_data/Unlabelled _UAV_Videos/Flight Test 1/FT1_segments_of_interest/f3_mini_e/ir/5_minie3_range_far.mp4,246,1,140,244,164,258,propagated:0.955
/Users/bround/Desktop/Датасеты/Dataset_Mendeley_data/Unlabelled _UAV_Videos/Flight Test 1/FT1_segments_of_interest/f3_mini_e/ir/5_minie3_range_far.mp4,247,1,140,244,164,258,propagated:0.967
/Users/bround/Desktop/Датасеты/Dataset_Mendeley_data/Unlabelled _UAV_Videos/Flight Test 1/FT1_segments_of_interest/f3_mini_e/ir/5_minie3_range_far.mp4,248,1,148,242,172,256,propagated:0.984
/Users/bround/Desktop/Датасеты/Dataset_Mendeley_data/Unlabelled _UAV_Videos/Flight Test 1/FT1_segments_of_interest/f3_mini_e/ir/5_minie3_range_far.mp4,249,1,157,241,181,255,propagated:0.974
/Users/bround/Desktop/Датасеты/Dataset_Mendeley_data/Unlabelled _UAV_Videos/Flight Test 1/FT1_segments_of_interest/f3_mini_e/ir/5_minie3_range_far.mp4,250,1,167,241,191,255,propagated:0.987
/Users/bround/Desktop/Датасеты/Dataset_Mendeley_data/Unlabelled _UAV_Videos/Flight Test 1/FT1_segments_of_interest/f3_mini_e/ir/5_minie3_range_far.mp4,251,1,174,240,198,254,propagated:0.962
/Users/bround/Desktop/Датасеты/Dataset_Mendeley_data/Unlabelled _UAV_Videos/Flight Test 1/FT1_segments_of_interest/f3_mini_e/ir/5_minie3_range_far.mp4,252,1,181,240,205,254,propagated:0.962
/Users/bround/Desktop/Датасеты/Dataset_Mendeley_data/Unlabelled _UAV_Videos/Flight Test 1/FT1_segments_of_interest/f3_mini_e/ir/5_minie3_range_far.mp4,253,1,187,238,211,252,propagated:0.968
/Users/bround/Desktop/Датасеты/Dataset_Mendeley_data/Unlabelled _UAV_Videos/Flight Test 1/FT1_segments_of_interest/f3_mini_e/ir/5_minie3_range_far.mp4,254,1,187,238,211,252,propagated:0.977
/Users/bround/Desktop/Датасеты/Dataset_Mendeley_data/Unlabelled _UAV_Videos/Flight Test 1/FT1_segments_of_interest/f3_mini_e/ir/5_minie3_range_far.mp4,255,1,192,239,216,253,propagated:0.976
/Users/bround/Desktop/Датасеты/Dataset_Mendeley_data/Unlabelled _UAV_Videos/Flight Test 1/FT1_segments_of_interest/f3_mini_e/ir/5_minie3_range_far.mp4,256,1,197,243,221,257,propagated:0.976
/Users/bround/Desktop/Датасеты/Dataset_Mendeley_data/Unlabelled _UAV_Videos/Flight Test 1/FT1_segments_of_interest/f3_mini_e/ir/5_minie3_range_far.mp4,257,1,199,242,223,256,propagated:0.987
/Users/bround/Desktop/Датасеты/Dataset_Mendeley_data/Unlabelled _UAV_Videos/Flight Test 1/FT1_segments_of_interest/f3_mini_e/ir/5_minie3_range_far.mp4,258,1,202,241,226,255,propagated:0.957
/Users/bround/Desktop/Датасеты/Dataset_Mendeley_data/Unlabelled _UAV_Videos/Flight Test 1/FT1_segments_of_interest/f3_mini_e/ir/5_minie3_range_far.mp4,259,1,202,241,226,255,propagated:0.969
/Users/bround/Desktop/Датасеты/Dataset_Mendeley_data/Unlabelled _UAV_Videos/Flight Test 1/FT1_segments_of_interest/f3_mini_e/ir/5_minie3_range_far.mp4,260,1,206,241,230,255,propagated:0.988
/Users/bround/Desktop/Датасеты/Dataset_Mendeley_data/Unlabelled _UAV_Videos/Flight Test 1/FT1_segments_of_interest/f3_mini_e/ir/5_minie3_range_far.mp4,261,1,210,240,234,254,propagated:0.970
/Users/bround/Desktop/Датасеты/Dataset_Mendeley_data/Unlabelled _UAV_Videos/Flight Test 1/FT1_segments_of_interest/f3_mini_e/ir/5_minie3_range_far.mp4,262,1,213,243,237,257,propagated:0.982
/Users/bround/Desktop/Датасеты/Dataset_Mendeley_data/Unlabelled _UAV_Videos/Flight Test 1/FT1_segments_of_interest/f3_mini_e/ir/5_minie3_range_far.mp4,263,1,209,248,233,262,propagated:0.949
/Users/bround/Desktop/Датасеты/Dataset_Mendeley_data/Unlabelled _UAV_Videos/Flight Test 1/FT1_segments_of_interest/f3_mini_e/ir/5_minie3_range_far.mp4,264,1,204,257,228,271,propagated:0.976
/Users/bround/Desktop/Датасеты/Dataset_Mendeley_data/Unlabelled _UAV_Videos/Flight Test 1/FT1_segments_of_interest/f3_mini_e/ir/5_minie3_range_far.mp4,265,1,203,262,227,276,propagated:0.977
/Users/bround/Desktop/Датасеты/Dataset_Mendeley_data/Unlabelled _UAV_Videos/Flight Test 1/FT1_segments_of_interest/f3_mini_e/ir/5_minie3_range_far.mp4,266,1,203,262,227,276,propagated:0.983
/Users/bround/Desktop/Датасеты/Dataset_Mendeley_data/Unlabelled _UAV_Videos/Flight Test 1/FT1_segments_of_interest/f3_mini_e/ir/5_minie3_range_far.mp4,267,1,201,259,225,273,propagated:0.985
/Users/bround/Desktop/Датасеты/Dataset_Mendeley_data/Unlabelled _UAV_Videos/Flight Test 1/FT1_segments_of_interest/f3_mini_e/ir/5_minie3_range_far.mp4,268,1,195,259,219,273,propagated:0.990
/Users/bround/Desktop/Датасеты/Dataset_Mendeley_data/Unlabelled _UAV_Videos/Flight Test 1/FT1_segments_of_interest/f3_mini_e/ir/5_minie3_range_far.mp4,269,1,192,260,216,274,propagated:0.989
/Users/bround/Desktop/Датасеты/Dataset_Mendeley_data/Unlabelled _UAV_Videos/Flight Test 1/FT1_segments_of_interest/f3_mini_e/ir/5_minie3_range_far.mp4,270,1,187,256,211,270,propagated:0.881
/Users/bround/Desktop/Датасеты/Dataset_Mendeley_data/Unlabelled _UAV_Videos/Flight Test 1/FT1_segments_of_interest/f3_mini_e/ir/5_minie3_range_far.mp4,271,1,183,245,207,259,propagated:0.948
/Users/bround/Desktop/Датасеты/Dataset_Mendeley_data/Unlabelled _UAV_Videos/Flight Test 1/FT1_segments_of_interest/f3_mini_e/ir/5_minie3_range_far.mp4,272,1,183,245,207,259,propagated:0.964
/Users/bround/Desktop/Датасеты/Dataset_Mendeley_data/Unlabelled _UAV_Videos/Flight Test 1/FT1_segments_of_interest/f3_mini_e/ir/5_minie3_range_far.mp4,273,1,181,244,205,258,propagated:0.982
/Users/bround/Desktop/Датасеты/Dataset_Mendeley_data/Unlabelled _UAV_Videos/Flight Test 1/FT1_segments_of_interest/f3_mini_e/ir/5_minie3_range_far.mp4,274,1,179,246,203,260,propagated:0.954
/Users/bround/Desktop/Датасеты/Dataset_Mendeley_data/Unlabelled _UAV_Videos/Flight Test 1/FT1_segments_of_interest/f3_mini_e/ir/5_minie3_range_far.mp4,275,1,179,247,203,261,propagated:0.951
/Users/bround/Desktop/Датасеты/Dataset_Mendeley_data/Unlabelled _UAV_Videos/Flight Test 1/FT1_segments_of_interest/f3_mini_e/ir/5_minie3_range_far.mp4,276,1,179,250,203,264,propagated:0.945
/Users/bround/Desktop/Датасеты/Dataset_Mendeley_data/Unlabelled _UAV_Videos/Flight Test 1/FT1_segments_of_interest/f3_mini_e/ir/5_minie3_range_far.mp4,277,1,177,251,201,265,propagated:0.953
/Users/bround/Desktop/Датасеты/Dataset_Mendeley_data/Unlabelled _UAV_Videos/Flight Test 1/FT1_segments_of_interest/f3_mini_e/ir/5_minie3_range_far.mp4,278,1,177,251,201,265,propagated:0.967
/Users/bround/Desktop/Датасеты/Dataset_Mendeley_data/Unlabelled _UAV_Videos/Flight Test 1/FT1_segments_of_interest/f3_mini_e/ir/5_minie3_range_far.mp4,279,1,178,253,202,267,propagated:0.966
/Users/bround/Desktop/Датасеты/Dataset_Mendeley_data/Unlabelled _UAV_Videos/Flight Test 1/FT1_segments_of_interest/f3_mini_e/ir/5_minie3_range_far.mp4,280,1,179,253,203,267,propagated:0.962
/Users/bround/Desktop/Датасеты/Dataset_Mendeley_data/Unlabelled _UAV_Videos/Flight Test 1/FT1_segments_of_interest/f3_mini_e/ir/5_minie3_range_far.mp4,281,1,180,253,204,267,propagated:0.984
/Users/bround/Desktop/Датасеты/Dataset_Mendeley_data/Unlabelled _UAV_Videos/Flight Test 1/FT1_segments_of_interest/f3_mini_e/ir/5_minie3_range_far.mp4,282,1,184,256,208,270,propagated:0.984
/Users/bround/Desktop/Датасеты/Dataset_Mendeley_data/Unlabelled _UAV_Videos/Flight Test 1/FT1_segments_of_interest/f3_mini_e/ir/5_minie3_range_far.mp4,283,1,188,256,212,270,propagated:0.992
/Users/bround/Desktop/Датасеты/Dataset_Mendeley_data/Unlabelled _UAV_Videos/Flight Test 1/FT1_segments_of_interest/f3_mini_e/ir/5_minie3_range_far.mp4,284,1,188,256,212,270,propagated:0.994
/Users/bround/Desktop/Датасеты/Dataset_Mendeley_data/Unlabelled _UAV_Videos/Flight Test 1/FT1_segments_of_interest/f3_mini_e/ir/5_minie3_range_far.mp4,285,1,192,259,216,273,propagated:0.976
/Users/bround/Desktop/Датасеты/Dataset_Mendeley_data/Unlabelled _UAV_Videos/Flight Test 1/FT1_segments_of_interest/f3_mini_e/ir/5_minie3_range_far.mp4,286,1,195,260,219,274,propagated:0.984
/Users/bround/Desktop/Датасеты/Dataset_Mendeley_data/Unlabelled _UAV_Videos/Flight Test 1/FT1_segments_of_interest/f3_mini_e/ir/5_minie3_range_far.mp4,287,1,198,255,222,269,propagated:0.977
/Users/bround/Desktop/Датасеты/Dataset_Mendeley_data/Unlabelled _UAV_Videos/Flight Test 1/FT1_segments_of_interest/f3_mini_e/ir/5_minie3_range_far.mp4,288,1,197,255,221,269,propagated:0.990
/Users/bround/Desktop/Датасеты/Dataset_Mendeley_data/Unlabelled _UAV_Videos/Flight Test 1/FT1_segments_of_interest/f3_mini_e/ir/5_minie3_range_far.mp4,289,1,195,261,219,275,propagated:0.972
/Users/bround/Desktop/Датасеты/Dataset_Mendeley_data/Unlabelled _UAV_Videos/Flight Test 1/FT1_segments_of_interest/f3_mini_e/ir/5_minie3_range_far.mp4,290,1,195,261,219,275,propagated:0.980
/Users/bround/Desktop/Датасеты/Dataset_Mendeley_data/Unlabelled _UAV_Videos/Flight Test 1/FT1_segments_of_interest/f3_mini_e/ir/5_minie3_range_far.mp4,291,1,197,257,221,271,propagated:0.960
/Users/bround/Desktop/Датасеты/Dataset_Mendeley_data/Unlabelled _UAV_Videos/Flight Test 1/FT1_segments_of_interest/f3_mini_e/ir/5_minie3_range_far.mp4,292,1,200,252,224,266,propagated:0.979
/Users/bround/Desktop/Датасеты/Dataset_Mendeley_data/Unlabelled _UAV_Videos/Flight Test 1/FT1_segments_of_interest/f3_mini_e/ir/5_minie3_range_far.mp4,293,1,204,254,228,268,propagated:0.973
/Users/bround/Desktop/Датасеты/Dataset_Mendeley_data/Unlabelled _UAV_Videos/Flight Test 1/FT1_segments_of_interest/f3_mini_e/ir/5_minie3_range_far.mp4,294,1,210,253,234,267,propagated:0.963
/Users/bround/Desktop/Датасеты/Dataset_Mendeley_data/Unlabelled _UAV_Videos/Flight Test 1/FT1_segments_of_interest/f3_mini_e/ir/5_minie3_range_far.mp4,295,1,217,246,241,260,propagated:0.965
/Users/bround/Desktop/Датасеты/Dataset_Mendeley_data/Unlabelled _UAV_Videos/Flight Test 1/FT1_segments_of_interest/f3_mini_e/ir/5_minie3_range_far.mp4,296,1,217,246,241,260,propagated:0.975
/Users/bround/Desktop/Датасеты/Dataset_Mendeley_data/Unlabelled _UAV_Videos/Flight Test 1/FT1_segments_of_interest/f3_mini_e/ir/5_minie3_range_far.mp4,297,1,224,244,248,258,propagated:0.957
/Users/bround/Desktop/Датасеты/Dataset_Mendeley_data/Unlabelled _UAV_Videos/Flight Test 1/FT1_segments_of_interest/f3_mini_e/ir/5_minie3_range_far.mp4,298,1,227,244,251,258,propagated:0.976
/Users/bround/Desktop/Датасеты/Dataset_Mendeley_data/Unlabelled _UAV_Videos/Flight Test 1/FT1_segments_of_interest/f3_mini_e/ir/5_minie3_range_far.mp4,299,1,239,244,263,258,propagated:0.968
/Users/bround/Desktop/Датасеты/Dataset_Mendeley_data/Unlabelled _UAV_Videos/Flight Test 1/FT1_segments_of_interest/f3_mini_e/ir/5_minie3_range_far.mp4,300,1,248,233,272,247,propagated:0.973
/Users/bround/Desktop/Датасеты/Dataset_Mendeley_data/Unlabelled _UAV_Videos/Flight Test 1/FT1_segments_of_interest/f3_mini_e/ir/5_minie3_range_far.mp4,301,1,253,227,277,241,propagated:0.984
/Users/bround/Desktop/Датасеты/Dataset_Mendeley_data/Unlabelled _UAV_Videos/Flight Test 1/FT1_segments_of_interest/f3_mini_e/ir/5_minie3_range_far.mp4,302,1,253,227,277,241,propagated:0.988
/Users/bround/Desktop/Датасеты/Dataset_Mendeley_data/Unlabelled _UAV_Videos/Flight Test 1/FT1_segments_of_interest/f3_mini_e/ir/5_minie3_range_far.mp4,303,1,262,236,286,250,propagated:0.929
/Users/bround/Desktop/Датасеты/Dataset_Mendeley_data/Unlabelled _UAV_Videos/Flight Test 1/FT1_segments_of_interest/f3_mini_e/ir/5_minie3_range_far.mp4,304,1,262,234,286,248,propagated:0.954
/Users/bround/Desktop/Датасеты/Dataset_Mendeley_data/Unlabelled _UAV_Videos/Flight Test 1/FT1_segments_of_interest/f3_mini_e/ir/5_minie3_range_far.mp4,305,1,272,228,296,242,propagated:0.952
/Users/bround/Desktop/Датасеты/Dataset_Mendeley_data/Unlabelled _UAV_Videos/Flight Test 1/FT1_segments_of_interest/f3_mini_e/ir/5_minie3_range_far.mp4,306,1,278,222,302,236,propagated:0.979
/Users/bround/Desktop/Датасеты/Dataset_Mendeley_data/Unlabelled _UAV_Videos/Flight Test 1/FT1_segments_of_interest/f3_mini_e/ir/5_minie3_range_far.mp4,307,1,278,222,302,236,propagated:0.984
/Users/bround/Desktop/Датасеты/Dataset_Mendeley_data/Unlabelled _UAV_Videos/Flight Test 1/FT1_segments_of_interest/f3_mini_e/ir/5_minie3_range_far.mp4,308,1,277,219,301,233,propagated:0.964
/Users/bround/Desktop/Датасеты/Dataset_Mendeley_data/Unlabelled _UAV_Videos/Flight Test 1/FT1_segments_of_interest/f3_mini_e/ir/5_minie3_range_far.mp4,309,1,285,216,309,230,propagated:0.978
/Users/bround/Desktop/Датасеты/Dataset_Mendeley_data/Unlabelled _UAV_Videos/Flight Test 1/FT1_segments_of_interest/f3_mini_e/ir/5_minie3_range_far.mp4,310,1,296,206,320,220,propagated:0.969
/Users/bround/Desktop/Датасеты/Dataset_Mendeley_data/Unlabelled _UAV_Videos/Flight Test 1/FT1_segments_of_interest/f3_mini_e/ir/5_minie3_range_far.mp4,311,1,292,201,316,215,propagated:0.973
/Users/bround/Desktop/Датасеты/Dataset_Mendeley_data/Unlabelled _UAV_Videos/Flight Test 1/FT1_segments_of_interest/f3_mini_e/ir/5_minie3_range_far.mp4,312,1,285,201,309,215,propagated:0.976
/Users/bround/Desktop/Датасеты/Dataset_Mendeley_data/Unlabelled _UAV_Videos/Flight Test 1/FT1_segments_of_interest/f3_mini_e/ir/5_minie3_range_far.mp4,313,1,276,207,300,221,propagated:0.866
/Users/bround/Desktop/Датасеты/Dataset_Mendeley_data/Unlabelled _UAV_Videos/Flight Test 1/FT1_segments_of_interest/f3_mini_e/ir/5_minie3_range_far.mp4,314,1,276,207,300,221,propagated:0.902
/Users/bround/Desktop/Датасеты/Dataset_Mendeley_data/Unlabelled _UAV_Videos/Flight Test 1/FT1_segments_of_interest/f3_mini_e/ir/5_minie3_range_far.mp4,315,1,264,220,288,234,propagated:0.966
/Users/bround/Desktop/Датасеты/Dataset_Mendeley_data/Unlabelled _UAV_Videos/Flight Test 1/FT1_segments_of_interest/f3_mini_e/ir/5_minie3_range_far.mp4,316,1,252,234,276,248,propagated:0.956
/Users/bround/Desktop/Датасеты/Dataset_Mendeley_data/Unlabelled _UAV_Videos/Flight Test 1/FT1_segments_of_interest/f3_mini_e/ir/5_minie3_range_far.mp4,317,1,240,243,264,257,propagated:0.960
/Users/bround/Desktop/Датасеты/Dataset_Mendeley_data/Unlabelled _UAV_Videos/Flight Test 1/FT1_segments_of_interest/f3_mini_e/ir/5_minie3_range_far.mp4,318,1,219,253,243,267,propagated:0.954
/Users/bround/Desktop/Датасеты/Dataset_Mendeley_data/Unlabelled _UAV_Videos/Flight Test 1/FT1_segments_of_interest/f3_mini_e/ir/5_minie3_range_far.mp4,319,1,219,253,243,267,propagated:0.971
/Users/bround/Desktop/Датасеты/Dataset_Mendeley_data/Unlabelled _UAV_Videos/Flight Test 1/FT1_segments_of_interest/f3_mini_e/ir/5_minie3_range_far.mp4,320,1,204,241,228,255,propagated:0.962
/Users/bround/Desktop/Датасеты/Dataset_Mendeley_data/Unlabelled _UAV_Videos/Flight Test 1/FT1_segments_of_interest/f3_mini_e/ir/5_minie3_range_far.mp4,321,1,197,244,221,258,propagated:0.931
/Users/bround/Desktop/Датасеты/Dataset_Mendeley_data/Unlabelled _UAV_Videos/Flight Test 1/FT1_segments_of_interest/f3_mini_e/ir/5_minie3_range_far.mp4,322,1,193,260,217,274,propagated:0.966
/Users/bround/Desktop/Датасеты/Dataset_Mendeley_data/Unlabelled _UAV_Videos/Flight Test 1/FT1_segments_of_interest/f3_mini_e/ir/5_minie3_range_far.mp4,323,1,183,263,207,277,propagated:0.951
/Users/bround/Desktop/Датасеты/Dataset_Mendeley_data/Unlabelled _UAV_Videos/Flight Test 1/FT1_segments_of_interest/f3_mini_e/ir/5_minie3_range_far.mp4,324,1,175,255,199,269,propagated:0.943
/Users/bround/Desktop/Датасеты/Dataset_Mendeley_data/Unlabelled _UAV_Videos/Flight Test 1/FT1_segments_of_interest/f3_mini_e/ir/5_minie3_range_far.mp4,325,1,171,252,195,266,propagated:0.961
/Users/bround/Desktop/Датасеты/Dataset_Mendeley_data/Unlabelled _UAV_Videos/Flight Test 1/FT1_segments_of_interest/f3_mini_e/ir/5_minie3_range_far.mp4,326,1,171,252,195,266,propagated:0.974
/Users/bround/Desktop/Датасеты/Dataset_Mendeley_data/Unlabelled _UAV_Videos/Flight Test 1/FT1_segments_of_interest/f3_mini_e/ir/5_minie3_range_far.mp4,327,1,171,252,195,266,propagated:0.959
/Users/bround/Desktop/Датасеты/Dataset_Mendeley_data/Unlabelled _UAV_Videos/Flight Test 1/FT1_segments_of_interest/f3_mini_e/ir/5_minie3_range_far.mp4,328,1,172,256,196,270,propagated:0.968
/Users/bround/Desktop/Датасеты/Dataset_Mendeley_data/Unlabelled _UAV_Videos/Flight Test 1/FT1_segments_of_interest/f3_mini_e/ir/5_minie3_range_far.mp4,329,1,171,258,195,272,propagated:0.978
/Users/bround/Desktop/Датасеты/Dataset_Mendeley_data/Unlabelled _UAV_Videos/Flight Test 1/FT1_segments_of_interest/f3_mini_e/ir/5_minie3_range_far.mp4,330,1,175,257,199,271,propagated:0.968
/Users/bround/Desktop/Датасеты/Dataset_Mendeley_data/Unlabelled _UAV_Videos/Flight Test 1/FT1_segments_of_interest/f3_mini_e/ir/5_minie3_range_far.mp4,331,1,176,256,200,270,propagated:0.962
/Users/bround/Desktop/Датасеты/Dataset_Mendeley_data/Unlabelled _UAV_Videos/Flight Test 1/FT1_segments_of_interest/f3_mini_e/ir/5_minie3_range_far.mp4,332,1,176,256,200,270,propagated:0.973
/Users/bround/Desktop/Датасеты/Dataset_Mendeley_data/Unlabelled _UAV_Videos/Flight Test 1/FT1_segments_of_interest/f3_mini_e/ir/5_minie3_range_far.mp4,333,1,175,260,199,274,propagated:0.982
/Users/bround/Desktop/Датасеты/Dataset_Mendeley_data/Unlabelled _UAV_Videos/Flight Test 1/FT1_segments_of_interest/f3_mini_e/ir/5_minie3_range_far.mp4,334,1,177,262,201,276,propagated:0.977
/Users/bround/Desktop/Датасеты/Dataset_Mendeley_data/Unlabelled _UAV_Videos/Flight Test 1/FT1_segments_of_interest/f3_mini_e/ir/5_minie3_range_far.mp4,335,1,184,260,208,274,propagated:0.975
/Users/bround/Desktop/Датасеты/Dataset_Mendeley_data/Unlabelled _UAV_Videos/Flight Test 1/FT1_segments_of_interest/f3_mini_e/ir/5_minie3_range_far.mp4,336,1,194,264,218,278,propagated:0.958
/Users/bround/Desktop/Датасеты/Dataset_Mendeley_data/Unlabelled _UAV_Videos/Flight Test 1/FT1_segments_of_interest/f3_mini_e/ir/5_minie3_range_far.mp4,337,1,204,267,228,281,propagated:0.981
/Users/bround/Desktop/Датасеты/Dataset_Mendeley_data/Unlabelled _UAV_Videos/Flight Test 1/FT1_segments_of_interest/f3_mini_e/ir/5_minie3_range_far.mp4,338,1,204,267,228,281,propagated:0.985
/Users/bround/Desktop/Датасеты/Dataset_Mendeley_data/Unlabelled _UAV_Videos/Flight Test 1/FT1_segments_of_interest/f3_mini_e/ir/5_minie3_range_far.mp4,339,1,204,266,228,280,propagated:0.978
/Users/bround/Desktop/Датасеты/Dataset_Mendeley_data/Unlabelled _UAV_Videos/Flight Test 1/FT1_segments_of_interest/f3_mini_e/ir/5_minie3_range_far.mp4,340,1,201,267,225,281,propagated:0.989
/Users/bround/Desktop/Датасеты/Dataset_Mendeley_data/Unlabelled _UAV_Videos/Flight Test 1/FT1_segments_of_interest/f3_mini_e/ir/5_minie3_range_far.mp4,341,1,200,268,224,282,propagated:0.959
/Users/bround/Desktop/Датасеты/Dataset_Mendeley_data/Unlabelled _UAV_Videos/Flight Test 1/FT1_segments_of_interest/f3_mini_e/ir/5_minie3_range_far.mp4,342,1,196,271,220,285,propagated:0.984
/Users/bround/Desktop/Датасеты/Dataset_Mendeley_data/Unlabelled _UAV_Videos/Flight Test 1/FT1_segments_of_interest/f3_mini_e/ir/5_minie3_range_far.mp4,343,1,184,271,208,285,propagated:0.956
/Users/bround/Desktop/Датасеты/Dataset_Mendeley_data/Unlabelled _UAV_Videos/Flight Test 1/FT1_segments_of_interest/f3_mini_e/ir/5_minie3_range_far.mp4,344,1,184,271,208,285,propagated:0.969
/Users/bround/Desktop/Датасеты/Dataset_Mendeley_data/Unlabelled _UAV_Videos/Flight Test 1/FT1_segments_of_interest/f3_mini_e/ir/5_minie3_range_far.mp4,345,1,176,274,200,288,propagated:0.980
/Users/bround/Desktop/Датасеты/Dataset_Mendeley_data/Unlabelled _UAV_Videos/Flight Test 1/FT1_segments_of_interest/f3_mini_e/ir/5_minie3_range_far.mp4,346,1,171,276,195,290,propagated:0.985
/Users/bround/Desktop/Датасеты/Dataset_Mendeley_data/Unlabelled _UAV_Videos/Flight Test 1/FT1_segments_of_interest/f3_mini_e/ir/5_minie3_range_far.mp4,347,1,165,277,189,291,propagated:0.955
/Users/bround/Desktop/Датасеты/Dataset_Mendeley_data/Unlabelled _UAV_Videos/Flight Test 1/FT1_segments_of_interest/f3_mini_e/ir/5_minie3_range_far.mp4,348,1,160,278,184,292,propagated:0.970
/Users/bround/Desktop/Датасеты/Dataset_Mendeley_data/Unlabelled _UAV_Videos/Flight Test 1/FT1_segments_of_interest/f3_mini_e/ir/5_minie3_range_far.mp4,349,1,158,277,182,291,propagated:0.983
/Users/bround/Desktop/Датасеты/Dataset_Mendeley_data/Unlabelled _UAV_Videos/Flight Test 1/FT1_segments_of_interest/f3_mini_e/ir/5_minie3_range_far.mp4,350,1,158,277,182,291,propagated:0.989
/Users/bround/Desktop/Датасеты/Dataset_Mendeley_data/Unlabelled _UAV_Videos/Flight Test 1/FT1_segments_of_interest/f3_mini_e/ir/5_minie3_range_far.mp4,351,1,153,280,177,294,propagated:0.988
/Users/bround/Desktop/Датасеты/Dataset_Mendeley_data/Unlabelled _UAV_Videos/Flight Test 1/FT1_segments_of_interest/f3_mini_e/ir/5_minie3_range_far.mp4,352,1,151,281,175,295,propagated:0.994
/Users/bround/Desktop/Датасеты/Dataset_Mendeley_data/Unlabelled _UAV_Videos/Flight Test 1/FT1_segments_of_interest/f3_mini_e/ir/5_minie3_range_far.mp4,353,1,151,278,175,292,propagated:0.945
/Users/bround/Desktop/Датасеты/Dataset_Mendeley_data/Unlabelled _UAV_Videos/Flight Test 1/FT1_segments_of_interest/f3_mini_e/ir/5_minie3_range_far.mp4,354,1,150,272,174,286,propagated:0.983
/Users/bround/Desktop/Датасеты/Dataset_Mendeley_data/Unlabelled _UAV_Videos/Flight Test 1/FT1_segments_of_interest/f3_mini_e/ir/5_minie3_range_far.mp4,355,1,154,270,178,284,propagated:0.981
/Users/bround/Desktop/Датасеты/Dataset_Mendeley_data/Unlabelled _UAV_Videos/Flight Test 1/FT1_segments_of_interest/f3_mini_e/ir/5_minie3_range_far.mp4,356,1,154,270,178,284,propagated:0.986
/Users/bround/Desktop/Датасеты/Dataset_Mendeley_data/Unlabelled _UAV_Videos/Flight Test 1/FT1_segments_of_interest/f3_mini_e/ir/5_minie3_range_far.mp4,357,1,161,267,185,281,propagated:0.981
/Users/bround/Desktop/Датасеты/Dataset_Mendeley_data/Unlabelled _UAV_Videos/Flight Test 1/FT1_segments_of_interest/f3_mini_e/ir/5_minie3_range_far.mp4,358,1,169,264,193,278,propagated:0.975
/Users/bround/Desktop/Датасеты/Dataset_Mendeley_data/Unlabelled _UAV_Videos/Flight Test 1/FT1_segments_of_interest/f3_mini_e/ir/5_minie3_range_far.mp4,359,1,175,258,199,272,propagated:0.972
/Users/bround/Desktop/Датасеты/Dataset_Mendeley_data/Unlabelled _UAV_Videos/Flight Test 1/FT1_segments_of_interest/f3_mini_e/ir/5_minie3_range_far.mp4,360,1,180,253,204,267,propagated:0.963
/Users/bround/Desktop/Датасеты/Dataset_Mendeley_data/Unlabelled _UAV_Videos/Flight Test 1/FT1_segments_of_interest/f3_mini_e/ir/5_minie3_range_far.mp4,361,1,185,258,209,272,propagated:0.957
/Users/bround/Desktop/Датасеты/Dataset_Mendeley_data/Unlabelled _UAV_Videos/Flight Test 1/FT1_segments_of_interest/f3_mini_e/ir/5_minie3_range_far.mp4,362,1,185,258,209,272,propagated:0.970
/Users/bround/Desktop/Датасеты/Dataset_Mendeley_data/Unlabelled _UAV_Videos/Flight Test 1/FT1_segments_of_interest/f3_mini_e/ir/5_minie3_range_far.mp4,363,1,192,263,216,277,propagated:0.956
/Users/bround/Desktop/Датасеты/Dataset_Mendeley_data/Unlabelled _UAV_Videos/Flight Test 1/FT1_segments_of_interest/f3_mini_e/ir/5_minie3_range_far.mp4,364,1,200,259,224,273,propagated:0.957
/Users/bround/Desktop/Датасеты/Dataset_Mendeley_data/Unlabelled _UAV_Videos/Flight Test 1/FT1_segments_of_interest/f3_mini_e/ir/5_minie3_range_far.mp4,365,1,200,259,224,273,propagated:0.967
/Users/bround/Desktop/Датасеты/Dataset_Mendeley_data/Unlabelled _UAV_Videos/Flight Test 1/FT1_segments_of_interest/f3_mini_e/ir/5_minie3_range_far.mp4,366,1,204,262,228,276,propagated:0.978
/Users/bround/Desktop/Датасеты/Dataset_Mendeley_data/Unlabelled _UAV_Videos/Flight Test 1/FT1_segments_of_interest/f3_mini_e/ir/5_minie3_range_far.mp4,367,1,209,262,233,276,propagated:0.980
/Users/bround/Desktop/Датасеты/Dataset_Mendeley_data/Unlabelled _UAV_Videos/Flight Test 1/FT1_segments_of_interest/f3_mini_e/ir/5_minie3_range_far.mp4,368,1,209,262,233,276,propagated:0.986
/Users/bround/Desktop/Датасеты/Dataset_Mendeley_data/Unlabelled _UAV_Videos/Flight Test 1/FT1_segments_of_interest/f3_mini_e/ir/5_minie3_range_far.mp4,369,1,209,263,233,277,propagated:0.972
/Users/bround/Desktop/Датасеты/Dataset_Mendeley_data/Unlabelled _UAV_Videos/Flight Test 1/FT1_segments_of_interest/f3_mini_e/ir/5_minie3_range_far.mp4,370,1,208,263,232,277,propagated:0.977
/Users/bround/Desktop/Датасеты/Dataset_Mendeley_data/Unlabelled _UAV_Videos/Flight Test 1/FT1_segments_of_interest/f3_mini_e/ir/5_minie3_range_far.mp4,371,1,203,269,227,283,propagated:0.965
/Users/bround/Desktop/Датасеты/Dataset_Mendeley_data/Unlabelled _UAV_Videos/Flight Test 1/FT1_segments_of_interest/f3_mini_e/ir/5_minie3_range_far.mp4,372,1,201,274,225,288,propagated:0.980
/Users/bround/Desktop/Датасеты/Dataset_Mendeley_data/Unlabelled _UAV_Videos/Flight Test 1/FT1_segments_of_interest/f3_mini_e/ir/5_minie3_range_far.mp4,373,1,200,272,224,286,propagated:0.992
/Users/bround/Desktop/Датасеты/Dataset_Mendeley_data/Unlabelled _UAV_Videos/Flight Test 1/FT1_segments_of_interest/f3_mini_e/ir/5_minie3_range_far.mp4,374,1,200,272,224,286,propagated:0.992
/Users/bround/Desktop/Датасеты/Dataset_Mendeley_data/Unlabelled _UAV_Videos/Flight Test 1/FT1_segments_of_interest/f3_mini_e/ir/5_minie3_range_far.mp4,375,1,194,269,218,283,propagated:0.978
/Users/bround/Desktop/Датасеты/Dataset_Mendeley_data/Unlabelled _UAV_Videos/Flight Test 1/FT1_segments_of_interest/f3_mini_e/ir/5_minie3_range_far.mp4,376,1,188,267,212,281,propagated:0.972
/Users/bround/Desktop/Датасеты/Dataset_Mendeley_data/Unlabelled _UAV_Videos/Flight Test 1/FT1_segments_of_interest/f3_mini_e/ir/5_minie3_range_far.mp4,377,1,190,271,214,285,propagated:0.988
/Users/bround/Desktop/Датасеты/Dataset_Mendeley_data/Unlabelled _UAV_Videos/Flight Test 1/FT1_segments_of_interest/f3_mini_e/ir/5_minie3_range_far.mp4,378,1,192,270,216,284,propagated:0.983
/Users/bround/Desktop/Датасеты/Dataset_Mendeley_data/Unlabelled _UAV_Videos/Flight Test 1/FT1_segments_of_interest/f3_mini_e/ir/5_minie3_range_far.mp4,379,1,191,268,215,282,propagated:0.992
/Users/bround/Desktop/Датасеты/Dataset_Mendeley_data/Unlabelled _UAV_Videos/Flight Test 1/FT1_segments_of_interest/f3_mini_e/ir/5_minie3_range_far.mp4,380,1,191,268,215,282,propagated:0.994
/Users/bround/Desktop/Датасеты/Dataset_Mendeley_data/Unlabelled _UAV_Videos/Flight Test 1/FT1_segments_of_interest/f3_mini_e/ir/5_minie3_range_far.mp4,381,1,192,269,216,283,propagated:0.966
/Users/bround/Desktop/Датасеты/Dataset_Mendeley_data/Unlabelled _UAV_Videos/Flight Test 1/FT1_segments_of_interest/f3_mini_e/ir/5_minie3_range_far.mp4,382,1,193,262,217,276,propagated:0.972
/Users/bround/Desktop/Датасеты/Dataset_Mendeley_data/Unlabelled _UAV_Videos/Flight Test 1/FT1_segments_of_interest/f3_mini_e/ir/5_minie3_range_far.mp4,383,1,186,254,210,268,propagated:0.950
/Users/bround/Desktop/Датасеты/Dataset_Mendeley_data/Unlabelled _UAV_Videos/Flight Test 1/FT1_segments_of_interest/f3_mini_e/ir/5_minie3_range_far.mp4,384,1,170,250,194,264,propagated:0.935
/Users/bround/Desktop/Датасеты/Dataset_Mendeley_data/Unlabelled _UAV_Videos/Flight Test 1/FT1_segments_of_interest/f3_mini_e/ir/5_minie3_range_far.mp4,385,1,153,250,177,264,propagated:0.945
/Users/bround/Desktop/Датасеты/Dataset_Mendeley_data/Unlabelled _UAV_Videos/Flight Test 1/FT1_segments_of_interest/f3_mini_e/ir/5_minie3_range_far.mp4,386,1,153,250,177,264,propagated:0.963
/Users/bround/Desktop/Датасеты/Dataset_Mendeley_data/Unlabelled _UAV_Videos/Flight Test 1/FT1_segments_of_interest/f3_mini_e/ir/5_minie3_range_far.mp4,387,1,140,258,164,272,propagated:0.948
/Users/bround/Desktop/Датасеты/Dataset_Mendeley_data/Unlabelled _UAV_Videos/Flight Test 1/FT1_segments_of_interest/f3_mini_e/ir/5_minie3_range_far.mp4,388,1,131,265,155,279,propagated:0.946
/Users/bround/Desktop/Датасеты/Dataset_Mendeley_data/Unlabelled _UAV_Videos/Flight Test 1/FT1_segments_of_interest/f3_mini_e/ir/5_minie3_range_far.mp4,389,1,131,265,155,279,propagated:0.981
/Users/bround/Desktop/Датасеты/Dataset_Mendeley_data/Unlabelled _UAV_Videos/Flight Test 1/FT1_segments_of_interest/f3_mini_e/ir/5_minie3_range_far.mp4,390,1,140,261,164,275,propagated:0.981
/Users/bround/Desktop/Датасеты/Dataset_Mendeley_data/Unlabelled _UAV_Videos/Flight Test 1/FT1_segments_of_interest/f3_mini_e/ir/5_minie3_range_far.mp4,391,1,142,259,166,273,propagated:0.985
/Users/bround/Desktop/Датасеты/Dataset_Mendeley_data/Unlabelled _UAV_Videos/Flight Test 1/FT1_segments_of_interest/f3_mini_e/ir/5_minie3_range_far.mp4,392,1,142,259,166,273,propagated:0.990
/Users/bround/Desktop/Датасеты/Dataset_Mendeley_data/Unlabelled _UAV_Videos/Flight Test 1/FT1_segments_of_interest/f3_mini_e/ir/5_minie3_range_far.mp4,393,1,145,258,169,272,propagated:0.990
/Users/bround/Desktop/Датасеты/Dataset_Mendeley_data/Unlabelled _UAV_Videos/Flight Test 1/FT1_segments_of_interest/f3_mini_e/ir/5_minie3_range_far.mp4,394,1,159,250,183,264,propagated:0.968
/Users/bround/Desktop/Датасеты/Dataset_Mendeley_data/Unlabelled _UAV_Videos/Flight Test 1/FT1_segments_of_interest/f3_mini_e/ir/5_minie3_range_far.mp4,395,1,174,246,198,260,propagated:0.976
/Users/bround/Desktop/Датасеты/Dataset_Mendeley_data/Unlabelled _UAV_Videos/Flight Test 1/FT1_segments_of_interest/f3_mini_e/ir/5_minie3_range_far.mp4,396,1,183,249,207,263,propagated:0.964
/Users/bround/Desktop/Датасеты/Dataset_Mendeley_data/Unlabelled _UAV_Videos/Flight Test 1/FT1_segments_of_interest/f3_mini_e/ir/5_minie3_range_far.mp4,397,1,188,249,212,263,propagated:0.960
/Users/bround/Desktop/Датасеты/Dataset_Mendeley_data/Unlabelled _UAV_Videos/Flight Test 1/FT1_segments_of_interest/f3_mini_e/ir/5_minie3_range_far.mp4,398,1,188,249,212,263,propagated:0.971
/Users/bround/Desktop/Датасеты/Dataset_Mendeley_data/Unlabelled _UAV_Videos/Flight Test 1/FT1_segments_of_interest/f3_mini_e/ir/5_minie3_range_far.mp4,399,1,190,248,214,262,propagated:0.972
/Users/bround/Desktop/Датасеты/Dataset_Mendeley_data/Unlabelled _UAV_Videos/Flight Test 1/FT1_segments_of_interest/f3_mini_e/ir/5_minie3_range_far.mp4,400,1,195,248,219,262,propagated:0.986
/Users/bround/Desktop/Датасеты/Dataset_Mendeley_data/Unlabelled _UAV_Videos/Flight Test 1/FT1_segments_of_interest/f3_mini_e/ir/5_minie3_range_far.mp4,401,1,204,244,228,258,propagated:0.952
/Users/bround/Desktop/Датасеты/Dataset_Mendeley_data/Unlabelled _UAV_Videos/Flight Test 1/FT1_segments_of_interest/f3_mini_e/ir/5_minie3_range_far.mp4,402,1,201,241,225,255,propagated:0.969
/Users/bround/Desktop/Датасеты/Dataset_Mendeley_data/Unlabelled _UAV_Videos/Flight Test 1/FT1_segments_of_interest/f3_mini_e/ir/5_minie3_range_far.mp4,403,1,191,237,215,251,propagated:0.984
/Users/bround/Desktop/Датасеты/Dataset_Mendeley_data/Unlabelled _UAV_Videos/Flight Test 1/FT1_segments_of_interest/f3_mini_e/ir/5_minie3_range_far.mp4,404,1,191,237,215,251,propagated:0.988
/Users/bround/Desktop/Датасеты/Dataset_Mendeley_data/Unlabelled _UAV_Videos/Flight Test 1/FT1_segments_of_interest/f3_mini_e/ir/5_minie3_range_far.mp4,405,1,182,235,206,249,propagated:0.991
/Users/bround/Desktop/Датасеты/Dataset_Mendeley_data/Unlabelled _UAV_Videos/Flight Test 1/FT1_segments_of_interest/f3_mini_e/ir/5_minie3_range_far.mp4,406,1,176,236,200,250,propagated:0.975
/Users/bround/Desktop/Датасеты/Dataset_Mendeley_data/Unlabelled _UAV_Videos/Flight Test 1/FT1_segments_of_interest/f3_mini_e/ir/5_minie3_range_far.mp4,407,1,171,243,195,257,propagated:0.944
/Users/bround/Desktop/Датасеты/Dataset_Mendeley_data/Unlabelled _UAV_Videos/Flight Test 1/FT1_segments_of_interest/f3_mini_e/ir/5_minie3_range_far.mp4,408,1,180,239,204,253,propagated:0.938
/Users/bround/Desktop/Датасеты/Dataset_Mendeley_data/Unlabelled _UAV_Videos/Flight Test 1/FT1_segments_of_interest/f3_mini_e/ir/5_minie3_range_far.mp4,409,1,198,239,222,253,propagated:0.831
/Users/bround/Desktop/Датасеты/Dataset_Mendeley_data/Unlabelled _UAV_Videos/Flight Test 1/FT1_segments_of_interest/f3_mini_e/ir/5_minie3_range_far.mp4,410,1,198,239,222,253,propagated:0.869
/Users/bround/Desktop/Датасеты/Dataset_Mendeley_data/Unlabelled _UAV_Videos/Flight Test 1/FT1_segments_of_interest/f3_mini_e/ir/5_minie3_range_far.mp4,411,1,218,237,242,251,propagated:0.906
/Users/bround/Desktop/Датасеты/Dataset_Mendeley_data/Unlabelled _UAV_Videos/Flight Test 1/FT1_segments_of_interest/f3_mini_e/ir/5_minie3_range_far.mp4,412,1,239,242,263,256,propagated:0.690
/Users/bround/Desktop/Датасеты/Dataset_Mendeley_data/Unlabelled _UAV_Videos/Flight Test 1/FT1_segments_of_interest/f3_mini_e/ir/5_minie3_range_far.mp4,413,1,234,244,258,258,propagated:0.834
/Users/bround/Desktop/Датасеты/Dataset_Mendeley_data/Unlabelled _UAV_Videos/Flight Test 1/FT1_segments_of_interest/f3_mini_e/ir/5_minie3_range_far.mp4,414,1,239,250,263,264,propagated:0.861
/Users/bround/Desktop/Датасеты/Dataset_Mendeley_data/Unlabelled _UAV_Videos/Flight Test 1/FT1_segments_of_interest/f3_mini_e/ir/5_minie3_range_far.mp4,415,1,224,260,248,274,propagated:0.886
/Users/bround/Desktop/Датасеты/Dataset_Mendeley_data/Unlabelled _UAV_Videos/Flight Test 1/FT1_segments_of_interest/f3_mini_e/ir/5_minie3_range_far.mp4,416,1,224,260,248,274,propagated:0.909
/Users/bround/Desktop/Датасеты/Dataset_Mendeley_data/Unlabelled _UAV_Videos/Flight Test 1/FT1_segments_of_interest/f3_mini_e/ir/5_minie3_range_far.mp4,417,1,227,250,251,264,propagated:0.939
/Users/bround/Desktop/Датасеты/Dataset_Mendeley_data/Unlabelled _UAV_Videos/Flight Test 1/FT1_segments_of_interest/f3_mini_e/ir/5_minie3_range_far.mp4,418,1,231,229,255,243,propagated:0.947
/Users/bround/Desktop/Датасеты/Dataset_Mendeley_data/Unlabelled _UAV_Videos/Flight Test 1/FT1_segments_of_interest/f3_mini_e/ir/5_minie3_range_far.mp4,419,1,226,234,250,248,propagated:0.965
/Users/bround/Desktop/Датасеты/Dataset_Mendeley_data/Unlabelled _UAV_Videos/Flight Test 1/FT1_segments_of_interest/f3_mini_e/ir/5_minie3_range_far.mp4,420,1,224,253,248,267,propagated:0.967
/Users/bround/Desktop/Датасеты/Dataset_Mendeley_data/Unlabelled _UAV_Videos/Flight Test 1/FT1_segments_of_interest/f3_mini_e/ir/5_minie3_range_far.mp4,421,1,225,249,249,263,propagated:0.976
/Users/bround/Desktop/Датасеты/Dataset_Mendeley_data/Unlabelled _UAV_Videos/Flight Test 1/FT1_segments_of_interest/f3_mini_e/ir/5_minie3_range_far.mp4,422,1,331,250,353,266,manual
/Users/bround/Desktop/Датасеты/Dataset_Mendeley_data/Unlabelled _UAV_Videos/Flight Test 1/FT1_segments_of_interest/f3_mini_e/ir/5_minie3_range_far.mp4,423,1,328,235,353,255,manual
/Users/bround/Desktop/Датасеты/Dataset_Mendeley_data/Unlabelled _UAV_Videos/Flight Test 1/FT1_segments_of_interest/f3_mini_e/ir/5_minie3_range_far.mp4,425,1,327,240,352,260,propagated:0.931
/Users/bround/Desktop/Датасеты/Dataset_Mendeley_data/Unlabelled _UAV_Videos/Flight Test 1/FT1_segments_of_interest/f3_mini_e/ir/5_minie3_range_far.mp4,426,1,326,243,351,263,propagated:0.943
/Users/bround/Desktop/Датасеты/Dataset_Mendeley_data/Unlabelled _UAV_Videos/Flight Test 1/FT1_segments_of_interest/f3_mini_e/ir/5_minie3_range_far.mp4,427,1,322,256,347,276,propagated:0.902
/Users/bround/Desktop/Датасеты/Dataset_Mendeley_data/Unlabelled _UAV_Videos/Flight Test 1/FT1_segments_of_interest/f3_mini_e/ir/5_minie3_range_far.mp4,428,1,322,256,347,276,propagated:0.925
/Users/bround/Desktop/Датасеты/Dataset_Mendeley_data/Unlabelled _UAV_Videos/Flight Test 1/FT1_segments_of_interest/f3_mini_e/ir/5_minie3_range_far.mp4,429,1,317,260,342,280,propagated:0.956
/Users/bround/Desktop/Датасеты/Dataset_Mendeley_data/Unlabelled _UAV_Videos/Flight Test 1/FT1_segments_of_interest/f3_mini_e/ir/5_minie3_range_far.mp4,430,1,315,266,340,286,propagated:0.938
/Users/bround/Desktop/Датасеты/Dataset_Mendeley_data/Unlabelled _UAV_Videos/Flight Test 1/FT1_segments_of_interest/f3_mini_e/ir/5_minie3_range_far.mp4,431,1,311,275,336,295,propagated:0.939
/Users/bround/Desktop/Датасеты/Dataset_Mendeley_data/Unlabelled _UAV_Videos/Flight Test 1/FT1_segments_of_interest/f3_mini_e/ir/5_minie3_range_far.mp4,432,1,308,291,333,311,propagated:0.893
/Users/bround/Desktop/Датасеты/Dataset_Mendeley_data/Unlabelled _UAV_Videos/Flight Test 1/FT1_segments_of_interest/f3_mini_e/ir/5_minie3_range_far.mp4,433,1,301,300,326,320,propagated:0.922
/Users/bround/Desktop/Датасеты/Dataset_Mendeley_data/Unlabelled _UAV_Videos/Flight Test 1/FT1_segments_of_interest/f3_mini_e/ir/5_minie3_range_far.mp4,434,1,301,300,326,320,propagated:0.942
/Users/bround/Desktop/Датасеты/Dataset_Mendeley_data/Unlabelled _UAV_Videos/Flight Test 1/FT1_segments_of_interest/f3_mini_e/ir/5_minie3_range_far.mp4,435,1,288,309,313,329,propagated:0.970
/Users/bround/Desktop/Датасеты/Dataset_Mendeley_data/Unlabelled _UAV_Videos/Flight Test 1/FT1_segments_of_interest/f3_mini_e/ir/5_minie3_range_far.mp4,436,1,280,318,305,338,propagated:0.954
/Users/bround/Desktop/Датасеты/Dataset_Mendeley_data/Unlabelled _UAV_Videos/Flight Test 1/FT1_segments_of_interest/f3_mini_e/ir/5_minie3_range_far.mp4,437,1,272,320,297,340,propagated:0.937
/Users/bround/Desktop/Датасеты/Dataset_Mendeley_data/Unlabelled _UAV_Videos/Flight Test 1/FT1_segments_of_interest/f3_mini_e/ir/5_minie3_range_far.mp4,438,1,266,306,291,326,propagated:0.789
/Users/bround/Desktop/Датасеты/Dataset_Mendeley_data/Unlabelled _UAV_Videos/Flight Test 1/FT1_segments_of_interest/f3_mini_e/ir/5_minie3_range_far.mp4,439,1,266,306,291,326,propagated:0.846
/Users/bround/Desktop/Датасеты/Dataset_Mendeley_data/Unlabelled _UAV_Videos/Flight Test 1/FT1_segments_of_interest/f3_mini_e/ir/5_minie3_range_far.mp4,440,1,261,293,286,313,propagated:0.905
/Users/bround/Desktop/Датасеты/Dataset_Mendeley_data/Unlabelled _UAV_Videos/Flight Test 1/FT1_segments_of_interest/f3_mini_e/ir/5_minie3_range_far.mp4,441,1,255,283,280,303,propagated:0.918
/Users/bround/Desktop/Датасеты/Dataset_Mendeley_data/Unlabelled _UAV_Videos/Flight Test 1/FT1_segments_of_interest/f3_mini_e/ir/5_minie3_range_far.mp4,442,1,248,277,273,297,propagated:0.938
/Users/bround/Desktop/Датасеты/Dataset_Mendeley_data/Unlabelled _UAV_Videos/Flight Test 1/FT1_segments_of_interest/f3_mini_e/ir/5_minie3_range_far.mp4,443,1,238,271,263,291,propagated:0.926
/Users/bround/Desktop/Датасеты/Dataset_Mendeley_data/Unlabelled _UAV_Videos/Flight Test 1/FT1_segments_of_interest/f3_mini_e/ir/5_minie3_range_far.mp4,444,1,228,258,253,278,propagated:0.944
/Users/bround/Desktop/Датасеты/Dataset_Mendeley_data/Unlabelled _UAV_Videos/Flight Test 1/FT1_segments_of_interest/f3_mini_e/ir/5_minie3_range_far.mp4,445,1,219,249,244,269,propagated:0.934
/Users/bround/Desktop/Датасеты/Dataset_Mendeley_data/Unlabelled _UAV_Videos/Flight Test 1/FT1_segments_of_interest/f3_mini_e/ir/5_minie3_range_far.mp4,446,1,219,249,244,269,propagated:0.957
/Users/bround/Desktop/Датасеты/Dataset_Mendeley_data/Unlabelled _UAV_Videos/Flight Test 1/FT1_segments_of_interest/f3_mini_e/ir/5_minie3_range_far.mp4,447,1,213,235,238,255,propagated:0.954
/Users/bround/Desktop/Датасеты/Dataset_Mendeley_data/Unlabelled _UAV_Videos/Flight Test 1/FT1_segments_of_interest/f3_mini_e/ir/5_minie3_range_far.mp4,448,1,203,226,228,246,propagated:0.954
/Users/bround/Desktop/Датасеты/Dataset_Mendeley_data/Unlabelled _UAV_Videos/Flight Test 1/FT1_segments_of_interest/f3_mini_e/ir/5_minie3_range_far.mp4,449,1,196,219,221,239,propagated:0.927
/Users/bround/Desktop/Датасеты/Dataset_Mendeley_data/Unlabelled _UAV_Videos/Flight Test 1/FT1_segments_of_interest/f3_mini_e/ir/5_minie3_range_far.mp4,450,1,192,220,217,240,propagated:0.932
/Users/bround/Desktop/Датасеты/Dataset_Mendeley_data/Unlabelled _UAV_Videos/Flight Test 1/FT1_segments_of_interest/f3_mini_e/ir/5_minie3_range_far.mp4,451,1,194,222,219,242,propagated:0.952
/Users/bround/Desktop/Датасеты/Dataset_Mendeley_data/Unlabelled _UAV_Videos/Flight Test 1/FT1_segments_of_interest/f3_mini_e/ir/5_minie3_range_far.mp4,452,1,194,222,219,242,propagated:0.968
/Users/bround/Desktop/Датасеты/Dataset_Mendeley_data/Unlabelled _UAV_Videos/Flight Test 1/FT1_segments_of_interest/f3_mini_e/ir/5_minie3_range_far.mp4,453,1,203,226,228,246,propagated:0.955
/Users/bround/Desktop/Датасеты/Dataset_Mendeley_data/Unlabelled _UAV_Videos/Flight Test 1/FT1_segments_of_interest/f3_mini_e/ir/5_minie3_range_far.mp4,454,1,206,232,231,252,propagated:0.934
/Users/bround/Desktop/Датасеты/Dataset_Mendeley_data/Unlabelled _UAV_Videos/Flight Test 1/FT1_segments_of_interest/f3_mini_e/ir/5_minie3_range_far.mp4,455,1,209,237,234,257,propagated:0.915
/Users/bround/Desktop/Датасеты/Dataset_Mendeley_data/Unlabelled _UAV_Videos/Flight Test 1/FT1_segments_of_interest/f3_mini_e/ir/5_minie3_range_far.mp4,456,1,216,234,241,254,propagated:0.931
/Users/bround/Desktop/Датасеты/Dataset_Mendeley_data/Unlabelled _UAV_Videos/Flight Test 1/FT1_segments_of_interest/f3_mini_e/ir/5_minie3_range_far.mp4,457,1,228,230,253,250,propagated:0.930
/Users/bround/Desktop/Датасеты/Dataset_Mendeley_data/Unlabelled _UAV_Videos/Flight Test 1/FT1_segments_of_interest/f3_mini_e/ir/5_minie3_range_far.mp4,458,1,228,230,253,250,propagated:0.952
/Users/bround/Desktop/Датасеты/Dataset_Mendeley_data/Unlabelled _UAV_Videos/Flight Test 1/FT1_segments_of_interest/f3_mini_e/ir/5_minie3_range_far.mp4,459,1,236,230,261,250,propagated:0.965
/Users/bround/Desktop/Датасеты/Dataset_Mendeley_data/Unlabelled _UAV_Videos/Flight Test 1/FT1_segments_of_interest/f3_mini_e/ir/5_minie3_range_far.mp4,460,1,235,224,260,244,propagated:0.948
/Users/bround/Desktop/Датасеты/Dataset_Mendeley_data/Unlabelled _UAV_Videos/Flight Test 1/FT1_segments_of_interest/f3_mini_e/ir/5_minie3_range_far.mp4,461,1,230,222,255,242,propagated:0.970
/Users/bround/Desktop/Датасеты/Dataset_Mendeley_data/Unlabelled _UAV_Videos/Flight Test 1/FT1_segments_of_interest/f3_mini_e/ir/5_minie3_range_far.mp4,462,1,233,220,258,240,propagated:0.985
/Users/bround/Desktop/Датасеты/Dataset_Mendeley_data/Unlabelled _UAV_Videos/Flight Test 1/FT1_segments_of_interest/f3_mini_e/ir/5_minie3_range_far.mp4,463,1,238,230,263,250,propagated:0.923
/Users/bround/Desktop/Датасеты/Dataset_Mendeley_data/Unlabelled _UAV_Videos/Flight Test 1/FT1_segments_of_interest/f3_mini_e/ir/5_minie3_range_far.mp4,464,1,238,230,263,250,propagated:0.943
/Users/bround/Desktop/Датасеты/Dataset_Mendeley_data/Unlabelled _UAV_Videos/Flight Test 1/FT1_segments_of_interest/f3_mini_e/ir/5_minie3_range_far.mp4,465,1,240,240,265,260,propagated:0.971
/Users/bround/Desktop/Датасеты/Dataset_Mendeley_data/Unlabelled _UAV_Videos/Flight Test 1/FT1_segments_of_interest/f3_mini_e/ir/5_minie3_range_far.mp4,466,1,242,245,267,265,propagated:0.940
/Users/bround/Desktop/Датасеты/Dataset_Mendeley_data/Unlabelled _UAV_Videos/Flight Test 1/FT1_segments_of_interest/f3_mini_e/ir/5_minie3_range_far.mp4,467,1,243,248,268,268,propagated:0.944
/Users/bround/Desktop/Датасеты/Dataset_Mendeley_data/Unlabelled _UAV_Videos/Flight Test 1/FT1_segments_of_interest/f3_mini_e/ir/5_minie3_range_far.mp4,468,1,241,245,266,265,propagated:0.947
/Users/bround/Desktop/Датасеты/Dataset_Mendeley_data/Unlabelled _UAV_Videos/Flight Test 1/FT1_segments_of_interest/f3_mini_e/ir/5_minie3_range_far.mp4,469,1,238,233,263,253,propagated:0.925
/Users/bround/Desktop/Датасеты/Dataset_Mendeley_data/Unlabelled _UAV_Videos/Flight Test 1/FT1_segments_of_interest/f3_mini_e/ir/5_minie3_range_far.mp4,470,1,238,233,263,253,propagated:0.943
/Users/bround/Desktop/Датасеты/Dataset_Mendeley_data/Unlabelled _UAV_Videos/Flight Test 1/FT1_segments_of_interest/f3_mini_e/ir/5_minie3_range_far.mp4,471,1,234,221,259,241,propagated:0.943
/Users/bround/Desktop/Датасеты/Dataset_Mendeley_data/Unlabelled _UAV_Videos/Flight Test 1/FT1_segments_of_interest/f3_mini_e/ir/5_minie3_range_far.mp4,472,1,231,217,256,237,propagated:0.961
/Users/bround/Desktop/Датасеты/Dataset_Mendeley_data/Unlabelled _UAV_Videos/Flight Test 1/FT1_segments_of_interest/f3_mini_e/ir/5_minie3_range_far.mp4,473,1,231,219,256,239,propagated:0.966
/Users/bround/Desktop/Датасеты/Dataset_Mendeley_data/Unlabelled _UAV_Videos/Flight Test 1/FT1_segments_of_interest/f3_mini_e/ir/5_minie3_range_far.mp4,474,1,234,239,259,259,propagated:0.922
/Users/bround/Desktop/Датасеты/Dataset_Mendeley_data/Unlabelled _UAV_Videos/Flight Test 1/FT1_segments_of_interest/f3_mini_e/ir/5_minie3_range_far.mp4,475,1,236,258,261,278,propagated:0.964
/Users/bround/Desktop/Датасеты/Dataset_Mendeley_data/Unlabelled _UAV_Videos/Flight Test 1/FT1_segments_of_interest/f3_mini_e/ir/5_minie3_range_far.mp4,476,1,236,258,261,278,propagated:0.972
/Users/bround/Desktop/Датасеты/Dataset_Mendeley_data/Unlabelled _UAV_Videos/Flight Test 1/FT1_segments_of_interest/f3_mini_e/ir/5_minie3_range_far.mp4,477,1,238,275,263,295,propagated:0.959
/Users/bround/Desktop/Датасеты/Dataset_Mendeley_data/Unlabelled _UAV_Videos/Flight Test 1/FT1_segments_of_interest/f3_mini_e/ir/5_minie3_range_far.mp4,478,1,244,287,269,307,propagated:0.900
/Users/bround/Desktop/Датасеты/Dataset_Mendeley_data/Unlabelled _UAV_Videos/Flight Test 1/FT1_segments_of_interest/f3_mini_e/ir/5_minie3_range_far.mp4,479,1,249,291,274,311,propagated:0.864
/Users/bround/Desktop/Датасеты/Dataset_Mendeley_data/Unlabelled _UAV_Videos/Flight Test 1/FT1_segments_of_interest/f3_mini_e/ir/5_minie3_range_far.mp4,480,1,252,290,277,310,propagated:0.932
/Users/bround/Desktop/Датасеты/Dataset_Mendeley_data/Unlabelled _UAV_Videos/Flight Test 1/FT1_segments_of_interest/f3_mini_e/ir/5_minie3_range_far.mp4,481,1,255,289,280,309,propagated:0.933
/Users/bround/Desktop/Датасеты/Dataset_Mendeley_data/Unlabelled _UAV_Videos/Flight Test 1/FT1_segments_of_interest/f3_mini_e/ir/5_minie3_range_far.mp4,482,1,255,289,280,309,propagated:0.958
/Users/bround/Desktop/Датасеты/Dataset_Mendeley_data/Unlabelled _UAV_Videos/Flight Test 1/FT1_segments_of_interest/f3_mini_e/ir/5_minie3_range_far.mp4,483,1,254,289,279,309,propagated:0.969
/Users/bround/Desktop/Датасеты/Dataset_Mendeley_data/Unlabelled _UAV_Videos/Flight Test 1/FT1_segments_of_interest/f3_mini_e/ir/5_minie3_range_far.mp4,484,1,250,295,275,315,propagated:0.957
/Users/bround/Desktop/Датасеты/Dataset_Mendeley_data/Unlabelled _UAV_Videos/Flight Test 1/FT1_segments_of_interest/f3_mini_e/ir/5_minie3_range_far.mp4,485,1,246,307,271,327,propagated:0.971
/Users/bround/Desktop/Датасеты/Dataset_Mendeley_data/Unlabelled _UAV_Videos/Flight Test 1/FT1_segments_of_interest/f3_mini_e/ir/5_minie3_range_far.mp4,486,1,237,304,262,324,propagated:0.934
/Users/bround/Desktop/Датасеты/Dataset_Mendeley_data/Unlabelled _UAV_Videos/Flight Test 1/FT1_segments_of_interest/f3_mini_e/ir/5_minie3_range_far.mp4,487,1,230,299,255,319,propagated:0.945
/Users/bround/Desktop/Датасеты/Dataset_Mendeley_data/Unlabelled _UAV_Videos/Flight Test 1/FT1_segments_of_interest/f3_mini_e/ir/5_minie3_range_far.mp4,488,1,230,299,255,319,propagated:0.962
/Users/bround/Desktop/Датасеты/Dataset_Mendeley_data/Unlabelled _UAV_Videos/Flight Test 1/FT1_segments_of_interest/f3_mini_e/ir/5_minie3_range_far.mp4,489,1,231,297,256,317,propagated:0.973
/Users/bround/Desktop/Датасеты/Dataset_Mendeley_data/Unlabelled _UAV_Videos/Flight Test 1/FT1_segments_of_interest/f3_mini_e/ir/5_minie3_range_far.mp4,490,1,237,295,262,315,propagated:0.968
/Users/bround/Desktop/Датасеты/Dataset_Mendeley_data/Unlabelled _UAV_Videos/Flight Test 1/FT1_segments_of_interest/f3_mini_e/ir/5_minie3_range_far.mp4,491,1,237,292,262,312,propagated:0.972
/Users/bround/Desktop/Датасеты/Dataset_Mendeley_data/Unlabelled _UAV_Videos/Flight Test 1/FT1_segments_of_interest/f3_mini_e/ir/5_minie3_range_far.mp4,492,1,237,290,262,310,propagated:0.974
/Users/bround/Desktop/Датасеты/Dataset_Mendeley_data/Unlabelled _UAV_Videos/Flight Test 1/FT1_segments_of_interest/f3_mini_e/ir/5_minie3_range_far.mp4,493,1,239,288,264,308,propagated:0.970
/Users/bround/Desktop/Датасеты/Dataset_Mendeley_data/Unlabelled _UAV_Videos/Flight Test 1/FT1_segments_of_interest/f3_mini_e/ir/5_minie3_range_far.mp4,494,1,239,288,264,308,propagated:0.977
/Users/bround/Desktop/Датасеты/Dataset_Mendeley_data/Unlabelled _UAV_Videos/Flight Test 1/FT1_segments_of_interest/f3_mini_e/ir/5_minie3_range_far.mp4,495,1,239,278,264,298,propagated:0.944
/Users/bround/Desktop/Датасеты/Dataset_Mendeley_data/Unlabelled _UAV_Videos/Flight Test 1/FT1_segments_of_interest/f3_mini_e/ir/5_minie3_range_far.mp4,496,1,229,268,254,288,propagated:0.947
/Users/bround/Desktop/Датасеты/Dataset_Mendeley_data/Unlabelled _UAV_Videos/Flight Test 1/FT1_segments_of_interest/f3_mini_e/ir/5_minie3_range_far.mp4,497,1,216,264,241,284,propagated:0.951
/Users/bround/Desktop/Датасеты/Dataset_Mendeley_data/Unlabelled _UAV_Videos/Flight Test 1/FT1_segments_of_interest/f3_mini_e/ir/5_minie3_range_far.mp4,498,1,209,255,234,275,propagated:0.920
/Users/bround/Desktop/Датасеты/Dataset_Mendeley_data/Unlabelled _UAV_Videos/Flight Test 1/FT1_segments_of_interest/f3_mini_e/ir/5_minie3_range_far.mp4,499,1,206,238,231,258,propagated:0.870
/Users/bround/Desktop/Датасеты/Dataset_Mendeley_data/Unlabelled _UAV_Videos/Flight Test 1/FT1_segments_of_interest/f3_mini_e/ir/5_minie3_range_far.mp4,500,1,206,238,231,258,propagated:0.903
/Users/bround/Desktop/Датасеты/Dataset_Mendeley_data/Unlabelled _UAV_Videos/Flight Test 1/FT1_segments_of_interest/f3_mini_e/ir/5_minie3_range_far.mp4,501,1,200,219,225,239,propagated:0.944
/Users/bround/Desktop/Датасеты/Dataset_Mendeley_data/Unlabelled _UAV_Videos/Flight Test 1/FT1_segments_of_interest/f3_mini_e/ir/5_minie3_range_far.mp4,502,1,192,205,217,225,propagated:0.940
/Users/bround/Desktop/Датасеты/Dataset_Mendeley_data/Unlabelled _UAV_Videos/Flight Test 1/FT1_segments_of_interest/f3_mini_e/ir/5_minie3_range_far.mp4,503,1,180,205,205,225,propagated:0.933
/Users/bround/Desktop/Датасеты/Dataset_Mendeley_data/Unlabelled _UAV_Videos/Flight Test 1/FT1_segments_of_interest/f3_mini_e/ir/5_minie3_range_far.mp4,504,1,170,211,195,231,propagated:0.946
/Users/bround/Desktop/Датасеты/Dataset_Mendeley_data/Unlabelled _UAV_Videos/Flight Test 1/FT1_segments_of_interest/f3_mini_e/ir/5_minie3_range_far.mp4,505,1,165,218,190,238,propagated:0.949
/Users/bround/Desktop/Датасеты/Dataset_Mendeley_data/Unlabelled _UAV_Videos/Flight Test 1/FT1_segments_of_interest/f3_mini_e/ir/5_minie3_range_far.mp4,506,1,165,218,190,238,propagated:0.964
/Users/bround/Desktop/Датасеты/Dataset_Mendeley_data/Unlabelled _UAV_Videos/Flight Test 1/FT1_segments_of_interest/f3_mini_e/ir/5_minie3_range_far.mp4,507,1,158,231,183,251,propagated:0.936
/Users/bround/Desktop/Датасеты/Dataset_Mendeley_data/Unlabelled _UAV_Videos/Flight Test 1/FT1_segments_of_interest/f3_mini_e/ir/5_minie3_range_far.mp4,508,1,154,242,179,262,propagated:0.956
/Users/bround/Desktop/Датасеты/Dataset_Mendeley_data/Unlabelled _UAV_Videos/Flight Test 1/FT1_segments_of_interest/f3_mini_e/ir/5_minie3_range_far.mp4,509,1,152,245,177,265,propagated:0.976
/Users/bround/Desktop/Датасеты/Dataset_Mendeley_data/Unlabelled _UAV_Videos/Flight Test 1/FT1_segments_of_interest/f3_mini_e/ir/5_minie3_range_far.mp4,510,1,153,250,178,270,propagated:0.952
/Users/bround/Desktop/Датасеты/Dataset_Mendeley_data/Unlabelled _UAV_Videos/Flight Test 1/FT1_segments_of_interest/f3_mini_e/ir/5_minie3_range_far.mp4,511,1,157,252,182,272,propagated:0.951
/Users/bround/Desktop/Датасеты/Dataset_Mendeley_data/Unlabelled _UAV_Videos/Flight Test 1/FT1_segments_of_interest/f3_mini_e/ir/5_minie3_range_far.mp4,512,1,157,252,182,272,propagated:0.965
/Users/bround/Desktop/Датасеты/Dataset_Mendeley_data/Unlabelled _UAV_Videos/Flight Test 1/FT1_segments_of_interest/f3_mini_e/ir/5_minie3_range_far.mp4,513,1,164,245,189,265,propagated:0.953
/Users/bround/Desktop/Датасеты/Dataset_Mendeley_data/Unlabelled _UAV_Videos/Flight Test 1/FT1_segments_of_interest/f3_mini_e/ir/5_minie3_range_far.mp4,514,1,168,238,193,258,propagated:0.942
/Users/bround/Desktop/Датасеты/Dataset_Mendeley_data/Unlabelled _UAV_Videos/Flight Test 1/FT1_segments_of_interest/f3_mini_e/ir/5_minie3_range_far.mp4,515,1,173,234,198,254,propagated:0.944
/Users/bround/Desktop/Датасеты/Dataset_Mendeley_data/Unlabelled _UAV_Videos/Flight Test 1/FT1_segments_of_interest/f3_mini_e/ir/5_minie3_range_far.mp4,516,1,180,232,205,252,propagated:0.944
/Users/bround/Desktop/Датасеты/Dataset_Mendeley_data/Unlabelled _UAV_Videos/Flight Test 1/FT1_segments_of_interest/f3_mini_e/ir/5_minie3_range_far.mp4,517,1,186,238,211,258,propagated:0.922
/Users/bround/Desktop/Датасеты/Dataset_Mendeley_data/Unlabelled _UAV_Videos/Flight Test 1/FT1_segments_of_interest/f3_mini_e/ir/5_minie3_range_far.mp4,518,1,186,238,211,258,propagated:0.942
/Users/bround/Desktop/Датасеты/Dataset_Mendeley_data/Unlabelled _UAV_Videos/Flight Test 1/FT1_segments_of_interest/f3_mini_e/ir/5_minie3_range_far.mp4,519,1,195,240,220,260,propagated:0.954
/Users/bround/Desktop/Датасеты/Dataset_Mendeley_data/Unlabelled _UAV_Videos/Flight Test 1/FT1_segments_of_interest/f3_mini_e/ir/5_minie3_range_far.mp4,520,1,203,241,228,261,propagated:0.955
/Users/bround/Desktop/Датасеты/Dataset_Mendeley_data/Unlabelled _UAV_Videos/Flight Test 1/FT1_segments_of_interest/f3_mini_e/ir/5_minie3_range_far.mp4,521,1,210,241,235,261,propagated:0.958
/Users/bround/Desktop/Датасеты/Dataset_Mendeley_data/Unlabelled _UAV_Videos/Flight Test 1/FT1_segments_of_interest/f3_mini_e/ir/5_minie3_range_far.mp4,522,1,216,240,241,260,propagated:0.980
/Users/bround/Desktop/Датасеты/Dataset_Mendeley_data/Unlabelled _UAV_Videos/Flight Test 1/FT1_segments_of_interest/f3_mini_e/ir/5_minie3_range_far.mp4,523,1,220,240,245,260,propagated:0.982
/Users/bround/Desktop/Датасеты/Dataset_Mendeley_data/Unlabelled _UAV_Videos/Flight Test 1/FT1_segments_of_interest/f3_mini_e/ir/5_minie3_range_far.mp4,524,1,220,240,245,260,propagated:0.987
/Users/bround/Desktop/Датасеты/Dataset_Mendeley_data/Unlabelled _UAV_Videos/Flight Test 1/FT1_segments_of_interest/f3_mini_e/ir/5_minie3_range_far.mp4,525,1,223,245,248,265,propagated:0.953
/Users/bround/Desktop/Датасеты/Dataset_Mendeley_data/Unlabelled _UAV_Videos/Flight Test 1/FT1_segments_of_interest/f3_mini_e/ir/5_minie3_range_far.mp4,526,1,227,247,252,267,propagated:0.979
/Users/bround/Desktop/Датасеты/Dataset_Mendeley_data/Unlabelled _UAV_Videos/Flight Test 1/FT1_segments_of_interest/f3_mini_e/ir/5_minie3_range_far.mp4,527,1,232,242,257,262,propagated:0.969
/Users/bround/Desktop/Датасеты/Dataset_Mendeley_data/Unlabelled _UAV_Videos/Flight Test 1/FT1_segments_of_interest/f3_mini_e/ir/5_minie3_range_far.mp4,528,1,236,240,261,260,propagated:0.981
/Users/bround/Desktop/Датасеты/Dataset_Mendeley_data/Unlabelled _UAV_Videos/Flight Test 1/FT1_segments_of_interest/f3_mini_e/ir/5_minie3_range_far.mp4,529,1,239,239,264,259,propagated:0.982
/Users/bround/Desktop/Датасеты/Dataset_Mendeley_data/Unlabelled _UAV_Videos/Flight Test 1/FT1_segments_of_interest/f3_mini_e/ir/5_minie3_range_far.mp4,530,1,239,239,264,259,propagated:0.986
/Users/bround/Desktop/Датасеты/Dataset_Mendeley_data/Unlabelled _UAV_Videos/Flight Test 1/FT1_segments_of_interest/f3_mini_e/ir/5_minie3_range_far.mp4,531,1,243,243,268,263,propagated:0.976
/Users/bround/Desktop/Датасеты/Dataset_Mendeley_data/Unlabelled _UAV_Videos/Flight Test 1/FT1_segments_of_interest/f3_mini_e/ir/5_minie3_range_far.mp4,532,1,249,244,274,264,propagated:0.942
/Users/bround/Desktop/Датасеты/Dataset_Mendeley_data/Unlabelled _UAV_Videos/Flight Test 1/FT1_segments_of_interest/f3_mini_e/ir/5_minie3_range_far.mp4,533,1,255,243,280,263,propagated:0.951
/Users/bround/Desktop/Датасеты/Dataset_Mendeley_data/Unlabelled _UAV_Videos/Flight Test 1/FT1_segments_of_interest/f3_mini_e/ir/5_minie3_range_far.mp4,534,1,259,243,284,263,propagated:0.982
/Users/bround/Desktop/Датасеты/Dataset_Mendeley_data/Unlabelled _UAV_Videos/Flight Test 1/FT1_segments_of_interest/f3_mini_e/ir/5_minie3_range_far.mp4,535,1,262,239,287,259,propagated:0.937
/Users/bround/Desktop/Датасеты/Dataset_Mendeley_data/Unlabelled _UAV_Videos/Flight Test 1/FT1_segments_of_interest/f3_mini_e/ir/5_minie3_range_far.mp4,536,1,262,239,287,259,propagated:0.954
/Users/bround/Desktop/Датасеты/Dataset_Mendeley_data/Unlabelled _UAV_Videos/Flight Test 1/FT1_segments_of_interest/f3_mini_e/ir/5_minie3_range_far.mp4,537,1,264,241,289,261,propagated:0.978
/Users/bround/Desktop/Датасеты/Dataset_Mendeley_data/Unlabelled _UAV_Videos/Flight Test 1/FT1_segments_of_interest/f3_mini_e/ir/5_minie3_range_far.mp4,538,1,265,245,290,265,propagated:0.948
/Users/bround/Desktop/Датасеты/Dataset_Mendeley_data/Unlabelled _UAV_Videos/Flight Test 1/FT1_segments_of_interest/f3_mini_e/ir/5_minie3_range_far.mp4,539,1,267,246,292,266,propagated:0.952
/Users/bround/Desktop/Датасеты/Dataset_Mendeley_data/Unlabelled _UAV_Videos/Flight Test 1/FT1_segments_of_interest/f3_mini_e/ir/5_minie3_range_far.mp4,540,1,268,247,293,267,propagated:0.946
/Users/bround/Desktop/Датасеты/Dataset_Mendeley_data/Unlabelled _UAV_Videos/Flight Test 1/FT1_segments_of_interest/f3_mini_e/ir/5_minie3_range_far.mp4,541,1,269,246,294,266,propagated:0.977
/Users/bround/Desktop/Датасеты/Dataset_Mendeley_data/Unlabelled _UAV_Videos/Flight Test 1/FT1_segments_of_interest/f3_mini_e/ir/5_minie3_range_far.mp4,542,1,269,246,294,266,propagated:0.982
/Users/bround/Desktop/Датасеты/Dataset_Mendeley_data/Unlabelled _UAV_Videos/Flight Test 1/FT1_segments_of_interest/f3_mini_e/ir/5_minie3_range_far.mp4,543,1,269,240,294,260,propagated:0.942
/Users/bround/Desktop/Датасеты/Dataset_Mendeley_data/Unlabelled _UAV_Videos/Flight Test 1/FT1_segments_of_interest/f3_mini_e/ir/5_minie3_range_far.mp4,544,1,267,233,292,253,propagated:0.945
/Users/bround/Desktop/Датасеты/Dataset_Mendeley_data/Unlabelled _UAV_Videos/Flight Test 1/FT1_segments_of_interest/f3_mini_e/ir/5_minie3_range_far.mp4,545,1,267,234,292,254,propagated:0.943
/Users/bround/Desktop/Датасеты/Dataset_Mendeley_data/Unlabelled _UAV_Videos/Flight Test 1/FT1_segments_of_interest/f3_mini_e/ir/5_minie3_range_far.mp4,546,1,269,238,294,258,propagated:0.973
/Users/bround/Desktop/Датасеты/Dataset_Mendeley_data/Unlabelled _UAV_Videos/Flight Test 1/FT1_segments_of_interest/f3_mini_e/ir/5_minie3_range_far.mp4,547,1,271,242,296,262,propagated:0.965
/Users/bround/Desktop/Датасеты/Dataset_Mendeley_data/Unlabelled _UAV_Videos/Flight Test 1/FT1_segments_of_interest/f3_mini_e/ir/5_minie3_range_far.mp4,548,1,271,242,296,262,propagated:0.972
/Users/bround/Desktop/Датасеты/Dataset_Mendeley_data/Unlabelled _UAV_Videos/Flight Test 1/FT1_segments_of_interest/f3_mini_e/ir/5_minie3_range_far.mp4,549,1,272,246,297,266,propagated:0.959
/Users/bround/Desktop/Датасеты/Dataset_Mendeley_data/Unlabelled _UAV_Videos/Flight Test 1/FT1_segments_of_interest/f3_mini_e/ir/5_minie3_range_far.mp4,550,1,272,252,297,272,propagated:0.932
/Users/bround/Desktop/Датасеты/Dataset_Mendeley_data/Unlabelled _UAV_Videos/Flight Test 1/FT1_segments_of_interest/f3_mini_e/ir/5_minie3_range_far.mp4,551,1,272,257,297,277,propagated:0.967
/Users/bround/Desktop/Датасеты/Dataset_Mendeley_data/Unlabelled _UAV_Videos/Flight Test 1/FT1_segments_of_interest/f3_mini_e/ir/5_minie3_range_far.mp4,552,1,274,261,299,281,propagated:0.962
/Users/bround/Desktop/Датасеты/Dataset_Mendeley_data/Unlabelled _UAV_Videos/Flight Test 1/FT1_segments_of_interest/f3_mini_e/ir/5_minie3_range_far.mp4,553,1,276,265,301,285,propagated:0.972
/Users/bround/Desktop/Датасеты/Dataset_Mendeley_data/Unlabelled _UAV_Videos/Flight Test 1/FT1_segments_of_interest/f3_mini_e/ir/5_minie3_range_far.mp4,554,1,276,265,301,285,propagated:0.981
/Users/bround/Desktop/Датасеты/Dataset_Mendeley_data/Unlabelled _UAV_Videos/Flight Test 1/FT1_segments_of_interest/f3_mini_e/ir/5_minie3_range_far.mp4,555,1,276,266,301,286,propagated:0.948
/Users/bround/Desktop/Датасеты/Dataset_Mendeley_data/Unlabelled _UAV_Videos/Flight Test 1/FT1_segments_of_interest/f3_mini_e/ir/5_minie3_range_far.mp4,556,1,280,262,305,282,propagated:0.961
/Users/bround/Desktop/Датасеты/Dataset_Mendeley_data/Unlabelled _UAV_Videos/Flight Test 1/FT1_segments_of_interest/f3_mini_e/ir/5_minie3_range_far.mp4,557,1,283,259,308,279,propagated:0.976
/Users/bround/Desktop/Датасеты/Dataset_Mendeley_data/Unlabelled _UAV_Videos/Flight Test 1/FT1_segments_of_interest/f3_mini_e/ir/5_minie3_range_far.mp4,558,1,283,258,308,278,propagated:0.947
/Users/bround/Desktop/Датасеты/Dataset_Mendeley_data/Unlabelled _UAV_Videos/Flight Test 1/FT1_segments_of_interest/f3_mini_e/ir/5_minie3_range_far.mp4,559,1,281,259,306,279,propagated:0.980
/Users/bround/Desktop/Датасеты/Dataset_Mendeley_data/Unlabelled _UAV_Videos/Flight Test 1/FT1_segments_of_interest/f3_mini_e/ir/5_minie3_range_far.mp4,560,1,281,259,306,279,propagated:0.987
/Users/bround/Desktop/Датасеты/Dataset_Mendeley_data/Unlabelled _UAV_Videos/Flight Test 1/FT1_segments_of_interest/f3_mini_e/ir/5_minie3_range_far.mp4,561,1,279,260,304,280,propagated:0.988
/Users/bround/Desktop/Датасеты/Dataset_Mendeley_data/Unlabelled _UAV_Videos/Flight Test 1/FT1_segments_of_interest/f3_mini_e/ir/5_minie3_range_far.mp4,562,1,277,257,302,277,propagated:0.985
/Users/bround/Desktop/Датасеты/Dataset_Mendeley_data/Unlabelled _UAV_Videos/Flight Test 1/FT1_segments_of_interest/f3_mini_e/ir/5_minie3_range_far.mp4,563,1,267,253,292,273,propagated:0.930
/Users/bround/Desktop/Датасеты/Dataset_Mendeley_data/Unlabelled _UAV_Videos/Flight Test 1/FT1_segments_of_interest/f3_mini_e/ir/5_minie3_range_far.mp4,564,1,259,251,284,271,propagated:0.958
/Users/bround/Desktop/Датасеты/Dataset_Mendeley_data/Unlabelled _UAV_Videos/Flight Test 1/FT1_segments_of_interest/f3_mini_e/ir/5_minie3_range_far.mp4,565,1,254,255,279,275,propagated:0.923
/Users/bround/Desktop/Датасеты/Dataset_Mendeley_data/Unlabelled _UAV_Videos/Flight Test 1/FT1_segments_of_interest/f3_mini_e/ir/5_minie3_range_far.mp4,566,1,254,255,279,275,propagated:0.941
/Users/bround/Desktop/Датасеты/Dataset_Mendeley_data/Unlabelled _UAV_Videos/Flight Test 1/FT1_segments_of_interest/f3_mini_e/ir/5_minie3_range_far.mp4,567,1,252,260,277,280,propagated:0.943
/Users/bround/Desktop/Датасеты/Dataset_Mendeley_data/Unlabelled _UAV_Videos/Flight Test 1/FT1_segments_of_interest/f3_mini_e/ir/5_minie3_range_far.mp4,568,1,247,262,272,282,propagated:0.962
/Users/bround/Desktop/Датасеты/Dataset_Mendeley_data/Unlabelled _UAV_Videos/Flight Test 1/FT1_segments_of_interest/f3_mini_e/ir/5_minie3_range_far.mp4,569,1,242,263,267,283,propagated:0.947
/Users/bround/Desktop/Датасеты/Dataset_Mendeley_data/Unlabelled _UAV_Videos/Flight Test 1/FT1_segments_of_interest/f3_mini_e/ir/5_minie3_range_far.mp4,570,1,239,260,264,280,propagated:0.973
/Users/bround/Desktop/Датасеты/Dataset_Mendeley_data/Unlabelled _UAV_Videos/Flight Test 1/FT1_segments_of_interest/f3_mini_e/ir/5_minie3_range_far.mp4,571,1,239,260,264,280,propagated:0.982
/Users/bround/Desktop/Датасеты/Dataset_Mendeley_data/Unlabelled _UAV_Videos/Flight Test 1/FT1_segments_of_interest/f3_mini_e/ir/5_minie3_range_far.mp4,572,1,237,259,262,279,propagated:0.965
/Users/bround/Desktop/Датасеты/Dataset_Mendeley_data/Unlabelled _UAV_Videos/Flight Test 1/FT1_segments_of_interest/f3_mini_e/ir/5_minie3_range_far.mp4,573,1,229,261,254,281,propagated:0.936
/Users/bround/Desktop/Датасеты/Dataset_Mendeley_data/Unlabelled _UAV_Videos/Flight Test 1/FT1_segments_of_interest/f3_mini_e/ir/5_minie3_range_far.mp4,574,1,223,266,248,286,propagated:0.948
/Users/bround/Desktop/Датасеты/Dataset_Mendeley_data/Unlabelled _UAV_Videos/Flight Test 1/FT1_segments_of_interest/f3_mini_e/ir/5_minie3_range_far.mp4,575,1,216,280,241,300,propagated:0.935
/Users/bround/Desktop/Датасеты/Dataset_Mendeley_data/Unlabelled _UAV_Videos/Flight Test 1/FT1_segments_of_interest/f3_mini_e/ir/5_minie3_range_far.mp4,576,1,209,297,234,317,propagated:0.929
/Users/bround/Desktop/Датасеты/Dataset_Mendeley_data/Unlabelled _UAV_Videos/Flight Test 1/FT1_segments_of_interest/f3_mini_e/ir/5_minie3_range_far.mp4,577,1,202,304,227,324,propagated:0.934
/Users/bround/Desktop/Датасеты/Dataset_Mendeley_data/Unlabelled _UAV_Videos/Flight Test 1/FT1_segments_of_interest/f3_mini_e/ir/5_minie3_range_far.mp4,578,1,202,304,227,324,propagated:0.957
/Users/bround/Desktop/Датасеты/Dataset_Mendeley_data/Unlabelled _UAV_Videos/Flight Test 1/FT1_segments_of_interest/f3_mini_e/ir/5_minie3_range_far.mp4,579,1,196,297,221,317,propagated:0.938
/Users/bround/Desktop/Датасеты/Dataset_Mendeley_data/Unlabelled _UAV_Videos/Flight Test 1/FT1_segments_of_interest/f3_mini_e/ir/5_minie3_range_far.mp4,580,1,190,284,215,304,propagated:0.861
/Users/bround/Desktop/Датасеты/Dataset_Mendeley_data/Unlabelled _UAV_Videos/Flight Test 1/FT1_segments_of_interest/f3_mini_e/ir/5_minie3_range_far.mp4,581,1,184,270,209,290,propagated:0.905
/Users/bround/Desktop/Датасеты/Dataset_Mendeley_data/Unlabelled _UAV_Videos/Flight Test 1/FT1_segments_of_interest/f3_mini_e/ir/5_minie3_range_far.mp4,582,1,174,255,199,275,propagated:0.875
/Users/bround/Desktop/Датасеты/Dataset_Mendeley_data/Unlabelled _UAV_Videos/Flight Test 1/FT1_segments_of_interest/f3_mini_e/ir/5_minie3_range_far.mp4,583,1,162,247,187,267,propagated:0.949
/Users/bround/Desktop/Датасеты/Dataset_Mendeley_data/Unlabelled _UAV_Videos/Flight Test 1/FT1_segments_of_interest/f3_mini_e/ir/5_minie3_range_far.mp4,584,1,162,247,187,267,propagated:0.967
/Users/bround/Desktop/Датасеты/Dataset_Mendeley_data/Unlabelled _UAV_Videos/Flight Test 1/FT1_segments_of_interest/f3_mini_e/ir/5_minie3_range_far.mp4,585,1,147,245,172,265,propagated:0.969
/Users/bround/Desktop/Датасеты/Dataset_Mendeley_data/Unlabelled _UAV_Videos/Flight Test 1/FT1_segments_of_interest/f3_mini_e/ir/5_minie3_range_far.mp4,586,1,132,254,157,274,propagated:0.852
/Users/bround/Desktop/Датасеты/Dataset_Mendeley_data/Unlabelled _UAV_Videos/Flight Test 1/FT1_segments_of_interest/f3_mini_e/ir/5_minie3_range_far.mp4,587,1,123,265,148,285,propagated:0.911
/Users/bround/Desktop/Датасеты/Dataset_Mendeley_data/Unlabelled _UAV_Videos/Flight Test 1/FT1_segments_of_interest/f3_mini_e/ir/5_minie3_range_far.mp4,588,1,122,270,147,290,propagated:0.954
/Users/bround/Desktop/Датасеты/Dataset_Mendeley_data/Unlabelled _UAV_Videos/Flight Test 1/FT1_segments_of_interest/f3_mini_e/ir/5_minie3_range_far.mp4,589,1,119,263,144,283,propagated:0.937
/Users/bround/Desktop/Датасеты/Dataset_Mendeley_data/Unlabelled _UAV_Videos/Flight Test 1/FT1_segments_of_interest/f3_mini_e/ir/5_minie3_range_far.mp4,590,1,119,263,144,283,propagated:0.954
/Users/bround/Desktop/Датасеты/Dataset_Mendeley_data/Unlabelled _UAV_Videos/Flight Test 1/FT1_segments_of_interest/f3_mini_e/ir/5_minie3_range_far.mp4,591,1,124,254,149,274,propagated:0.946
/Users/bround/Desktop/Датасеты/Dataset_Mendeley_data/Unlabelled _UAV_Videos/Flight Test 1/FT1_segments_of_interest/f3_mini_e/ir/5_minie3_range_far.mp4,592,1,126,244,151,264,propagated:0.967
/Users/bround/Desktop/Датасеты/Dataset_Mendeley_data/Unlabelled _UAV_Videos/Flight Test 1/FT1_segments_of_interest/f3_mini_e/ir/5_minie3_range_far.mp4,593,1,127,238,152,258,propagated:0.980
/Users/bround/Desktop/Датасеты/Dataset_Mendeley_data/Unlabelled _UAV_Videos/Flight Test 1/FT1_segments_of_interest/f3_mini_e/ir/5_minie3_range_far.mp4,594,1,131,229,156,249,propagated:0.983
/Users/bround/Desktop/Датасеты/Dataset_Mendeley_data/Unlabelled _UAV_Videos/Flight Test 1/FT1_segments_of_interest/f3_mini_e/ir/5_minie3_range_far.mp4,595,1,129,226,154,246,propagated:0.935
/Users/bround/Desktop/Датасеты/Dataset_Mendeley_data/Unlabelled _UAV_Videos/Flight Test 1/FT1_segments_of_interest/f3_mini_e/ir/5_minie3_range_far.mp4,596,1,129,226,154,246,propagated:0.958
/Users/bround/Desktop/Датасеты/Dataset_Mendeley_data/Unlabelled _UAV_Videos/Flight Test 1/FT1_segments_of_interest/f3_mini_e/ir/5_minie3_range_far.mp4,597,1,134,226,159,246,propagated:0.967
/Users/bround/Desktop/Датасеты/Dataset_Mendeley_data/Unlabelled _UAV_Videos/Flight Test 1/FT1_segments_of_interest/f3_mini_e/ir/5_minie3_range_far.mp4,598,1,139,225,164,245,propagated:0.961
/Users/bround/Desktop/Датасеты/Dataset_Mendeley_data/Unlabelled _UAV_Videos/Flight Test 1/FT1_segments_of_interest/f3_mini_e/ir/5_minie3_range_far.mp4,599,1,145,228,170,248,propagated:0.943
/Users/bround/Desktop/Датасеты/Dataset_Mendeley_data/Unlabelled _UAV_Videos/Flight Test 1/FT1_segments_of_interest/f3_mini_e/ir/5_minie3_range_far.mp4,600,1,153,224,178,244,propagated:0.947
/Users/bround/Desktop/Датасеты/Dataset_Mendeley_data/Unlabelled _UAV_Videos/Flight Test 1/FT1_segments_of_interest/f3_mini_e/ir/5_minie3_range_far.mp4,601,1,158,224,183,244,propagated:0.944
/Users/bround/Desktop/Датасеты/Dataset_Mendeley_data/Unlabelled _UAV_Videos/Flight Test 1/FT1_segments_of_interest/f3_mini_e/ir/5_minie3_range_far.mp4,602,1,158,224,183,244,propagated:0.962
/Users/bround/Desktop/Датасеты/Dataset_Mendeley_data/Unlabelled _UAV_Videos/Flight Test 1/FT1_segments_of_interest/f3_mini_e/ir/5_minie3_range_far.mp4,603,1,164,224,189,244,propagated:0.963
/Users/bround/Desktop/Датасеты/Dataset_Mendeley_data/Unlabelled _UAV_Videos/Flight Test 1/FT1_segments_of_interest/f3_mini_e/ir/5_minie3_range_far.mp4,604,1,171,224,196,244,propagated:0.959
/Users/bround/Desktop/Датасеты/Dataset_Mendeley_data/Unlabelled _UAV_Videos/Flight Test 1/FT1_segments_of_interest/f3_mini_e/ir/5_minie3_range_far.mp4,605,1,176,224,201,244,propagated:0.977
/Users/bround/Desktop/Датасеты/Dataset_Mendeley_data/Unlabelled _UAV_Videos/Flight Test 1/FT1_segments_of_interest/f3_mini_e/ir/5_minie3_range_far.mp4,606,1,183,228,208,248,propagated:0.951
/Users/bround/Desktop/Датасеты/Dataset_Mendeley_data/Unlabelled _UAV_Videos/Flight Test 1/FT1_segments_of_interest/f3_mini_e/ir/5_minie3_range_far.mp4,607,1,188,231,213,251,propagated:0.936
/Users/bround/Desktop/Датасеты/Dataset_Mendeley_data/Unlabelled _UAV_Videos/Flight Test 1/FT1_segments_of_interest/f3_mini_e/ir/5_minie3_range_far.mp4,608,1,188,231,213,251,propagated:0.956
/Users/bround/Desktop/Датасеты/Dataset_Mendeley_data/Unlabelled _UAV_Videos/Flight Test 1/FT1_segments_of_interest/f3_mini_e/ir/5_minie3_range_far.mp4,609,1,192,232,217,252,propagated:0.932
/Users/bround/Desktop/Датасеты/Dataset_Mendeley_data/Unlabelled _UAV_Videos/Flight Test 1/FT1_segments_of_interest/f3_mini_e/ir/5_minie3_range_far.mp4,610,1,196,231,221,251,propagated:0.969
/Users/bround/Desktop/Датасеты/Dataset_Mendeley_data/Unlabelled _UAV_Videos/Flight Test 1/FT1_segments_of_interest/f3_mini_e/ir/5_minie3_range_far.mp4,611,1,199,230,224,250,propagated:0.972
/Users/bround/Desktop/Датасеты/Dataset_Mendeley_data/Unlabelled _UAV_Videos/Flight Test 1/FT1_segments_of_interest/f3_mini_e/ir/5_minie3_range_far.mp4,612,1,203,234,228,254,propagated:0.968
/Users/bround/Desktop/Датасеты/Dataset_Mendeley_data/Unlabelled _UAV_Videos/Flight Test 1/FT1_segments_of_interest/f3_mini_e/ir/5_minie3_range_far.mp4,613,1,207,234,232,254,propagated:0.955
/Users/bround/Desktop/Датасеты/Dataset_Mendeley_data/Unlabelled _UAV_Videos/Flight Test 1/FT1_segments_of_interest/f3_mini_e/ir/5_minie3_range_far.mp4,614,1,207,234,232,254,propagated:0.969
/Users/bround/Desktop/Датасеты/Dataset_Mendeley_data/Unlabelled _UAV_Videos/Flight Test 1/FT1_segments_of_interest/f3_mini_e/ir/5_minie3_range_far.mp4,615,1,213,237,238,257,propagated:0.960
/Users/bround/Desktop/Датасеты/Dataset_Mendeley_data/Unlabelled _UAV_Videos/Flight Test 1/FT1_segments_of_interest/f3_mini_e/ir/5_minie3_range_far.mp4,616,1,216,238,241,258,propagated:0.958
/Users/bround/Desktop/Датасеты/Dataset_Mendeley_data/Unlabelled _UAV_Videos/Flight Test 1/FT1_segments_of_interest/f3_mini_e/ir/5_minie3_range_far.mp4,617,1,221,241,246,261,propagated:0.964
/Users/bround/Desktop/Датасеты/Dataset_Mendeley_data/Unlabelled _UAV_Videos/Flight Test 1/FT1_segments_of_interest/f3_mini_e/ir/5_minie3_range_far.mp4,618,1,224,244,249,264,propagated:0.949
/Users/bround/Desktop/Датасеты/Dataset_Mendeley_data/Unlabelled _UAV_Videos/Flight Test 1/FT1_segments_of_interest/f3_mini_e/ir/5_minie3_range_far.mp4,619,1,228,241,253,261,propagated:0.976
/Users/bround/Desktop/Датасеты/Dataset_Mendeley_data/Unlabelled _UAV_Videos/Flight Test 1/FT1_segments_of_interest/f3_mini_e/ir/5_minie3_range_far.mp4,620,1,228,241,253,261,propagated:0.983
/Users/bround/Desktop/Датасеты/Dataset_Mendeley_data/Unlabelled _UAV_Videos/Flight Test 1/FT1_segments_of_interest/f3_mini_e/ir/5_minie3_range_far.mp4,621,1,231,241,256,261,propagated:0.960
/Users/bround/Desktop/Датасеты/Dataset_Mendeley_data/Unlabelled _UAV_Videos/Flight Test 1/FT1_segments_of_interest/f3_mini_e/ir/5_minie3_range_far.mp4,622,1,232,243,257,263,propagated:0.973
/Users/bround/Desktop/Датасеты/Dataset_Mendeley_data/Unlabelled _UAV_Videos/Flight Test 1/FT1_segments_of_interest/f3_mini_e/ir/5_minie3_range_far.mp4,623,1,232,248,257,268,propagated:0.954
/Users/bround/Desktop/Датасеты/Dataset_Mendeley_data/Unlabelled _UAV_Videos/Flight Test 1/FT1_segments_of_interest/f3_mini_e/ir/5_minie3_range_far.mp4,624,1,233,250,258,270,propagated:0.939
/Users/bround/Desktop/Датасеты/Dataset_Mendeley_data/Unlabelled _UAV_Videos/Flight Test 1/FT1_segments_of_interest/f3_mini_e/ir/5_minie3_range_far.mp4,625,1,239,248,264,268,propagated:0.964
/Users/bround/Desktop/Датасеты/Dataset_Mendeley_data/Unlabelled _UAV_Videos/Flight Test 1/FT1_segments_of_interest/f3_mini_e/ir/5_minie3_range_far.mp4,626,1,239,248,264,268,propagated:0.968
/Users/bround/Desktop/Датасеты/Dataset_Mendeley_data/Unlabelled _UAV_Videos/Flight Test 1/FT1_segments_of_interest/f3_mini_e/ir/5_minie3_range_far.mp4,627,1,247,244,272,264,propagated:0.948
/Users/bround/Desktop/Датасеты/Dataset_Mendeley_data/Unlabelled _UAV_Videos/Flight Test 1/FT1_segments_of_interest/f3_mini_e/ir/5_minie3_range_far.mp4,628,1,254,245,279,265,propagated:0.889
/Users/bround/Desktop/Датасеты/Dataset_Mendeley_data/Unlabelled _UAV_Videos/Flight Test 1/FT1_segments_of_interest/f3_mini_e/ir/5_minie3_range_far.mp4,629,1,255,250,280,270,propagated:0.912
/Users/bround/Desktop/Датасеты/Dataset_Mendeley_data/Unlabelled _UAV_Videos/Flight Test 1/FT1_segments_of_interest/f3_mini_e/ir/5_minie3_range_far.mp4,630,1,256,252,281,272,propagated:0.863
/Users/bround/Desktop/Датасеты/Dataset_Mendeley_data/Unlabelled _UAV_Videos/Flight Test 1/FT1_segments_of_interest/f3_mini_e/ir/5_minie3_range_far.mp4,631,1,256,252,281,272,propagated:0.897
/Users/bround/Desktop/Датасеты/Dataset_Mendeley_data/Unlabelled _UAV_Videos/Flight Test 1/FT1_segments_of_interest/f3_mini_e/ir/5_minie3_range_far.mp4,632,1,259,257,284,277,propagated:0.856
/Users/bround/Desktop/Датасеты/Dataset_Mendeley_data/Unlabelled _UAV_Videos/Flight Test 1/FT1_segments_of_interest/f3_mini_e/ir/5_minie3_range_far.mp4,633,1,262,261,287,281,propagated:0.885
/Users/bround/Desktop/Датасеты/Dataset_Mendeley_data/Unlabelled _UAV_Videos/Flight Test 1/FT1_segments_of_interest/f3_mini_e/ir/5_minie3_range_far.mp4,634,1,256,267,281,287,propagated:0.903
/Users/bround/Desktop/Датасеты/Dataset_Mendeley_data/Unlabelled _UAV_Videos/Flight Test 1/FT1_segments_of_interest/f3_mini_e/ir/5_minie3_range_far.mp4,635,1,256,275,281,295,propagated:0.967
/Users/bround/Desktop/Датасеты/Dataset_Mendeley_data/Unlabelled _UAV_Videos/Flight Test 1/FT1_segments_of_interest/f3_mini_e/ir/5_minie3_range_far.mp4,636,1,253,278,278,298,propagated:0.981
/Users/bround/Desktop/Датасеты/Dataset_Mendeley_data/Unlabelled _UAV_Videos/Flight Test 1/FT1_segments_of_interest/f3_mini_e/ir/5_minie3_range_far.mp4,637,1,242,279,267,299,propagated:0.965
/Users/bround/Desktop/Датасеты/Dataset_Mendeley_data/Unlabelled _UAV_Videos/Flight Test 1/FT1_segments_of_interest/f3_mini_e/ir/5_minie3_range_far.mp4,638,1,242,279,267,299,propagated:0.973
/Users/bround/Desktop/Датасеты/Dataset_Mendeley_data/Unlabelled _UAV_Videos/Flight Test 1/FT1_segments_of_interest/f3_mini_e/ir/5_minie3_range_far.mp4,639,1,232,282,257,302,propagated:0.938
/Users/bround/Desktop/Датасеты/Dataset_Mendeley_data/Unlabelled _UAV_Videos/Flight Test 1/FT1_segments_of_interest/f3_mini_e/ir/5_minie3_range_far.mp4,640,1,224,287,249,307,propagated:0.924
/Users/bround/Desktop/Датасеты/Dataset_Mendeley_data/Unlabelled _UAV_Videos/Flight Test 1/FT1_segments_of_interest/f3_mini_e/ir/5_minie3_range_far.mp4,641,1,222,288,247,308,propagated:0.945
/Users/bround/Desktop/Датасеты/Dataset_Mendeley_data/Unlabelled _UAV_Videos/Flight Test 1/FT1_segments_of_interest/f3_mini_e/ir/5_minie3_range_far.mp4,642,1,218,289,243,309,propagated:0.938
/Users/bround/Desktop/Датасеты/Dataset_Mendeley_data/Unlabelled _UAV_Videos/Flight Test 1/FT1_segments_of_interest/f3_mini_e/ir/5_minie3_range_far.mp4,643,1,212,293,237,313,propagated:0.936
/Users/bround/Desktop/Датасеты/Dataset_Mendeley_data/Unlabelled _UAV_Videos/Flight Test 1/FT1_segments_of_interest/f3_mini_e/ir/5_minie3_range_far.mp4,644,1,212,293,237,313,propagated:0.955
/Users/bround/Desktop/Датасеты/Dataset_Mendeley_data/Unlabelled _UAV_Videos/Flight Test 1/FT1_segments_of_interest/f3_mini_e/ir/5_minie3_range_far.mp4,645,1,209,290,234,310,propagated:0.943
/Users/bround/Desktop/Датасеты/Dataset_Mendeley_data/Unlabelled _UAV_Videos/Flight Test 1/FT1_segments_of_interest/f3_mini_e/ir/5_minie3_range_far.mp4,646,1,205,283,230,303,propagated:0.966
/Users/bround/Desktop/Датасеты/Dataset_Mendeley_data/Unlabelled _UAV_Videos/Flight Test 1/FT1_segments_of_interest/f3_mini_e/ir/5_minie3_range_far.mp4,647,1,202,290,227,310,propagated:0.948
/Users/bround/Desktop/Датасеты/Dataset_Mendeley_data/Unlabelled _UAV_Videos/Flight Test 1/FT1_segments_of_interest/f3_mini_e/ir/5_minie3_range_far.mp4,648,1,195,294,220,314,propagated:0.977
/Users/bround/Desktop/Датасеты/Dataset_Mendeley_data/Unlabelled _UAV_Videos/Flight Test 1/FT1_segments_of_interest/f3_mini_e/ir/5_minie3_range_far.mp4,649,1,188,302,213,322,propagated:0.923
/Users/bround/Desktop/Датасеты/Dataset_Mendeley_data/Unlabelled _UAV_Videos/Flight Test 1/FT1_segments_of_interest/f3_mini_e/ir/5_minie3_range_far.mp4,650,1,188,302,213,322,propagated:0.951
/Users/bround/Desktop/Датасеты/Dataset_Mendeley_data/Unlabelled _UAV_Videos/Flight Test 1/FT1_segments_of_interest/f3_mini_e/ir/5_minie3_range_far.mp4,651,1,186,308,211,328,propagated:0.939
/Users/bround/Desktop/Датасеты/Dataset_Mendeley_data/Unlabelled _UAV_Videos/Flight Test 1/FT1_segments_of_interest/f3_mini_e/ir/5_minie3_range_far.mp4,652,1,184,311,209,331,propagated:0.972
/Users/bround/Desktop/Датасеты/Dataset_Mendeley_data/Unlabelled _UAV_Videos/Flight Test 1/FT1_segments_of_interest/f3_mini_e/ir/5_minie3_range_far.mp4,653,1,186,311,211,331,propagated:0.984
/Users/bround/Desktop/Датасеты/Dataset_Mendeley_data/Unlabelled _UAV_Videos/Flight Test 1/FT1_segments_of_interest/f3_mini_e/ir/5_minie3_range_far.mp4,654,1,188,311,213,331,propagated:0.947
/Users/bround/Desktop/Датасеты/Dataset_Mendeley_data/Unlabelled _UAV_Videos/Flight Test 1/FT1_segments_of_interest/f3_mini_e/ir/5_minie3_range_far.mp4,655,1,188,311,213,331,propagated:0.963
/Users/bround/Desktop/Датасеты/Dataset_Mendeley_data/Unlabelled _UAV_Videos/Flight Test 1/FT1_segments_of_interest/f3_mini_e/ir/5_minie3_range_far.mp4,656,1,188,311,213,331,propagated:0.973
/Users/bround/Desktop/Датасеты/Dataset_Mendeley_data/Unlabelled _UAV_Videos/Flight Test 1/FT1_segments_of_interest/f3_mini_e/ir/5_minie3_range_far.mp4,657,1,188,314,213,334,propagated:0.976
/Users/bround/Desktop/Датасеты/Dataset_Mendeley_data/Unlabelled _UAV_Videos/Flight Test 1/FT1_segments_of_interest/f3_mini_e/ir/5_minie3_range_far.mp4,658,1,189,315,214,335,propagated:0.985
/Users/bround/Desktop/Датасеты/Dataset_Mendeley_data/Unlabelled _UAV_Videos/Flight Test 1/FT1_segments_of_interest/f3_mini_e/ir/5_minie3_range_far.mp4,659,1,190,316,215,336,propagated:0.988
/Users/bround/Desktop/Датасеты/Dataset_Mendeley_data/Unlabelled _UAV_Videos/Flight Test 1/FT1_segments_of_interest/f3_mini_e/ir/5_minie3_range_far.mp4,660,1,191,314,216,334,propagated:0.986
/Users/bround/Desktop/Датасеты/Dataset_Mendeley_data/Unlabelled _UAV_Videos/Flight Test 1/FT1_segments_of_interest/f3_mini_e/ir/5_minie3_range_far.mp4,661,1,191,311,216,331,propagated:0.977
/Users/bround/Desktop/Датасеты/Dataset_Mendeley_data/Unlabelled _UAV_Videos/Flight Test 1/FT1_segments_of_interest/f3_mini_e/ir/5_minie3_range_far.mp4,662,1,191,311,216,331,propagated:0.982
/Users/bround/Desktop/Датасеты/Dataset_Mendeley_data/Unlabelled _UAV_Videos/Flight Test 1/FT1_segments_of_interest/f3_mini_e/ir/5_minie3_range_far.mp4,663,1,191,312,216,332,propagated:0.977
/Users/bround/Desktop/Датасеты/Dataset_Mendeley_data/Unlabelled _UAV_Videos/Flight Test 1/FT1_segments_of_interest/f3_mini_e/ir/5_minie3_range_far.mp4,664,1,196,312,221,332,propagated:0.963
/Users/bround/Desktop/Датасеты/Dataset_Mendeley_data/Unlabelled _UAV_Videos/Flight Test 1/FT1_segments_of_interest/f3_mini_e/ir/5_minie3_range_far.mp4,665,1,203,312,228,332,propagated:0.985
/Users/bround/Desktop/Датасеты/Dataset_Mendeley_data/Unlabelled _UAV_Videos/Flight Test 1/FT1_segments_of_interest/f3_mini_e/ir/5_minie3_range_far.mp4,666,1,208,314,233,334,propagated:0.963
/Users/bround/Desktop/Датасеты/Dataset_Mendeley_data/Unlabelled _UAV_Videos/Flight Test 1/FT1_segments_of_interest/f3_mini_e/ir/5_minie3_range_far.mp4,667,1,215,313,240,333,propagated:0.974
/Users/bround/Desktop/Датасеты/Dataset_Mendeley_data/Unlabelled _UAV_Videos/Flight Test 1/FT1_segments_of_interest/f3_mini_e/ir/5_minie3_range_far.mp4,668,1,215,313,240,333,propagated:0.982
/Users/bround/Desktop/Датасеты/Dataset_Mendeley_data/Unlabelled _UAV_Videos/Flight Test 1/FT1_segments_of_interest/f3_mini_e/ir/5_minie3_range_far.mp4,669,1,224,311,249,331,propagated:0.961
/Users/bround/Desktop/Датасеты/Dataset_Mendeley_data/Unlabelled _UAV_Videos/Flight Test 1/FT1_segments_of_interest/f3_mini_e/ir/5_minie3_range_far.mp4,670,1,231,308,256,328,propagated:0.966
/Users/bround/Desktop/Датасеты/Dataset_Mendeley_data/Unlabelled _UAV_Videos/Flight Test 1/FT1_segments_of_interest/f3_mini_e/ir/5_minie3_range_far.mp4,671,1,238,307,263,327,propagated:0.974
/Users/bround/Desktop/Датасеты/Dataset_Mendeley_data/Unlabelled _UAV_Videos/Flight Test 1/FT1_segments_of_interest/f3_mini_e/ir/5_minie3_range_far.mp4,672,1,247,303,272,323,propagated:0.979
/Users/bround/Desktop/Датасеты/Dataset_Mendeley_data/Unlabelled _UAV_Videos/Flight Test 1/FT1_segments_of_interest/f3_mini_e/ir/5_minie3_range_far.mp4,673,1,256,301,281,321,propagated:0.959
/Users/bround/Desktop/Датасеты/Dataset_Mendeley_data/Unlabelled _UAV_Videos/Flight Test 1/FT1_segments_of_interest/f3_mini_e/ir/5_minie3_range_far.mp4,674,1,256,301,281,321,propagated:0.970
/Users/bround/Desktop/Датасеты/Dataset_Mendeley_data/Unlabelled _UAV_Videos/Flight Test 1/FT1_segments_of_interest/f3_mini_e/ir/5_minie3_range_far.mp4,675,1,271,295,296,315,propagated:0.947
/Users/bround/Desktop/Датасеты/Dataset_Mendeley_data/Unlabelled _UAV_Videos/Flight Test 1/FT1_segments_of_interest/f3_mini_e/ir/5_minie3_range_far.mp4,676,1,285,291,310,311,propagated:0.964
/Users/bround/Desktop/Датасеты/Dataset_Mendeley_data/Unlabelled _UAV_Videos/Flight Test 1/FT1_segments_of_interest/f3_mini_e/ir/5_minie3_range_far.mp4,677,1,296,292,321,312,propagated:0.963
/Users/bround/Desktop/Датасеты/Dataset_Mendeley_data/Unlabelled _UAV_Videos/Flight Test 1/FT1_segments_of_interest/f3_mini_e/ir/5_minie3_range_far.mp4,678,1,308,290,333,310,propagated:0.958
/Users/bround/Desktop/Датасеты/Dataset_Mendeley_data/Unlabelled _UAV_Videos/Flight Test 1/FT1_segments_of_interest/f3_mini_e/ir/5_minie3_range_far.mp4,679,1,322,289,347,309,propagated:0.976
/Users/bround/Desktop/Датасеты/Dataset_Mendeley_data/Unlabelled _UAV_Videos/Flight Test 1/FT1_segments_of_interest/f3_mini_e/ir/5_minie3_range_far.mp4,680,1,322,289,347,309,propagated:0.981
/Users/bround/Desktop/Датасеты/Dataset_Mendeley_data/Unlabelled _UAV_Videos/Flight Test 1/FT1_segments_of_interest/f3_mini_e/ir/5_minie3_range_far.mp4,681,1,336,287,361,307,propagated:0.966
/Users/bround/Desktop/Датасеты/Dataset_Mendeley_data/Unlabelled _UAV_Videos/Flight Test 1/FT1_segments_of_interest/f3_mini_e/ir/5_minie3_range_far.mp4,682,1,345,290,370,310,propagated:0.938
/Users/bround/Desktop/Датасеты/Dataset_Mendeley_data/Unlabelled _UAV_Videos/Flight Test 1/FT1_segments_of_interest/f3_mini_e/ir/5_minie3_range_far.mp4,683,1,352,290,377,310,propagated:0.955
/Users/bround/Desktop/Датасеты/Dataset_Mendeley_data/Unlabelled _UAV_Videos/Flight Test 1/FT1_segments_of_interest/f3_mini_e/ir/5_minie3_range_far.mp4,684,1,358,285,383,305,propagated:0.936
/Users/bround/Desktop/Датасеты/Dataset_Mendeley_data/Unlabelled _UAV_Videos/Flight Test 1/FT1_segments_of_interest/f3_mini_e/ir/5_minie3_range_far.mp4,685,1,361,277,386,297,propagated:0.984
/Users/bround/Desktop/Датасеты/Dataset_Mendeley_data/Unlabelled _UAV_Videos/Flight Test 1/FT1_segments_of_interest/f3_mini_e/ir/5_minie3_range_far.mp4,686,1,361,277,386,297,propagated:0.988
/Users/bround/Desktop/Датасеты/Dataset_Mendeley_data/Unlabelled _UAV_Videos/Flight Test 1/FT1_segments_of_interest/f3_mini_e/ir/5_minie3_range_far.mp4,687,1,365,272,390,292,propagated:0.966
/Users/bround/Desktop/Датасеты/Dataset_Mendeley_data/Unlabelled _UAV_Videos/Flight Test 1/FT1_segments_of_interest/f3_mini_e/ir/5_minie3_range_far.mp4,688,1,368,265,393,285,propagated:0.978
/Users/bround/Desktop/Датасеты/Dataset_Mendeley_data/Unlabelled _UAV_Videos/Flight Test 1/FT1_segments_of_interest/f3_mini_e/ir/5_minie3_range_far.mp4,689,1,370,257,395,277,propagated:0.970
/Users/bround/Desktop/Датасеты/Dataset_Mendeley_data/Unlabelled _UAV_Videos/Flight Test 1/FT1_segments_of_interest/f3_mini_e/ir/5_minie3_range_far.mp4,690,1,373,249,398,269,propagated:0.964
/Users/bround/Desktop/Датасеты/Dataset_Mendeley_data/Unlabelled _UAV_Videos/Flight Test 1/FT1_segments_of_interest/f3_mini_e/ir/5_minie3_range_far.mp4,691,1,375,240,400,260,propagated:0.962
/Users/bround/Desktop/Датасеты/Dataset_Mendeley_data/Unlabelled _UAV_Videos/Flight Test 1/FT1_segments_of_interest/f3_mini_e/ir/5_minie3_range_far.mp4,692,1,375,240,400,260,propagated:0.974
/Users/bround/Desktop/Датасеты/Dataset_Mendeley_data/Unlabelled _UAV_Videos/Flight Test 1/FT1_segments_of_interest/f3_mini_e/ir/5_minie3_range_far.mp4,693,1,377,236,402,256,propagated:0.981
/Users/bround/Desktop/Датасеты/Dataset_Mendeley_data/Unlabelled _UAV_Videos/Flight Test 1/FT1_segments_of_interest/f3_mini_e/ir/5_minie3_range_far.mp4,694,1,380,231,405,251,propagated:0.972
/Users/bround/Desktop/Датасеты/Dataset_Mendeley_data/Unlabelled _UAV_Videos/Flight Test 1/FT1_segments_of_interest/f3_mini_e/ir/5_minie3_range_far.mp4,695,1,383,226,408,246,propagated:0.959
/Users/bround/Desktop/Датасеты/Dataset_Mendeley_data/Unlabelled _UAV_Videos/Flight Test 1/FT1_segments_of_interest/f3_mini_e/ir/5_minie3_range_far.mp4,696,1,388,218,413,238,propagated:0.955
/Users/bround/Desktop/Датасеты/Dataset_Mendeley_data/Unlabelled _UAV_Videos/Flight Test 1/FT1_segments_of_interest/f3_mini_e/ir/5_minie3_range_far.mp4,697,1,395,209,420,229,propagated:0.952
/Users/bround/Desktop/Датасеты/Dataset_Mendeley_data/Unlabelled _UAV_Videos/Flight Test 1/FT1_segments_of_interest/f3_mini_e/ir/5_minie3_range_far.mp4,698,1,395,209,420,229,propagated:0.964
/Users/bround/Desktop/Датасеты/Dataset_Mendeley_data/Unlabelled _UAV_Videos/Flight Test 1/FT1_segments_of_interest/f3_mini_e/ir/5_minie3_range_far.mp4,699,1,400,201,425,221,propagated:0.950
/Users/bround/Desktop/Датасеты/Dataset_Mendeley_data/Unlabelled _UAV_Videos/Flight Test 1/FT1_segments_of_interest/f3_mini_e/ir/5_minie3_range_far.mp4,700,1,405,193,430,213,propagated:0.959
/Users/bround/Desktop/Датасеты/Dataset_Mendeley_data/Unlabelled _UAV_Videos/Flight Test 1/FT1_segments_of_interest/f3_mini_e/ir/5_minie3_range_far.mp4,701,1,409,194,434,214,propagated:0.961
/Users/bround/Desktop/Датасеты/Dataset_Mendeley_data/Unlabelled _UAV_Videos/Flight Test 1/FT1_segments_of_interest/f3_mini_e/ir/5_minie3_range_far.mp4,702,1,414,200,439,220,propagated:0.959
/Users/bround/Desktop/Датасеты/Dataset_Mendeley_data/Unlabelled _UAV_Videos/Flight Test 1/FT1_segments_of_interest/f3_mini_e/ir/5_minie3_range_far.mp4,703,1,418,203,443,223,propagated:0.945
/Users/bround/Desktop/Датасеты/Dataset_Mendeley_data/Unlabelled _UAV_Videos/Flight Test 1/FT1_segments_of_interest/f3_mini_e/ir/5_minie3_range_far.mp4,704,1,418,203,443,223,propagated:0.962
/Users/bround/Desktop/Датасеты/Dataset_Mendeley_data/Unlabelled _UAV_Videos/Flight Test 1/FT1_segments_of_interest/f3_mini_e/ir/5_minie3_range_far.mp4,705,1,423,201,448,221,propagated:0.977
/Users/bround/Desktop/Датасеты/Dataset_Mendeley_data/Unlabelled _UAV_Videos/Flight Test 1/FT1_segments_of_interest/f3_mini_e/ir/5_minie3_range_far.mp4,706,1,427,201,452,221,propagated:0.976
/Users/bround/Desktop/Датасеты/Dataset_Mendeley_data/Unlabelled _UAV_Videos/Flight Test 1/FT1_segments_of_interest/f3_mini_e/ir/5_minie3_range_far.mp4,707,1,430,202,455,222,propagated:0.971
/Users/bround/Desktop/Датасеты/Dataset_Mendeley_data/Unlabelled _UAV_Videos/Flight Test 1/FT1_segments_of_interest/f3_mini_e/ir/5_minie3_range_far.mp4,708,1,432,208,457,228,propagated:0.957
/Users/bround/Desktop/Датасеты/Dataset_Mendeley_data/Unlabelled _UAV_Videos/Flight Test 1/FT1_segments_of_interest/f3_mini_e/ir/5_minie3_range_far.mp4,709,1,433,214,458,234,propagated:0.954
/Users/bround/Desktop/Датасеты/Dataset_Mendeley_data/Unlabelled _UAV_Videos/Flight Test 1/FT1_segments_of_interest/f3_mini_e/ir/5_minie3_range_far.mp4,710,1,433,214,458,234,propagated:0.965
/Users/bround/Desktop/Датасеты/Dataset_Mendeley_data/Unlabelled _UAV_Videos/Flight Test 1/FT1_segments_of_interest/f3_mini_e/ir/5_minie3_range_far.mp4,711,1,433,222,458,242,propagated:0.967
/Users/bround/Desktop/Датасеты/Dataset_Mendeley_data/Unlabelled _UAV_Videos/Flight Test 1/FT1_segments_of_interest/f3_mini_e/ir/5_minie3_range_far.mp4,712,1,433,225,458,245,propagated:0.967
/Users/bround/Desktop/Датасеты/Dataset_Mendeley_data/Unlabelled _UAV_Videos/Flight Test 1/FT1_segments_of_interest/f3_mini_e/ir/5_minie3_range_far.mp4,713,1,434,219,459,239,propagated:0.972
/Users/bround/Desktop/Датасеты/Dataset_Mendeley_data/Unlabelled _UAV_Videos/Flight Test 1/FT1_segments_of_interest/f3_mini_e/ir/5_minie3_range_far.mp4,714,1,436,208,461,228,propagated:0.947
/Users/bround/Desktop/Датасеты/Dataset_Mendeley_data/Unlabelled _UAV_Videos/Flight Test 1/FT1_segments_of_interest/f3_mini_e/ir/5_minie3_range_far.mp4,715,1,436,208,461,228,propagated:0.995
/Users/bround/Desktop/Датасеты/Dataset_Mendeley_data/Unlabelled _UAV_Videos/Flight Test 1/FT1_segments_of_interest/f3_mini_e/ir/5_minie3_range_far.mp4,716,1,436,203,461,223,propagated:0.920
/Users/bround/Desktop/Датасеты/Dataset_Mendeley_data/Unlabelled _UAV_Videos/Flight Test 1/FT1_segments_of_interest/f3_mini_e/ir/5_minie3_range_far.mp4,717,1,431,202,456,222,propagated:0.922
/Users/bround/Desktop/Датасеты/Dataset_Mendeley_data/Unlabelled _UAV_Videos/Flight Test 1/FT1_segments_of_interest/f3_mini_e/ir/5_minie3_range_far.mp4,718,1,424,208,449,228,propagated:0.940
/Users/bround/Desktop/Датасеты/Dataset_Mendeley_data/Unlabelled _UAV_Videos/Flight Test 1/FT1_segments_of_interest/f3_mini_e/ir/5_minie3_range_far.mp4,719,1,419,208,444,228,propagated:0.948
/Users/bround/Desktop/Датасеты/Dataset_Mendeley_data/Unlabelled _UAV_Videos/Flight Test 1/FT1_segments_of_interest/f3_mini_e/ir/5_minie3_range_far.mp4,720,1,414,207,439,227,propagated:0.957
/Users/bround/Desktop/Датасеты/Dataset_Mendeley_data/Unlabelled _UAV_Videos/Flight Test 1/FT1_segments_of_interest/f3_mini_e/ir/5_minie3_range_far.mp4,721,1,408,201,433,221,propagated:0.919
/Users/bround/Desktop/Датасеты/Dataset_Mendeley_data/Unlabelled _UAV_Videos/Flight Test 1/FT1_segments_of_interest/f3_mini_e/ir/5_minie3_range_far.mp4,722,1,408,201,433,221,propagated:0.936
/Users/bround/Desktop/Датасеты/Dataset_Mendeley_data/Unlabelled _UAV_Videos/Flight Test 1/FT1_segments_of_interest/f3_mini_e/ir/5_minie3_range_far.mp4,723,1,401,191,426,211,propagated:0.952
/Users/bround/Desktop/Датасеты/Dataset_Mendeley_data/Unlabelled _UAV_Videos/Flight Test 1/FT1_segments_of_interest/f3_mini_e/ir/5_minie3_range_far.mp4,724,1,396,185,421,205,propagated:0.970
/Users/bround/Desktop/Датасеты/Dataset_Mendeley_data/Unlabelled _UAV_Videos/Flight Test 1/FT1_segments_of_interest/f3_mini_e/ir/5_minie3_range_far.mp4,725,1,394,186,419,206,propagated:0.953
/Users/bround/Desktop/Датасеты/Dataset_Mendeley_data/Unlabelled _UAV_Videos/Flight Test 1/FT1_segments_of_interest/f3_mini_e/ir/5_minie3_range_far.mp4,726,1,394,187,419,207,propagated:0.947
/Users/bround/Desktop/Датасеты/Dataset_Mendeley_data/Unlabelled _UAV_Videos/Flight Test 1/FT1_segments_of_interest/f3_mini_e/ir/5_minie3_range_far.mp4,727,1,392,186,417,206,propagated:0.960
/Users/bround/Desktop/Датасеты/Dataset_Mendeley_data/Unlabelled _UAV_Videos/Flight Test 1/FT1_segments_of_interest/f3_mini_e/ir/5_minie3_range_far.mp4,728,1,392,186,417,206,propagated:0.973
/Users/bround/Desktop/Датасеты/Dataset_Mendeley_data/Unlabelled _UAV_Videos/Flight Test 1/FT1_segments_of_interest/f3_mini_e/ir/5_minie3_range_far.mp4,729,1,391,184,416,204,propagated:0.966
/Users/bround/Desktop/Датасеты/Dataset_Mendeley_data/Unlabelled _UAV_Videos/Flight Test 1/FT1_segments_of_interest/f3_mini_e/ir/5_minie3_range_far.mp4,730,1,391,184,416,204,propagated:0.975
/Users/bround/Desktop/Датасеты/Dataset_Mendeley_data/Unlabelled _UAV_Videos/Flight Test 1/FT1_segments_of_interest/f3_mini_e/ir/5_minie3_range_far.mp4,731,1,392,188,417,208,propagated:0.975
/Users/bround/Desktop/Датасеты/Dataset_Mendeley_data/Unlabelled _UAV_Videos/Flight Test 1/FT1_segments_of_interest/f3_mini_e/ir/5_minie3_range_far.mp4,732,1,393,193,418,213,propagated:0.962
/Users/bround/Desktop/Датасеты/Dataset_Mendeley_data/Unlabelled _UAV_Videos/Flight Test 1/FT1_segments_of_interest/f3_mini_e/ir/5_minie3_range_far.mp4,733,1,395,196,420,216,propagated:0.947
/Users/bround/Desktop/Датасеты/Dataset_Mendeley_data/Unlabelled _UAV_Videos/Flight Test 1/FT1_segments_of_interest/f3_mini_e/ir/5_minie3_range_far.mp4,734,1,395,196,420,216,propagated:0.962
/Users/bround/Desktop/Датасеты/Dataset_Mendeley_data/Unlabelled _UAV_Videos/Flight Test 1/FT1_segments_of_interest/f3_mini_e/ir/5_minie3_range_far.mp4,735,1,398,198,423,218,propagated:0.966
/Users/bround/Desktop/Датасеты/Dataset_Mendeley_data/Unlabelled _UAV_Videos/Flight Test 1/FT1_segments_of_interest/f3_mini_e/ir/5_minie3_range_far.mp4,736,1,398,202,423,222,propagated:0.966
/Users/bround/Desktop/Датасеты/Dataset_Mendeley_data/Unlabelled _UAV_Videos/Flight Test 1/FT1_segments_of_interest/f3_mini_e/ir/5_minie3_range_far.mp4,737,1,398,208,423,228,propagated:0.910
/Users/bround/Desktop/Датасеты/Dataset_Mendeley_data/Unlabelled _UAV_Videos/Flight Test 1/FT1_segments_of_interest/f3_mini_e/ir/5_minie3_range_far.mp4,738,1,400,219,425,239,propagated:0.920
/Users/bround/Desktop/Датасеты/Dataset_Mendeley_data/Unlabelled _UAV_Videos/Flight Test 1/FT1_segments_of_interest/f3_mini_e/ir/5_minie3_range_far.mp4,739,1,402,226,427,246,propagated:0.950
/Users/bround/Desktop/Датасеты/Dataset_Mendeley_data/Unlabelled _UAV_Videos/Flight Test 1/FT1_segments_of_interest/f3_mini_e/ir/5_minie3_range_far.mp4,740,1,402,226,427,246,propagated:0.967
/Users/bround/Desktop/Датасеты/Dataset_Mendeley_data/Unlabelled _UAV_Videos/Flight Test 1/FT1_segments_of_interest/f3_mini_e/ir/5_minie3_range_far.mp4,741,1,404,234,429,254,propagated:0.917
/Users/bround/Desktop/Датасеты/Dataset_Mendeley_data/Unlabelled _UAV_Videos/Flight Test 1/FT1_segments_of_interest/f3_mini_e/ir/5_minie3_range_far.mp4,742,1,407,242,432,262,propagated:0.954
/Users/bround/Desktop/Датасеты/Dataset_Mendeley_data/Unlabelled _UAV_Videos/Flight Test 1/FT1_segments_of_interest/f3_mini_e/ir/5_minie3_range_far.mp4,743,1,406,254,431,274,propagated:0.927
/Users/bround/Desktop/Датасеты/Dataset_Mendeley_data/Unlabelled _UAV_Videos/Flight Test 1/FT1_segments_of_interest/f3_mini_e/ir/5_minie3_range_far.mp4,744,1,403,269,428,289,propagated:0.898
/Users/bround/Desktop/Датасеты/Dataset_Mendeley_data/Unlabelled _UAV_Videos/Flight Test 1/FT1_segments_of_interest/f3_mini_e/ir/5_minie3_range_far.mp4,745,1,400,282,425,302,propagated:0.845
/Users/bround/Desktop/Датасеты/Dataset_Mendeley_data/Unlabelled _UAV_Videos/Flight Test 1/FT1_segments_of_interest/f3_mini_e/ir/5_minie3_range_far.mp4,746,1,400,282,425,302,propagated:0.894
/Users/bround/Desktop/Датасеты/Dataset_Mendeley_data/Unlabelled _UAV_Videos/Flight Test 1/FT1_segments_of_interest/f3_mini_e/ir/5_minie3_range_far.mp4,747,1,387,307,412,327,propagated:0.931
/Users/bround/Desktop/Датасеты/Dataset_Mendeley_data/Unlabelled _UAV_Videos/Flight Test 1/FT1_segments_of_interest/f3_mini_e/ir/5_minie3_range_far.mp4,748,1,378,333,403,353,propagated:0.891
/Users/bround/Desktop/Датасеты/Dataset_Mendeley_data/Unlabelled _UAV_Videos/Flight Test 1/FT1_segments_of_interest/f3_mini_e/ir/5_minie3_range_far.mp4,749,1,375,360,400,380,propagated:0.844
/Users/bround/Desktop/Датасеты/Dataset_Mendeley_data/Unlabelled _UAV_Videos/Flight Test 1/FT1_segments_of_interest/f3_mini_e/ir/5_minie3_range_far.mp4,750,1,366,380,391,400,propagated:0.870
/Users/bround/Desktop/Датасеты/Dataset_Mendeley_data/Unlabelled _UAV_Videos/Flight Test 1/FT1_segments_of_interest/f3_mini_e/ir/5_minie3_range_far.mp4,751,1,353,389,378,409,propagated:0.816
/Users/bround/Desktop/Датасеты/Dataset_Mendeley_data/Unlabelled _UAV_Videos/Flight Test 1/FT1_segments_of_interest/f3_mini_e/ir/5_minie3_range_far.mp4,752,1,353,389,378,409,propagated:0.886
/Users/bround/Desktop/Датасеты/Dataset_Mendeley_data/Unlabelled _UAV_Videos/Flight Test 1/FT1_segments_of_interest/f3_mini_e/ir/5_minie3_range_far.mp4,753,1,335,392,360,412,propagated:0.890
/Users/bround/Desktop/Датасеты/Dataset_Mendeley_data/Unlabelled _UAV_Videos/Flight Test 1/FT1_segments_of_interest/f3_mini_e/ir/5_minie3_range_far.mp4,754,1,319,390,344,410,propagated:0.844
/Users/bround/Desktop/Датасеты/Dataset_Mendeley_data/Unlabelled _UAV_Videos/Flight Test 1/FT1_segments_of_interest/f3_mini_e/ir/5_minie3_range_far.mp4,755,1,305,389,330,409,propagated:0.890
/Users/bround/Desktop/Датасеты/Dataset_Mendeley_data/Unlabelled _UAV_Videos/Flight Test 1/FT1_segments_of_interest/f3_mini_e/ir/5_minie3_range_far.mp4,756,1,299,397,324,417,propagated:0.853
/Users/bround/Desktop/Датасеты/Dataset_Mendeley_data/Unlabelled _UAV_Videos/Flight Test 1/FT1_segments_of_interest/f3_mini_e/ir/5_minie3_range_far.mp4,757,1,293,403,318,423,propagated:0.932
/Users/bround/Desktop/Датасеты/Dataset_Mendeley_data/Unlabelled _UAV_Videos/Flight Test 1/FT1_segments_of_interest/f3_mini_e/ir/5_minie3_range_far.mp4,758,1,293,403,318,423,propagated:0.946
/Users/bround/Desktop/Датасеты/Dataset_Mendeley_data/Unlabelled _UAV_Videos/Flight Test 1/FT1_segments_of_interest/f3_mini_e/ir/5_minie3_range_far.mp4,759,1,290,403,315,423,propagated:0.951
/Users/bround/Desktop/Датасеты/Dataset_Mendeley_data/Unlabelled _UAV_Videos/Flight Test 1/FT1_segments_of_interest/f3_mini_e/ir/5_minie3_range_far.mp4,760,1,295,394,320,414,propagated:0.913
/Users/bround/Desktop/Датасеты/Dataset_Mendeley_data/Unlabelled _UAV_Videos/Flight Test 1/FT1_segments_of_interest/f3_mini_e/ir/5_minie3_range_far.mp4,761,1,300,389,325,409,propagated:0.903
/Users/bround/Desktop/Датасеты/Dataset_Mendeley_data/Unlabelled _UAV_Videos/Flight Test 1/FT1_segments_of_interest/f3_mini_e/ir/5_minie3_range_far.mp4,762,1,305,381,330,401,propagated:0.878
/Users/bround/Desktop/Датасеты/Dataset_Mendeley_data/Unlabelled _UAV_Videos/Flight Test 1/FT1_segments_of_interest/f3_mini_e/ir/5_minie3_range_far.mp4,763,1,311,371,336,391,propagated:0.898
/Users/bround/Desktop/Датасеты/Dataset_Mendeley_data/Unlabelled _UAV_Videos/Flight Test 1/FT1_segments_of_interest/f3_mini_e/ir/5_minie3_range_far.mp4,764,1,311,371,336,391,propagated:0.923
/Users/bround/Desktop/Датасеты/Dataset_Mendeley_data/Unlabelled _UAV_Videos/Flight Test 1/FT1_segments_of_interest/f3_mini_e/ir/5_minie3_range_far.mp4,765,1,314,365,339,385,propagated:0.963
/Users/bround/Desktop/Датасеты/Dataset_Mendeley_data/Unlabelled _UAV_Videos/Flight Test 1/FT1_segments_of_interest/f3_mini_e/ir/5_minie3_range_far.mp4,766,1,321,348,346,368,propagated:0.880
/Users/bround/Desktop/Датасеты/Dataset_Mendeley_data/Unlabelled _UAV_Videos/Flight Test 1/FT1_segments_of_interest/f3_mini_e/ir/5_minie3_range_far.mp4,767,1,325,328,350,348,propagated:0.904
/Users/bround/Desktop/Датасеты/Dataset_Mendeley_data/Unlabelled _UAV_Videos/Flight Test 1/FT1_segments_of_interest/f3_mini_e/ir/5_minie3_range_far.mp4,768,1,332,300,357,320,propagated:0.823
/Users/bround/Desktop/Датасеты/Dataset_Mendeley_data/Unlabelled _UAV_Videos/Flight Test 1/FT1_segments_of_interest/f3_mini_e/ir/5_minie3_range_far.mp4,769,1,336,275,361,295,propagated:0.892
/Users/bround/Desktop/Датасеты/Dataset_Mendeley_data/Unlabelled _UAV_Videos/Flight Test 1/FT1_segments_of_interest/f3_mini_e/ir/5_minie3_range_far.mp4,770,1,336,275,361,295,propagated:0.921
/Users/bround/Desktop/Датасеты/Dataset_Mendeley_data/Unlabelled _UAV_Videos/Flight Test 1/FT1_segments_of_interest/f3_mini_e/ir/5_minie3_range_far.mp4,771,1,333,257,358,277,propagated:0.939
/Users/bround/Desktop/Датасеты/Dataset_Mendeley_data/Unlabelled _UAV_Videos/Flight Test 1/FT1_segments_of_interest/f3_mini_e/ir/5_minie3_range_far.mp4,772,1,332,240,357,260,propagated:0.928
/Users/bround/Desktop/Датасеты/Dataset_Mendeley_data/Unlabelled _UAV_Videos/Flight Test 1/FT1_segments_of_interest/f3_mini_e/ir/5_minie3_range_far.mp4,773,1,334,223,359,243,propagated:0.935
/Users/bround/Desktop/Датасеты/Dataset_Mendeley_data/Unlabelled _UAV_Videos/Flight Test 1/FT1_segments_of_interest/f3_mini_e/ir/5_minie3_range_far.mp4,774,1,338,208,363,228,propagated:0.935
/Users/bround/Desktop/Датасеты/Dataset_Mendeley_data/Unlabelled _UAV_Videos/Flight Test 1/FT1_segments_of_interest/f3_mini_e/ir/5_minie3_range_far.mp4,775,1,339,194,364,214,propagated:0.924
/Users/bround/Desktop/Датасеты/Dataset_Mendeley_data/Unlabelled _UAV_Videos/Flight Test 1/FT1_segments_of_interest/f3_mini_e/ir/5_minie3_range_far.mp4,776,1,339,194,364,214,propagated:0.946
/Users/bround/Desktop/Датасеты/Dataset_Mendeley_data/Unlabelled _UAV_Videos/Flight Test 1/FT1_segments_of_interest/f3_mini_e/ir/5_minie3_range_far.mp4,777,1,341,179,366,199,propagated:0.934
/Users/bround/Desktop/Датасеты/Dataset_Mendeley_data/Unlabelled _UAV_Videos/Flight Test 1/FT1_segments_of_interest/f3_mini_e/ir/5_minie3_range_far.mp4,778,1,342,168,367,188,propagated:0.808
/Users/bround/Desktop/Датасеты/Dataset_Mendeley_data/Unlabelled _UAV_Videos/Flight Test 1/FT1_segments_of_interest/f3_mini_e/ir/5_minie3_range_far.mp4,779,1,346,171,371,191,propagated:0.834
/Users/bround/Desktop/Датасеты/Dataset_Mendeley_data/Unlabelled _UAV_Videos/Flight Test 1/FT1_segments_of_interest/f3_mini_e/ir/5_minie3_range_far.mp4,780,1,349,174,374,194,propagated:0.839
/Users/bround/Desktop/Датасеты/Dataset_Mendeley_data/Unlabelled _UAV_Videos/Flight Test 1/FT1_segments_of_interest/f3_mini_e/ir/5_minie3_range_far.mp4,781,1,351,174,376,194,propagated:0.883
/Users/bround/Desktop/Датасеты/Dataset_Mendeley_data/Unlabelled _UAV_Videos/Flight Test 1/FT1_segments_of_interest/f3_mini_e/ir/5_minie3_range_far.mp4,782,1,351,174,376,194,propagated:0.922
/Users/bround/Desktop/Датасеты/Dataset_Mendeley_data/Unlabelled _UAV_Videos/Flight Test 1/FT1_segments_of_interest/f3_mini_e/ir/5_minie3_range_far.mp4,783,1,354,171,379,191,propagated:0.939
/Users/bround/Desktop/Датасеты/Dataset_Mendeley_data/Unlabelled _UAV_Videos/Flight Test 1/FT1_segments_of_interest/f3_mini_e/ir/5_minie3_range_far.mp4,784,1,359,171,384,191,propagated:0.924
/Users/bround/Desktop/Датасеты/Dataset_Mendeley_data/Unlabelled _UAV_Videos/Flight Test 1/FT1_segments_of_interest/f3_mini_e/ir/5_minie3_range_far.mp4,785,1,365,173,390,193,propagated:0.949
/Users/bround/Desktop/Датасеты/Dataset_Mendeley_data/Unlabelled _UAV_Videos/Flight Test 1/FT1_segments_of_interest/f3_mini_e/ir/5_minie3_range_far.mp4,786,1,368,173,393,193,propagated:0.918
/Users/bround/Desktop/Датасеты/Dataset_Mendeley_data/Unlabelled _UAV_Videos/Flight Test 1/FT1_segments_of_interest/f3_mini_e/ir/5_minie3_range_far.mp4,787,1,369,175,394,195,propagated:0.956
/Users/bround/Desktop/Датасеты/Dataset_Mendeley_data/Unlabelled _UAV_Videos/Flight Test 1/FT1_segments_of_interest/f3_mini_e/ir/5_minie3_range_far.mp4,788,1,369,175,394,195,propagated:0.969
/Users/bround/Desktop/Датасеты/Dataset_Mendeley_data/Unlabelled _UAV_Videos/Flight Test 1/FT1_segments_of_interest/f3_mini_e/ir/5_minie3_range_far.mp4,789,1,367,177,392,197,propagated:0.947
/Users/bround/Desktop/Датасеты/Dataset_Mendeley_data/Unlabelled _UAV_Videos/Flight Test 1/FT1_segments_of_interest/f3_mini_e/ir/5_minie3_range_far.mp4,790,1,367,177,392,197,propagated:0.962
/Users/bround/Desktop/Датасеты/Dataset_Mendeley_data/Unlabelled _UAV_Videos/Flight Test 1/FT1_segments_of_interest/f3_mini_e/ir/5_minie3_range_far.mp4,791,1,367,177,392,197,propagated:0.965
/Users/bround/Desktop/Датасеты/Dataset_Mendeley_data/Unlabelled _UAV_Videos/Flight Test 1/FT1_segments_of_interest/f3_mini_e/ir/5_minie3_range_far.mp4,792,1,366,170,391,190,propagated:0.929
/Users/bround/Desktop/Датасеты/Dataset_Mendeley_data/Unlabelled _UAV_Videos/Flight Test 1/FT1_segments_of_interest/f3_mini_e/ir/5_minie3_range_far.mp4,793,1,364,163,389,183,propagated:0.902
/Users/bround/Desktop/Датасеты/Dataset_Mendeley_data/Unlabelled _UAV_Videos/Flight Test 1/FT1_segments_of_interest/f3_mini_e/ir/5_minie3_range_far.mp4,794,1,364,163,389,183,propagated:0.926
/Users/bround/Desktop/Датасеты/Dataset_Mendeley_data/Unlabelled _UAV_Videos/Flight Test 1/FT1_segments_of_interest/f3_mini_e/ir/5_minie3_range_far.mp4,795,1,367,158,392,178,propagated:0.955
/Users/bround/Desktop/Датасеты/Dataset_Mendeley_data/Unlabelled _UAV_Videos/Flight Test 1/FT1_segments_of_interest/f3_mini_e/ir/5_minie3_range_far.mp4,796,1,366,158,391,178,propagated:0.935
/Users/bround/Desktop/Датасеты/Dataset_Mendeley_data/Unlabelled _UAV_Videos/Flight Test 1/FT1_segments_of_interest/f3_mini_e/ir/5_minie3_range_far.mp4,797,1,367,156,392,176,propagated:0.949
/Users/bround/Desktop/Датасеты/Dataset_Mendeley_data/Unlabelled _UAV_Videos/Flight Test 1/FT1_segments_of_interest/f3_mini_e/ir/5_minie3_range_far.mp4,798,1,370,152,395,172,propagated:0.916
/Users/bround/Desktop/Датасеты/Dataset_Mendeley_data/Unlabelled _UAV_Videos/Flight Test 1/FT1_segments_of_interest/f3_mini_e/ir/5_minie3_range_far.mp4,799,1,376,148,401,168,propagated:0.940
/Users/bround/Desktop/Датасеты/Dataset_Mendeley_data/Unlabelled _UAV_Videos/Flight Test 1/FT1_segments_of_interest/f3_mini_e/ir/5_minie3_range_far.mp4,800,1,376,148,401,168,propagated:0.950
/Users/bround/Desktop/Датасеты/Dataset_Mendeley_data/Unlabelled _UAV_Videos/Flight Test 1/FT1_segments_of_interest/f3_mini_e/ir/5_minie3_range_far.mp4,801,1,379,145,404,165,propagated:0.908
/Users/bround/Desktop/Датасеты/Dataset_Mendeley_data/Unlabelled _UAV_Videos/Flight Test 1/FT1_segments_of_interest/f3_mini_e/ir/5_minie3_range_far.mp4,802,1,382,144,407,164,propagated:0.934
/Users/bround/Desktop/Датасеты/Dataset_Mendeley_data/Unlabelled _UAV_Videos/Flight Test 1/FT1_segments_of_interest/f3_mini_e/ir/5_minie3_range_far.mp4,803,1,386,142,411,162,propagated:0.950
/Users/bround/Desktop/Датасеты/Dataset_Mendeley_data/Unlabelled _UAV_Videos/Flight Test 1/FT1_segments_of_interest/f3_mini_e/ir/5_minie3_range_far.mp4,804,1,390,138,415,158,propagated:0.947
/Users/bround/Desktop/Датасеты/Dataset_Mendeley_data/Unlabelled _UAV_Videos/Flight Test 1/FT1_segments_of_interest/f3_mini_e/ir/5_minie3_range_far.mp4,805,1,394,134,419,154,propagated:0.946
/Users/bround/Desktop/Датасеты/Dataset_Mendeley_data/Unlabelled _UAV_Videos/Flight Test 1/FT1_segments_of_interest/f3_mini_e/ir/5_minie3_range_far.mp4,806,1,394,134,419,154,propagated:0.960
/Users/bround/Desktop/Датасеты/Dataset_Mendeley_data/Unlabelled _UAV_Videos/Flight Test 1/FT1_segments_of_interest/f3_mini_e/ir/5_minie3_range_far.mp4,807,1,397,133,422,153,propagated:0.922
/Users/bround/Desktop/Датасеты/Dataset_Mendeley_data/Unlabelled _UAV_Videos/Flight Test 1/FT1_segments_of_interest/f3_mini_e/ir/5_minie3_range_far.mp4,808,1,396,130,421,150,propagated:0.924
/Users/bround/Desktop/Датасеты/Dataset_Mendeley_data/Unlabelled _UAV_Videos/Flight Test 1/FT1_segments_of_interest/f3_mini_e/ir/5_minie3_range_far.mp4,809,1,396,126,421,146,propagated:0.946
/Users/bround/Desktop/Датасеты/Dataset_Mendeley_data/Unlabelled _UAV_Videos/Flight Test 1/FT1_segments_of_interest/f3_mini_e/ir/5_minie3_range_far.mp4,810,1,396,117,421,137,propagated:0.923
/Users/bround/Desktop/Датасеты/Dataset_Mendeley_data/Unlabelled _UAV_Videos/Flight Test 1/FT1_segments_of_interest/f3_mini_e/ir/5_minie3_range_far.mp4,811,1,392,119,417,139,propagated:0.907
/Users/bround/Desktop/Датасеты/Dataset_Mendeley_data/Unlabelled _UAV_Videos/Flight Test 1/FT1_segments_of_interest/f3_mini_e/ir/5_minie3_range_far.mp4,812,1,392,119,417,139,propagated:0.932
/Users/bround/Desktop/Датасеты/Dataset_Mendeley_data/Unlabelled _UAV_Videos/Flight Test 1/FT1_segments_of_interest/f3_mini_e/ir/5_minie3_range_far.mp4,813,1,386,128,411,148,propagated:0.895
/Users/bround/Desktop/Датасеты/Dataset_Mendeley_data/Unlabelled _UAV_Videos/Flight Test 1/FT1_segments_of_interest/f3_mini_e/ir/5_minie3_range_far.mp4,814,1,384,130,409,150,propagated:0.946
/Users/bround/Desktop/Датасеты/Dataset_Mendeley_data/Unlabelled _UAV_Videos/Flight Test 1/FT1_segments_of_interest/f3_mini_e/ir/5_minie3_range_far.mp4,815,1,385,125,410,145,propagated:0.908
/Users/bround/Desktop/Датасеты/Dataset_Mendeley_data/Unlabelled _UAV_Videos/Flight Test 1/FT1_segments_of_interest/f3_mini_e/ir/5_minie3_range_far.mp4,816,1,385,123,410,143,propagated:0.912
/Users/bround/Desktop/Датасеты/Dataset_Mendeley_data/Unlabelled _UAV_Videos/Flight Test 1/FT1_segments_of_interest/f3_mini_e/ir/5_minie3_range_far.mp4,817,1,384,121,409,141,propagated:0.923
/Users/bround/Desktop/Датасеты/Dataset_Mendeley_data/Unlabelled _UAV_Videos/Flight Test 1/FT1_segments_of_interest/f3_mini_e/ir/5_minie3_range_far.mp4,818,1,384,121,409,141,propagated:0.950
/Users/bround/Desktop/Датасеты/Dataset_Mendeley_data/Unlabelled _UAV_Videos/Flight Test 1/FT1_segments_of_interest/f3_mini_e/ir/5_minie3_range_far.mp4,819,1,384,120,409,140,propagated:0.923
/Users/bround/Desktop/Датасеты/Dataset_Mendeley_data/Unlabelled _UAV_Videos/Flight Test 1/FT1_segments_of_interest/f3_mini_e/ir/5_minie3_range_far.mp4,820,1,385,129,410,149,propagated:0.852
/Users/bround/Desktop/Датасеты/Dataset_Mendeley_data/Unlabelled _UAV_Videos/Flight Test 1/FT1_segments_of_interest/f3_mini_e/ir/5_minie3_range_far.mp4,821,1,388,139,413,159,propagated:0.884
/Users/bround/Desktop/Датасеты/Dataset_Mendeley_data/Unlabelled _UAV_Videos/Flight Test 1/FT1_segments_of_interest/f3_mini_e/ir/5_minie3_range_far.mp4,822,1,389,151,414,171,propagated:0.849
/Users/bround/Desktop/Датасеты/Dataset_Mendeley_data/Unlabelled _UAV_Videos/Flight Test 1/FT1_segments_of_interest/f3_mini_e/ir/5_minie3_range_far.mp4,823,1,396,164,421,184,propagated:0.904
/Users/bround/Desktop/Датасеты/Dataset_Mendeley_data/Unlabelled _UAV_Videos/Flight Test 1/FT1_segments_of_interest/f3_mini_e/ir/5_minie3_range_far.mp4,824,1,396,164,421,184,propagated:0.931
/Users/bround/Desktop/Датасеты/Dataset_Mendeley_data/Unlabelled _UAV_Videos/Flight Test 1/FT1_segments_of_interest/f3_mini_e/ir/5_minie3_range_far.mp4,825,1,402,168,427,188,propagated:0.888
/Users/bround/Desktop/Датасеты/Dataset_Mendeley_data/Unlabelled _UAV_Videos/Flight Test 1/FT1_segments_of_interest/f3_mini_e/ir/5_minie3_range_far.mp4,826,1,404,174,429,194,propagated:0.881
/Users/bround/Desktop/Датасеты/Dataset_Mendeley_data/Unlabelled _UAV_Videos/Flight Test 1/FT1_segments_of_interest/f3_mini_e/ir/5_minie3_range_far.mp4,827,1,409,174,434,194,propagated:0.922
/Users/bround/Desktop/Датасеты/Dataset_Mendeley_data/Unlabelled _UAV_Videos/Flight Test 1/FT1_segments_of_interest/f3_mini_e/ir/5_minie3_range_far.mp4,828,1,416,176,441,196,propagated:0.897
/Users/bround/Desktop/Датасеты/Dataset_Mendeley_data/Unlabelled _UAV_Videos/Flight Test 1/FT1_segments_of_interest/f3_mini_e/ir/5_minie3_range_far.mp4,829,1,425,185,450,205,propagated:0.826
/Users/bround/Desktop/Датасеты/Dataset_Mendeley_data/Unlabelled _UAV_Videos/Flight Test 1/FT1_segments_of_interest/f3_mini_e/ir/5_minie3_range_far.mp4,830,1,425,185,450,205,propagated:0.861
/Users/bround/Desktop/Датасеты/Dataset_Mendeley_data/Unlabelled _UAV_Videos/Flight Test 1/FT1_segments_of_interest/f3_mini_e/ir/5_minie3_range_far.mp4,831,1,436,214,461,234,propagated:0.804
/Users/bround/Desktop/Датасеты/Dataset_Mendeley_data/Unlabelled _UAV_Videos/Flight Test 1/FT1_segments_of_interest/f3_mini_e/ir/5_minie3_range_far.mp4,832,1,442,233,467,253,propagated:0.924
/Users/bround/Desktop/Датасеты/Dataset_Mendeley_data/Unlabelled _UAV_Videos/Flight Test 1/FT1_segments_of_interest/f3_mini_e/ir/5_minie3_range_far.mp4,833,1,445,238,470,258,propagated:0.874
/Users/bround/Desktop/Датасеты/Dataset_Mendeley_data/Unlabelled _UAV_Videos/Flight Test 1/FT1_segments_of_interest/f3_mini_e/ir/5_minie3_range_far.mp4,834,1,449,237,474,257,propagated:0.926
/Users/bround/Desktop/Датасеты/Dataset_Mendeley_data/Unlabelled _UAV_Videos/Flight Test 1/FT1_segments_of_interest/f3_mini_e/ir/5_minie3_range_far.mp4,835,1,452,233,477,253,propagated:0.941
/Users/bround/Desktop/Датасеты/Dataset_Mendeley_data/Unlabelled _UAV_Videos/Flight Test 1/FT1_segments_of_interest/f3_mini_e/ir/5_minie3_range_far.mp4,836,1,452,233,477,253,propagated:0.957
/Users/bround/Desktop/Датасеты/Dataset_Mendeley_data/Unlabelled _UAV_Videos/Flight Test 1/FT1_segments_of_interest/f3_mini_e/ir/5_minie3_range_far.mp4,837,1,451,232,476,252,propagated:0.950
/Users/bround/Desktop/Датасеты/Dataset_Mendeley_data/Unlabelled _UAV_Videos/Flight Test 1/FT1_segments_of_interest/f3_mini_e/ir/5_minie3_range_far.mp4,838,1,451,230,476,250,propagated:0.947
/Users/bround/Desktop/Датасеты/Dataset_Mendeley_data/Unlabelled _UAV_Videos/Flight Test 1/FT1_segments_of_interest/f3_mini_e/ir/5_minie3_range_far.mp4,839,1,456,233,481,253,propagated:0.924
/Users/bround/Desktop/Датасеты/Dataset_Mendeley_data/Unlabelled _UAV_Videos/Flight Test 1/FT1_segments_of_interest/f3_mini_e/ir/5_minie3_range_far.mp4,840,1,461,241,486,261,propagated:0.957
/Users/bround/Desktop/Датасеты/Dataset_Mendeley_data/Unlabelled _UAV_Videos/Flight Test 1/FT1_segments_of_interest/f3_mini_e/ir/5_minie3_range_far.mp4,841,1,462,243,487,263,propagated:0.954
/Users/bround/Desktop/Датасеты/Dataset_Mendeley_data/Unlabelled _UAV_Videos/Flight Test 1/FT1_segments_of_interest/f3_mini_e/ir/5_minie3_range_far.mp4,842,1,462,243,487,263,propagated:0.970
/Users/bround/Desktop/Датасеты/Dataset_Mendeley_data/Unlabelled _UAV_Videos/Flight Test 1/FT1_segments_of_interest/f3_mini_e/ir/5_minie3_range_far.mp4,843,1,461,248,486,268,propagated:0.924
/Users/bround/Desktop/Датасеты/Dataset_Mendeley_data/Unlabelled _UAV_Videos/Flight Test 1/FT1_segments_of_interest/f3_mini_e/ir/5_minie3_range_far.mp4,844,1,467,257,492,277,propagated:0.904
/Users/bround/Desktop/Датасеты/Dataset_Mendeley_data/Unlabelled _UAV_Videos/Flight Test 1/FT1_segments_of_interest/f3_mini_e/ir/5_minie3_range_far.mp4,845,1,471,269,496,289,propagated:0.930
/Users/bround/Desktop/Датасеты/Dataset_Mendeley_data/Unlabelled _UAV_Videos/Flight Test 1/FT1_segments_of_interest/f3_mini_e/ir/5_minie3_range_far.mp4,846,1,476,281,501,301,propagated:0.926
/Users/bround/Desktop/Датасеты/Dataset_Mendeley_data/Unlabelled _UAV_Videos/Flight Test 1/FT1_segments_of_interest/f3_mini_e/ir/5_minie3_range_far.mp4,847,1,480,297,505,317,propagated:0.938
/Users/bround/Desktop/Датасеты/Dataset_Mendeley_data/Unlabelled _UAV_Videos/Flight Test 1/FT1_segments_of_interest/f3_mini_e/ir/5_minie3_range_far.mp4,848,1,480,297,505,317,propagated:0.947
/Users/bround/Desktop/Датасеты/Dataset_Mendeley_data/Unlabelled _UAV_Videos/Flight Test 1/FT1_segments_of_interest/f3_mini_e/ir/5_minie3_range_far.mp4,849,1,485,303,510,323,propagated:0.932
/Users/bround/Desktop/Датасеты/Dataset_Mendeley_data/Unlabelled _UAV_Videos/Flight Test 1/FT1_segments_of_interest/f3_mini_e/ir/5_minie3_range_far.mp4,850,1,488,308,513,328,propagated:0.911
/Users/bround/Desktop/Датасеты/Dataset_Mendeley_data/Unlabelled _UAV_Videos/Flight Test 1/FT1_segments_of_interest/f3_mini_e/ir/5_minie3_range_far.mp4,851,1,490,306,515,326,propagated:0.929
/Users/bround/Desktop/Датасеты/Dataset_Mendeley_data/Unlabelled _UAV_Videos/Flight Test 1/FT1_segments_of_interest/f3_mini_e/ir/5_minie3_range_far.mp4,852,1,492,302,517,322,propagated:0.951
/Users/bround/Desktop/Датасеты/Dataset_Mendeley_data/Unlabelled _UAV_Videos/Flight Test 1/FT1_segments_of_interest/f3_mini_e/ir/5_minie3_range_far.mp4,853,1,493,298,518,318,propagated:0.930
/Users/bround/Desktop/Датасеты/Dataset_Mendeley_data/Unlabelled _UAV_Videos/Flight Test 1/FT1_segments_of_interest/f3_mini_e/ir/5_minie3_range_far.mp4,854,1,493,298,518,318,propagated:0.956
/Users/bround/Desktop/Датасеты/Dataset_Mendeley_data/Unlabelled _UAV_Videos/Flight Test 1/FT1_segments_of_interest/f3_mini_e/ir/5_minie3_range_far.mp4,855,1,490,299,515,319,propagated:0.941
/Users/bround/Desktop/Датасеты/Dataset_Mendeley_data/Unlabelled _UAV_Videos/Flight Test 1/FT1_segments_of_interest/f3_mini_e/ir/5_minie3_range_far.mp4,856,1,487,302,512,322,propagated:0.915
/Users/bround/Desktop/Датасеты/Dataset_Mendeley_data/Unlabelled _UAV_Videos/Flight Test 1/FT1_segments_of_interest/f3_mini_e/ir/5_minie3_range_far.mp4,857,1,480,310,505,330,propagated:0.902
/Users/bround/Desktop/Датасеты/Dataset_Mendeley_data/Unlabelled _UAV_Videos/Flight Test 1/FT1_segments_of_interest/f3_mini_e/ir/5_minie3_range_far.mp4,858,1,468,319,493,339,propagated:0.952
/Users/bround/Desktop/Датасеты/Dataset_Mendeley_data/Unlabelled _UAV_Videos/Flight Test 1/FT1_segments_of_interest/f3_mini_e/ir/5_minie3_range_far.mp4,859,1,463,322,488,342,propagated:0.940
/Users/bround/Desktop/Датасеты/Dataset_Mendeley_data/Unlabelled _UAV_Videos/Flight Test 1/FT1_segments_of_interest/f3_mini_e/ir/5_minie3_range_far.mp4,860,1,463,322,488,342,propagated:0.961
/Users/bround/Desktop/Датасеты/Dataset_Mendeley_data/Unlabelled _UAV_Videos/Flight Test 1/FT1_segments_of_interest/f3_mini_e/ir/5_minie3_range_far.mp4,861,1,460,317,485,337,propagated:0.918
/Users/bround/Desktop/Датасеты/Dataset_Mendeley_data/Unlabelled _UAV_Videos/Flight Test 1/FT1_segments_of_interest/f3_mini_e/ir/5_minie3_range_far.mp4,862,1,452,304,477,324,propagated:0.892
/Users/bround/Desktop/Датасеты/Dataset_Mendeley_data/Unlabelled _UAV_Videos/Flight Test 1/FT1_segments_of_interest/f3_mini_e/ir/5_minie3_range_far.mp4,863,1,442,289,467,309,propagated:0.891
/Users/bround/Desktop/Датасеты/Dataset_Mendeley_data/Unlabelled _UAV_Videos/Flight Test 1/FT1_segments_of_interest/f3_mini_e/ir/5_minie3_range_far.mp4,864,1,430,277,455,297,propagated:0.925
/Users/bround/Desktop/Датасеты/Dataset_Mendeley_data/Unlabelled _UAV_Videos/Flight Test 1/FT1_segments_of_interest/f3_mini_e/ir/5_minie3_range_far.mp4,865,1,420,272,445,292,propagated:0.908
/Users/bround/Desktop/Датасеты/Dataset_Mendeley_data/Unlabelled _UAV_Videos/Flight Test 1/FT1_segments_of_interest/f3_mini_e/ir/5_minie3_range_far.mp4,866,1,420,272,445,292,propagated:0.938
/Users/bround/Desktop/Датасеты/Dataset_Mendeley_data/Unlabelled _UAV_Videos/Flight Test 1/FT1_segments_of_interest/f3_mini_e/ir/5_minie3_range_far.mp4,867,1,408,277,433,297,propagated:0.922
/Users/bround/Desktop/Датасеты/Dataset_Mendeley_data/Unlabelled _UAV_Videos/Flight Test 1/FT1_segments_of_interest/f3_mini_e/ir/5_minie3_range_far.mp4,868,1,397,284,422,304,propagated:0.881
/Users/bround/Desktop/Датасеты/Dataset_Mendeley_data/Unlabelled _UAV_Videos/Flight Test 1/FT1_segments_of_interest/f3_mini_e/ir/5_minie3_range_far.mp4,869,1,392,291,417,311,propagated:0.929
/Users/bround/Desktop/Датасеты/Dataset_Mendeley_data/Unlabelled _UAV_Videos/Flight Test 1/FT1_segments_of_interest/f3_mini_e/ir/5_minie3_range_far.mp4,870,1,387,292,412,312,propagated:0.920
/Users/bround/Desktop/Датасеты/Dataset_Mendeley_data/Unlabelled _UAV_Videos/Flight Test 1/FT1_segments_of_interest/f3_mini_e/ir/5_minie3_range_far.mp4,871,1,387,292,412,312,propagated:0.941
/Users/bround/Desktop/Датасеты/Dataset_Mendeley_data/Unlabelled _UAV_Videos/Flight Test 1/FT1_segments_of_interest/f3_mini_e/ir/5_minie3_range_far.mp4,872,1,381,296,406,316,propagated:0.950
/Users/bround/Desktop/Датасеты/Dataset_Mendeley_data/Unlabelled _UAV_Videos/Flight Test 1/FT1_segments_of_interest/f3_mini_e/ir/5_minie3_range_far.mp4,873,1,384,293,409,313,propagated:0.936
/Users/bround/Desktop/Датасеты/Dataset_Mendeley_data/Unlabelled _UAV_Videos/Flight Test 1/FT1_segments_of_interest/f3_mini_e/ir/5_minie3_range_far.mp4,874,1,380,290,405,310,propagated:0.914
/Users/bround/Desktop/Датасеты/Dataset_Mendeley_data/Unlabelled _UAV_Videos/Flight Test 1/FT1_segments_of_interest/f3_mini_e/ir/5_minie3_range_far.mp4,875,1,373,288,398,308,propagated:0.942
/Users/bround/Desktop/Датасеты/Dataset_Mendeley_data/Unlabelled _UAV_Videos/Flight Test 1/FT1_segments_of_interest/f3_mini_e/ir/5_minie3_range_far.mp4,876,1,369,294,394,314,propagated:0.870
/Users/bround/Desktop/Датасеты/Dataset_Mendeley_data/Unlabelled _UAV_Videos/Flight Test 1/FT1_segments_of_interest/f3_mini_e/ir/5_minie3_range_far.mp4,877,1,366,305,391,325,propagated:0.929
/Users/bround/Desktop/Датасеты/Dataset_Mendeley_data/Unlabelled _UAV_Videos/Flight Test 1/FT1_segments_of_interest/f3_mini_e/ir/5_minie3_range_far.mp4,878,1,366,305,391,325,propagated:0.948
/Users/bround/Desktop/Датасеты/Dataset_Mendeley_data/Unlabelled _UAV_Videos/Flight Test 1/FT1_segments_of_interest/f3_mini_e/ir/5_minie3_range_far.mp4,879,1,366,309,391,329,propagated:0.946
/Users/bround/Desktop/Датасеты/Dataset_Mendeley_data/Unlabelled _UAV_Videos/Flight Test 1/FT1_segments_of_interest/f3_mini_e/ir/5_minie3_range_far.mp4,880,1,364,312,389,332,propagated:0.955
/Users/bround/Desktop/Датасеты/Dataset_Mendeley_data/Unlabelled _UAV_Videos/Flight Test 1/FT1_segments_of_interest/f3_mini_e/ir/5_minie3_range_far.mp4,881,1,360,311,385,331,propagated:0.946
/Users/bround/Desktop/Датасеты/Dataset_Mendeley_data/Unlabelled _UAV_Videos/Flight Test 1/FT1_segments_of_interest/f3_mini_e/ir/5_minie3_range_far.mp4,882,1,360,307,385,327,propagated:0.974
/Users/bround/Desktop/Датасеты/Dataset_Mendeley_data/Unlabelled _UAV_Videos/Flight Test 1/FT1_segments_of_interest/f3_mini_e/ir/5_minie3_range_far.mp4,883,1,359,310,384,330,propagated:0.973
/Users/bround/Desktop/Датасеты/Dataset_Mendeley_data/Unlabelled _UAV_Videos/Flight Test 1/FT1_segments_of_interest/f3_mini_e/ir/5_minie3_range_far.mp4,884,1,359,310,384,330,propagated:0.982
/Users/bround/Desktop/Датасеты/Dataset_Mendeley_data/Unlabelled _UAV_Videos/Flight Test 1/FT1_segments_of_interest/f3_mini_e/ir/5_minie3_range_far.mp4,885,1,360,308,385,328,propagated:0.983
/Users/bround/Desktop/Датасеты/Dataset_Mendeley_data/Unlabelled _UAV_Videos/Flight Test 1/FT1_segments_of_interest/f3_mini_e/ir/5_minie3_range_far.mp4,886,1,361,307,386,327,propagated:0.970
/Users/bround/Desktop/Датасеты/Dataset_Mendeley_data/Unlabelled _UAV_Videos/Flight Test 1/FT1_segments_of_interest/f3_mini_e/ir/5_minie3_range_far.mp4,887,1,361,304,386,324,propagated:0.950
/Users/bround/Desktop/Датасеты/Dataset_Mendeley_data/Unlabelled _UAV_Videos/Flight Test 1/FT1_segments_of_interest/f3_mini_e/ir/5_minie3_range_far.mp4,888,1,361,301,386,321,propagated:0.978
/Users/bround/Desktop/Датасеты/Dataset_Mendeley_data/Unlabelled _UAV_Videos/Flight Test 1/FT1_segments_of_interest/f3_mini_e/ir/5_minie3_range_far.mp4,889,1,362,295,387,315,propagated:0.961
/Users/bround/Desktop/Датасеты/Dataset_Mendeley_data/Unlabelled _UAV_Videos/Flight Test 1/FT1_segments_of_interest/f3_mini_e/ir/5_minie3_range_far.mp4,890,1,362,295,387,315,propagated:0.975
/Users/bround/Desktop/Датасеты/Dataset_Mendeley_data/Unlabelled _UAV_Videos/Flight Test 1/FT1_segments_of_interest/f3_mini_e/ir/5_minie3_range_far.mp4,891,1,356,291,381,311,propagated:0.970
/Users/bround/Desktop/Датасеты/Dataset_Mendeley_data/Unlabelled _UAV_Videos/Flight Test 1/FT1_segments_of_interest/f3_mini_e/ir/5_minie3_range_far.mp4,892,1,350,290,375,310,propagated:0.960
/Users/bround/Desktop/Датасеты/Dataset_Mendeley_data/Unlabelled _UAV_Videos/Flight Test 1/FT1_segments_of_interest/f3_mini_e/ir/5_minie3_range_far.mp4,893,1,343,294,368,314,propagated:0.963
/Users/bround/Desktop/Датасеты/Dataset_Mendeley_data/Unlabelled _UAV_Videos/Flight Test 1/FT1_segments_of_interest/f3_mini_e/ir/5_minie3_range_far.mp4,894,1,338,294,363,314,propagated:0.969
/Users/bround/Desktop/Датасеты/Dataset_Mendeley_data/Unlabelled _UAV_Videos/Flight Test 1/FT1_segments_of_interest/f3_mini_e/ir/5_minie3_range_far.mp4,895,1,335,288,360,308,propagated:0.953
/Users/bround/Desktop/Датасеты/Dataset_Mendeley_data/Unlabelled _UAV_Videos/Flight Test 1/FT1_segments_of_interest/f3_mini_e/ir/5_minie3_range_far.mp4,896,1,335,288,360,308,propagated:0.962
/Users/bround/Desktop/Датасеты/Dataset_Mendeley_data/Unlabelled _UAV_Videos/Flight Test 1/FT1_segments_of_interest/f3_mini_e/ir/5_minie3_range_far.mp4,897,1,328,289,353,309,propagated:0.951
/Users/bround/Desktop/Датасеты/Dataset_Mendeley_data/Unlabelled _UAV_Videos/Flight Test 1/FT1_segments_of_interest/f3_mini_e/ir/5_minie3_range_far.mp4,898,1,316,284,341,304,propagated:0.948
/Users/bround/Desktop/Датасеты/Dataset_Mendeley_data/Unlabelled _UAV_Videos/Flight Test 1/FT1_segments_of_interest/f3_mini_e/ir/5_minie3_range_far.mp4,899,1,316,276,341,296,propagated:0.953
/Users/bround/Desktop/Датасеты/Dataset_Mendeley_data/Unlabelled _UAV_Videos/Flight Test 1/FT1_segments_of_interest/f3_mini_e/ir/5_minie3_range_far.mp4,900,1,317,268,342,288,propagated:0.953
/Users/bround/Desktop/Датасеты/Dataset_Mendeley_data/Unlabelled _UAV_Videos/Flight Test 1/FT1_segments_of_interest/f3_mini_e/ir/5_minie3_range_far.mp4,901,1,315,262,340,282,propagated:0.968
/Users/bround/Desktop/Датасеты/Dataset_Mendeley_data/Unlabelled _UAV_Videos/Flight Test 1/FT1_segments_of_interest/f3_mini_e/ir/5_minie3_range_far.mp4,902,1,315,262,340,282,propagated:0.973
/Users/bround/Desktop/Датасеты/Dataset_Mendeley_data/Unlabelled _UAV_Videos/Flight Test 1/FT1_segments_of_interest/f3_mini_e/ir/5_minie3_range_far.mp4,903,1,308,257,333,277,propagated:0.972
/Users/bround/Desktop/Датасеты/Dataset_Mendeley_data/Unlabelled _UAV_Videos/Flight Test 1/FT1_segments_of_interest/f3_mini_e/ir/5_minie3_range_far.mp4,904,1,300,256,325,276,propagated:0.959
/Users/bround/Desktop/Датасеты/Dataset_Mendeley_data/Unlabelled _UAV_Videos/Flight Test 1/FT1_segments_of_interest/f3_mini_e/ir/5_minie3_range_far.mp4,905,1,296,257,321,277,propagated:0.957
/Users/bround/Desktop/Датасеты/Dataset_Mendeley_data/Unlabelled _UAV_Videos/Flight Test 1/FT1_segments_of_interest/f3_mini_e/ir/5_minie3_range_far.mp4,906,1,294,259,319,279,propagated:0.947
/Users/bround/Desktop/Датасеты/Dataset_Mendeley_data/Unlabelled _UAV_Videos/Flight Test 1/FT1_segments_of_interest/f3_mini_e/ir/5_minie3_range_far.mp4,907,1,286,254,311,274,propagated:0.967
/Users/bround/Desktop/Датасеты/Dataset_Mendeley_data/Unlabelled _UAV_Videos/Flight Test 1/FT1_segments_of_interest/f3_mini_e/ir/5_minie3_range_far.mp4,908,1,286,254,311,274,propagated:0.975
/Users/bround/Desktop/Датасеты/Dataset_Mendeley_data/Unlabelled _UAV_Videos/Flight Test 1/FT1_segments_of_interest/f3_mini_e/ir/5_minie3_range_far.mp4,909,1,277,253,302,273,propagated:0.949
/Users/bround/Desktop/Датасеты/Dataset_Mendeley_data/Unlabelled _UAV_Videos/Flight Test 1/FT1_segments_of_interest/f3_mini_e/ir/5_minie3_range_far.mp4,910,1,271,249,296,269,propagated:0.979
/Users/bround/Desktop/Датасеты/Dataset_Mendeley_data/Unlabelled _UAV_Videos/Flight Test 1/FT1_segments_of_interest/f3_mini_e/ir/5_minie3_range_far.mp4,911,1,267,247,292,267,propagated:0.984
/Users/bround/Desktop/Датасеты/Dataset_Mendeley_data/Unlabelled _UAV_Videos/Flight Test 1/FT1_segments_of_interest/f3_mini_e/ir/5_minie3_range_far.mp4,912,1,263,247,288,267,propagated:0.977
/Users/bround/Desktop/Датасеты/Dataset_Mendeley_data/Unlabelled _UAV_Videos/Flight Test 1/FT1_segments_of_interest/f3_mini_e/ir/5_minie3_range_far.mp4,913,1,258,245,283,265,propagated:0.945
/Users/bround/Desktop/Датасеты/Dataset_Mendeley_data/Unlabelled _UAV_Videos/Flight Test 1/FT1_segments_of_interest/f3_mini_e/ir/5_minie3_range_far.mp4,914,1,258,245,283,265,propagated:0.960
/Users/bround/Desktop/Датасеты/Dataset_Mendeley_data/Unlabelled _UAV_Videos/Flight Test 1/FT1_segments_of_interest/f3_mini_e/ir/5_minie3_range_far.mp4,915,1,254,238,279,258,propagated:0.966
/Users/bround/Desktop/Датасеты/Dataset_Mendeley_data/Unlabelled _UAV_Videos/Flight Test 1/FT1_segments_of_interest/f3_mini_e/ir/5_minie3_range_far.mp4,916,1,252,232,277,252,propagated:0.953
/Users/bround/Desktop/Датасеты/Dataset_Mendeley_data/Unlabelled _UAV_Videos/Flight Test 1/FT1_segments_of_interest/f3_mini_e/ir/5_minie3_range_far.mp4,917,1,250,230,275,250,propagated:0.958
/Users/bround/Desktop/Датасеты/Dataset_Mendeley_data/Unlabelled _UAV_Videos/Flight Test 1/FT1_segments_of_interest/f3_mini_e/ir/5_minie3_range_far.mp4,918,1,249,231,274,251,propagated:0.969
/Users/bround/Desktop/Датасеты/Dataset_Mendeley_data/Unlabelled _UAV_Videos/Flight Test 1/FT1_segments_of_interest/f3_mini_e/ir/5_minie3_range_far.mp4,919,1,252,228,277,248,propagated:0.974
/Users/bround/Desktop/Датасеты/Dataset_Mendeley_data/Unlabelled _UAV_Videos/Flight Test 1/FT1_segments_of_interest/f3_mini_e/ir/5_minie3_range_far.mp4,920,1,252,228,277,248,propagated:0.983
/Users/bround/Desktop/Датасеты/Dataset_Mendeley_data/Unlabelled _UAV_Videos/Flight Test 1/FT1_segments_of_interest/f3_mini_e/ir/5_minie3_range_far.mp4,921,1,254,224,279,244,propagated:0.942
/Users/bround/Desktop/Датасеты/Dataset_Mendeley_data/Unlabelled _UAV_Videos/Flight Test 1/FT1_segments_of_interest/f3_mini_e/ir/5_minie3_range_far.mp4,922,1,262,224,287,244,propagated:0.955
/Users/bround/Desktop/Датасеты/Dataset_Mendeley_data/Unlabelled _UAV_Videos/Flight Test 1/FT1_segments_of_interest/f3_mini_e/ir/5_minie3_range_far.mp4,923,1,268,225,293,245,propagated:0.872
/Users/bround/Desktop/Датасеты/Dataset_Mendeley_data/Unlabelled _UAV_Videos/Flight Test 1/FT1_segments_of_interest/f3_mini_e/ir/5_minie3_range_far.mp4,924,1,274,233,299,253,propagated:0.950
/Users/bround/Desktop/Датасеты/Dataset_Mendeley_data/Unlabelled _UAV_Videos/Flight Test 1/FT1_segments_of_interest/f3_mini_e/ir/5_minie3_range_far.mp4,925,1,276,235,301,255,propagated:0.993
/Users/bround/Desktop/Датасеты/Dataset_Mendeley_data/Unlabelled _UAV_Videos/Flight Test 1/FT1_segments_of_interest/f3_mini_e/ir/5_minie3_range_far.mp4,926,1,276,235,301,255,propagated:0.994
/Users/bround/Desktop/Датасеты/Dataset_Mendeley_data/Unlabelled _UAV_Videos/Flight Test 1/FT1_segments_of_interest/f3_mini_e/ir/5_minie3_range_far.mp4,927,1,280,234,305,254,propagated:0.984
/Users/bround/Desktop/Датасеты/Dataset_Mendeley_data/Unlabelled _UAV_Videos/Flight Test 1/FT1_segments_of_interest/f3_mini_e/ir/5_minie3_range_far.mp4,928,1,287,228,312,248,propagated:0.963
/Users/bround/Desktop/Датасеты/Dataset_Mendeley_data/Unlabelled _UAV_Videos/Flight Test 1/FT1_segments_of_interest/f3_mini_e/ir/5_minie3_range_far.mp4,929,1,293,225,318,245,propagated:0.945
/Users/bround/Desktop/Датасеты/Dataset_Mendeley_data/Unlabelled _UAV_Videos/Flight Test 1/FT1_segments_of_interest/f3_mini_e/ir/5_minie3_range_far.mp4,930,1,292,226,317,246,propagated:0.969
/Users/bround/Desktop/Датасеты/Dataset_Mendeley_data/Unlabelled _UAV_Videos/Flight Test 1/FT1_segments_of_interest/f3_mini_e/ir/5_minie3_range_far.mp4,931,1,292,226,317,246,propagated:0.980
/Users/bround/Desktop/Датасеты/Dataset_Mendeley_data/Unlabelled _UAV_Videos/Flight Test 1/FT1_segments_of_interest/f3_mini_e/ir/5_minie3_range_far.mp4,932,1,292,222,317,242,propagated:0.972
/Users/bround/Desktop/Датасеты/Dataset_Mendeley_data/Unlabelled _UAV_Videos/Flight Test 1/FT1_segments_of_interest/f3_mini_e/ir/5_minie3_range_far.mp4,933,1,291,218,316,238,propagated:0.949
/Users/bround/Desktop/Датасеты/Dataset_Mendeley_data/Unlabelled _UAV_Videos/Flight Test 1/FT1_segments_of_interest/f3_mini_e/ir/5_minie3_range_far.mp4,934,1,288,212,313,232,propagated:0.930
/Users/bround/Desktop/Датасеты/Dataset_Mendeley_data/Unlabelled _UAV_Videos/Flight Test 1/FT1_segments_of_interest/f3_mini_e/ir/5_minie3_range_far.mp4,935,1,283,210,308,230,propagated:0.928
/Users/bround/Desktop/Датасеты/Dataset_Mendeley_data/Unlabelled _UAV_Videos/Flight Test 1/FT1_segments_of_interest/f3_mini_e/ir/5_minie3_range_far.mp4,936,1,280,209,305,229,propagated:0.965
/Users/bround/Desktop/Датасеты/Dataset_Mendeley_data/Unlabelled _UAV_Videos/Flight Test 1/FT1_segments_of_interest/f3_mini_e/ir/5_minie3_range_far.mp4,937,1,278,206,303,226,propagated:0.971
/Users/bround/Desktop/Датасеты/Dataset_Mendeley_data/Unlabelled _UAV_Videos/Flight Test 1/FT1_segments_of_interest/f3_mini_e/ir/5_minie3_range_far.mp4,938,1,278,206,303,226,propagated:0.979
/Users/bround/Desktop/Датасеты/Dataset_Mendeley_data/Unlabelled _UAV_Videos/Flight Test 1/FT1_segments_of_interest/f3_mini_e/ir/5_minie3_range_far.mp4,939,1,279,204,304,224,propagated:0.974
/Users/bround/Desktop/Датасеты/Dataset_Mendeley_data/Unlabelled _UAV_Videos/Flight Test 1/FT1_segments_of_interest/f3_mini_e/ir/5_minie3_range_far.mp4,940,1,278,204,303,224,propagated:0.977
/Users/bround/Desktop/Датасеты/Dataset_Mendeley_data/Unlabelled _UAV_Videos/Flight Test 1/FT1_segments_of_interest/f3_mini_e/ir/5_minie3_range_far.mp4,941,1,278,202,303,222,propagated:0.962
/Users/bround/Desktop/Датасеты/Dataset_Mendeley_data/Unlabelled _UAV_Videos/Flight Test 1/FT1_segments_of_interest/f3_mini_e/ir/5_minie3_range_far.mp4,942,1,279,199,304,219,propagated:0.944
/Users/bround/Desktop/Датасеты/Dataset_Mendeley_data/Unlabelled _UAV_Videos/Flight Test 1/FT1_segments_of_interest/f3_mini_e/ir/5_minie3_range_far.mp4,943,1,278,197,303,217,propagated:0.947
/Users/bround/Desktop/Датасеты/Dataset_Mendeley_data/Unlabelled _UAV_Videos/Flight Test 1/FT1_segments_of_interest/f3_mini_e/ir/5_minie3_range_far.mp4,944,1,278,197,303,217,propagated:0.963
/Users/bround/Desktop/Датасеты/Dataset_Mendeley_data/Unlabelled _UAV_Videos/Flight Test 1/FT1_segments_of_interest/f3_mini_e/ir/5_minie3_range_far.mp4,945,1,277,190,302,210,propagated:0.951
/Users/bround/Desktop/Датасеты/Dataset_Mendeley_data/Unlabelled _UAV_Videos/Flight Test 1/FT1_segments_of_interest/f3_mini_e/ir/5_minie3_range_far.mp4,946,1,280,182,305,202,propagated:0.949
/Users/bround/Desktop/Датасеты/Dataset_Mendeley_data/Unlabelled _UAV_Videos/Flight Test 1/FT1_segments_of_interest/f3_mini_e/ir/5_minie3_range_far.mp4,947,1,286,175,311,195,propagated:0.945
/Users/bround/Desktop/Датасеты/Dataset_Mendeley_data/Unlabelled _UAV_Videos/Flight Test 1/FT1_segments_of_interest/f3_mini_e/ir/5_minie3_range_far.mp4,948,1,289,173,314,193,propagated:0.941
/Users/bround/Desktop/Датасеты/Dataset_Mendeley_data/Unlabelled _UAV_Videos/Flight Test 1/FT1_segments_of_interest/f3_mini_e/ir/5_minie3_range_far.mp4,949,1,292,169,317,189,propagated:0.939
/Users/bround/Desktop/Датасеты/Dataset_Mendeley_data/Unlabelled _UAV_Videos/Flight Test 1/FT1_segments_of_interest/f3_mini_e/ir/5_minie3_range_far.mp4,950,1,292,169,317,189,propagated:0.958
/Users/bround/Desktop/Датасеты/Dataset_Mendeley_data/Unlabelled _UAV_Videos/Flight Test 1/FT1_segments_of_interest/f3_mini_e/ir/5_minie3_range_far.mp4,951,1,295,168,320,188,propagated:0.969
/Users/bround/Desktop/Датасеты/Dataset_Mendeley_data/Unlabelled _UAV_Videos/Flight Test 1/FT1_segments_of_interest/f3_mini_e/ir/5_minie3_range_far.mp4,952,1,300,166,325,186,propagated:0.976
/Users/bround/Desktop/Датасеты/Dataset_Mendeley_data/Unlabelled _UAV_Videos/Flight Test 1/FT1_segments_of_interest/f3_mini_e/ir/5_minie3_range_far.mp4,953,1,304,171,329,191,propagated:0.888
/Users/bround/Desktop/Датасеты/Dataset_Mendeley_data/Unlabelled _UAV_Videos/Flight Test 1/FT1_segments_of_interest/f3_mini_e/ir/5_minie3_range_far.mp4,954,1,308,176,333,196,propagated:0.941
/Users/bround/Desktop/Датасеты/Dataset_Mendeley_data/Unlabelled _UAV_Videos/Flight Test 1/FT1_segments_of_interest/f3_mini_e/ir/5_minie3_range_far.mp4,955,1,313,183,338,203,propagated:0.883
/Users/bround/Desktop/Датасеты/Dataset_Mendeley_data/Unlabelled _UAV_Videos/Flight Test 1/FT1_segments_of_interest/f3_mini_e/ir/5_minie3_range_far.mp4,956,1,313,183,338,203,propagated:0.906
/Users/bround/Desktop/Датасеты/Dataset_Mendeley_data/Unlabelled _UAV_Videos/Flight Test 1/FT1_segments_of_interest/f3_mini_e/ir/5_minie3_range_far.mp4,957,1,321,196,346,216,propagated:0.906
/Users/bround/Desktop/Датасеты/Dataset_Mendeley_data/Unlabelled _UAV_Videos/Flight Test 1/FT1_segments_of_interest/f3_mini_e/ir/5_minie3_range_far.mp4,958,1,329,209,354,229,propagated:0.934
/Users/bround/Desktop/Датасеты/Dataset_Mendeley_data/Unlabelled _UAV_Videos/Flight Test 1/FT1_segments_of_interest/f3_mini_e/ir/5_minie3_range_far.mp4,959,1,333,223,358,243,propagated:0.935
/Users/bround/Desktop/Датасеты/Dataset_Mendeley_data/Unlabelled _UAV_Videos/Flight Test 1/FT1_segments_of_interest/f3_mini_e/ir/5_minie3_range_far.mp4,960,1,335,242,360,262,propagated:0.890
/Users/bround/Desktop/Датасеты/Dataset_Mendeley_data/Unlabelled _UAV_Videos/Flight Test 1/FT1_segments_of_interest/f3_mini_e/ir/5_minie3_range_far.mp4,961,1,338,264,363,284,propagated:0.843
/Users/bround/Desktop/Датасеты/Dataset_Mendeley_data/Unlabelled _UAV_Videos/Flight Test 1/FT1_segments_of_interest/f3_mini_e/ir/5_minie3_range_far.mp4,962,1,338,264,363,284,propagated:0.883
/Users/bround/Desktop/Датасеты/Dataset_Mendeley_data/Unlabelled _UAV_Videos/Flight Test 1/FT1_segments_of_interest/f3_mini_e/ir/5_minie3_range_far.mp4,963,1,338,284,363,304,propagated:0.964
/Users/bround/Desktop/Датасеты/Dataset_Mendeley_data/Unlabelled _UAV_Videos/Flight Test 1/FT1_segments_of_interest/f3_mini_e/ir/5_minie3_range_far.mp4,964,1,332,296,357,316,propagated:0.930
/Users/bround/Desktop/Датасеты/Dataset_Mendeley_data/Unlabelled _UAV_Videos/Flight Test 1/FT1_segments_of_interest/f3_mini_e/ir/5_minie3_range_far.mp4,965,1,321,304,346,324,propagated:0.958
/Users/bround/Desktop/Датасеты/Dataset_Mendeley_data/Unlabelled _UAV_Videos/Flight Test 1/FT1_segments_of_interest/f3_mini_e/ir/5_minie3_range_far.mp4,966,1,315,315,340,335,propagated:0.930
/Users/bround/Desktop/Датасеты/Dataset_Mendeley_data/Unlabelled _UAV_Videos/Flight Test 1/FT1_segments_of_interest/f3_mini_e/ir/5_minie3_range_far.mp4,967,1,317,323,342,343,propagated:0.945
/Users/bround/Desktop/Датасеты/Dataset_Mendeley_data/Unlabelled _UAV_Videos/Flight Test 1/FT1_segments_of_interest/f3_mini_e/ir/5_minie3_range_far.mp4,968,1,317,323,342,343,propagated:0.958
/Users/bround/Desktop/Датасеты/Dataset_Mendeley_data/Unlabelled _UAV_Videos/Flight Test 1/FT1_segments_of_interest/f3_mini_e/ir/5_minie3_range_far.mp4,969,1,311,334,336,354,propagated:0.950
/Users/bround/Desktop/Датасеты/Dataset_Mendeley_data/Unlabelled _UAV_Videos/Flight Test 1/FT1_segments_of_interest/f3_mini_e/ir/5_minie3_range_far.mp4,970,1,306,339,331,359,propagated:0.948
/Users/bround/Desktop/Датасеты/Dataset_Mendeley_data/Unlabelled _UAV_Videos/Flight Test 1/FT1_segments_of_interest/f3_mini_e/ir/5_minie3_range_far.mp4,971,1,303,339,328,359,propagated:0.923
/Users/bround/Desktop/Датасеты/Dataset_Mendeley_data/Unlabelled _UAV_Videos/Flight Test 1/FT1_segments_of_interest/f3_mini_e/ir/5_minie3_range_far.mp4,972,1,305,332,330,352,propagated:0.888
/Users/bround/Desktop/Датасеты/Dataset_Mendeley_data/Unlabelled _UAV_Videos/Flight Test 1/FT1_segments_of_interest/f3_mini_e/ir/5_minie3_range_far.mp4,973,1,308,320,333,340,propagated:0.938
/Users/bround/Desktop/Датасеты/Dataset_Mendeley_data/Unlabelled _UAV_Videos/Flight Test 1/FT1_segments_of_interest/f3_mini_e/ir/5_minie3_range_far.mp4,974,1,308,320,333,340,propagated:0.955
/Users/bround/Desktop/Датасеты/Dataset_Mendeley_data/Unlabelled _UAV_Videos/Flight Test 1/FT1_segments_of_interest/f3_mini_e/ir/5_minie3_range_far.mp4,975,1,310,314,335,334,propagated:0.970
/Users/bround/Desktop/Датасеты/Dataset_Mendeley_data/Unlabelled _UAV_Videos/Flight Test 1/FT1_segments_of_interest/f3_mini_e/ir/5_minie3_range_far.mp4,976,1,312,310,337,330,propagated:0.956
/Users/bround/Desktop/Датасеты/Dataset_Mendeley_data/Unlabelled _UAV_Videos/Flight Test 1/FT1_segments_of_interest/f3_mini_e/ir/5_minie3_range_far.mp4,977,1,311,307,336,327,propagated:0.938
/Users/bround/Desktop/Датасеты/Dataset_Mendeley_data/Unlabelled _UAV_Videos/Flight Test 1/FT1_segments_of_interest/f3_mini_e/ir/5_minie3_range_far.mp4,978,1,313,302,338,322,propagated:0.962
/Users/bround/Desktop/Датасеты/Dataset_Mendeley_data/Unlabelled _UAV_Videos/Flight Test 1/FT1_segments_of_interest/f3_mini_e/ir/5_minie3_range_far.mp4,979,1,313,294,338,314,propagated:0.924
/Users/bround/Desktop/Датасеты/Dataset_Mendeley_data/Unlabelled _UAV_Videos/Flight Test 1/FT1_segments_of_interest/f3_mini_e/ir/5_minie3_range_far.mp4,980,1,313,294,338,314,propagated:0.945
/Users/bround/Desktop/Датасеты/Dataset_Mendeley_data/Unlabelled _UAV_Videos/Flight Test 1/FT1_segments_of_interest/f3_mini_e/ir/5_minie3_range_far.mp4,981,1,310,290,335,310,propagated:0.951
/Users/bround/Desktop/Датасеты/Dataset_Mendeley_data/Unlabelled _UAV_Videos/Flight Test 1/FT1_segments_of_interest/f3_mini_e/ir/5_minie3_range_far.mp4,982,1,310,280,335,300,propagated:0.928
/Users/bround/Desktop/Датасеты/Dataset_Mendeley_data/Unlabelled _UAV_Videos/Flight Test 1/FT1_segments_of_interest/f3_mini_e/ir/5_minie3_range_far.mp4,983,1,314,267,339,287,propagated:0.925
/Users/bround/Desktop/Датасеты/Dataset_Mendeley_data/Unlabelled _UAV_Videos/Flight Test 1/FT1_segments_of_interest/f3_mini_e/ir/5_minie3_range_far.mp4,984,1,315,257,340,277,propagated:0.922
/Users/bround/Desktop/Датасеты/Dataset_Mendeley_data/Unlabelled _UAV_Videos/Flight Test 1/FT1_segments_of_interest/f3_mini_e/ir/5_minie3_range_far.mp4,985,1,313,252,338,272,propagated:0.893
/Users/bround/Desktop/Датасеты/Dataset_Mendeley_data/Unlabelled _UAV_Videos/Flight Test 1/FT1_segments_of_interest/f3_mini_e/ir/5_minie3_range_far.mp4,986,1,313,252,338,272,propagated:0.927
/Users/bround/Desktop/Датасеты/Dataset_Mendeley_data/Unlabelled _UAV_Videos/Flight Test 1/FT1_segments_of_interest/f3_mini_e/ir/5_minie3_range_far.mp4,987,1,308,251,333,271,propagated:0.947
/Users/bround/Desktop/Датасеты/Dataset_Mendeley_data/Unlabelled _UAV_Videos/Flight Test 1/FT1_segments_of_interest/f3_mini_e/ir/5_minie3_range_far.mp4,988,1,304,242,329,262,propagated:0.954
/Users/bround/Desktop/Датасеты/Dataset_Mendeley_data/Unlabelled _UAV_Videos/Flight Test 1/FT1_segments_of_interest/f3_mini_e/ir/5_minie3_range_far.mp4,989,1,300,234,325,254,propagated:0.963
/Users/bround/Desktop/Датасеты/Dataset_Mendeley_data/Unlabelled _UAV_Videos/Flight Test 1/FT1_segments_of_interest/f3_mini_e/ir/5_minie3_range_far.mp4,990,1,293,226,318,246,propagated:0.930
/Users/bround/Desktop/Датасеты/Dataset_Mendeley_data/Unlabelled _UAV_Videos/Flight Test 1/FT1_segments_of_interest/f3_mini_e/ir/5_minie3_range_far.mp4,991,1,276,219,301,239,propagated:0.895
/Users/bround/Desktop/Датасеты/Dataset_Mendeley_data/Unlabelled _UAV_Videos/Flight Test 1/FT1_segments_of_interest/f3_mini_e/ir/5_minie3_range_far.mp4,992,1,276,219,301,239,propagated:0.927
/Users/bround/Desktop/Датасеты/Dataset_Mendeley_data/Unlabelled _UAV_Videos/Flight Test 1/FT1_segments_of_interest/f3_mini_e/ir/5_minie3_range_far.mp4,993,1,253,222,278,242,propagated:0.845
/Users/bround/Desktop/Датасеты/Dataset_Mendeley_data/Unlabelled _UAV_Videos/Flight Test 1/FT1_segments_of_interest/f3_mini_e/ir/5_minie3_range_far.mp4,994,1,238,244,263,264,propagated:0.798
/Users/bround/Desktop/Датасеты/Dataset_Mendeley_data/Unlabelled _UAV_Videos/Flight Test 1/FT1_segments_of_interest/f3_mini_e/ir/5_minie3_range_far.mp4,995,1,237,265,262,285,propagated:0.864
/Users/bround/Desktop/Датасеты/Dataset_Mendeley_data/Unlabelled _UAV_Videos/Flight Test 1/FT1_segments_of_interest/f3_mini_e/ir/5_minie3_range_far.mp4,996,1,242,269,267,289,propagated:0.797
/Users/bround/Desktop/Датасеты/Dataset_Mendeley_data/Unlabelled _UAV_Videos/Flight Test 1/FT1_segments_of_interest/f3_mini_e/ir/5_minie3_range_far.mp4,997,1,243,263,268,283,propagated:0.885
/Users/bround/Desktop/Датасеты/Dataset_Mendeley_data/Unlabelled _UAV_Videos/Flight Test 1/FT1_segments_of_interest/f3_mini_e/ir/5_minie3_range_far.mp4,998,1,243,263,268,283,propagated:0.936
/Users/bround/Desktop/Датасеты/Dataset_Mendeley_data/Unlabelled _UAV_Videos/Flight Test 1/FT1_segments_of_interest/f3_mini_e/ir/5_minie3_range_far.mp4,999,1,241,267,266,287,propagated:0.940
/Users/bround/Desktop/Датасеты/Dataset_Mendeley_data/Unlabelled _UAV_Videos/Flight Test 1/FT1_segments_of_interest/f3_mini_e/ir/5_minie3_range_far.mp4,1000,1,234,281,259,301,propagated:0.969
/Users/bround/Desktop/Датасеты/Dataset_Mendeley_data/Unlabelled _UAV_Videos/Flight Test 1/FT1_segments_of_interest/f3_mini_e/ir/5_minie3_range_far.mp4,1001,1,232,289,257,309,propagated:0.953
/Users/bround/Desktop/Датасеты/Dataset_Mendeley_data/Unlabelled _UAV_Videos/Flight Test 1/FT1_segments_of_interest/f3_mini_e/ir/5_minie3_range_far.mp4,1002,1,237,290,262,310,propagated:0.956
/Users/bround/Desktop/Датасеты/Dataset_Mendeley_data/Unlabelled _UAV_Videos/Flight Test 1/FT1_segments_of_interest/f3_mini_e/ir/5_minie3_range_far.mp4,1003,1,242,291,267,311,propagated:0.935
/Users/bround/Desktop/Датасеты/Dataset_Mendeley_data/Unlabelled _UAV_Videos/Flight Test 1/FT1_segments_of_interest/f3_mini_e/ir/5_minie3_range_far.mp4,1004,1,242,291,267,311,propagated:0.955
/Users/bround/Desktop/Датасеты/Dataset_Mendeley_data/Unlabelled _UAV_Videos/Flight Test 1/FT1_segments_of_interest/f3_mini_e/ir/5_minie3_range_far.mp4,1005,1,242,286,267,306,propagated:0.945
/Users/bround/Desktop/Датасеты/Dataset_Mendeley_data/Unlabelled _UAV_Videos/Flight Test 1/FT1_segments_of_interest/f3_mini_e/ir/5_minie3_range_far.mp4,1006,1,240,278,265,298,propagated:0.943
/Users/bround/Desktop/Датасеты/Dataset_Mendeley_data/Unlabelled _UAV_Videos/Flight Test 1/FT1_segments_of_interest/f3_mini_e/ir/5_minie3_range_far.mp4,1007,1,248,267,273,287,propagated:0.954
/Users/bround/Desktop/Датасеты/Dataset_Mendeley_data/Unlabelled _UAV_Videos/Flight Test 1/FT1_segments_of_interest/f3_mini_e/ir/5_minie3_range_far.mp4,1008,1,258,258,283,278,propagated:0.979
/Users/bround/Desktop/Датасеты/Dataset_Mendeley_data/Unlabelled _UAV_Videos/Flight Test 1/FT1_segments_of_interest/f3_mini_e/ir/5_minie3_range_far.mp4,1009,1,261,254,286,274,propagated:0.953
/Users/bround/Desktop/Датасеты/Dataset_Mendeley_data/Unlabelled _UAV_Videos/Flight Test 1/FT1_segments_of_interest/f3_mini_e/ir/5_minie3_range_far.mp4,1010,1,261,254,286,274,propagated:0.965
/Users/bround/Desktop/Датасеты/Dataset_Mendeley_data/Unlabelled _UAV_Videos/Flight Test 1/FT1_segments_of_interest/f3_mini_e/ir/5_minie3_range_far.mp4,1011,1,264,251,289,271,propagated:0.965
/Users/bround/Desktop/Датасеты/Dataset_Mendeley_data/Unlabelled _UAV_Videos/Flight Test 1/FT1_segments_of_interest/f3_mini_e/ir/5_minie3_range_far.mp4,1012,1,265,253,290,273,propagated:0.987
/Users/bround/Desktop/Датасеты/Dataset_Mendeley_data/Unlabelled _UAV_Videos/Flight Test 1/FT1_segments_of_interest/f3_mini_e/ir/5_minie3_range_far.mp4,1013,1,273,249,298,269,propagated:0.980
/Users/bround/Desktop/Датасеты/Dataset_Mendeley_data/Unlabelled _UAV_Videos/Flight Test 1/FT1_segments_of_interest/f3_mini_e/ir/5_minie3_range_far.mp4,1014,1,270,260,295,280,propagated:0.848
/Users/bround/Desktop/Датасеты/Dataset_Mendeley_data/Unlabelled _UAV_Videos/Flight Test 1/FT1_segments_of_interest/f3_mini_e/ir/5_minie3_range_far.mp4,1015,1,257,289,282,309,propagated:0.903
/Users/bround/Desktop/Датасеты/Dataset_Mendeley_data/Unlabelled _UAV_Videos/Flight Test 1/FT1_segments_of_interest/f3_mini_e/ir/5_minie3_range_far.mp4,1016,1,257,289,282,309,propagated:0.921
/Users/bround/Desktop/Датасеты/Dataset_Mendeley_data/Unlabelled _UAV_Videos/Flight Test 1/FT1_segments_of_interest/f3_mini_e/ir/5_minie3_range_far.mp4,1017,1,244,307,269,327,propagated:0.891
/Users/bround/Desktop/Датасеты/Dataset_Mendeley_data/Unlabelled _UAV_Videos/Flight Test 1/FT1_segments_of_interest/f3_mini_e/ir/5_minie3_range_far.mp4,1018,1,241,315,266,335,propagated:0.927
/Users/bround/Desktop/Датасеты/Dataset_Mendeley_data/Unlabelled _UAV_Videos/Flight Test 1/FT1_segments_of_interest/f3_mini_e/ir/5_minie3_range_far.mp4,1019,1,245,319,270,339,propagated:0.913
/Users/bround/Desktop/Датасеты/Dataset_Mendeley_data/Unlabelled _UAV_Videos/Flight Test 1/FT1_segments_of_interest/f3_mini_e/ir/5_minie3_range_far.mp4,1020,1,250,317,275,337,propagated:0.925
/Users/bround/Desktop/Датасеты/Dataset_Mendeley_data/Unlabelled _UAV_Videos/Flight Test 1/FT1_segments_of_interest/f3_mini_e/ir/5_minie3_range_far.mp4,1021,1,256,314,281,334,propagated:0.917
/Users/bround/Desktop/Датасеты/Dataset_Mendeley_data/Unlabelled _UAV_Videos/Flight Test 1/FT1_segments_of_interest/f3_mini_e/ir/5_minie3_range_far.mp4,1022,1,256,314,281,334,propagated:0.937
/Users/bround/Desktop/Датасеты/Dataset_Mendeley_data/Unlabelled _UAV_Videos/Flight Test 1/FT1_segments_of_interest/f3_mini_e/ir/5_minie3_range_far.mp4,1023,1,258,313,283,333,propagated:0.932
/Users/bround/Desktop/Датасеты/Dataset_Mendeley_data/Unlabelled _UAV_Videos/Flight Test 1/FT1_segments_of_interest/f3_mini_e/ir/5_minie3_range_far.mp4,1024,1,252,316,277,336,propagated:0.939
/Users/bround/Desktop/Датасеты/Dataset_Mendeley_data/Unlabelled _UAV_Videos/Flight Test 1/FT1_segments_of_interest/f3_mini_e/ir/5_minie3_range_far.mp4,1025,1,249,315,274,335,propagated:0.987
/Users/bround/Desktop/Датасеты/Dataset_Mendeley_data/Unlabelled _UAV_Videos/Flight Test 1/FT1_segments_of_interest/f3_mini_e/ir/5_minie3_range_far.mp4,1026,1,245,312,270,332,propagated:0.965
/Users/bround/Desktop/Датасеты/Dataset_Mendeley_data/Unlabelled _UAV_Videos/Flight Test 1/FT1_segments_of_interest/f3_mini_e/ir/5_minie3_range_far.mp4,1027,1,246,306,271,326,propagated:0.960
/Users/bround/Desktop/Датасеты/Dataset_Mendeley_data/Unlabelled _UAV_Videos/Flight Test 1/FT1_segments_of_interest/f3_mini_e/ir/5_minie3_range_far.mp4,1028,1,246,306,271,326,propagated:0.978
/Users/bround/Desktop/Датасеты/Dataset_Mendeley_data/Unlabelled _UAV_Videos/Flight Test 1/FT1_segments_of_interest/f3_mini_e/ir/5_minie3_range_far.mp4,1029,1,250,301,275,321,propagated:0.949
/Users/bround/Desktop/Датасеты/Dataset_Mendeley_data/Unlabelled _UAV_Videos/Flight Test 1/FT1_segments_of_interest/f3_mini_e/ir/5_minie3_range_far.mp4,1030,1,253,296,278,316,propagated:0.937
/Users/bround/Desktop/Датасеты/Dataset_Mendeley_data/Unlabelled _UAV_Videos/Flight Test 1/FT1_segments_of_interest/f3_mini_e/ir/5_minie3_range_far.mp4,1031,1,259,293,284,313,propagated:0.880
/Users/bround/Desktop/Датасеты/Dataset_Mendeley_data/Unlabelled _UAV_Videos/Flight Test 1/FT1_segments_of_interest/f3_mini_e/ir/5_minie3_range_far.mp4,1032,1,262,289,287,309,propagated:0.828
/Users/bround/Desktop/Датасеты/Dataset_Mendeley_data/Unlabelled _UAV_Videos/Flight Test 1/FT1_segments_of_interest/f3_mini_e/ir/5_minie3_range_far.mp4,1033,1,265,287,290,307,propagated:0.837
/Users/bround/Desktop/Датасеты/Dataset_Mendeley_data/Unlabelled _UAV_Videos/Flight Test 1/FT1_segments_of_interest/f3_mini_e/ir/5_minie3_range_far.mp4,1034,1,265,287,290,307,propagated:0.889
/Users/bround/Desktop/Датасеты/Dataset_Mendeley_data/Unlabelled _UAV_Videos/Flight Test 1/FT1_segments_of_interest/f3_mini_e/ir/5_minie3_range_far.mp4,1035,1,264,285,289,305,propagated:0.970
/Users/bround/Desktop/Датасеты/Dataset_Mendeley_data/Unlabelled _UAV_Videos/Flight Test 1/FT1_segments_of_interest/f3_mini_e/ir/5_minie3_range_far.mp4,1036,1,264,290,289,310,propagated:0.955
/Users/bround/Desktop/Датасеты/Dataset_Mendeley_data/Unlabelled _UAV_Videos/Flight Test 1/FT1_segments_of_interest/f3_mini_e/ir/5_minie3_range_far.mp4,1037,1,263,291,288,311,propagated:0.926
/Users/bround/Desktop/Датасеты/Dataset_Mendeley_data/Unlabelled _UAV_Videos/Flight Test 1/FT1_segments_of_interest/f3_mini_e/ir/5_minie3_range_far.mp4,1038,1,257,299,282,319,propagated:0.865
/Users/bround/Desktop/Датасеты/Dataset_Mendeley_data/Unlabelled _UAV_Videos/Flight Test 1/FT1_segments_of_interest/f3_mini_e/ir/5_minie3_range_far.mp4,1039,1,261,302,286,322,propagated:0.920
/Users/bround/Desktop/Датасеты/Dataset_Mendeley_data/Unlabelled _UAV_Videos/Flight Test 1/FT1_segments_of_interest/f3_mini_e/ir/5_minie3_range_far.mp4,1040,1,261,302,286,322,propagated:0.943
/Users/bround/Desktop/Датасеты/Dataset_Mendeley_data/Unlabelled _UAV_Videos/Flight Test 1/FT1_segments_of_interest/f3_mini_e/ir/5_minie3_range_far.mp4,1041,1,261,297,286,317,propagated:0.926
/Users/bround/Desktop/Датасеты/Dataset_Mendeley_data/Unlabelled _UAV_Videos/Flight Test 1/FT1_segments_of_interest/f3_mini_e/ir/5_minie3_range_far.mp4,1042,1,259,297,284,317,propagated:0.919
/Users/bround/Desktop/Датасеты/Dataset_Mendeley_data/Unlabelled _UAV_Videos/Flight Test 1/FT1_segments_of_interest/f3_mini_e/ir/5_minie3_range_far.mp4,1043,1,255,299,280,319,propagated:0.942
/Users/bround/Desktop/Датасеты/Dataset_Mendeley_data/Unlabelled _UAV_Videos/Flight Test 1/FT1_segments_of_interest/f3_mini_e/ir/5_minie3_range_far.mp4,1044,1,247,312,272,332,propagated:0.795
/Users/bround/Desktop/Датасеты/Dataset_Mendeley_data/Unlabelled _UAV_Videos/Flight Test 1/FT1_segments_of_interest/f3_mini_e/ir/5_minie3_range_far.mp4,1045,1,240,324,265,344,propagated:0.939
/Users/bround/Desktop/Датасеты/Dataset_Mendeley_data/Unlabelled _UAV_Videos/Flight Test 1/FT1_segments_of_interest/f3_mini_e/ir/5_minie3_range_far.mp4,1046,1,240,324,265,344,propagated:0.959
/Users/bround/Desktop/Датасеты/Dataset_Mendeley_data/Unlabelled _UAV_Videos/Flight Test 1/FT1_segments_of_interest/f3_mini_e/ir/5_minie3_range_far.mp4,1047,1,233,331,258,351,propagated:0.950
/Users/bround/Desktop/Датасеты/Dataset_Mendeley_data/Unlabelled _UAV_Videos/Flight Test 1/FT1_segments_of_interest/f3_mini_e/ir/5_minie3_range_far.mp4,1048,1,232,336,257,356,propagated:0.963
/Users/bround/Desktop/Датасеты/Dataset_Mendeley_data/Unlabelled _UAV_Videos/Flight Test 1/FT1_segments_of_interest/f3_mini_e/ir/5_minie3_range_far.mp4,1049,1,234,339,259,359,propagated:0.975
/Users/bround/Desktop/Датасеты/Dataset_Mendeley_data/Unlabelled _UAV_Videos/Flight Test 1/FT1_segments_of_interest/f3_mini_e/ir/5_minie3_range_far.mp4,1050,1,237,332,262,352,propagated:0.961
/Users/bround/Desktop/Датасеты/Dataset_Mendeley_data/Unlabelled _UAV_Videos/Flight Test 1/FT1_segments_of_interest/f3_mini_e/ir/5_minie3_range_far.mp4,1051,1,239,328,264,348,propagated:0.973
/Users/bround/Desktop/Датасеты/Dataset_Mendeley_data/Unlabelled _UAV_Videos/Flight Test 1/FT1_segments_of_interest/f3_mini_e/ir/5_minie3_range_far.mp4,1052,1,239,328,264,348,propagated:0.977
/Users/bround/Desktop/Датасеты/Dataset_Mendeley_data/Unlabelled _UAV_Videos/Flight Test 1/FT1_segments_of_interest/f3_mini_e/ir/5_minie3_range_far.mp4,1053,1,238,328,263,348,propagated:0.979
/Users/bround/Desktop/Датасеты/Dataset_Mendeley_data/Unlabelled _UAV_Videos/Flight Test 1/FT1_segments_of_interest/f3_mini_e/ir/5_minie3_range_far.mp4,1054,1,238,331,263,351,propagated:0.983
/Users/bround/Desktop/Датасеты/Dataset_Mendeley_data/Unlabelled _UAV_Videos/Flight Test 1/FT1_segments_of_interest/f3_mini_e/ir/5_minie3_range_far.mp4,1055,1,240,329,265,349,propagated:0.977
/Users/bround/Desktop/Датасеты/Dataset_Mendeley_data/Unlabelled _UAV_Videos/Flight Test 1/FT1_segments_of_interest/f3_mini_e/ir/5_minie3_range_far.mp4,1056,1,244,328,269,348,propagated:0.978
/Users/bround/Desktop/Датасеты/Dataset_Mendeley_data/Unlabelled _UAV_Videos/Flight Test 1/FT1_segments_of_interest/f3_mini_e/ir/5_minie3_range_far.mp4,1057,1,249,327,274,347,propagated:0.966
/Users/bround/Desktop/Датасеты/Dataset_Mendeley_data/Unlabelled _UAV_Videos/Flight Test 1/FT1_segments_of_interest/f3_mini_e/ir/5_minie3_range_far.mp4,1058,1,249,327,274,347,propagated:0.976
/Users/bround/Desktop/Датасеты/Dataset_Mendeley_data/Unlabelled _UAV_Videos/Flight Test 1/FT1_segments_of_interest/f3_mini_e/ir/5_minie3_range_far.mp4,1059,1,251,331,276,351,propagated:0.977
/Users/bround/Desktop/Датасеты/Dataset_Mendeley_data/Unlabelled _UAV_Videos/Flight Test 1/FT1_segments_of_interest/f3_mini_e/ir/5_minie3_range_far.mp4,1060,1,246,335,271,355,propagated:0.978
/Users/bround/Desktop/Датасеты/Dataset_Mendeley_data/Unlabelled _UAV_Videos/Flight Test 1/FT1_segments_of_interest/f3_mini_e/ir/5_minie3_range_far.mp4,1061,1,243,335,268,355,propagated:0.982
/Users/bround/Desktop/Датасеты/Dataset_Mendeley_data/Unlabelled _UAV_Videos/Flight Test 1/FT1_segments_of_interest/f3_mini_e/ir/5_minie3_range_far.mp4,1062,1,244,329,269,349,propagated:0.970
/Users/bround/Desktop/Датасеты/Dataset_Mendeley_data/Unlabelled _UAV_Videos/Flight Test 1/FT1_segments_of_interest/f3_mini_e/ir/5_minie3_range_far.mp4,1063,1,244,329,269,349,propagated:0.977
/Users/bround/Desktop/Датасеты/Dataset_Mendeley_data/Unlabelled _UAV_Videos/Flight Test 1/FT1_segments_of_interest/f3_mini_e/ir/5_minie3_range_far.mp4,1064,1,234,317,265,338,manual
/Users/bround/Desktop/Датасеты/Dataset_Mendeley_data/Unlabelled _UAV_Videos/Flight Test 1/FT1_segments_of_interest/f3_mini_e/ir/5_minie3_range_far.mp4,1066,1,233,319,264,340,propagated:0.986
/Users/bround/Desktop/Датасеты/Dataset_Mendeley_data/Unlabelled _UAV_Videos/Flight Test 1/FT1_segments_of_interest/f3_mini_e/ir/5_minie3_range_far.mp4,1067,1,228,324,259,345,propagated:0.970
/Users/bround/Desktop/Датасеты/Dataset_Mendeley_data/Unlabelled _UAV_Videos/Flight Test 1/FT1_segments_of_interest/f3_mini_e/ir/5_minie3_range_far.mp4,1068,1,227,326,258,347,propagated:0.978
/Users/bround/Desktop/Датасеты/Dataset_Mendeley_data/Unlabelled _UAV_Videos/Flight Test 1/FT1_segments_of_interest/f3_mini_e/ir/5_minie3_range_far.mp4,1069,1,229,330,260,351,propagated:0.980
/Users/bround/Desktop/Датасеты/Dataset_Mendeley_data/Unlabelled _UAV_Videos/Flight Test 1/FT1_segments_of_interest/f3_mini_e/ir/5_minie3_range_far.mp4,1070,1,229,330,260,351,propagated:0.984
/Users/bround/Desktop/Датасеты/Dataset_Mendeley_data/Unlabelled _UAV_Videos/Flight Test 1/FT1_segments_of_interest/f3_mini_e/ir/5_minie3_range_far.mp4,1071,1,234,337,265,358,propagated:0.973
/Users/bround/Desktop/Датасеты/Dataset_Mendeley_data/Unlabelled _UAV_Videos/Flight Test 1/FT1_segments_of_interest/f3_mini_e/ir/5_minie3_range_far.mp4,1072,1,238,336,269,357,propagated:0.969
/Users/bround/Desktop/Датасеты/Dataset_Mendeley_data/Unlabelled _UAV_Videos/Flight Test 1/FT1_segments_of_interest/f3_mini_e/ir/5_minie3_range_far.mp4,1073,1,242,339,273,360,propagated:0.975
/Users/bround/Desktop/Датасеты/Dataset_Mendeley_data/Unlabelled _UAV_Videos/Flight Test 1/FT1_segments_of_interest/f3_mini_e/ir/5_minie3_range_far.mp4,1074,1,254,338,285,359,propagated:0.940
/Users/bround/Desktop/Датасеты/Dataset_Mendeley_data/Unlabelled _UAV_Videos/Flight Test 1/FT1_segments_of_interest/f3_mini_e/ir/5_minie3_range_far.mp4,1075,1,266,341,297,362,propagated:0.956
/Users/bround/Desktop/Датасеты/Dataset_Mendeley_data/Unlabelled _UAV_Videos/Flight Test 1/FT1_segments_of_interest/f3_mini_e/ir/5_minie3_range_far.mp4,1076,1,266,341,297,362,propagated:1.000
/Users/bround/Desktop/Датасеты/Dataset_Mendeley_data/Unlabelled _UAV_Videos/Flight Test 1/FT1_segments_of_interest/f3_mini_e/ir/5_minie3_range_far.mp4,1077,1,280,342,311,363,propagated:0.955
/Users/bround/Desktop/Датасеты/Dataset_Mendeley_data/Unlabelled _UAV_Videos/Flight Test 1/FT1_segments_of_interest/f3_mini_e/ir/5_minie3_range_far.mp4,1078,1,287,340,318,361,propagated:0.957
/Users/bround/Desktop/Датасеты/Dataset_Mendeley_data/Unlabelled _UAV_Videos/Flight Test 1/FT1_segments_of_interest/f3_mini_e/ir/5_minie3_range_far.mp4,1079,1,294,340,325,361,propagated:0.967
/Users/bround/Desktop/Датасеты/Dataset_Mendeley_data/Unlabelled _UAV_Videos/Flight Test 1/FT1_segments_of_interest/f3_mini_e/ir/5_minie3_range_far.mp4,1080,1,302,339,333,360,propagated:0.967
/Users/bround/Desktop/Датасеты/Dataset_Mendeley_data/Unlabelled _UAV_Videos/Flight Test 1/FT1_segments_of_interest/f3_mini_e/ir/5_minie3_range_far.mp4,1081,1,314,337,345,358,propagated:0.966
/Users/bround/Desktop/Датасеты/Dataset_Mendeley_data/Unlabelled _UAV_Videos/Flight Test 1/FT1_segments_of_interest/f3_mini_e/ir/5_minie3_range_far.mp4,1082,1,314,337,345,358,propagated:0.976
/Users/bround/Desktop/Датасеты/Dataset_Mendeley_data/Unlabelled _UAV_Videos/Flight Test 1/FT1_segments_of_interest/f3_mini_e/ir/5_minie3_range_far.mp4,1083,1,328,336,359,357,propagated:0.960
/Users/bround/Desktop/Датасеты/Dataset_Mendeley_data/Unlabelled _UAV_Videos/Flight Test 1/FT1_segments_of_interest/f3_mini_e/ir/5_minie3_range_far.mp4,1084,1,342,339,373,360,propagated:0.964
/Users/bround/Desktop/Датасеты/Dataset_Mendeley_data/Unlabelled _UAV_Videos/Flight Test 1/FT1_segments_of_interest/f3_mini_e/ir/5_minie3_range_far.mp4,1085,1,359,337,386,358,manual
/Users/bround/Desktop/Датасеты/Dataset_Mendeley_data/Unlabelled _UAV_Videos/Flight Test 1/FT1_segments_of_interest/f3_mini_e/ir/5_minie3_range_far.mp4,1087,1,362,336,389,357,propagated:0.979
/Users/bround/Desktop/Датасеты/Dataset_Mendeley_data/Unlabelled _UAV_Videos/Flight Test 1/FT1_segments_of_interest/f3_mini_e/ir/5_minie3_range_far.mp4,1088,1,362,336,389,357,propagated:0.984
/Users/bround/Desktop/Датасеты/Dataset_Mendeley_data/Unlabelled _UAV_Videos/Flight Test 1/FT1_segments_of_interest/f3_mini_e/ir/5_minie3_range_far.mp4,1089,1,368,328,395,349,propagated:0.956
/Users/bround/Desktop/Датасеты/Dataset_Mendeley_data/Unlabelled _UAV_Videos/Flight Test 1/FT1_segments_of_interest/f3_mini_e/ir/5_minie3_range_far.mp4,1090,1,374,322,401,343,propagated:0.971
/Users/bround/Desktop/Датасеты/Dataset_Mendeley_data/Unlabelled _UAV_Videos/Flight Test 1/FT1_segments_of_interest/f3_mini_e/ir/5_minie3_range_far.mp4,1091,1,379,318,406,339,propagated:0.972
/Users/bround/Desktop/Датасеты/Dataset_Mendeley_data/Unlabelled _UAV_Videos/Flight Test 1/FT1_segments_of_interest/f3_mini_e/ir/5_minie3_range_far.mp4,1092,1,381,312,408,333,propagated:0.971
/Users/bround/Desktop/Датасеты/Dataset_Mendeley_data/Unlabelled _UAV_Videos/Flight Test 1/FT1_segments_of_interest/f3_mini_e/ir/5_minie3_range_far.mp4,1093,1,378,309,405,330,propagated:0.974
/Users/bround/Desktop/Датасеты/Dataset_Mendeley_data/Unlabelled _UAV_Videos/Flight Test 1/FT1_segments_of_interest/f3_mini_e/ir/5_minie3_range_far.mp4,1094,1,378,309,405,330,propagated:0.983
/Users/bround/Desktop/Датасеты/Dataset_Mendeley_data/Unlabelled _UAV_Videos/Flight Test 1/FT1_segments_of_interest/f3_mini_e/ir/5_minie3_range_far.mp4,1095,1,368,300,395,321,propagated:0.954
/Users/bround/Desktop/Датасеты/Dataset_Mendeley_data/Unlabelled _UAV_Videos/Flight Test 1/FT1_segments_of_interest/f3_mini_e/ir/5_minie3_range_far.mp4,1096,1,361,296,388,317,propagated:0.981
/Users/bround/Desktop/Датасеты/Dataset_Mendeley_data/Unlabelled _UAV_Videos/Flight Test 1/FT1_segments_of_interest/f3_mini_e/ir/5_minie3_range_far.mp4,1097,1,358,304,385,325,propagated:0.989
/Users/bround/Desktop/Датасеты/Dataset_Mendeley_data/Unlabelled _UAV_Videos/Flight Test 1/FT1_segments_of_interest/f3_mini_e/ir/5_minie3_range_far.mp4,1098,1,356,306,383,327,propagated:0.990
/Users/bround/Desktop/Датасеты/Dataset_Mendeley_data/Unlabelled _UAV_Videos/Flight Test 1/FT1_segments_of_interest/f3_mini_e/ir/5_minie3_range_far.mp4,1099,1,354,303,381,324,propagated:0.982
/Users/bround/Desktop/Датасеты/Dataset_Mendeley_data/Unlabelled _UAV_Videos/Flight Test 1/FT1_segments_of_interest/f3_mini_e/ir/5_minie3_range_far.mp4,1100,1,354,303,381,324,propagated:0.986
/Users/bround/Desktop/Датасеты/Dataset_Mendeley_data/Unlabelled _UAV_Videos/Flight Test 1/FT1_segments_of_interest/f3_mini_e/ir/5_minie3_range_far.mp4,1101,1,351,303,378,324,propagated:0.979
/Users/bround/Desktop/Датасеты/Dataset_Mendeley_data/Unlabelled _UAV_Videos/Flight Test 1/FT1_segments_of_interest/f3_mini_e/ir/5_minie3_range_far.mp4,1102,1,351,301,378,322,propagated:0.981
/Users/bround/Desktop/Датасеты/Dataset_Mendeley_data/Unlabelled _UAV_Videos/Flight Test 1/FT1_segments_of_interest/f3_mini_e/ir/5_minie3_range_far.mp4,1103,1,355,306,382,327,propagated:0.945
/Users/bround/Desktop/Датасеты/Dataset_Mendeley_data/Unlabelled _UAV_Videos/Flight Test 1/FT1_segments_of_interest/f3_mini_e/ir/5_minie3_range_far.mp4,1104,1,363,315,390,336,propagated:0.946
/Users/bround/Desktop/Датасеты/Dataset_Mendeley_data/Unlabelled _UAV_Videos/Flight Test 1/FT1_segments_of_interest/f3_mini_e/ir/5_minie3_range_far.mp4,1105,1,376,327,403,348,propagated:0.941
/Users/bround/Desktop/Датасеты/Dataset_Mendeley_data/Unlabelled _UAV_Videos/Flight Test 1/FT1_segments_of_interest/f3_mini_e/ir/5_minie3_range_far.mp4,1106,1,376,327,403,348,propagated:0.959
/Users/bround/Desktop/Датасеты/Dataset_Mendeley_data/Unlabelled _UAV_Videos/Flight Test 1/FT1_segments_of_interest/f3_mini_e/ir/5_minie3_range_far.mp4,1107,1,388,331,415,352,propagated:0.985
/Users/bround/Desktop/Датасеты/Dataset_Mendeley_data/Unlabelled _UAV_Videos/Flight Test 1/FT1_segments_of_interest/f3_mini_e/ir/5_minie3_range_far.mp4,1108,1,396,332,423,353,propagated:0.936
/Users/bround/Desktop/Датасеты/Dataset_Mendeley_data/Unlabelled _UAV_Videos/Flight Test 1/FT1_segments_of_interest/f3_mini_e/ir/5_minie3_range_far.mp4,1109,1,400,328,427,349,propagated:0.950
/Users/bround/Desktop/Датасеты/Dataset_Mendeley_data/Unlabelled _UAV_Videos/Flight Test 1/FT1_segments_of_interest/f3_mini_e/ir/5_minie3_range_far.mp4,1110,1,401,318,428,339,propagated:0.933
/Users/bround/Desktop/Датасеты/Dataset_Mendeley_data/Unlabelled _UAV_Videos/Flight Test 1/FT1_segments_of_interest/f3_mini_e/ir/5_minie3_range_far.mp4,1111,1,401,318,428,339,propagated:0.951
/Users/bround/Desktop/Датасеты/Dataset_Mendeley_data/Unlabelled _UAV_Videos/Flight Test 1/FT1_segments_of_interest/f3_mini_e/ir/5_minie3_range_far.mp4,1112,1,400,308,427,329,propagated:0.963
/Users/bround/Desktop/Датасеты/Dataset_Mendeley_data/Unlabelled _UAV_Videos/Flight Test 1/FT1_segments_of_interest/f3_mini_e/ir/5_minie3_range_far.mp4,1113,1,396,295,423,316,propagated:0.955
/Users/bround/Desktop/Датасеты/Dataset_Mendeley_data/Unlabelled _UAV_Videos/Flight Test 1/FT1_segments_of_interest/f3_mini_e/ir/5_minie3_range_far.mp4,1114,1,395,286,422,307,propagated:0.968
/Users/bround/Desktop/Датасеты/Dataset_Mendeley_data/Unlabelled _UAV_Videos/Flight Test 1/FT1_segments_of_interest/f3_mini_e/ir/5_minie3_range_far.mp4,1115,1,399,284,426,305,propagated:0.972
/Users/bround/Desktop/Датасеты/Dataset_Mendeley_data/Unlabelled _UAV_Videos/Flight Test 1/FT1_segments_of_interest/f3_mini_e/ir/5_minie3_range_far.mp4,1116,1,401,286,428,307,propagated:0.971
/Users/bround/Desktop/Датасеты/Dataset_Mendeley_data/Unlabelled _UAV_Videos/Flight Test 1/FT1_segments_of_interest/f3_mini_e/ir/5_minie3_range_far.mp4,1117,1,405,291,432,312,propagated:0.985
/Users/bround/Desktop/Датасеты/Dataset_Mendeley_data/Unlabelled _UAV_Videos/Flight Test 1/FT1_segments_of_interest/f3_mini_e/ir/5_minie3_range_far.mp4,1118,1,405,291,432,312,propagated:0.987
/Users/bround/Desktop/Датасеты/Dataset_Mendeley_data/Unlabelled _UAV_Videos/Flight Test 1/FT1_segments_of_interest/f3_mini_e/ir/5_minie3_range_far.mp4,1119,1,413,292,440,313,propagated:0.963
/Users/bround/Desktop/Датасеты/Dataset_Mendeley_data/Unlabelled _UAV_Videos/Flight Test 1/FT1_segments_of_interest/f3_mini_e/ir/5_minie3_range_far.mp4,1120,1,422,302,449,323,propagated:0.970
/Users/bround/Desktop/Датасеты/Dataset_Mendeley_data/Unlabelled _UAV_Videos/Flight Test 1/FT1_segments_of_interest/f3_mini_e/ir/5_minie3_range_far.mp4,1121,1,431,311,458,332,propagated:0.969
/Users/bround/Desktop/Датасеты/Dataset_Mendeley_data/Unlabelled _UAV_Videos/Flight Test 1/FT1_segments_of_interest/f3_mini_e/ir/5_minie3_range_far.mp4,1122,1,436,316,463,337,propagated:0.972
/Users/bround/Desktop/Датасеты/Dataset_Mendeley_data/Unlabelled _UAV_Videos/Flight Test 1/FT1_segments_of_interest/f3_mini_e/ir/5_minie3_range_far.mp4,1123,1,438,321,465,342,propagated:0.975
/Users/bround/Desktop/Датасеты/Dataset_Mendeley_data/Unlabelled _UAV_Videos/Flight Test 1/FT1_segments_of_interest/f3_mini_e/ir/5_minie3_range_far.mp4,1124,1,438,321,465,342,propagated:0.983
/Users/bround/Desktop/Датасеты/Dataset_Mendeley_data/Unlabelled _UAV_Videos/Flight Test 1/FT1_segments_of_interest/f3_mini_e/ir/5_minie3_range_far.mp4,1125,1,441,324,468,345,propagated:0.975
/Users/bround/Desktop/Датасеты/Dataset_Mendeley_data/Unlabelled _UAV_Videos/Flight Test 1/FT1_segments_of_interest/f3_mini_e/ir/5_minie3_range_far.mp4,1126,1,446,329,473,350,propagated:0.968
/Users/bround/Desktop/Датасеты/Dataset_Mendeley_data/Unlabelled _UAV_Videos/Flight Test 1/FT1_segments_of_interest/f3_mini_e/ir/5_minie3_range_far.mp4,1127,1,454,329,481,350,propagated:0.986
/Users/bround/Desktop/Датасеты/Dataset_Mendeley_data/Unlabelled _UAV_Videos/Flight Test 1/FT1_segments_of_interest/f3_mini_e/ir/5_minie3_range_far.mp4,1128,1,465,329,492,350,propagated:0.974
/Users/bround/Desktop/Датасеты/Dataset_Mendeley_data/Unlabelled _UAV_Videos/Flight Test 1/FT1_segments_of_interest/f3_mini_e/ir/5_minie3_range_far.mp4,1129,1,477,321,504,342,propagated:0.968
/Users/bround/Desktop/Датасеты/Dataset_Mendeley_data/Unlabelled _UAV_Videos/Flight Test 1/FT1_segments_of_interest/f3_mini_e/ir/5_minie3_range_far.mp4,1130,1,477,321,504,342,propagated:0.977
/Users/bround/Desktop/Датасеты/Dataset_Mendeley_data/Unlabelled _UAV_Videos/Flight Test 1/FT1_segments_of_interest/f3_mini_e/ir/5_minie3_range_far.mp4,1131,1,483,319,510,340,propagated:0.974
/Users/bround/Desktop/Датасеты/Dataset_Mendeley_data/Unlabelled _UAV_Videos/Flight Test 1/FT1_segments_of_interest/f3_mini_e/ir/5_minie3_range_far.mp4,1132,1,488,316,515,337,propagated:0.976
/Users/bround/Desktop/Датасеты/Dataset_Mendeley_data/Unlabelled _UAV_Videos/Flight Test 1/FT1_segments_of_interest/f3_mini_e/ir/5_minie3_range_far.mp4,1133,1,487,306,514,327,propagated:0.947
/Users/bround/Desktop/Датасеты/Dataset_Mendeley_data/Unlabelled _UAV_Videos/Flight Test 1/FT1_segments_of_interest/f3_mini_e/ir/5_minie3_range_far.mp4,1134,1,480,299,507,320,propagated:0.979
/Users/bround/Desktop/Датасеты/Dataset_Mendeley_data/Unlabelled _UAV_Videos/Flight Test 1/FT1_segments_of_interest/f3_mini_e/ir/5_minie3_range_far.mp4,1135,1,471,297,498,318,propagated:0.977
/Users/bround/Desktop/Датасеты/Dataset_Mendeley_data/Unlabelled _UAV_Videos/Flight Test 1/FT1_segments_of_interest/f3_mini_e/ir/5_minie3_range_far.mp4,1136,1,471,297,498,318,propagated:0.984
/Users/bround/Desktop/Датасеты/Dataset_Mendeley_data/Unlabelled _UAV_Videos/Flight Test 1/FT1_segments_of_interest/f3_mini_e/ir/5_minie3_range_far.mp4,1137,1,454,299,481,320,propagated:0.970
/Users/bround/Desktop/Датасеты/Dataset_Mendeley_data/Unlabelled _UAV_Videos/Flight Test 1/FT1_segments_of_interest/f3_mini_e/ir/5_minie3_range_far.mp4,1138,1,428,305,455,326,propagated:0.963
/Users/bround/Desktop/Датасеты/Dataset_Mendeley_data/Unlabelled _UAV_Videos/Flight Test 1/FT1_segments_of_interest/f3_mini_e/ir/5_minie3_range_far.mp4,1139,1,404,313,431,334,propagated:0.959
/Users/bround/Desktop/Датасеты/Dataset_Mendeley_data/Unlabelled _UAV_Videos/Flight Test 1/FT1_segments_of_interest/f3_mini_e/ir/5_minie3_range_far.mp4,1140,1,389,319,416,340,propagated:0.970
/Users/bround/Desktop/Датасеты/Dataset_Mendeley_data/Unlabelled _UAV_Videos/Flight Test 1/FT1_segments_of_interest/f3_mini_e/ir/5_minie3_range_far.mp4,1141,1,380,316,407,337,propagated:0.941
/Users/bround/Desktop/Датасеты/Dataset_Mendeley_data/Unlabelled _UAV_Videos/Flight Test 1/FT1_segments_of_interest/f3_mini_e/ir/5_minie3_range_far.mp4,1142,1,380,316,407,337,propagated:0.956
/Users/bround/Desktop/Датасеты/Dataset_Mendeley_data/Unlabelled _UAV_Videos/Flight Test 1/FT1_segments_of_interest/f3_mini_e/ir/5_minie3_range_far.mp4,1143,1,370,308,397,329,propagated:0.958
/Users/bround/Desktop/Датасеты/Dataset_Mendeley_data/Unlabelled _UAV_Videos/Flight Test 1/FT1_segments_of_interest/f3_mini_e/ir/5_minie3_range_far.mp4,1144,1,358,313,385,334,propagated:0.961
/Users/bround/Desktop/Датасеты/Dataset_Mendeley_data/Unlabelled _UAV_Videos/Flight Test 1/FT1_segments_of_interest/f3_mini_e/ir/5_minie3_range_far.mp4,1145,1,347,319,374,340,propagated:0.981
/Users/bround/Desktop/Датасеты/Dataset_Mendeley_data/Unlabelled _UAV_Videos/Flight Test 1/FT1_segments_of_interest/f3_mini_e/ir/5_minie3_range_far.mp4,1146,1,338,317,365,338,propagated:0.974
/Users/bround/Desktop/Датасеты/Dataset_Mendeley_data/Unlabelled _UAV_Videos/Flight Test 1/FT1_segments_of_interest/f3_mini_e/ir/5_minie3_range_far.mp4,1147,1,333,322,360,343,propagated:0.960
/Users/bround/Desktop/Датасеты/Dataset_Mendeley_data/Unlabelled _UAV_Videos/Flight Test 1/FT1_segments_of_interest/f3_mini_e/ir/5_minie3_range_far.mp4,1148,1,333,322,360,343,propagated:0.971
/Users/bround/Desktop/Датасеты/Dataset_Mendeley_data/Unlabelled _UAV_Videos/Flight Test 1/FT1_segments_of_interest/f3_mini_e/ir/5_minie3_range_far.mp4,1149,1,329,336,356,357,propagated:0.950
/Users/bround/Desktop/Датасеты/Dataset_Mendeley_data/Unlabelled _UAV_Videos/Flight Test 1/FT1_segments_of_interest/f3_mini_e/ir/5_minie3_range_far.mp4,1150,1,329,339,356,360,propagated:0.965
/Users/bround/Desktop/Датасеты/Dataset_Mendeley_data/Unlabelled _UAV_Videos/Flight Test 1/FT1_segments_of_interest/f3_mini_e/ir/5_minie3_range_far.mp4,1151,1,333,352,360,373,propagated:0.940
/Users/bround/Desktop/Датасеты/Dataset_Mendeley_data/Unlabelled _UAV_Videos/Flight Test 1/FT1_segments_of_interest/f3_mini_e/ir/5_minie3_range_far.mp4,1152,1,341,361,368,382,propagated:0.973
/Users/bround/Desktop/Датасеты/Dataset_Mendeley_data/Unlabelled _UAV_Videos/Flight Test 1/FT1_segments_of_interest/f3_mini_e/ir/5_minie3_range_far.mp4,1153,1,347,366,374,387,propagated:0.975
/Users/bround/Desktop/Датасеты/Dataset_Mendeley_data/Unlabelled _UAV_Videos/Flight Test 1/FT1_segments_of_interest/f3_mini_e/ir/5_minie3_range_far.mp4,1154,1,347,366,374,387,propagated:0.981
/Users/bround/Desktop/Датасеты/Dataset_Mendeley_data/Unlabelled _UAV_Videos/Flight Test 1/FT1_segments_of_interest/f3_mini_e/ir/5_minie3_range_far.mp4,1155,1,351,372,378,393,propagated:0.975
/Users/bround/Desktop/Датасеты/Dataset_Mendeley_data/Unlabelled _UAV_Videos/Flight Test 1/FT1_segments_of_interest/f3_mini_e/ir/5_minie3_range_far.mp4,1156,1,353,374,380,395,propagated:0.958
/Users/bround/Desktop/Датасеты/Dataset_Mendeley_data/Unlabelled _UAV_Videos/Flight Test 1/FT1_segments_of_interest/f3_mini_e/ir/5_minie3_range_far.mp4,1157,1,354,382,381,403,propagated:0.971
/Users/bround/Desktop/Датасеты/Dataset_Mendeley_data/Unlabelled _UAV_Videos/Flight Test 1/FT1_segments_of_interest/f3_mini_e/ir/5_minie3_range_far.mp4,1158,1,360,390,387,411,propagated:0.881
/Users/bround/Desktop/Датасеты/Dataset_Mendeley_data/Unlabelled _UAV_Videos/Flight Test 1/FT1_segments_of_interest/f3_mini_e/ir/5_minie3_range_far.mp4,1159,1,374,393,401,414,propagated:0.935
/Users/bround/Desktop/Датасеты/Dataset_Mendeley_data/Unlabelled _UAV_Videos/Flight Test 1/FT1_segments_of_interest/f3_mini_e/ir/5_minie3_range_far.mp4,1160,1,374,393,401,414,propagated:0.954
/Users/bround/Desktop/Датасеты/Dataset_Mendeley_data/Unlabelled _UAV_Videos/Flight Test 1/FT1_segments_of_interest/f3_mini_e/ir/5_minie3_range_far.mp4,1161,1,391,394,418,415,propagated:0.915
/Users/bround/Desktop/Датасеты/Dataset_Mendeley_data/Unlabelled _UAV_Videos/Flight Test 1/FT1_segments_of_interest/f3_mini_e/ir/5_minie3_range_far.mp4,1162,1,398,408,425,429,propagated:0.954
/Users/bround/Desktop/Датасеты/Dataset_Mendeley_data/Unlabelled _UAV_Videos/Flight Test 1/FT1_segments_of_interest/f3_mini_e/ir/5_minie3_range_far.mp4,1163,1,394,421,421,442,propagated:0.950
/Users/bround/Desktop/Датасеты/Dataset_Mendeley_data/Unlabelled _UAV_Videos/Flight Test 1/FT1_segments_of_interest/f3_mini_e/ir/5_minie3_range_far.mp4,1164,1,383,419,410,440,propagated:0.933
/Users/bround/Desktop/Датасеты/Dataset_Mendeley_data/Unlabelled _UAV_Videos/Flight Test 1/FT1_segments_of_interest/f3_mini_e/ir/5_minie3_range_far.mp4,1165,1,369,413,396,434,propagated:0.932
/Users/bround/Desktop/Датасеты/Dataset_Mendeley_data/Unlabelled _UAV_Videos/Flight Test 1/FT1_segments_of_interest/f3_mini_e/ir/5_minie3_range_far.mp4,1166,1,369,413,396,434,propagated:0.947
/Users/bround/Desktop/Датасеты/Dataset_Mendeley_data/Unlabelled _UAV_Videos/Flight Test 1/FT1_segments_of_interest/f3_mini_e/ir/5_minie3_range_far.mp4,1167,1,361,410,388,431,propagated:0.894
/Users/bround/Desktop/Датасеты/Dataset_Mendeley_data/Unlabelled _UAV_Videos/Flight Test 1/FT1_segments_of_interest/f3_mini_e/ir/5_minie3_range_far.mp4,1168,1,361,409,388,430,propagated:0.892
/Users/bround/Desktop/Датасеты/Dataset_Mendeley_data/Unlabelled _UAV_Videos/Flight Test 1/FT1_segments_of_interest/f3_mini_e/ir/5_minie3_range_far.mp4,1169,1,365,403,392,424,propagated:0.917
/Users/bround/Desktop/Датасеты/Dataset_Mendeley_data/Unlabelled _UAV_Videos/Flight Test 1/FT1_segments_of_interest/f3_mini_e/ir/5_minie3_range_far.mp4,1170,1,368,395,395,416,propagated:0.927
/Users/bround/Desktop/Датасеты/Dataset_Mendeley_data/Unlabelled _UAV_Videos/Flight Test 1/FT1_segments_of_interest/f3_mini_e/ir/5_minie3_range_far.mp4,1171,1,369,385,396,406,propagated:0.953
/Users/bround/Desktop/Датасеты/Dataset_Mendeley_data/Unlabelled _UAV_Videos/Flight Test 1/FT1_segments_of_interest/f3_mini_e/ir/5_minie3_range_far.mp4,1172,1,369,385,396,406,propagated:0.967
/Users/bround/Desktop/Датасеты/Dataset_Mendeley_data/Unlabelled _UAV_Videos/Flight Test 1/FT1_segments_of_interest/f3_mini_e/ir/5_minie3_range_far.mp4,1173,1,372,373,399,394,propagated:0.930
/Users/bround/Desktop/Датасеты/Dataset_Mendeley_data/Unlabelled _UAV_Videos/Flight Test 1/FT1_segments_of_interest/f3_mini_e/ir/5_minie3_range_far.mp4,1174,1,369,360,396,381,propagated:0.939
/Users/bround/Desktop/Датасеты/Dataset_Mendeley_data/Unlabelled _UAV_Videos/Flight Test 1/FT1_segments_of_interest/f3_mini_e/ir/5_minie3_range_far.mp4,1175,1,360,340,387,361,propagated:0.863
/Users/bround/Desktop/Датасеты/Dataset_Mendeley_data/Unlabelled _UAV_Videos/Flight Test 1/FT1_segments_of_interest/f3_mini_e/ir/5_minie3_range_far.mp4,1176,1,348,324,375,345,propagated:0.905
/Users/bround/Desktop/Датасеты/Dataset_Mendeley_data/Unlabelled _UAV_Videos/Flight Test 1/FT1_segments_of_interest/f3_mini_e/ir/5_minie3_range_far.mp4,1177,1,332,304,359,325,propagated:0.949
/Users/bround/Desktop/Датасеты/Dataset_Mendeley_data/Unlabelled _UAV_Videos/Flight Test 1/FT1_segments_of_interest/f3_mini_e/ir/5_minie3_range_far.mp4,1178,1,332,304,359,325,propagated:0.958
/Users/bround/Desktop/Датасеты/Dataset_Mendeley_data/Unlabelled _UAV_Videos/Flight Test 1/FT1_segments_of_interest/f3_mini_e/ir/5_minie3_range_far.mp4,1179,1,319,287,346,308,propagated:0.962
/Users/bround/Desktop/Датасеты/Dataset_Mendeley_data/Unlabelled _UAV_Videos/Flight Test 1/FT1_segments_of_interest/f3_mini_e/ir/5_minie3_range_far.mp4,1180,1,303,274,330,295,propagated:0.955
/Users/bround/Desktop/Датасеты/Dataset_Mendeley_data/Unlabelled _UAV_Videos/Flight Test 1/FT1_segments_of_interest/f3_mini_e/ir/5_minie3_range_far.mp4,1181,1,284,264,311,285,propagated:0.967
/Users/bround/Desktop/Датасеты/Dataset_Mendeley_data/Unlabelled _UAV_Videos/Flight Test 1/FT1_segments_of_interest/f3_mini_e/ir/5_minie3_range_far.mp4,1182,1,270,257,297,278,propagated:0.951
/Users/bround/Desktop/Датасеты/Dataset_Mendeley_data/Unlabelled _UAV_Videos/Flight Test 1/FT1_segments_of_interest/f3_mini_e/ir/5_minie3_range_far.mp4,1183,1,259,253,286,274,propagated:0.934
/Users/bround/Desktop/Датасеты/Dataset_Mendeley_data/Unlabelled _UAV_Videos/Flight Test 1/FT1_segments_of_interest/f3_mini_e/ir/5_minie3_range_far.mp4,1184,1,259,253,286,274,propagated:0.958
/Users/bround/Desktop/Датасеты/Dataset_Mendeley_data/Unlabelled _UAV_Videos/Flight Test 1/FT1_segments_of_interest/f3_mini_e/ir/5_minie3_range_far.mp4,1185,1,255,254,282,275,propagated:0.898
/Users/bround/Desktop/Датасеты/Dataset_Mendeley_data/Unlabelled _UAV_Videos/Flight Test 1/FT1_segments_of_interest/f3_mini_e/ir/5_minie3_range_far.mp4,1186,1,252,258,279,279,propagated:0.895
/Users/bround/Desktop/Датасеты/Dataset_Mendeley_data/Unlabelled _UAV_Videos/Flight Test 1/FT1_segments_of_interest/f3_mini_e/ir/5_minie3_range_far.mp4,1187,1,252,273,279,294,propagated:0.816
/Users/bround/Desktop/Датасеты/Dataset_Mendeley_data/Unlabelled _UAV_Videos/Flight Test 1/FT1_segments_of_interest/f3_mini_e/ir/5_minie3_range_far.mp4,1188,1,250,281,277,302,propagated:0.702
/Users/bround/Desktop/Датасеты/Dataset_Mendeley_data/Unlabelled _UAV_Videos/Flight Test 1/FT1_segments_of_interest/f3_mini_e/ir/5_minie3_range_far.mp4,1189,1,256,285,283,306,propagated:0.639
/Users/bround/Desktop/Датасеты/Dataset_Mendeley_data/Unlabelled _UAV_Videos/Flight Test 1/FT1_segments_of_interest/f3_mini_e/ir/5_minie3_range_far.mp4,1190,1,256,285,283,306,propagated:0.732
/Users/bround/Desktop/Датасеты/Dataset_Mendeley_data/Unlabelled _UAV_Videos/Flight Test 1/FT1_segments_of_interest/f3_mini_e/ir/5_minie3_range_far.mp4,1191,1,260,289,287,310,propagated:0.767
/Users/bround/Desktop/Датасеты/Dataset_Mendeley_data/Unlabelled _UAV_Videos/Flight Test 1/FT1_segments_of_interest/f3_mini_e/ir/5_minie3_range_far.mp4,1192,1,261,295,288,316,propagated:0.621
/Users/bround/Desktop/Датасеты/Dataset_Mendeley_data/Unlabelled _UAV_Videos/Flight Test 1/FT1_segments_of_interest/f3_mini_e/ir/5_minie3_range_far.mp4,1193,1,259,297,286,318,propagated:0.649
/Users/bround/Desktop/Датасеты/Dataset_Mendeley_data/Unlabelled _UAV_Videos/Flight Test 1/FT1_segments_of_interest/f3_mini_e/ir/5_minie3_range_far.mp4,1194,1,263,289,290,310,propagated:0.582
/Users/bround/Desktop/Датасеты/Dataset_Mendeley_data/Unlabelled _UAV_Videos/Flight Test 1/FT1_segments_of_interest/f3_mini_e/ir/5_minie3_range_far.mp4,1195,1,264,280,291,301,propagated:0.741
/Users/bround/Desktop/Датасеты/Dataset_Mendeley_data/Unlabelled _UAV_Videos/Flight Test 1/FT1_segments_of_interest/f3_mini_e/ir/5_minie3_range_far.mp4,1196,1,264,280,291,301,propagated:0.837
/Users/bround/Desktop/Датасеты/Dataset_Mendeley_data/Unlabelled _UAV_Videos/Flight Test 1/FT1_segments_of_interest/f3_mini_e/ir/5_minie3_range_far.mp4,1197,1,264,272,291,293,propagated:0.972
/Users/bround/Desktop/Датасеты/Dataset_Mendeley_data/Unlabelled _UAV_Videos/Flight Test 1/FT1_segments_of_interest/f3_mini_e/ir/5_minie3_range_far.mp4,1198,1,265,267,292,288,propagated:0.970
/Users/bround/Desktop/Датасеты/Dataset_Mendeley_data/Unlabelled _UAV_Videos/Flight Test 1/FT1_segments_of_interest/f3_mini_e/ir/5_minie3_range_far.mp4,1199,1,268,263,295,284,propagated:0.944
/Users/bround/Desktop/Датасеты/Dataset_Mendeley_data/Unlabelled _UAV_Videos/Flight Test 1/FT1_segments_of_interest/f3_mini_e/ir/5_minie3_range_far.mp4,1200,1,267,259,294,280,propagated:0.962
/Users/bround/Desktop/Датасеты/Dataset_Mendeley_data/Unlabelled _UAV_Videos/Flight Test 1/FT1_segments_of_interest/f3_mini_e/ir/5_minie3_range_far.mp4,1201,1,267,254,294,275,propagated:0.976
/Users/bround/Desktop/Датасеты/Dataset_Mendeley_data/Unlabelled _UAV_Videos/Flight Test 1/FT1_segments_of_interest/f3_mini_e/ir/5_minie3_range_far.mp4,1202,1,267,254,294,275,propagated:0.983
/Users/bround/Desktop/Датасеты/Dataset_Mendeley_data/Unlabelled _UAV_Videos/Flight Test 1/FT1_segments_of_interest/f3_mini_e/ir/5_minie3_range_far.mp4,1203,1,267,249,294,270,propagated:0.972
/Users/bround/Desktop/Датасеты/Dataset_Mendeley_data/Unlabelled _UAV_Videos/Flight Test 1/FT1_segments_of_interest/f3_mini_e/ir/5_minie3_range_far.mp4,1204,1,268,240,295,261,propagated:0.949
/Users/bround/Desktop/Датасеты/Dataset_Mendeley_data/Unlabelled _UAV_Videos/Flight Test 1/FT1_segments_of_interest/f3_mini_e/ir/5_minie3_range_far.mp4,1205,1,269,230,296,251,propagated:0.967
/Users/bround/Desktop/Датасеты/Dataset_Mendeley_data/Unlabelled _UAV_Videos/Flight Test 1/FT1_segments_of_interest/f3_mini_e/ir/5_minie3_range_far.mp4,1206,1,266,220,293,241,propagated:0.982
/Users/bround/Desktop/Датасеты/Dataset_Mendeley_data/Unlabelled _UAV_Videos/Flight Test 1/FT1_segments_of_interest/f3_mini_e/ir/5_minie3_range_far.mp4,1207,1,261,208,288,229,propagated:0.977
/Users/bround/Desktop/Датасеты/Dataset_Mendeley_data/Unlabelled _UAV_Videos/Flight Test 1/FT1_segments_of_interest/f3_mini_e/ir/5_minie3_range_far.mp4,1208,1,261,208,288,229,propagated:0.984
/Users/bround/Desktop/Датасеты/Dataset_Mendeley_data/Unlabelled _UAV_Videos/Flight Test 1/FT1_segments_of_interest/f3_mini_e/ir/5_minie3_range_far.mp4,1209,1,261,197,288,218,propagated:0.967
/Users/bround/Desktop/Датасеты/Dataset_Mendeley_data/Unlabelled _UAV_Videos/Flight Test 1/FT1_segments_of_interest/f3_mini_e/ir/5_minie3_range_far.mp4,1210,1,267,188,294,209,propagated:0.975
/Users/bround/Desktop/Датасеты/Dataset_Mendeley_data/Unlabelled _UAV_Videos/Flight Test 1/FT1_segments_of_interest/f3_mini_e/ir/5_minie3_range_far.mp4,1211,1,275,184,302,205,propagated:0.967
/Users/bround/Desktop/Датасеты/Dataset_Mendeley_data/Unlabelled _UAV_Videos/Flight Test 1/FT1_segments_of_interest/f3_mini_e/ir/5_minie3_range_far.mp4,1212,1,283,181,310,202,propagated:0.969
/Users/bround/Desktop/Датасеты/Dataset_Mendeley_data/Unlabelled _UAV_Videos/Flight Test 1/FT1_segments_of_interest/f3_mini_e/ir/5_minie3_range_far.mp4,1213,1,288,181,315,202,propagated:0.972
/Users/bround/Desktop/Датасеты/Dataset_Mendeley_data/Unlabelled _UAV_Videos/Flight Test 1/FT1_segments_of_interest/f3_mini_e/ir/5_minie3_range_far.mp4,1214,1,288,181,315,202,propagated:0.979
/Users/bround/Desktop/Датасеты/Dataset_Mendeley_data/Unlabelled _UAV_Videos/Flight Test 1/FT1_segments_of_interest/f3_mini_e/ir/5_minie3_range_far.mp4,1215,1,294,178,321,199,propagated:0.981
/Users/bround/Desktop/Датасеты/Dataset_Mendeley_data/Unlabelled _UAV_Videos/Flight Test 1/FT1_segments_of_interest/f3_mini_e/ir/5_minie3_range_far.mp4,1216,1,298,171,325,192,propagated:0.979
/Users/bround/Desktop/Датасеты/Dataset_Mendeley_data/Unlabelled _UAV_Videos/Flight Test 1/FT1_segments_of_interest/f3_mini_e/ir/5_minie3_range_far.mp4,1217,1,303,164,330,185,propagated:0.982
/Users/bround/Desktop/Датасеты/Dataset_Mendeley_data/Unlabelled _UAV_Videos/Flight Test 1/FT1_segments_of_interest/f3_mini_e/ir/5_minie3_range_far.mp4,1218,1,307,159,334,180,propagated:0.985
/Users/bround/Desktop/Датасеты/Dataset_Mendeley_data/Unlabelled _UAV_Videos/Flight Test 1/FT1_segments_of_interest/f3_mini_e/ir/5_minie3_range_far.mp4,1219,1,307,159,334,180,propagated:0.990
/Users/bround/Desktop/Датасеты/Dataset_Mendeley_data/Unlabelled _UAV_Videos/Flight Test 1/FT1_segments_of_interest/f3_mini_e/ir/5_minie3_range_far.mp4,1220,1,309,156,336,177,propagated:0.985
/Users/bround/Desktop/Датасеты/Dataset_Mendeley_data/Unlabelled _UAV_Videos/Flight Test 1/FT1_segments_of_interest/f3_mini_e/ir/5_minie3_range_far.mp4,1221,1,307,155,334,176,propagated:0.983
/Users/bround/Desktop/Датасеты/Dataset_Mendeley_data/Unlabelled _UAV_Videos/Flight Test 1/FT1_segments_of_interest/f3_mini_e/ir/5_minie3_range_far.mp4,1222,1,305,154,332,175,propagated:0.980
/Users/bround/Desktop/Датасеты/Dataset_Mendeley_data/Unlabelled _UAV_Videos/Flight Test 1/FT1_segments_of_interest/f3_mini_e/ir/5_minie3_range_far.mp4,1223,1,301,147,328,168,propagated:0.963
/Users/bround/Desktop/Датасеты/Dataset_Mendeley_data/Unlabelled _UAV_Videos/Flight Test 1/FT1_segments_of_interest/f3_mini_e/ir/5_minie3_range_far.mp4,1224,1,296,142,323,163,propagated:0.984
/Users/bround/Desktop/Датасеты/Dataset_Mendeley_data/Unlabelled _UAV_Videos/Flight Test 1/FT1_segments_of_interest/f3_mini_e/ir/5_minie3_range_far.mp4,1225,1,291,143,318,164,propagated:0.984
/Users/bround/Desktop/Датасеты/Dataset_Mendeley_data/Unlabelled _UAV_Videos/Flight Test 1/FT1_segments_of_interest/f3_mini_e/ir/5_minie3_range_far.mp4,1226,1,291,143,318,164,propagated:0.989
/Users/bround/Desktop/Датасеты/Dataset_Mendeley_data/Unlabelled _UAV_Videos/Flight Test 1/FT1_segments_of_interest/f3_mini_e/ir/5_minie3_range_far.mp4,1227,1,288,138,315,159,propagated:0.975
/Users/bround/Desktop/Датасеты/Dataset_Mendeley_data/Unlabelled _UAV_Videos/Flight Test 1/FT1_segments_of_interest/f3_mini_e/ir/5_minie3_range_far.mp4,1228,1,283,132,310,153,propagated:0.971
/Users/bround/Desktop/Датасеты/Dataset_Mendeley_data/Unlabelled _UAV_Videos/Flight Test 1/FT1_segments_of_interest/f3_mini_e/ir/5_minie3_range_far.mp4,1229,1,278,127,305,148,propagated:0.972
/Users/bround/Desktop/Датасеты/Dataset_Mendeley_data/Unlabelled _UAV_Videos/Flight Test 1/FT1_segments_of_interest/f3_mini_e/ir/5_minie3_range_far.mp4,1230,1,275,135,302,156,propagated:0.953
/Users/bround/Desktop/Датасеты/Dataset_Mendeley_data/Unlabelled _UAV_Videos/Flight Test 1/FT1_segments_of_interest/f3_mini_e/ir/5_minie3_range_far.mp4,1231,1,280,150,307,171,propagated:0.903
/Users/bround/Desktop/Датасеты/Dataset_Mendeley_data/Unlabelled _UAV_Videos/Flight Test 1/FT1_segments_of_interest/f3_mini_e/ir/5_minie3_range_far.mp4,1232,1,280,150,307,171,propagated:0.927
/Users/bround/Desktop/Датасеты/Dataset_Mendeley_data/Unlabelled _UAV_Videos/Flight Test 1/FT1_segments_of_interest/f3_mini_e/ir/5_minie3_range_far.mp4,1233,1,287,173,314,194,propagated:0.964
/Users/bround/Desktop/Датасеты/Dataset_Mendeley_data/Unlabelled _UAV_Videos/Flight Test 1/FT1_segments_of_interest/f3_mini_e/ir/5_minie3_range_far.mp4,1234,1,297,190,324,211,propagated:0.945
/Users/bround/Desktop/Датасеты/Dataset_Mendeley_data/Unlabelled _UAV_Videos/Flight Test 1/FT1_segments_of_interest/f3_mini_e/ir/5_minie3_range_far.mp4,1235,1,304,207,331,228,propagated:0.970
/Users/bround/Desktop/Датасеты/Dataset_Mendeley_data/Unlabelled _UAV_Videos/Flight Test 1/FT1_segments_of_interest/f3_mini_e/ir/5_minie3_range_far.mp4,1236,1,320,221,347,242,propagated:0.968
/Users/bround/Desktop/Датасеты/Dataset_Mendeley_data/Unlabelled _UAV_Videos/Flight Test 1/FT1_segments_of_interest/f3_mini_e/ir/5_minie3_range_far.mp4,1237,1,338,233,365,254,propagated:0.991
/Users/bround/Desktop/Датасеты/Dataset_Mendeley_data/Unlabelled _UAV_Videos/Flight Test 1/FT1_segments_of_interest/f3_mini_e/ir/5_minie3_range_far.mp4,1238,1,338,233,365,254,propagated:0.992
/Users/bround/Desktop/Датасеты/Dataset_Mendeley_data/Unlabelled _UAV_Videos/Flight Test 1/FT1_segments_of_interest/f3_mini_e/ir/5_minie3_range_far.mp4,1239,1,354,243,381,264,propagated:0.988
/Users/bround/Desktop/Датасеты/Dataset_Mendeley_data/Unlabelled _UAV_Videos/Flight Test 1/FT1_segments_of_interest/f3_mini_e/ir/5_minie3_range_far.mp4,1240,1,362,249,389,270,propagated:0.965
/Users/bround/Desktop/Датасеты/Dataset_Mendeley_data/Unlabelled _UAV_Videos/Flight Test 1/FT1_segments_of_interest/f3_mini_e/ir/5_minie3_range_far.mp4,1241,1,368,257,395,278,propagated:0.966
/Users/bround/Desktop/Датасеты/Dataset_Mendeley_data/Unlabelled _UAV_Videos/Flight Test 1/FT1_segments_of_interest/f3_mini_e/ir/5_minie3_range_far.mp4,1242,1,373,255,400,276,propagated:0.965
/Users/bround/Desktop/Датасеты/Dataset_Mendeley_data/Unlabelled _UAV_Videos/Flight Test 1/FT1_segments_of_interest/f3_mini_e/ir/5_minie3_range_far.mp4,1243,1,376,252,403,273,propagated:0.954
/Users/bround/Desktop/Датасеты/Dataset_Mendeley_data/Unlabelled _UAV_Videos/Flight Test 1/FT1_segments_of_interest/f3_mini_e/ir/5_minie3_range_far.mp4,1244,1,376,252,403,273,propagated:0.965
/Users/bround/Desktop/Датасеты/Dataset_Mendeley_data/Unlabelled _UAV_Videos/Flight Test 1/FT1_segments_of_interest/f3_mini_e/ir/5_minie3_range_far.mp4,1245,1,378,251,405,272,propagated:0.964
/Users/bround/Desktop/Датасеты/Dataset_Mendeley_data/Unlabelled _UAV_Videos/Flight Test 1/FT1_segments_of_interest/f3_mini_e/ir/5_minie3_range_far.mp4,1246,1,382,254,409,275,propagated:0.972
/Users/bround/Desktop/Датасеты/Dataset_Mendeley_data/Unlabelled _UAV_Videos/Flight Test 1/FT1_segments_of_interest/f3_mini_e/ir/5_minie3_range_far.mp4,1247,1,388,261,415,282,propagated:0.989
/Users/bround/Desktop/Датасеты/Dataset_Mendeley_data/Unlabelled _UAV_Videos/Flight Test 1/FT1_segments_of_interest/f3_mini_e/ir/5_minie3_range_far.mp4,1248,1,390,266,417,287,propagated:0.978
/Users/bround/Desktop/Датасеты/Dataset_Mendeley_data/Unlabelled _UAV_Videos/Flight Test 1/FT1_segments_of_interest/f3_mini_e/ir/5_minie3_range_far.mp4,1249,1,394,266,421,287,propagated:0.973
/Users/bround/Desktop/Датасеты/Dataset_Mendeley_data/Unlabelled _UAV_Videos/Flight Test 1/FT1_segments_of_interest/f3_mini_e/ir/5_minie3_range_far.mp4,1250,1,394,266,421,287,propagated:0.980
/Users/bround/Desktop/Датасеты/Dataset_Mendeley_data/Unlabelled _UAV_Videos/Flight Test 1/FT1_segments_of_interest/f3_mini_e/ir/5_minie3_range_far.mp4,1251,1,396,271,423,292,propagated:0.964
/Users/bround/Desktop/Датасеты/Dataset_Mendeley_data/Unlabelled _UAV_Videos/Flight Test 1/FT1_segments_of_interest/f3_mini_e/ir/5_minie3_range_far.mp4,1252,1,397,282,424,303,propagated:0.969
/Users/bround/Desktop/Датасеты/Dataset_Mendeley_data/Unlabelled _UAV_Videos/Flight Test 1/FT1_segments_of_interest/f3_mini_e/ir/5_minie3_range_far.mp4,1253,1,399,289,426,310,propagated:0.981
/Users/bround/Desktop/Датасеты/Dataset_Mendeley_data/Unlabelled _UAV_Videos/Flight Test 1/FT1_segments_of_interest/f3_mini_e/ir/5_minie3_range_far.mp4,1254,1,405,296,432,317,propagated:0.935
/Users/bround/Desktop/Датасеты/Dataset_Mendeley_data/Unlabelled _UAV_Videos/Flight Test 1/FT1_segments_of_interest/f3_mini_e/ir/5_minie3_range_far.mp4,1255,1,406,313,433,334,propagated:0.917
/Users/bround/Desktop/Датасеты/Dataset_Mendeley_data/Unlabelled _UAV_Videos/Flight Test 1/FT1_segments_of_interest/f3_mini_e/ir/5_minie3_range_far.mp4,1256,1,398,304,446,343,manual
/Users/bround/Desktop/Датасеты/Dataset_Mendeley_data/Unlabelled _UAV_Videos/Flight Test 1/FT1_segments_of_interest/f3_mini_e/ir/5_minie3_range_far.mp4,1257,1,395,330,448,360,manual
/Users/bround/Desktop/Датасеты/Dataset_Mendeley_data/Unlabelled _UAV_Videos/Flight Test 1/FT1_segments_of_interest/f3_mini_e/ir/5_minie3_range_far.mp4,1258,1,380,335,441,368,manual
/Users/bround/Desktop/Датасеты/Dataset_Mendeley_data/Unlabelled _UAV_Videos/Flight Test 1/FT1_segments_of_interest/f3_mini_e/ir/5_minie3_range_far.mp4,1260,1,384,336,445,369,propagated:0.983
/Users/bround/Desktop/Датасеты/Dataset_Mendeley_data/Unlabelled _UAV_Videos/Flight Test 1/FT1_segments_of_interest/f3_mini_e/ir/5_minie3_range_far.mp4,1261,1,390,341,451,374,propagated:0.936
/Users/bround/Desktop/Датасеты/Dataset_Mendeley_data/Unlabelled _UAV_Videos/Flight Test 1/FT1_segments_of_interest/f3_mini_e/ir/5_minie3_range_far.mp4,1262,1,390,341,451,374,propagated:0.954
/Users/bround/Desktop/Датасеты/Dataset_Mendeley_data/Unlabelled _UAV_Videos/Flight Test 1/FT1_segments_of_interest/f3_mini_e/ir/5_minie3_range_far.mp4,1263,1,397,348,458,381,propagated:0.973
/Users/bround/Desktop/Датасеты/Dataset_Mendeley_data/Unlabelled _UAV_Videos/Flight Test 1/FT1_segments_of_interest/f3_mini_e/ir/5_minie3_range_far.mp4,1264,1,401,355,462,388,propagated:0.964
/Users/bround/Desktop/Датасеты/Dataset_Mendeley_data/Unlabelled _UAV_Videos/Flight Test 1/FT1_segments_of_interest/f3_mini_e/ir/5_minie3_range_far.mp4,1265,1,404,362,465,395,propagated:0.980
/Users/bround/Desktop/Датасеты/Dataset_Mendeley_data/Unlabelled _UAV_Videos/Flight Test 1/FT1_segments_of_interest/f3_mini_e/ir/5_minie3_range_far.mp4,1266,1,406,362,467,395,propagated:0.979
/Users/bround/Desktop/Датасеты/Dataset_Mendeley_data/Unlabelled _UAV_Videos/Flight Test 1/FT1_segments_of_interest/f3_mini_e/ir/5_minie3_range_far.mp4,1267,1,411,357,472,390,propagated:0.978
/Users/bround/Desktop/Датасеты/Dataset_Mendeley_data/Unlabelled _UAV_Videos/Flight Test 1/FT1_segments_of_interest/f3_mini_e/ir/5_minie3_range_far.mp4,1268,1,411,357,472,390,propagated:0.985
/Users/bround/Desktop/Датасеты/Dataset_Mendeley_data/Unlabelled _UAV_Videos/Flight Test 1/FT1_segments_of_interest/f3_mini_e/ir/5_minie3_range_far.mp4,1269,1,412,354,473,387,propagated:0.982
/Users/bround/Desktop/Датасеты/Dataset_Mendeley_data/Unlabelled _UAV_Videos/Flight Test 1/FT1_segments_of_interest/f3_mini_e/ir/5_minie3_range_far.mp4,1270,1,412,351,473,384,propagated:0.988
/Users/bround/Desktop/Датасеты/Dataset_Mendeley_data/Unlabelled _UAV_Videos/Flight Test 1/FT1_segments_of_interest/f3_mini_e/ir/5_minie3_range_far.mp4,1271,1,414,349,475,382,propagated:0.987
/Users/bround/Desktop/Датасеты/Dataset_Mendeley_data/Unlabelled _UAV_Videos/Flight Test 1/FT1_segments_of_interest/f3_mini_e/ir/5_minie3_range_far.mp4,1272,1,417,339,478,372,propagated:0.950
/Users/bround/Desktop/Датасеты/Dataset_Mendeley_data/Unlabelled _UAV_Videos/Flight Test 1/FT1_segments_of_interest/f3_mini_e/ir/5_minie3_range_far.mp4,1273,1,417,332,478,365,propagated:0.973
/Users/bround/Desktop/Датасеты/Dataset_Mendeley_data/Unlabelled _UAV_Videos/Flight Test 1/FT1_segments_of_interest/f3_mini_e/ir/5_minie3_range_far.mp4,1274,1,416,333,477,366,propagated:0.985
/Users/bround/Desktop/Датасеты/Dataset_Mendeley_data/Unlabelled _UAV_Videos/Flight Test 1/FT1_segments_of_interest/f3_mini_e/ir/5_minie3_range_far.mp4,1275,1,416,333,477,366,propagated:0.988
/Users/bround/Desktop/Датасеты/Dataset_Mendeley_data/Unlabelled _UAV_Videos/Flight Test 1/FT1_segments_of_interest/f3_mini_e/ir/5_minie3_range_far.mp4,1276,1,416,345,477,378,propagated:0.933
/Users/bround/Desktop/Датасеты/Dataset_Mendeley_data/Unlabelled _UAV_Videos/Flight Test 1/FT1_segments_of_interest/f3_mini_e/ir/5_minie3_range_far.mp4,1277,1,420,357,481,390,propagated:0.943
/Users/bround/Desktop/Датасеты/Dataset_Mendeley_data/Unlabelled _UAV_Videos/Flight Test 1/FT1_segments_of_interest/f3_mini_e/ir/5_minie3_range_far.mp4,1278,1,428,374,489,407,propagated:0.941
/Users/bround/Desktop/Датасеты/Dataset_Mendeley_data/Unlabelled _UAV_Videos/Flight Test 1/FT1_segments_of_interest/f3_mini_e/ir/5_minie3_range_far.mp4,1279,1,430,388,491,421,propagated:0.961
/Users/bround/Desktop/Датасеты/Dataset_Mendeley_data/Unlabelled _UAV_Videos/Flight Test 1/FT1_segments_of_interest/f3_mini_e/ir/5_minie3_range_far.mp4,1280,1,430,388,491,421,propagated:0.999
/Users/bround/Desktop/Датасеты/Dataset_Mendeley_data/Unlabelled _UAV_Videos/Flight Test 1/FT1_segments_of_interest/f3_mini_e/ir/5_minie3_range_far.mp4,1281,1,430,407,491,440,propagated:0.989
/Users/bround/Desktop/Датасеты/Dataset_Mendeley_data/Unlabelled _UAV_Videos/Flight Test 1/FT1_segments_of_interest/f3_mini_e/ir/5_minie3_range_far.mp4,1282,1,428,412,489,445,propagated:0.945
/Users/bround/Desktop/Датасеты/Dataset_Mendeley_data/Unlabelled _UAV_Videos/Flight Test 1/FT1_segments_of_interest/f3_mini_e/ir/5_minie3_range_far.mp4,1283,1,425,406,486,439,propagated:0.958
/Users/bround/Desktop/Датасеты/Dataset_Mendeley_data/Unlabelled _UAV_Videos/Flight Test 1/FT1_segments_of_interest/f3_mini_e/ir/5_minie3_range_far.mp4,1284,1,420,389,481,422,propagated:0.926
/Users/bround/Desktop/Датасеты/Dataset_Mendeley_data/Unlabelled _UAV_Videos/Flight Test 1/FT1_segments_of_interest/f3_mini_e/ir/5_minie3_range_far.mp4,1285,1,415,384,476,417,propagated:0.973
/Users/bround/Desktop/Датасеты/Dataset_Mendeley_data/Unlabelled _UAV_Videos/Flight Test 1/FT1_segments_of_interest/f3_mini_e/ir/5_minie3_range_far.mp4,1286,1,415,384,476,417,propagated:0.981
/Users/bround/Desktop/Датасеты/Dataset_Mendeley_data/Unlabelled _UAV_Videos/Flight Test 1/FT1_segments_of_interest/f3_mini_e/ir/5_minie3_range_far.mp4,1287,1,409,410,470,443,propagated:0.906
/Users/bround/Desktop/Датасеты/Dataset_Mendeley_data/Unlabelled _UAV_Videos/Flight Test 1/FT1_segments_of_interest/f3_mini_e/ir/5_minie3_range_far.mp4,1288,1,404,446,465,479,propagated:0.936
/Users/bround/Desktop/Датасеты/Dataset_Mendeley_data/Unlabelled _UAV_Videos/Flight Test 1/FT1_segments_of_interest/f3_mini_e/ir/5_minie3_range_far.mp4,1289,1,403,471,464,504,propagated:0.974
/Users/bround/Desktop/Датасеты/Dataset_Mendeley_data/Unlabelled _UAV_Videos/Flight Test 1/FT1_segments_of_interest/f3_mini_e/ir/5_minie3_range_far.mp4,1290,1,402,483,463,516,propagated:0.922
/Users/bround/Desktop/Датасеты/Dataset_Mendeley_data/Unlabelled _UAV_Videos/Flight Test 1/FT1_segments_of_interest/f3_mini_e/ir/5_minie3_range_far.mp4,1291,1,396,480,457,513,propagated:0.933
/Users/bround/Desktop/Датасеты/Dataset_Mendeley_data/Unlabelled _UAV_Videos/Flight Test 1/FT1_segments_of_interest/f3_mini_e/ir/5_minie3_range_far.mp4,1292,1,396,480,457,513,propagated:0.953
/Users/bround/Desktop/Датасеты/Dataset_Mendeley_data/Unlabelled _UAV_Videos/Flight Test 1/FT1_segments_of_interest/f3_mini_e/ir/5_minie3_range_far.mp4,1293,1,390,448,451,481,propagated:0.928
/Users/bround/Desktop/Датасеты/Dataset_Mendeley_data/Unlabelled _UAV_Videos/Flight Test 1/FT1_segments_of_interest/f3_mini_e/ir/5_minie3_range_far.mp4,1294,1,393,415,454,448,propagated:0.957
/Users/bround/Desktop/Датасеты/Dataset_Mendeley_data/Unlabelled _UAV_Videos/Flight Test 1/FT1_segments_of_interest/f3_mini_e/ir/5_minie3_range_far.mp4,1295,1,404,389,465,422,propagated:0.934
/Users/bround/Desktop/Датасеты/Dataset_Mendeley_data/Unlabelled _UAV_Videos/Flight Test 1/FT1_segments_of_interest/f3_mini_e/ir/5_minie3_range_far.mp4,1296,1,417,380,478,413,propagated:0.907
/Users/bround/Desktop/Датасеты/Dataset_Mendeley_data/Unlabelled _UAV_Videos/Flight Test 1/FT1_segments_of_interest/f3_mini_e/ir/5_minie3_range_far.mp4,1297,1,429,399,490,432,propagated:0.913
/Users/bround/Desktop/Датасеты/Dataset_Mendeley_data/Unlabelled _UAV_Videos/Flight Test 1/FT1_segments_of_interest/f3_mini_e/ir/5_minie3_range_far.mp4,1298,1,429,399,490,432,propagated:0.937
/Users/bround/Desktop/Датасеты/Dataset_Mendeley_data/Unlabelled _UAV_Videos/Flight Test 1/FT1_segments_of_interest/f3_mini_e/ir/5_minie3_range_far.mp4,1299,1,442,421,503,454,propagated:0.972
/Users/bround/Desktop/Датасеты/Dataset_Mendeley_data/Unlabelled _UAV_Videos/Flight Test 1/FT1_segments_of_interest/f3_mini_e/ir/5_minie3_range_far.mp4,1300,1,448,424,509,457,propagated:0.925
/Users/bround/Desktop/Датасеты/Dataset_Mendeley_data/Unlabelled _UAV_Videos/Flight Test 1/FT1_segments_of_interest/f3_mini_e/ir/5_minie3_range_far.mp4,1301,1,450,406,511,439,propagated:0.933
/Users/bround/Desktop/Датасеты/Dataset_Mendeley_data/Unlabelled _UAV_Videos/Flight Test 1/FT1_segments_of_interest/f3_mini_e/ir/5_minie3_range_far.mp4,1302,1,448,384,509,417,propagated:0.940
/Users/bround/Desktop/Датасеты/Dataset_Mendeley_data/Unlabelled _UAV_Videos/Flight Test 1/FT1_segments_of_interest/f3_mini_e/ir/5_minie3_range_far.mp4,1303,1,448,364,509,397,propagated:0.957
/Users/bround/Desktop/Датасеты/Dataset_Mendeley_data/Unlabelled _UAV_Videos/Flight Test 1/FT1_segments_of_interest/f3_mini_e/ir/5_minie3_range_far.mp4,1304,1,448,364,509,397,propagated:0.969
/Users/bround/Desktop/Датасеты/Dataset_Mendeley_data/Unlabelled _UAV_Videos/Flight Test 1/FT1_segments_of_interest/f3_mini_e/ir/5_minie3_range_far.mp4,1305,1,448,354,509,387,propagated:0.967
/Users/bround/Desktop/Датасеты/Dataset_Mendeley_data/Unlabelled _UAV_Videos/Flight Test 1/FT1_segments_of_interest/f3_mini_e/ir/5_minie3_range_far.mp4,1306,1,448,357,509,390,propagated:0.980
/Users/bround/Desktop/Датасеты/Dataset_Mendeley_data/Unlabelled _UAV_Videos/Flight Test 1/FT1_segments_of_interest/f3_mini_e/ir/5_minie3_range_far.mp4,1307,1,453,364,514,397,propagated:0.954
/Users/bround/Desktop/Датасеты/Dataset_Mendeley_data/Unlabelled _UAV_Videos/Flight Test 1/FT1_segments_of_interest/f3_mini_e/ir/5_minie3_range_far.mp4,1308,1,458,360,519,393,propagated:0.960
/Users/bround/Desktop/Датасеты/Dataset_Mendeley_data/Unlabelled _UAV_Videos/Flight Test 1/FT1_segments_of_interest/f3_mini_e/ir/5_minie3_range_far.mp4,1309,1,464,355,525,388,propagated:0.963
/Users/bround/Desktop/Датасеты/Dataset_Mendeley_data/Unlabelled _UAV_Videos/Flight Test 1/FT1_segments_of_interest/f3_mini_e/ir/5_minie3_range_far.mp4,1310,1,464,355,525,388,propagated:1.000
/Users/bround/Desktop/Датасеты/Dataset_Mendeley_data/Unlabelled _UAV_Videos/Flight Test 1/FT1_segments_of_interest/f3_mini_e/ir/5_minie3_range_far.mp4,1311,1,470,356,531,389,propagated:0.986
/Users/bround/Desktop/Датасеты/Dataset_Mendeley_data/Unlabelled _UAV_Videos/Flight Test 1/FT1_segments_of_interest/f3_mini_e/ir/5_minie3_range_far.mp4,1312,1,472,356,533,389,propagated:0.972
/Users/bround/Desktop/Датасеты/Dataset_Mendeley_data/Unlabelled _UAV_Videos/Flight Test 1/FT1_segments_of_interest/f3_mini_e/ir/5_minie3_range_far.mp4,1313,1,472,355,533,388,propagated:0.980
/Users/bround/Desktop/Датасеты/Dataset_Mendeley_data/Unlabelled _UAV_Videos/Flight Test 1/FT1_segments_of_interest/f3_mini_e/ir/5_minie3_range_far.mp4,1314,1,470,351,531,384,propagated:0.978
/Users/bround/Desktop/Датасеты/Dataset_Mendeley_data/Unlabelled _UAV_Videos/Flight Test 1/FT1_segments_of_interest/f3_mini_e/ir/5_minie3_range_far.mp4,1315,1,469,346,530,379,propagated:0.970
/Users/bround/Desktop/Датасеты/Dataset_Mendeley_data/Unlabelled _UAV_Videos/Flight Test 1/FT1_segments_of_interest/f3_mini_e/ir/5_minie3_range_far.mp4,1316,1,469,346,530,379,propagated:0.979
/Users/bround/Desktop/Датасеты/Dataset_Mendeley_data/Unlabelled _UAV_Videos/Flight Test 1/FT1_segments_of_interest/f3_mini_e/ir/5_minie3_range_far.mp4,1317,1,465,338,526,371,propagated:0.958
/Users/bround/Desktop/Датасеты/Dataset_Mendeley_data/Unlabelled _UAV_Videos/Flight Test 1/FT1_segments_of_interest/f3_mini_e/ir/5_minie3_range_far.mp4,1318,1,464,329,525,362,propagated:0.977
/Users/bround/Desktop/Датасеты/Dataset_Mendeley_data/Unlabelled _UAV_Videos/Flight Test 1/FT1_segments_of_interest/f3_mini_e/ir/5_minie3_range_far.mp4,1319,1,462,325,523,358,propagated:0.979
/Users/bround/Desktop/Датасеты/Dataset_Mendeley_data/Unlabelled _UAV_Videos/Flight Test 1/FT1_segments_of_interest/f3_mini_e/ir/5_minie3_range_far.mp4,1320,1,461,320,522,353,propagated:0.986
/Users/bround/Desktop/Датасеты/Dataset_Mendeley_data/Unlabelled _UAV_Videos/Flight Test 1/FT1_segments_of_interest/f3_mini_e/ir/5_minie3_range_far.mp4,1321,1,461,315,522,348,propagated:0.984
/Users/bround/Desktop/Датасеты/Dataset_Mendeley_data/Unlabelled _UAV_Videos/Flight Test 1/FT1_segments_of_interest/f3_mini_e/ir/5_minie3_range_far.mp4,1322,1,461,315,522,348,propagated:0.988
/Users/bround/Desktop/Датасеты/Dataset_Mendeley_data/Unlabelled _UAV_Videos/Flight Test 1/FT1_segments_of_interest/f3_mini_e/ir/5_minie3_range_far.mp4,1323,1,463,312,524,345,propagated:0.986
/Users/bround/Desktop/Датасеты/Dataset_Mendeley_data/Unlabelled _UAV_Videos/Flight Test 1/FT1_segments_of_interest/f3_mini_e/ir/5_minie3_range_far.mp4,1324,1,466,308,527,341,propagated:0.976
/Users/bround/Desktop/Датасеты/Dataset_Mendeley_data/Unlabelled _UAV_Videos/Flight Test 1/FT1_segments_of_interest/f3_mini_e/ir/5_minie3_range_far.mp4,1325,1,471,304,532,337,propagated:0.984
/Users/bround/Desktop/Датасеты/Dataset_Mendeley_data/Unlabelled _UAV_Videos/Flight Test 1/FT1_segments_of_interest/f3_mini_e/ir/5_minie3_range_far.mp4,1326,1,478,303,539,336,propagated:0.978
/Users/bround/Desktop/Датасеты/Dataset_Mendeley_data/Unlabelled _UAV_Videos/Flight Test 1/FT1_segments_of_interest/f3_mini_e/ir/5_minie3_range_far.mp4,1327,1,481,310,542,343,propagated:0.975
/Users/bround/Desktop/Датасеты/Dataset_Mendeley_data/Unlabelled _UAV_Videos/Flight Test 1/FT1_segments_of_interest/f3_mini_e/ir/5_minie3_range_far.mp4,1328,1,481,310,542,343,propagated:0.983
/Users/bround/Desktop/Датасеты/Dataset_Mendeley_data/Unlabelled _UAV_Videos/Flight Test 1/FT1_segments_of_interest/f3_mini_e/ir/5_minie3_range_far.mp4,1329,1,481,310,542,343,propagated:0.975
/Users/bround/Desktop/Датасеты/Dataset_Mendeley_data/Unlabelled _UAV_Videos/Flight Test 1/FT1_segments_of_interest/f3_mini_e/ir/5_minie3_range_far.mp4,1330,1,480,308,541,341,propagated:0.992
/Users/bround/Desktop/Датасеты/Dataset_Mendeley_data/Unlabelled _UAV_Videos/Flight Test 1/FT1_segments_of_interest/f3_mini_e/ir/5_minie3_range_far.mp4,1331,1,478,303,539,336,propagated:0.990
/Users/bround/Desktop/Датасеты/Dataset_Mendeley_data/Unlabelled _UAV_Videos/Flight Test 1/FT1_segments_of_interest/f3_mini_e/ir/5_minie3_range_far.mp4,1332,1,479,304,540,337,propagated:0.979
/Users/bround/Desktop/Датасеты/Dataset_Mendeley_data/Unlabelled _UAV_Videos/Flight Test 1/FT1_segments_of_interest/f3_mini_e/ir/5_minie3_range_far.mp4,1333,1,478,304,539,337,propagated:0.977
/Users/bround/Desktop/Датасеты/Dataset_Mendeley_data/Unlabelled _UAV_Videos/Flight Test 1/FT1_segments_of_interest/f3_mini_e/ir/5_minie3_range_far.mp4,1334,1,478,304,539,337,propagated:0.983
/Users/bround/Desktop/Датасеты/Dataset_Mendeley_data/Unlabelled _UAV_Videos/Flight Test 1/FT1_segments_of_interest/f3_mini_e/ir/5_minie3_range_far.mp4,1335,1,475,308,536,341,propagated:0.969
/Users/bround/Desktop/Датасеты/Dataset_Mendeley_data/Unlabelled _UAV_Videos/Flight Test 1/FT1_segments_of_interest/f3_mini_e/ir/5_minie3_range_far.mp4,1336,1,469,313,530,346,propagated:0.970
/Users/bround/Desktop/Датасеты/Dataset_Mendeley_data/Unlabelled _UAV_Videos/Flight Test 1/FT1_segments_of_interest/f3_mini_e/ir/5_minie3_range_far.mp4,1337,1,462,313,523,346,propagated:0.973
/Users/bround/Desktop/Датасеты/Dataset_Mendeley_data/Unlabelled _UAV_Videos/Flight Test 1/FT1_segments_of_interest/f3_mini_e/ir/5_minie3_range_far.mp4,1338,1,458,318,519,351,propagated:0.958
/Users/bround/Desktop/Датасеты/Dataset_Mendeley_data/Unlabelled _UAV_Videos/Flight Test 1/FT1_segments_of_interest/f3_mini_e/ir/5_minie3_range_far.mp4,1339,1,454,321,515,354,propagated:0.968
/Users/bround/Desktop/Датасеты/Dataset_Mendeley_data/Unlabelled _UAV_Videos/Flight Test 1/FT1_segments_of_interest/f3_mini_e/ir/5_minie3_range_far.mp4,1340,1,454,321,515,354,propagated:1.000
/Users/bround/Desktop/Датасеты/Dataset_Mendeley_data/Unlabelled _UAV_Videos/Flight Test 1/FT1_segments_of_interest/f3_mini_e/ir/5_minie3_range_far.mp4,1341,1,448,319,509,352,propagated:0.933
/Users/bround/Desktop/Датасеты/Dataset_Mendeley_data/Unlabelled _UAV_Videos/Flight Test 1/FT1_segments_of_interest/f3_mini_e/ir/5_minie3_range_far.mp4,1342,1,437,317,498,350,propagated:0.950
/Users/bround/Desktop/Датасеты/Dataset_Mendeley_data/Unlabelled _UAV_Videos/Flight Test 1/FT1_segments_of_interest/f3_mini_e/ir/5_minie3_range_far.mp4,1343,1,427,321,488,354,propagated:0.958
/Users/bround/Desktop/Датасеты/Dataset_Mendeley_data/Unlabelled _UAV_Videos/Flight Test 1/FT1_segments_of_interest/f3_mini_e/ir/5_minie3_range_far.mp4,1344,1,421,329,482,362,propagated:0.905
/Users/bround/Desktop/Датасеты/Dataset_Mendeley_data/Unlabelled _UAV_Videos/Flight Test 1/FT1_segments_of_interest/f3_mini_e/ir/5_minie3_range_far.mp4,1345,1,417,342,478,375,propagated:0.941
/Users/bround/Desktop/Датасеты/Dataset_Mendeley_data/Unlabelled _UAV_Videos/Flight Test 1/FT1_segments_of_interest/f3_mini_e/ir/5_minie3_range_far.mp4,1346,1,417,342,478,375,propagated:0.956
/Users/bround/Desktop/Датасеты/Dataset_Mendeley_data/Unlabelled _UAV_Videos/Flight Test 1/FT1_segments_of_interest/f3_mini_e/ir/5_minie3_range_far.mp4,1347,1,408,351,469,384,propagated:0.955
/Users/bround/Desktop/Датасеты/Dataset_Mendeley_data/Unlabelled _UAV_Videos/Flight Test 1/FT1_segments_of_interest/f3_mini_e/ir/5_minie3_range_far.mp4,1348,1,398,353,459,386,propagated:0.957
/Users/bround/Desktop/Датасеты/Dataset_Mendeley_data/Unlabelled _UAV_Videos/Flight Test 1/FT1_segments_of_interest/f3_mini_e/ir/5_minie3_range_far.mp4,1349,1,388,352,449,385,propagated:0.918
/Users/bround/Desktop/Датасеты/Dataset_Mendeley_data/Unlabelled _UAV_Videos/Flight Test 1/FT1_segments_of_interest/f3_mini_e/ir/5_minie3_range_far.mp4,1350,1,381,348,442,381,propagated:0.979
/Users/bround/Desktop/Датасеты/Dataset_Mendeley_data/Unlabelled _UAV_Videos/Flight Test 1/FT1_segments_of_interest/f3_mini_e/ir/5_minie3_range_far.mp4,1351,1,376,341,437,374,propagated:0.963
/Users/bround/Desktop/Датасеты/Dataset_Mendeley_data/Unlabelled _UAV_Videos/Flight Test 1/FT1_segments_of_interest/f3_mini_e/ir/5_minie3_range_far.mp4,1352,1,376,341,437,374,propagated:0.972
/Users/bround/Desktop/Датасеты/Dataset_Mendeley_data/Unlabelled _UAV_Videos/Flight Test 1/FT1_segments_of_interest/f3_mini_e/ir/5_minie3_range_far.mp4,1353,1,370,339,431,372,propagated:0.951
/Users/bround/Desktop/Датасеты/Dataset_Mendeley_data/Unlabelled _UAV_Videos/Flight Test 1/FT1_segments_of_interest/f3_mini_e/ir/5_minie3_range_far.mp4,1354,1,365,340,426,373,propagated:0.963
/Users/bround/Desktop/Датасеты/Dataset_Mendeley_data/Unlabelled _UAV_Videos/Flight Test 1/FT1_segments_of_interest/f3_mini_e/ir/5_minie3_range_far.mp4,1355,1,361,343,422,376,propagated:0.961
/Users/bround/Desktop/Датасеты/Dataset_Mendeley_data/Unlabelled _UAV_Videos/Flight Test 1/FT1_segments_of_interest/f3_mini_e/ir/5_minie3_range_far.mp4,1356,1,355,343,416,376,propagated:0.966
/Users/bround/Desktop/Датасеты/Dataset_Mendeley_data/Unlabelled _UAV_Videos/Flight Test 1/FT1_segments_of_interest/f3_mini_e/ir/5_minie3_range_far.mp4,1357,1,349,337,410,370,propagated:0.891
/Users/bround/Desktop/Датасеты/Dataset_Mendeley_data/Unlabelled _UAV_Videos/Flight Test 1/FT1_segments_of_interest/f3_mini_e/ir/5_minie3_range_far.mp4,1358,1,349,337,410,370,propagated:0.913
/Users/bround/Desktop/Датасеты/Dataset_Mendeley_data/Unlabelled _UAV_Videos/Flight Test 1/FT1_segments_of_interest/f3_mini_e/ir/5_minie3_range_far.mp4,1359,1,339,332,400,365,propagated:0.922
/Users/bround/Desktop/Датасеты/Dataset_Mendeley_data/Unlabelled _UAV_Videos/Flight Test 1/FT1_segments_of_interest/f3_mini_e/ir/5_minie3_range_far.mp4,1360,1,326,329,387,362,propagated:0.937
/Users/bround/Desktop/Датасеты/Dataset_Mendeley_data/Unlabelled _UAV_Videos/Flight Test 1/FT1_segments_of_interest/f3_mini_e/ir/5_minie3_range_far.mp4,1361,1,312,322,373,355,propagated:0.899
/Users/bround/Desktop/Датасеты/Dataset_Mendeley_data/Unlabelled _UAV_Videos/Flight Test 1/FT1_segments_of_interest/f3_mini_e/ir/5_minie3_range_far.mp4,1362,1,298,311,359,344,propagated:0.846
/Users/bround/Desktop/Датасеты/Dataset_Mendeley_data/Unlabelled _UAV_Videos/Flight Test 1/FT1_segments_of_interest/f3_mini_e/ir/5_minie3_range_far.mp4,1363,1,285,306,346,339,propagated:0.900
/Users/bround/Desktop/Датасеты/Dataset_Mendeley_data/Unlabelled _UAV_Videos/Flight Test 1/FT1_segments_of_interest/f3_mini_e/ir/5_minie3_range_far.mp4,1364,1,285,306,346,339,propagated:0.917
/Users/bround/Desktop/Датасеты/Dataset_Mendeley_data/Unlabelled _UAV_Videos/Flight Test 1/FT1_segments_of_interest/f3_mini_e/ir/5_minie3_range_far.mp4,1365,1,275,303,336,336,propagated:0.910
/Users/bround/Desktop/Датасеты/Dataset_Mendeley_data/Unlabelled _UAV_Videos/Flight Test 1/FT1_segments_of_interest/f3_mini_e/ir/5_minie3_range_far.mp4,1366,1,267,298,328,331,propagated:0.936
/Users/bround/Desktop/Датасеты/Dataset_Mendeley_data/Unlabelled _UAV_Videos/Flight Test 1/FT1_segments_of_interest/f3_mini_e/ir/5_minie3_range_far.mp4,1367,1,258,289,319,322,propagated:0.901
/Users/bround/Desktop/Датасеты/Dataset_Mendeley_data/Unlabelled _UAV_Videos/Flight Test 1/FT1_segments_of_interest/f3_mini_e/ir/5_minie3_range_far.mp4,1368,1,242,279,303,312,propagated:0.928
/Users/bround/Desktop/Датасеты/Dataset_Mendeley_data/Unlabelled _UAV_Videos/Flight Test 1/FT1_segments_of_interest/f3_mini_e/ir/5_minie3_range_far.mp4,1369,1,227,267,288,300,propagated:0.931
/Users/bround/Desktop/Датасеты/Dataset_Mendeley_data/Unlabelled _UAV_Videos/Flight Test 1/FT1_segments_of_interest/f3_mini_e/ir/5_minie3_range_far.mp4,1370,1,227,267,288,300,propagated:1.000
/Users/bround/Desktop/Датасеты/Dataset_Mendeley_data/Unlabelled _UAV_Videos/Flight Test 1/FT1_segments_of_interest/f3_mini_e/ir/5_minie3_range_far.mp4,1371,1,217,257,278,290,propagated:0.981
/Users/bround/Desktop/Датасеты/Dataset_Mendeley_data/Unlabelled _UAV_Videos/Flight Test 1/FT1_segments_of_interest/f3_mini_e/ir/5_minie3_range_far.mp4,1372,1,208,255,269,288,propagated:0.966
/Users/bround/Desktop/Датасеты/Dataset_Mendeley_data/Unlabelled _UAV_Videos/Flight Test 1/FT1_segments_of_interest/f3_mini_e/ir/5_minie3_range_far.mp4,1373,1,200,258,261,291,propagated:0.961
/Users/bround/Desktop/Датасеты/Dataset_Mendeley_data/Unlabelled _UAV_Videos/Flight Test 1/FT1_segments_of_interest/f3_mini_e/ir/5_minie3_range_far.mp4,1374,1,189,261,250,294,propagated:0.969
/Users/bround/Desktop/Датасеты/Dataset_Mendeley_data/Unlabelled _UAV_Videos/Flight Test 1/FT1_segments_of_interest/f3_mini_e/ir/5_minie3_range_far.mp4,1375,1,178,271,239,304,propagated:0.968
/Users/bround/Desktop/Датасеты/Dataset_Mendeley_data/Unlabelled _UAV_Videos/Flight Test 1/FT1_segments_of_interest/f3_mini_e/ir/5_minie3_range_far.mp4,1376,1,178,271,239,304,propagated:0.980
/Users/bround/Desktop/Датасеты/Dataset_Mendeley_data/Unlabelled _UAV_Videos/Flight Test 1/FT1_segments_of_interest/f3_mini_e/ir/5_minie3_range_far.mp4,1377,1,163,281,224,314,propagated:0.983
/Users/bround/Desktop/Датасеты/Dataset_Mendeley_data/Unlabelled _UAV_Videos/Flight Test 1/FT1_segments_of_interest/f3_mini_e/ir/5_minie3_range_far.mp4,1378,1,145,300,206,333,propagated:0.971
/Users/bround/Desktop/Датасеты/Dataset_Mendeley_data/Unlabelled _UAV_Videos/Flight Test 1/FT1_segments_of_interest/f3_mini_e/ir/5_minie3_range_far.mp4,1379,1,127,305,188,338,propagated:0.967
/Users/bround/Desktop/Датасеты/Dataset_Mendeley_data/Unlabelled _UAV_Videos/Flight Test 1/FT1_segments_of_interest/f3_mini_e/ir/5_minie3_range_far.mp4,1380,1,100,289,161,322,propagated:0.945
/Users/bround/Desktop/Датасеты/Dataset_Mendeley_data/Unlabelled _UAV_Videos/Flight Test 1/FT1_segments_of_interest/f3_mini_e/ir/5_minie3_range_far.mp4,1381,1,71,260,132,293,propagated:0.946
/Users/bround/Desktop/Датасеты/Dataset_Mendeley_data/Unlabelled _UAV_Videos/Flight Test 1/FT1_segments_of_interest/f3_mini_e/ir/5_minie3_range_far.mp4,1382,1,71,260,132,293,propagated:0.967
/Users/bround/Desktop/Датасеты/Dataset_Mendeley_data/Unlabelled _UAV_Videos/Flight Test 1/FT1_segments_of_interest/f3_mini_e/ir/5_minie3_range_far.mp4,1383,1,41,233,102,266,propagated:0.962
/Users/bround/Desktop/Датасеты/Dataset_Mendeley_data/Unlabelled _UAV_Videos/Flight Test 1/FT1_segments_of_interest/f3_mini_e/ir/5_minie3_range_far.mp4,1384,1,12,212,73,245,propagated:0.964
/Users/bround/Desktop/Датасеты/Dataset_Mendeley_data/Unlabelled _UAV_Videos/Flight Test 1/FT1_segments_of_interest/f3_mini_e/ir/5_minie3_range_far.mp4,1385,1,0,190,76,235,manual
/Users/bround/Desktop/Датасеты/Dataset_Mendeley_data/Unlabelled _UAV_Videos/Flight Test 1/FT1_segments_of_interest/f3_mini_e/ir/5_minie3_range_far.mp4,1386,1,5,175,86,226,manual
/Users/bround/Desktop/Датасеты/Dataset_Mendeley_data/Unlabelled _UAV_Videos/Flight Test 1/FT1_segments_of_interest/f3_mini_e/ir/5_minie3_range_far.mp4,1387,1,9,163,92,223,manual
