source,frame_index,visible,x1,y1,x2,y2,note
/Users/bround/Desktop/Датасеты/Dataset_Mendeley_data/Unlabelled _UAV_Videos/Flight Test 1/FT1_segments_of_interest/f5_mini_e/eo/7_minie5_range_all_cut_blur.mp4,0,0,,,,,invisible
/Users/bround/Desktop/Датасеты/Dataset_Mendeley_data/Unlabelled _UAV_Videos/Flight Test 1/FT1_segments_of_interest/f5_mini_e/eo/7_minie5_range_all_cut_blur.mp4,3,1,59,271,78,288,manual
/Users/bround/Desktop/Датасеты/Dataset_Mendeley_data/Unlabelled _UAV_Videos/Flight Test 1/FT1_segments_of_interest/f5_mini_e/eo/7_minie5_range_all_cut_blur.mp4,4,1,72,269,87,283,manual
/Users/bround/Desktop/Датасеты/Dataset_Mendeley_data/Unlabelled _UAV_Videos/Flight Test 1/FT1_segments_of_interest/f5_mini_e/eo/7_minie5_range_all_cut_blur.mp4,5,1,80,264,93,276,manual
/Users/bround/Desktop/Датасеты/Dataset_Mendeley_data/Unlabelled _UAV_Videos/Flight Test 1/FT1_segments_of_interest/f5_mini_e/eo/7_minie5_range_all_cut_blur.mp4,6,1,77,259,103,272,manual
/Users/bround/Desktop/Датасеты/Dataset_Mendeley_data/Unlabelled _UAV_Videos/Flight Test 1/FT1_segments_of_interest/f5_mini_e/eo/7_minie5_range_all_cut_blur.mp4,7,1,80,244,99,265,manual
/Users/bround/Desktop/Датасеты/Dataset_Mendeley_data/Unlabelled _UAV_Videos/Flight Test 1/FT1_segments_of_interest/f5_mini_e/eo/7_minie5_range_all_cut_blur.mp4,8,1,83,254,101,267,manual
/Users/bround/Desktop/Датасеты/Dataset_Mendeley_data/Unlabelled _UAV_Videos/Flight Test 1/FT1_segments_of_interest/f5_mini_e/eo/7_minie5_range_all_cut_blur.mp4,9,1,86,255,104,266,manual
/Users/bround/Desktop/Датасеты/Dataset_Mendeley_data/Unlabelled _UAV_Videos/Flight Test 1/FT1_segments_of_interest/f5_mini_e/eo/7_minie5_range_all_cut_blur.mp4,11,1,92,254,110,265,propagated:0.975
/Users/bround/Desktop/Датасеты/Dataset_Mendeley_data/Unlabelled _UAV_Videos/Flight Test 1/FT1_segments_of_interest/f5_mini_e/eo/7_minie5_range_all_cut_blur.mp4,12,1,97,252,115,263,propagated:0.944
/Users/bround/Desktop/Датасеты/Dataset_Mendeley_data/Unlabelled _UAV_Videos/Flight Test 1/FT1_segments_of_interest/f5_mini_e/eo/7_minie5_range_all_cut_blur.mp4,13,1,100,251,118,262,propagated:0.955
/Users/bround/Desktop/Датасеты/Dataset_Mendeley_data/Unlabelled _UAV_Videos/Flight Test 1/FT1_segments_of_interest/f5_mini_e/eo/7_minie5_range_all_cut_blur.mp4,14,1,101,250,119,261,propagated:0.927
/Users/bround/Desktop/Датасеты/Dataset_Mendeley_data/Unlabelled _UAV_Videos/Flight Test 1/FT1_segments_of_interest/f5_mini_e/eo/7_minie5_range_all_cut_blur.mp4,15,1,101,250,119,261,propagated:0.953
/Users/bround/Desktop/Датасеты/Dataset_Mendeley_data/Unlabelled _UAV_Videos/Flight Test 1/FT1_segments_of_interest/f5_mini_e/eo/7_minie5_range_all_cut_blur.mp4,16,1,101,250,119,261,propagated:0.963
/Users/bround/Desktop/Датасеты/Dataset_Mendeley_data/Unlabelled _UAV_Videos/Flight Test 1/FT1_segments_of_interest/f5_mini_e/eo/7_minie5_range_all_cut_blur.mp4,17,1,100,251,118,262,propagated:0.945
/Users/bround/Desktop/Датасеты/Dataset_Mendeley_data/Unlabelled _UAV_Videos/Flight Test 1/FT1_segments_of_interest/f5_mini_e/eo/7_minie5_range_all_cut_blur.mp4,18,1,101,250,119,261,propagated:0.952
/Users/bround/Desktop/Датасеты/Dataset_Mendeley_data/Unlabelled _UAV_Videos/Flight Test 1/FT1_segments_of_interest/f5_mini_e/eo/7_minie5_range_all_cut_blur.mp4,19,1,101,250,119,261,propagated:0.972
/Users/bround/Desktop/Датасеты/Dataset_Mendeley_data/Unlabelled _UAV_Videos/Flight Test 1/FT1_segments_of_interest/f5_mini_e/eo/7_minie5_range_all_cut_blur.mp4,20,1,102,252,120,263,propagated:0.956
/Users/bround/Desktop/Датасеты/Dataset_Mendeley_data/Unlabelled _UAV_Videos/Flight Test 1/FT1_segments_of_interest/f5_mini_e/eo/7_minie5_range_all_cut_blur.mp4,21,1,105,251,123,262,propagated:0.982
/Users/bround/Desktop/Датасеты/Dataset_Mendeley_data/Unlabelled _UAV_Videos/Flight Test 1/FT1_segments_of_interest/f5_mini_e/eo/7_minie5_range_all_cut_blur.mp4,22,1,103,250,121,261,propagated:0.981
/Users/bround/Desktop/Датасеты/Dataset_Mendeley_data/Unlabelled _UAV_Videos/Flight Test 1/FT1_segments_of_interest/f5_mini_e/eo/7_minie5_range_all_cut_blur.mp4,23,1,104,251,122,262,propagated:0.967
/Users/bround/Desktop/Датасеты/Dataset_Mendeley_data/Unlabelled _UAV_Videos/Flight Test 1/FT1_segments_of_interest/f5_mini_e/eo/7_minie5_range_all_cut_blur.mp4,24,1,105,250,123,261,propagated:0.970
/Users/bround/Desktop/Датасеты/Dataset_Mendeley_data/Unlabelled _UAV_Videos/Flight Test 1/FT1_segments_of_interest/f5_mini_e/eo/7_minie5_range_all_cut_blur.mp4,25,1,106,252,124,263,propagated:0.974
/Users/bround/Desktop/Датасеты/Dataset_Mendeley_data/Unlabelled _UAV_Videos/Flight Test 1/FT1_segments_of_interest/f5_mini_e/eo/7_minie5_range_all_cut_blur.mp4,26,1,106,252,124,263,propagated:0.981
/Users/bround/Desktop/Датасеты/Dataset_Mendeley_data/Unlabelled _UAV_Videos/Flight Test 1/FT1_segments_of_interest/f5_mini_e/eo/7_minie5_range_all_cut_blur.mp4,27,1,108,252,126,263,propagated:0.979
/Users/bround/Desktop/Датасеты/Dataset_Mendeley_data/Unlabelled _UAV_Videos/Flight Test 1/FT1_segments_of_interest/f5_mini_e/eo/7_minie5_range_all_cut_blur.mp4,28,1,112,252,130,263,propagated:0.968
/Users/bround/Desktop/Датасеты/Dataset_Mendeley_data/Unlabelled _UAV_Videos/Flight Test 1/FT1_segments_of_interest/f5_mini_e/eo/7_minie5_range_all_cut_blur.mp4,29,1,112,253,130,264,propagated:0.972
/Users/bround/Desktop/Датасеты/Dataset_Mendeley_data/Unlabelled _UAV_Videos/Flight Test 1/FT1_segments_of_interest/f5_mini_e/eo/7_minie5_range_all_cut_blur.mp4,30,1,113,249,131,260,propagated:0.950
/Users/bround/Desktop/Датасеты/Dataset_Mendeley_data/Unlabelled _UAV_Videos/Flight Test 1/FT1_segments_of_interest/f5_mini_e/eo/7_minie5_range_all_cut_blur.mp4,31,1,113,245,131,256,propagated:0.997
/Users/bround/Desktop/Датасеты/Dataset_Mendeley_data/Unlabelled _UAV_Videos/Flight Test 1/FT1_segments_of_interest/f5_mini_e/eo/7_minie5_range_all_cut_blur.mp4,32,1,113,245,131,256,propagated:0.997
/Users/bround/Desktop/Датасеты/Dataset_Mendeley_data/Unlabelled _UAV_Videos/Flight Test 1/FT1_segments_of_interest/f5_mini_e/eo/7_minie5_range_all_cut_blur.mp4,33,1,116,245,134,256,propagated:0.920
/Users/bround/Desktop/Датасеты/Dataset_Mendeley_data/Unlabelled _UAV_Videos/Flight Test 1/FT1_segments_of_interest/f5_mini_e/eo/7_minie5_range_all_cut_blur.mp4,34,1,116,247,134,258,propagated:0.930
/Users/bround/Desktop/Датасеты/Dataset_Mendeley_data/Unlabelled _UAV_Videos/Flight Test 1/FT1_segments_of_interest/f5_mini_e/eo/7_minie5_range_all_cut_blur.mp4,35,1,117,248,135,259,propagated:0.940
/Users/bround/Desktop/Датасеты/Dataset_Mendeley_data/Unlabelled _UAV_Videos/Flight Test 1/FT1_segments_of_interest/f5_mini_e/eo/7_minie5_range_all_cut_blur.mp4,36,1,118,249,136,260,propagated:0.943
/Users/bround/Desktop/Датасеты/Dataset_Mendeley_data/Unlabelled _UAV_Videos/Flight Test 1/FT1_segments_of_interest/f5_mini_e/eo/7_minie5_range_all_cut_blur.mp4,37,1,125,250,143,261,propagated:0.918
/Users/bround/Desktop/Датасеты/Dataset_Mendeley_data/Unlabelled _UAV_Videos/Flight Test 1/FT1_segments_of_interest/f5_mini_e/eo/7_minie5_range_all_cut_blur.mp4,38,1,125,250,143,261,propagated:0.926
/Users/bround/Desktop/Датасеты/Dataset_Mendeley_data/Unlabelled _UAV_Videos/Flight Test 1/FT1_segments_of_interest/f5_mini_e/eo/7_minie5_range_all_cut_blur.mp4,39,1,135,253,153,264,propagated:0.883
/Users/bround/Desktop/Датасеты/Dataset_Mendeley_data/Unlabelled _UAV_Videos/Flight Test 1/FT1_segments_of_interest/f5_mini_e/eo/7_minie5_range_all_cut_blur.mp4,40,1,136,257,154,268,propagated:0.882
/Users/bround/Desktop/Датасеты/Dataset_Mendeley_data/Unlabelled _UAV_Videos/Flight Test 1/FT1_segments_of_interest/f5_mini_e/eo/7_minie5_range_all_cut_blur.mp4,41,1,134,260,152,271,propagated:0.889
/Users/bround/Desktop/Датасеты/Dataset_Mendeley_data/Unlabelled _UAV_Videos/Flight Test 1/FT1_segments_of_interest/f5_mini_e/eo/7_minie5_range_all_cut_blur.mp4,42,1,128,261,146,272,propagated:0.886
/Users/bround/Desktop/Датасеты/Dataset_Mendeley_data/Unlabelled _UAV_Videos/Flight Test 1/FT1_segments_of_interest/f5_mini_e/eo/7_minie5_range_all_cut_blur.mp4,43,1,126,258,144,269,propagated:0.900
/Users/bround/Desktop/Датасеты/Dataset_Mendeley_data/Unlabelled _UAV_Videos/Flight Test 1/FT1_segments_of_interest/f5_mini_e/eo/7_minie5_range_all_cut_blur.mp4,44,1,126,258,144,269,propagated:0.914
/Users/bround/Desktop/Датасеты/Dataset_Mendeley_data/Unlabelled _UAV_Videos/Flight Test 1/FT1_segments_of_interest/f5_mini_e/eo/7_minie5_range_all_cut_blur.mp4,45,1,124,254,142,265,propagated:0.907
/Users/bround/Desktop/Датасеты/Dataset_Mendeley_data/Unlabelled _UAV_Videos/Flight Test 1/FT1_segments_of_interest/f5_mini_e/eo/7_minie5_range_all_cut_blur.mp4,46,1,124,255,142,266,propagated:0.841
/Users/bround/Desktop/Датасеты/Dataset_Mendeley_data/Unlabelled _UAV_Videos/Flight Test 1/FT1_segments_of_interest/f5_mini_e/eo/7_minie5_range_all_cut_blur.mp4,47,1,125,259,143,270,propagated:0.880
/Users/bround/Desktop/Датасеты/Dataset_Mendeley_data/Unlabelled _UAV_Videos/Flight Test 1/FT1_segments_of_interest/f5_mini_e/eo/7_minie5_range_all_cut_blur.mp4,48,1,124,266,142,277,propagated:0.902
/Users/bround/Desktop/Датасеты/Dataset_Mendeley_data/Unlabelled _UAV_Videos/Flight Test 1/FT1_segments_of_interest/f5_mini_e/eo/7_minie5_range_all_cut_blur.mp4,49,1,124,266,142,277,propagated:0.905
/Users/bround/Desktop/Датасеты/Dataset_Mendeley_data/Unlabelled _UAV_Videos/Flight Test 1/FT1_segments_of_interest/f5_mini_e/eo/7_minie5_range_all_cut_blur.mp4,50,1,118,269,136,280,propagated:0.888
/Users/bround/Desktop/Датасеты/Dataset_Mendeley_data/Unlabelled _UAV_Videos/Flight Test 1/FT1_segments_of_interest/f5_mini_e/eo/7_minie5_range_all_cut_blur.mp4,51,1,113,269,131,280,propagated:0.907
/Users/bround/Desktop/Датасеты/Dataset_Mendeley_data/Unlabelled _UAV_Videos/Flight Test 1/FT1_segments_of_interest/f5_mini_e/eo/7_minie5_range_all_cut_blur.mp4,52,1,113,269,131,280,propagated:0.929
/Users/bround/Desktop/Датасеты/Dataset_Mendeley_data/Unlabelled _UAV_Videos/Flight Test 1/FT1_segments_of_interest/f5_mini_e/eo/7_minie5_range_all_cut_blur.mp4,53,1,113,268,131,279,propagated:0.905
/Users/bround/Desktop/Датасеты/Dataset_Mendeley_data/Unlabelled _UAV_Videos/Flight Test 1/FT1_segments_of_interest/f5_mini_e/eo/7_minie5_range_all_cut_blur.mp4,54,1,119,266,137,277,propagated:0.896
/Users/bround/Desktop/Датасеты/Dataset_Mendeley_data/Unlabelled _UAV_Videos/Flight Test 1/FT1_segments_of_interest/f5_mini_e/eo/7_minie5_range_all_cut_blur.mp4,55,1,120,266,138,277,propagated:0.927
/Users/bround/Desktop/Датасеты/Dataset_Mendeley_data/Unlabelled _UAV_Videos/Flight Test 1/FT1_segments_of_interest/f5_mini_e/eo/7_minie5_range_all_cut_blur.mp4,56,1,120,266,138,277,propagated:0.931
/Users/bround/Desktop/Датасеты/Dataset_Mendeley_data/Unlabelled _UAV_Videos/Flight Test 1/FT1_segments_of_interest/f5_mini_e/eo/7_minie5_range_all_cut_blur.mp4,57,1,120,269,138,280,propagated:0.914
/Users/bround/Desktop/Датасеты/Dataset_Mendeley_data/Unlabelled _UAV_Videos/Flight Test 1/FT1_segments_of_interest/f5_mini_e/eo/7_minie5_range_all_cut_blur.mp4,58,1,117,273,135,284,propagated:0.905
/Users/bround/Desktop/Датасеты/Dataset_Mendeley_data/Unlabelled _UAV_Videos/Flight Test 1/FT1_segments_of_interest/f5_mini_e/eo/7_minie5_range_all_cut_blur.mp4,59,1,116,275,134,286,propagated:0.898
/Users/bround/Desktop/Датасеты/Dataset_Mendeley_data/Unlabelled _UAV_Videos/Flight Test 1/FT1_segments_of_interest/f5_mini_e/eo/7_minie5_range_all_cut_blur.mp4,60,1,110,277,128,288,propagated:0.906
/Users/bround/Desktop/Датасеты/Dataset_Mendeley_data/Unlabelled _UAV_Videos/Flight Test 1/FT1_segments_of_interest/f5_mini_e/eo/7_minie5_range_all_cut_blur.mp4,61,1,106,274,124,285,propagated:0.936
/Users/bround/Desktop/Датасеты/Dataset_Mendeley_data/Unlabelled _UAV_Videos/Flight Test 1/FT1_segments_of_interest/f5_mini_e/eo/7_minie5_range_all_cut_blur.mp4,62,1,106,274,124,285,propagated:0.943
/Users/bround/Desktop/Датасеты/Dataset_Mendeley_data/Unlabelled _UAV_Videos/Flight Test 1/FT1_segments_of_interest/f5_mini_e/eo/7_minie5_range_all_cut_blur.mp4,63,1,105,273,123,284,propagated:0.901
/Users/bround/Desktop/Датасеты/Dataset_Mendeley_data/Unlabelled _UAV_Videos/Flight Test 1/FT1_segments_of_interest/f5_mini_e/eo/7_minie5_range_all_cut_blur.mp4,64,1,101,271,119,282,propagated:0.876
/Users/bround/Desktop/Датасеты/Dataset_Mendeley_data/Unlabelled _UAV_Videos/Flight Test 1/FT1_segments_of_interest/f5_mini_e/eo/7_minie5_range_all_cut_blur.mp4,65,1,98,269,116,280,propagated:0.901
/Users/bround/Desktop/Датасеты/Dataset_Mendeley_data/Unlabelled _UAV_Videos/Flight Test 1/FT1_segments_of_interest/f5_mini_e/eo/7_minie5_range_all_cut_blur.mp4,66,1,95,267,113,278,propagated:0.852
/Users/bround/Desktop/Датасеты/Dataset_Mendeley_data/Unlabelled _UAV_Videos/Flight Test 1/FT1_segments_of_interest/f5_mini_e/eo/7_minie5_range_all_cut_blur.mp4,67,1,88,265,106,276,propagated:0.845
/Users/bround/Desktop/Датасеты/Dataset_Mendeley_data/Unlabelled _UAV_Videos/Flight Test 1/FT1_segments_of_interest/f5_mini_e/eo/7_minie5_range_all_cut_blur.mp4,68,1,88,265,106,276,propagated:0.901
/Users/bround/Desktop/Датасеты/Dataset_Mendeley_data/Unlabelled _UAV_Videos/Flight Test 1/FT1_segments_of_interest/f5_mini_e/eo/7_minie5_range_all_cut_blur.mp4,69,1,80,266,98,277,propagated:0.869
/Users/bround/Desktop/Датасеты/Dataset_Mendeley_data/Unlabelled _UAV_Videos/Flight Test 1/FT1_segments_of_interest/f5_mini_e/eo/7_minie5_range_all_cut_blur.mp4,70,1,74,262,92,273,propagated:0.910
/Users/bround/Desktop/Датасеты/Dataset_Mendeley_data/Unlabelled _UAV_Videos/Flight Test 1/FT1_segments_of_interest/f5_mini_e/eo/7_minie5_range_all_cut_blur.mp4,71,1,71,261,89,272,propagated:0.947
/Users/bround/Desktop/Датасеты/Dataset_Mendeley_data/Unlabelled _UAV_Videos/Flight Test 1/FT1_segments_of_interest/f5_mini_e/eo/7_minie5_range_all_cut_blur.mp4,72,1,67,261,85,272,propagated:0.945
/Users/bround/Desktop/Датасеты/Dataset_Mendeley_data/Unlabelled _UAV_Videos/Flight Test 1/FT1_segments_of_interest/f5_mini_e/eo/7_minie5_range_all_cut_blur.mp4,73,1,67,261,85,272,propagated:0.929
/Users/bround/Desktop/Датасеты/Dataset_Mendeley_data/Unlabelled _UAV_Videos/Flight Test 1/FT1_segments_of_interest/f5_mini_e/eo/7_minie5_range_all_cut_blur.mp4,74,1,63,261,81,272,propagated:0.911
/Users/bround/Desktop/Датасеты/Dataset_Mendeley_data/Unlabelled _UAV_Videos/Flight Test 1/FT1_segments_of_interest/f5_mini_e/eo/7_minie5_range_all_cut_blur.mp4,75,1,61,259,79,270,propagated:0.912
/Users/bround/Desktop/Датасеты/Dataset_Mendeley_data/Unlabelled _UAV_Videos/Flight Test 1/FT1_segments_of_interest/f5_mini_e/eo/7_minie5_range_all_cut_blur.mp4,76,1,62,258,80,269,propagated:0.898
/Users/bround/Desktop/Датасеты/Dataset_Mendeley_data/Unlabelled _UAV_Videos/Flight Test 1/FT1_segments_of_interest/f5_mini_e/eo/7_minie5_range_all_cut_blur.mp4,77,1,68,261,86,272,propagated:0.897
/Users/bround/Desktop/Датасеты/Dataset_Mendeley_data/Unlabelled _UAV_Videos/Flight Test 1/FT1_segments_of_interest/f5_mini_e/eo/7_minie5_range_all_cut_blur.mp4,78,1,65,263,83,274,propagated:0.896
/Users/bround/Desktop/Датасеты/Dataset_Mendeley_data/Unlabelled _UAV_Videos/Flight Test 1/FT1_segments_of_interest/f5_mini_e/eo/7_minie5_range_all_cut_blur.mp4,79,1,60,263,78,274,propagated:0.923
/Users/bround/Desktop/Датасеты/Dataset_Mendeley_data/Unlabelled _UAV_Videos/Flight Test 1/FT1_segments_of_interest/f5_mini_e/eo/7_minie5_range_all_cut_blur.mp4,80,1,60,263,78,274,propagated:0.931
/Users/bround/Desktop/Датасеты/Dataset_Mendeley_data/Unlabelled _UAV_Videos/Flight Test 1/FT1_segments_of_interest/f5_mini_e/eo/7_minie5_range_all_cut_blur.mp4,81,1,54,263,72,274,propagated:0.945
/Users/bround/Desktop/Датасеты/Dataset_Mendeley_data/Unlabelled _UAV_Videos/Flight Test 1/FT1_segments_of_interest/f5_mini_e/eo/7_minie5_range_all_cut_blur.mp4,82,1,52,260,70,271,propagated:0.921
/Users/bround/Desktop/Датасеты/Dataset_Mendeley_data/Unlabelled _UAV_Videos/Flight Test 1/FT1_segments_of_interest/f5_mini_e/eo/7_minie5_range_all_cut_blur.mp4,83,1,46,255,64,266,propagated:0.936
/Users/bround/Desktop/Датасеты/Dataset_Mendeley_data/Unlabelled _UAV_Videos/Flight Test 1/FT1_segments_of_interest/f5_mini_e/eo/7_minie5_range_all_cut_blur.mp4,84,1,45,253,63,264,propagated:0.936
/Users/bround/Desktop/Датасеты/Dataset_Mendeley_data/Unlabelled _UAV_Videos/Flight Test 1/FT1_segments_of_interest/f5_mini_e/eo/7_minie5_range_all_cut_blur.mp4,85,1,45,253,63,264,propagated:0.939
/Users/bround/Desktop/Датасеты/Dataset_Mendeley_data/Unlabelled _UAV_Videos/Flight Test 1/FT1_segments_of_interest/f5_mini_e/eo/7_minie5_range_all_cut_blur.mp4,86,1,45,253,63,264,propagated:0.943
/Users/bround/Desktop/Датасеты/Dataset_Mendeley_data/Unlabelled _UAV_Videos/Flight Test 1/FT1_segments_of_interest/f5_mini_e/eo/7_minie5_range_all_cut_blur.mp4,87,1,45,252,63,263,propagated:0.943
/Users/bround/Desktop/Датасеты/Dataset_Mendeley_data/Unlabelled _UAV_Videos/Flight Test 1/FT1_segments_of_interest/f5_mini_e/eo/7_minie5_range_all_cut_blur.mp4,88,1,46,249,64,260,propagated:0.943
/Users/bround/Desktop/Датасеты/Dataset_Mendeley_data/Unlabelled _UAV_Videos/Flight Test 1/FT1_segments_of_interest/f5_mini_e/eo/7_minie5_range_all_cut_blur.mp4,89,1,52,248,70,259,propagated:0.935
/Users/bround/Desktop/Датасеты/Dataset_Mendeley_data/Unlabelled _UAV_Videos/Flight Test 1/FT1_segments_of_interest/f5_mini_e/eo/7_minie5_range_all_cut_blur.mp4,90,1,56,246,74,257,propagated:0.939
/Users/bround/Desktop/Датасеты/Dataset_Mendeley_data/Unlabelled _UAV_Videos/Flight Test 1/FT1_segments_of_interest/f5_mini_e/eo/7_minie5_range_all_cut_blur.mp4,91,1,56,246,74,257,propagated:0.981
/Users/bround/Desktop/Датасеты/Dataset_Mendeley_data/Unlabelled _UAV_Videos/Flight Test 1/FT1_segments_of_interest/f5_mini_e/eo/7_minie5_range_all_cut_blur.mp4,92,1,60,242,78,253,propagated:0.941
/Users/bround/Desktop/Датасеты/Dataset_Mendeley_data/Unlabelled _UAV_Videos/Flight Test 1/FT1_segments_of_interest/f5_mini_e/eo/7_minie5_range_all_cut_blur.mp4,93,1,64,238,82,249,propagated:0.953
/Users/bround/Desktop/Датасеты/Dataset_Mendeley_data/Unlabelled _UAV_Videos/Flight Test 1/FT1_segments_of_interest/f5_mini_e/eo/7_minie5_range_all_cut_blur.mp4,94,1,73,232,91,243,propagated:0.936
/Users/bround/Desktop/Датасеты/Dataset_Mendeley_data/Unlabelled _UAV_Videos/Flight Test 1/FT1_segments_of_interest/f5_mini_e/eo/7_minie5_range_all_cut_blur.mp4,95,1,77,228,95,239,propagated:0.927
/Users/bround/Desktop/Датасеты/Dataset_Mendeley_data/Unlabelled _UAV_Videos/Flight Test 1/FT1_segments_of_interest/f5_mini_e/eo/7_minie5_range_all_cut_blur.mp4,96,1,82,228,100,239,propagated:0.936
/Users/bround/Desktop/Датасеты/Dataset_Mendeley_data/Unlabelled _UAV_Videos/Flight Test 1/FT1_segments_of_interest/f5_mini_e/eo/7_minie5_range_all_cut_blur.mp4,97,1,79,230,97,241,propagated:0.938
/Users/bround/Desktop/Датасеты/Dataset_Mendeley_data/Unlabelled _UAV_Videos/Flight Test 1/FT1_segments_of_interest/f5_mini_e/eo/7_minie5_range_all_cut_blur.mp4,98,1,79,230,97,241,propagated:0.947
/Users/bround/Desktop/Датасеты/Dataset_Mendeley_data/Unlabelled _UAV_Videos/Flight Test 1/FT1_segments_of_interest/f5_mini_e/eo/7_minie5_range_all_cut_blur.mp4,99,1,78,231,96,242,propagated:0.954
/Users/bround/Desktop/Датасеты/Dataset_Mendeley_data/Unlabelled _UAV_Videos/Flight Test 1/FT1_segments_of_interest/f5_mini_e/eo/7_minie5_range_all_cut_blur.mp4,100,1,78,231,96,242,propagated:0.924
/Users/bround/Desktop/Датасеты/Dataset_Mendeley_data/Unlabelled _UAV_Videos/Flight Test 1/FT1_segments_of_interest/f5_mini_e/eo/7_minie5_range_all_cut_blur.mp4,101,1,77,229,95,240,propagated:0.911
/Users/bround/Desktop/Датасеты/Dataset_Mendeley_data/Unlabelled _UAV_Videos/Flight Test 1/FT1_segments_of_interest/f5_mini_e/eo/7_minie5_range_all_cut_blur.mp4,102,1,75,227,93,238,propagated:0.940
/Users/bround/Desktop/Датасеты/Dataset_Mendeley_data/Unlabelled _UAV_Videos/Flight Test 1/FT1_segments_of_interest/f5_mini_e/eo/7_minie5_range_all_cut_blur.mp4,103,1,75,227,93,238,propagated:0.947
/Users/bround/Desktop/Датасеты/Dataset_Mendeley_data/Unlabelled _UAV_Videos/Flight Test 1/FT1_segments_of_interest/f5_mini_e/eo/7_minie5_range_all_cut_blur.mp4,104,1,70,224,88,235,propagated:0.952
/Users/bround/Desktop/Датасеты/Dataset_Mendeley_data/Unlabelled _UAV_Videos/Flight Test 1/FT1_segments_of_interest/f5_mini_e/eo/7_minie5_range_all_cut_blur.mp4,105,1,68,226,86,237,propagated:0.947
/Users/bround/Desktop/Датасеты/Dataset_Mendeley_data/Unlabelled _UAV_Videos/Flight Test 1/FT1_segments_of_interest/f5_mini_e/eo/7_minie5_range_all_cut_blur.mp4,106,1,67,229,85,240,propagated:0.954
/Users/bround/Desktop/Датасеты/Dataset_Mendeley_data/Unlabelled _UAV_Videos/Flight Test 1/FT1_segments_of_interest/f5_mini_e/eo/7_minie5_range_all_cut_blur.mp4,107,1,64,233,82,244,propagated:0.929
/Users/bround/Desktop/Датасеты/Dataset_Mendeley_data/Unlabelled _UAV_Videos/Flight Test 1/FT1_segments_of_interest/f5_mini_e/eo/7_minie5_range_all_cut_blur.mp4,108,1,65,238,83,249,propagated:0.944
/Users/bround/Desktop/Датасеты/Dataset_Mendeley_data/Unlabelled _UAV_Videos/Flight Test 1/FT1_segments_of_interest/f5_mini_e/eo/7_minie5_range_all_cut_blur.mp4,109,1,65,239,83,250,propagated:0.954
/Users/bround/Desktop/Датасеты/Dataset_Mendeley_data/Unlabelled _UAV_Videos/Flight Test 1/FT1_segments_of_interest/f5_mini_e/eo/7_minie5_range_all_cut_blur.mp4,110,1,65,239,83,250,propagated:0.957
/Users/bround/Desktop/Датасеты/Dataset_Mendeley_data/Unlabelled _UAV_Videos/Flight Test 1/FT1_segments_of_interest/f5_mini_e/eo/7_minie5_range_all_cut_blur.mp4,111,1,67,237,85,248,propagated:0.968
/Users/bround/Desktop/Датасеты/Dataset_Mendeley_data/Unlabelled _UAV_Videos/Flight Test 1/FT1_segments_of_interest/f5_mini_e/eo/7_minie5_range_all_cut_blur.mp4,112,1,69,237,87,248,propagated:0.941
/Users/bround/Desktop/Датасеты/Dataset_Mendeley_data/Unlabelled _UAV_Videos/Flight Test 1/FT1_segments_of_interest/f5_mini_e/eo/7_minie5_range_all_cut_blur.mp4,113,1,79,238,97,249,propagated:0.939
/Users/bround/Desktop/Датасеты/Dataset_Mendeley_data/Unlabelled _UAV_Videos/Flight Test 1/FT1_segments_of_interest/f5_mini_e/eo/7_minie5_range_all_cut_blur.mp4,114,1,90,240,108,251,propagated:0.943
/Users/bround/Desktop/Датасеты/Dataset_Mendeley_data/Unlabelled _UAV_Videos/Flight Test 1/FT1_segments_of_interest/f5_mini_e/eo/7_minie5_range_all_cut_blur.mp4,115,1,109,248,127,259,propagated:0.955
/Users/bround/Desktop/Датасеты/Dataset_Mendeley_data/Unlabelled _UAV_Videos/Flight Test 1/FT1_segments_of_interest/f5_mini_e/eo/7_minie5_range_all_cut_blur.mp4,116,1,109,248,127,259,propagated:0.961
/Users/bround/Desktop/Датасеты/Dataset_Mendeley_data/Unlabelled _UAV_Videos/Flight Test 1/FT1_segments_of_interest/f5_mini_e/eo/7_minie5_range_all_cut_blur.mp4,117,1,122,249,140,260,propagated:0.949
/Users/bround/Desktop/Датасеты/Dataset_Mendeley_data/Unlabelled _UAV_Videos/Flight Test 1/FT1_segments_of_interest/f5_mini_e/eo/7_minie5_range_all_cut_blur.mp4,118,1,128,241,146,252,propagated:0.962
/Users/bround/Desktop/Датасеты/Dataset_Mendeley_data/Unlabelled _UAV_Videos/Flight Test 1/FT1_segments_of_interest/f5_mini_e/eo/7_minie5_range_all_cut_blur.mp4,119,1,133,242,151,253,propagated:0.949
/Users/bround/Desktop/Датасеты/Dataset_Mendeley_data/Unlabelled _UAV_Videos/Flight Test 1/FT1_segments_of_interest/f5_mini_e/eo/7_minie5_range_all_cut_blur.mp4,120,1,141,242,159,253,propagated:0.956
/Users/bround/Desktop/Датасеты/Dataset_Mendeley_data/Unlabelled _UAV_Videos/Flight Test 1/FT1_segments_of_interest/f5_mini_e/eo/7_minie5_range_all_cut_blur.mp4,121,1,143,244,161,255,propagated:1.000
/Users/bround/Desktop/Датасеты/Dataset_Mendeley_data/Unlabelled _UAV_Videos/Flight Test 1/FT1_segments_of_interest/f5_mini_e/eo/7_minie5_range_all_cut_blur.mp4,122,1,143,244,161,255,propagated:1.000
/Users/bround/Desktop/Датасеты/Dataset_Mendeley_data/Unlabelled _UAV_Videos/Flight Test 1/FT1_segments_of_interest/f5_mini_e/eo/7_minie5_range_all_cut_blur.mp4,123,1,144,248,162,259,propagated:0.967
/Users/bround/Desktop/Датасеты/Dataset_Mendeley_data/Unlabelled _UAV_Videos/Flight Test 1/FT1_segments_of_interest/f5_mini_e/eo/7_minie5_range_all_cut_blur.mp4,124,1,147,251,165,262,propagated:0.967
/Users/bround/Desktop/Датасеты/Dataset_Mendeley_data/Unlabelled _UAV_Videos/Flight Test 1/FT1_segments_of_interest/f5_mini_e/eo/7_minie5_range_all_cut_blur.mp4,125,1,147,257,165,268,propagated:0.945
/Users/bround/Desktop/Датасеты/Dataset_Mendeley_data/Unlabelled _UAV_Videos/Flight Test 1/FT1_segments_of_interest/f5_mini_e/eo/7_minie5_range_all_cut_blur.mp4,126,1,149,264,167,275,propagated:0.945
/Users/bround/Desktop/Датасеты/Dataset_Mendeley_data/Unlabelled _UAV_Videos/Flight Test 1/FT1_segments_of_interest/f5_mini_e/eo/7_minie5_range_all_cut_blur.mp4,127,1,149,264,167,275,propagated:0.960
/Users/bround/Desktop/Датасеты/Dataset_Mendeley_data/Unlabelled _UAV_Videos/Flight Test 1/FT1_segments_of_interest/f5_mini_e/eo/7_minie5_range_all_cut_blur.mp4,128,1,153,266,171,277,propagated:0.967
/Users/bround/Desktop/Датасеты/Dataset_Mendeley_data/Unlabelled _UAV_Videos/Flight Test 1/FT1_segments_of_interest/f5_mini_e/eo/7_minie5_range_all_cut_blur.mp4,129,1,153,266,171,277,propagated:0.956
/Users/bround/Desktop/Датасеты/Dataset_Mendeley_data/Unlabelled _UAV_Videos/Flight Test 1/FT1_segments_of_interest/f5_mini_e/eo/7_minie5_range_all_cut_blur.mp4,130,1,149,267,167,278,propagated:0.962
/Users/bround/Desktop/Датасеты/Dataset_Mendeley_data/Unlabelled _UAV_Videos/Flight Test 1/FT1_segments_of_interest/f5_mini_e/eo/7_minie5_range_all_cut_blur.mp4,131,1,147,265,165,276,propagated:0.971
/Users/bround/Desktop/Датасеты/Dataset_Mendeley_data/Unlabelled _UAV_Videos/Flight Test 1/FT1_segments_of_interest/f5_mini_e/eo/7_minie5_range_all_cut_blur.mp4,132,1,149,263,167,274,propagated:0.967
/Users/bround/Desktop/Датасеты/Dataset_Mendeley_data/Unlabelled _UAV_Videos/Flight Test 1/FT1_segments_of_interest/f5_mini_e/eo/7_minie5_range_all_cut_blur.mp4,133,1,152,263,170,274,propagated:0.960
/Users/bround/Desktop/Датасеты/Dataset_Mendeley_data/Unlabelled _UAV_Videos/Flight Test 1/FT1_segments_of_interest/f5_mini_e/eo/7_minie5_range_all_cut_blur.mp4,134,1,152,263,170,274,propagated:0.965
/Users/bround/Desktop/Датасеты/Dataset_Mendeley_data/Unlabelled _UAV_Videos/Flight Test 1/FT1_segments_of_interest/f5_mini_e/eo/7_minie5_range_all_cut_blur.mp4,135,1,154,262,172,273,propagated:0.970
/Users/bround/Desktop/Датасеты/Dataset_Mendeley_data/Unlabelled _UAV_Videos/Flight Test 1/FT1_segments_of_interest/f5_mini_e/eo/7_minie5_range_all_cut_blur.mp4,136,1,156,259,174,270,propagated:0.937
/Users/bround/Desktop/Датасеты/Dataset_Mendeley_data/Unlabelled _UAV_Videos/Flight Test 1/FT1_segments_of_interest/f5_mini_e/eo/7_minie5_range_all_cut_blur.mp4,137,1,158,259,176,270,propagated:0.948
/Users/bround/Desktop/Датасеты/Dataset_Mendeley_data/Unlabelled _UAV_Videos/Flight Test 1/FT1_segments_of_interest/f5_mini_e/eo/7_minie5_range_all_cut_blur.mp4,138,1,160,256,178,267,propagated:0.961
/Users/bround/Desktop/Датасеты/Dataset_Mendeley_data/Unlabelled _UAV_Videos/Flight Test 1/FT1_segments_of_interest/f5_mini_e/eo/7_minie5_range_all_cut_blur.mp4,139,1,160,256,178,267,propagated:0.973
/Users/bround/Desktop/Датасеты/Dataset_Mendeley_data/Unlabelled _UAV_Videos/Flight Test 1/FT1_segments_of_interest/f5_mini_e/eo/7_minie5_range_all_cut_blur.mp4,140,1,162,253,180,264,propagated:0.977
/Users/bround/Desktop/Датасеты/Dataset_Mendeley_data/Unlabelled _UAV_Videos/Flight Test 1/FT1_segments_of_interest/f5_mini_e/eo/7_minie5_range_all_cut_blur.mp4,141,1,163,250,181,261,propagated:0.978
/Users/bround/Desktop/Датасеты/Dataset_Mendeley_data/Unlabelled _UAV_Videos/Flight Test 1/FT1_segments_of_interest/f5_mini_e/eo/7_minie5_range_all_cut_blur.mp4,142,1,162,244,180,255,propagated:0.974
/Users/bround/Desktop/Датасеты/Dataset_Mendeley_data/Unlabelled _UAV_Videos/Flight Test 1/FT1_segments_of_interest/f5_mini_e/eo/7_minie5_range_all_cut_blur.mp4,143,1,158,241,176,252,propagated:0.973
/Users/bround/Desktop/Датасеты/Dataset_Mendeley_data/Unlabelled _UAV_Videos/Flight Test 1/FT1_segments_of_interest/f5_mini_e/eo/7_minie5_range_all_cut_blur.mp4,144,1,157,241,175,252,propagated:0.992
/Users/bround/Desktop/Датасеты/Dataset_Mendeley_data/Unlabelled _UAV_Videos/Flight Test 1/FT1_segments_of_interest/f5_mini_e/eo/7_minie5_range_all_cut_blur.mp4,145,1,158,240,176,251,propagated:0.966
/Users/bround/Desktop/Датасеты/Dataset_Mendeley_data/Unlabelled _UAV_Videos/Flight Test 1/FT1_segments_of_interest/f5_mini_e/eo/7_minie5_range_all_cut_blur.mp4,146,1,158,240,176,251,propagated:0.972
/Users/bround/Desktop/Датасеты/Dataset_Mendeley_data/Unlabelled _UAV_Videos/Flight Test 1/FT1_segments_of_interest/f5_mini_e/eo/7_minie5_range_all_cut_blur.mp4,147,1,159,240,177,251,propagated:0.965
/Users/bround/Desktop/Датасеты/Dataset_Mendeley_data/Unlabelled _UAV_Videos/Flight Test 1/FT1_segments_of_interest/f5_mini_e/eo/7_minie5_range_all_cut_blur.mp4,148,1,161,240,179,251,propagated:0.978
/Users/bround/Desktop/Датасеты/Dataset_Mendeley_data/Unlabelled _UAV_Videos/Flight Test 1/FT1_segments_of_interest/f5_mini_e/eo/7_minie5_range_all_cut_blur.mp4,149,1,164,237,182,248,propagated:0.938
/Users/bround/Desktop/Датасеты/Dataset_Mendeley_data/Unlabelled _UAV_Videos/Flight Test 1/FT1_segments_of_interest/f5_mini_e/eo/7_minie5_range_all_cut_blur.mp4,150,1,163,233,181,244,propagated:0.944
/Users/bround/Desktop/Датасеты/Dataset_Mendeley_data/Unlabelled _UAV_Videos/Flight Test 1/FT1_segments_of_interest/f5_mini_e/eo/7_minie5_range_all_cut_blur.mp4,151,1,164,230,182,241,propagated:0.979
/Users/bround/Desktop/Датасеты/Dataset_Mendeley_data/Unlabelled _UAV_Videos/Flight Test 1/FT1_segments_of_interest/f5_mini_e/eo/7_minie5_range_all_cut_blur.mp4,152,1,164,230,182,241,propagated:0.980
/Users/bround/Desktop/Датасеты/Dataset_Mendeley_data/Unlabelled _UAV_Videos/Flight Test 1/FT1_segments_of_interest/f5_mini_e/eo/7_minie5_range_all_cut_blur.mp4,153,1,165,230,183,241,propagated:0.957
/Users/bround/Desktop/Датасеты/Dataset_Mendeley_data/Unlabelled _UAV_Videos/Flight Test 1/FT1_segments_of_interest/f5_mini_e/eo/7_minie5_range_all_cut_blur.mp4,154,1,171,228,189,239,propagated:0.928
/Users/bround/Desktop/Датасеты/Dataset_Mendeley_data/Unlabelled _UAV_Videos/Flight Test 1/FT1_segments_of_interest/f5_mini_e/eo/7_minie5_range_all_cut_blur.mp4,155,1,174,228,192,239,propagated:0.956
/Users/bround/Desktop/Датасеты/Dataset_Mendeley_data/Unlabelled _UAV_Videos/Flight Test 1/FT1_segments_of_interest/f5_mini_e/eo/7_minie5_range_all_cut_blur.mp4,156,1,175,227,193,238,propagated:0.971
/Users/bround/Desktop/Датасеты/Dataset_Mendeley_data/Unlabelled _UAV_Videos/Flight Test 1/FT1_segments_of_interest/f5_mini_e/eo/7_minie5_range_all_cut_blur.mp4,157,1,175,227,193,238,propagated:0.965
/Users/bround/Desktop/Датасеты/Dataset_Mendeley_data/Unlabelled _UAV_Videos/Flight Test 1/FT1_segments_of_interest/f5_mini_e/eo/7_minie5_range_all_cut_blur.mp4,158,1,175,227,193,238,propagated:0.970
/Users/bround/Desktop/Датасеты/Dataset_Mendeley_data/Unlabelled _UAV_Videos/Flight Test 1/FT1_segments_of_interest/f5_mini_e/eo/7_minie5_range_all_cut_blur.mp4,159,1,176,224,194,235,propagated:0.965
/Users/bround/Desktop/Датасеты/Dataset_Mendeley_data/Unlabelled _UAV_Videos/Flight Test 1/FT1_segments_of_interest/f5_mini_e/eo/7_minie5_range_all_cut_blur.mp4,160,1,187,220,220,235,manual
/Users/bround/Desktop/Датасеты/Dataset_Mendeley_data/Unlabelled _UAV_Videos/Flight Test 1/FT1_segments_of_interest/f5_mini_e/eo/7_minie5_range_all_cut_blur.mp4,162,1,192,224,225,239,propagated:0.971
/Users/bround/Desktop/Датасеты/Dataset_Mendeley_data/Unlabelled _UAV_Videos/Flight Test 1/FT1_segments_of_interest/f5_mini_e/eo/7_minie5_range_all_cut_blur.mp4,163,1,198,230,231,245,propagated:0.949
/Users/bround/Desktop/Датасеты/Dataset_Mendeley_data/Unlabelled _UAV_Videos/Flight Test 1/FT1_segments_of_interest/f5_mini_e/eo/7_minie5_range_all_cut_blur.mp4,164,1,198,230,231,245,propagated:0.959
/Users/bround/Desktop/Датасеты/Dataset_Mendeley_data/Unlabelled _UAV_Videos/Flight Test 1/FT1_segments_of_interest/f5_mini_e/eo/7_minie5_range_all_cut_blur.mp4,165,1,202,237,235,252,propagated:0.968
/Users/bround/Desktop/Датасеты/Dataset_Mendeley_data/Unlabelled _UAV_Videos/Flight Test 1/FT1_segments_of_interest/f5_mini_e/eo/7_minie5_range_all_cut_blur.mp4,166,1,205,243,238,258,propagated:0.953
/Users/bround/Desktop/Датасеты/Dataset_Mendeley_data/Unlabelled _UAV_Videos/Flight Test 1/FT1_segments_of_interest/f5_mini_e/eo/7_minie5_range_all_cut_blur.mp4,167,1,206,246,239,261,propagated:0.956
/Users/bround/Desktop/Датасеты/Dataset_Mendeley_data/Unlabelled _UAV_Videos/Flight Test 1/FT1_segments_of_interest/f5_mini_e/eo/7_minie5_range_all_cut_blur.mp4,168,1,213,247,246,262,propagated:0.955
/Users/bround/Desktop/Датасеты/Dataset_Mendeley_data/Unlabelled _UAV_Videos/Flight Test 1/FT1_segments_of_interest/f5_mini_e/eo/7_minie5_range_all_cut_blur.mp4,169,1,213,247,246,262,propagated:0.966
/Users/bround/Desktop/Датасеты/Dataset_Mendeley_data/Unlabelled _UAV_Videos/Flight Test 1/FT1_segments_of_interest/f5_mini_e/eo/7_minie5_range_all_cut_blur.mp4,170,1,214,247,247,262,propagated:0.934
/Users/bround/Desktop/Датасеты/Dataset_Mendeley_data/Unlabelled _UAV_Videos/Flight Test 1/FT1_segments_of_interest/f5_mini_e/eo/7_minie5_range_all_cut_blur.mp4,171,1,215,247,248,262,propagated:0.919
/Users/bround/Desktop/Датасеты/Dataset_Mendeley_data/Unlabelled _UAV_Videos/Flight Test 1/FT1_segments_of_interest/f5_mini_e/eo/7_minie5_range_all_cut_blur.mp4,172,1,219,248,252,263,propagated:0.955
/Users/bround/Desktop/Датасеты/Dataset_Mendeley_data/Unlabelled _UAV_Videos/Flight Test 1/FT1_segments_of_interest/f5_mini_e/eo/7_minie5_range_all_cut_blur.mp4,173,1,221,249,254,264,propagated:0.955
/Users/bround/Desktop/Датасеты/Dataset_Mendeley_data/Unlabelled _UAV_Videos/Flight Test 1/FT1_segments_of_interest/f5_mini_e/eo/7_minie5_range_all_cut_blur.mp4,174,1,223,253,256,268,propagated:0.954
/Users/bround/Desktop/Датасеты/Dataset_Mendeley_data/Unlabelled _UAV_Videos/Flight Test 1/FT1_segments_of_interest/f5_mini_e/eo/7_minie5_range_all_cut_blur.mp4,175,1,223,253,256,268,propagated:0.970
/Users/bround/Desktop/Датасеты/Dataset_Mendeley_data/Unlabelled _UAV_Videos/Flight Test 1/FT1_segments_of_interest/f5_mini_e/eo/7_minie5_range_all_cut_blur.mp4,176,1,222,254,255,269,propagated:0.960
/Users/bround/Desktop/Датасеты/Dataset_Mendeley_data/Unlabelled _UAV_Videos/Flight Test 1/FT1_segments_of_interest/f5_mini_e/eo/7_minie5_range_all_cut_blur.mp4,177,1,224,251,257,266,propagated:0.967
/Users/bround/Desktop/Датасеты/Dataset_Mendeley_data/Unlabelled _UAV_Videos/Flight Test 1/FT1_segments_of_interest/f5_mini_e/eo/7_minie5_range_all_cut_blur.mp4,178,1,223,247,256,262,propagated:0.969
/Users/bround/Desktop/Датасеты/Dataset_Mendeley_data/Unlabelled _UAV_Videos/Flight Test 1/FT1_segments_of_interest/f5_mini_e/eo/7_minie5_range_all_cut_blur.mp4,179,1,223,244,256,259,propagated:0.963
/Users/bround/Desktop/Датасеты/Dataset_Mendeley_data/Unlabelled _UAV_Videos/Flight Test 1/FT1_segments_of_interest/f5_mini_e/eo/7_minie5_range_all_cut_blur.mp4,180,1,225,241,258,256,propagated:0.963
/Users/bround/Desktop/Датасеты/Dataset_Mendeley_data/Unlabelled _UAV_Videos/Flight Test 1/FT1_segments_of_interest/f5_mini_e/eo/7_minie5_range_all_cut_blur.mp4,181,1,225,241,258,256,propagated:0.977
/Users/bround/Desktop/Датасеты/Dataset_Mendeley_data/Unlabelled _UAV_Videos/Flight Test 1/FT1_segments_of_interest/f5_mini_e/eo/7_minie5_range_all_cut_blur.mp4,182,1,225,244,258,259,propagated:0.981
/Users/bround/Desktop/Датасеты/Dataset_Mendeley_data/Unlabelled _UAV_Videos/Flight Test 1/FT1_segments_of_interest/f5_mini_e/eo/7_minie5_range_all_cut_blur.mp4,183,1,228,248,261,263,propagated:0.973
/Users/bround/Desktop/Датасеты/Dataset_Mendeley_data/Unlabelled _UAV_Videos/Flight Test 1/FT1_segments_of_interest/f5_mini_e/eo/7_minie5_range_all_cut_blur.mp4,184,1,236,248,269,263,propagated:0.974
/Users/bround/Desktop/Датасеты/Dataset_Mendeley_data/Unlabelled _UAV_Videos/Flight Test 1/FT1_segments_of_interest/f5_mini_e/eo/7_minie5_range_all_cut_blur.mp4,185,1,243,251,276,266,propagated:0.977
/Users/bround/Desktop/Датасеты/Dataset_Mendeley_data/Unlabelled _UAV_Videos/Flight Test 1/FT1_segments_of_interest/f5_mini_e/eo/7_minie5_range_all_cut_blur.mp4,186,1,247,252,280,267,propagated:0.978
/Users/bround/Desktop/Датасеты/Dataset_Mendeley_data/Unlabelled _UAV_Videos/Flight Test 1/FT1_segments_of_interest/f5_mini_e/eo/7_minie5_range_all_cut_blur.mp4,187,1,247,252,280,267,propagated:0.983
/Users/bround/Desktop/Датасеты/Dataset_Mendeley_data/Unlabelled _UAV_Videos/Flight Test 1/FT1_segments_of_interest/f5_mini_e/eo/7_minie5_range_all_cut_blur.mp4,188,1,252,251,285,266,propagated:0.984
/Users/bround/Desktop/Датасеты/Dataset_Mendeley_data/Unlabelled _UAV_Videos/Flight Test 1/FT1_segments_of_interest/f5_mini_e/eo/7_minie5_range_all_cut_blur.mp4,189,1,253,249,286,264,propagated:0.974
/Users/bround/Desktop/Датасеты/Dataset_Mendeley_data/Unlabelled _UAV_Videos/Flight Test 1/FT1_segments_of_interest/f5_mini_e/eo/7_minie5_range_all_cut_blur.mp4,190,1,257,250,290,265,propagated:0.969
/Users/bround/Desktop/Датасеты/Dataset_Mendeley_data/Unlabelled _UAV_Videos/Flight Test 1/FT1_segments_of_interest/f5_mini_e/eo/7_minie5_range_all_cut_blur.mp4,191,1,259,253,292,268,propagated:0.962
/Users/bround/Desktop/Датасеты/Dataset_Mendeley_data/Unlabelled _UAV_Videos/Flight Test 1/FT1_segments_of_interest/f5_mini_e/eo/7_minie5_range_all_cut_blur.mp4,192,1,260,252,293,267,propagated:0.988
/Users/bround/Desktop/Датасеты/Dataset_Mendeley_data/Unlabelled _UAV_Videos/Flight Test 1/FT1_segments_of_interest/f5_mini_e/eo/7_minie5_range_all_cut_blur.mp4,193,1,260,248,293,263,propagated:0.969
/Users/bround/Desktop/Датасеты/Dataset_Mendeley_data/Unlabelled _UAV_Videos/Flight Test 1/FT1_segments_of_interest/f5_mini_e/eo/7_minie5_range_all_cut_blur.mp4,194,1,260,248,293,263,propagated:0.975
/Users/bround/Desktop/Датасеты/Dataset_Mendeley_data/Unlabelled _UAV_Videos/Flight Test 1/FT1_segments_of_interest/f5_mini_e/eo/7_minie5_range_all_cut_blur.mp4,195,1,262,245,295,260,propagated:0.971
/Users/bround/Desktop/Датасеты/Dataset_Mendeley_data/Unlabelled _UAV_Videos/Flight Test 1/FT1_segments_of_interest/f5_mini_e/eo/7_minie5_range_all_cut_blur.mp4,196,1,261,242,294,257,propagated:0.979
/Users/bround/Desktop/Датасеты/Dataset_Mendeley_data/Unlabelled _UAV_Videos/Flight Test 1/FT1_segments_of_interest/f5_mini_e/eo/7_minie5_range_all_cut_blur.mp4,197,1,258,240,291,255,propagated:0.986
/Users/bround/Desktop/Датасеты/Dataset_Mendeley_data/Unlabelled _UAV_Videos/Flight Test 1/FT1_segments_of_interest/f5_mini_e/eo/7_minie5_range_all_cut_blur.mp4,198,1,259,237,292,252,propagated:0.977
/Users/bround/Desktop/Датасеты/Dataset_Mendeley_data/Unlabelled _UAV_Videos/Flight Test 1/FT1_segments_of_interest/f5_mini_e/eo/7_minie5_range_all_cut_blur.mp4,199,1,253,236,286,251,propagated:0.979
/Users/bround/Desktop/Датасеты/Dataset_Mendeley_data/Unlabelled _UAV_Videos/Flight Test 1/FT1_segments_of_interest/f5_mini_e/eo/7_minie5_range_all_cut_blur.mp4,200,1,253,236,286,251,propagated:0.983
/Users/bround/Desktop/Датасеты/Dataset_Mendeley_data/Unlabelled _UAV_Videos/Flight Test 1/FT1_segments_of_interest/f5_mini_e/eo/7_minie5_range_all_cut_blur.mp4,201,1,249,234,282,249,propagated:0.978
/Users/bround/Desktop/Датасеты/Dataset_Mendeley_data/Unlabelled _UAV_Videos/Flight Test 1/FT1_segments_of_interest/f5_mini_e/eo/7_minie5_range_all_cut_blur.mp4,202,1,245,234,278,249,propagated:0.988
/Users/bround/Desktop/Датасеты/Dataset_Mendeley_data/Unlabelled _UAV_Videos/Flight Test 1/FT1_segments_of_interest/f5_mini_e/eo/7_minie5_range_all_cut_blur.mp4,203,1,244,234,277,249,propagated:0.982
/Users/bround/Desktop/Датасеты/Dataset_Mendeley_data/Unlabelled _UAV_Videos/Flight Test 1/FT1_segments_of_interest/f5_mini_e/eo/7_minie5_range_all_cut_blur.mp4,204,1,241,232,274,247,propagated:0.975
/Users/bround/Desktop/Датасеты/Dataset_Mendeley_data/Unlabelled _UAV_Videos/Flight Test 1/FT1_segments_of_interest/f5_mini_e/eo/7_minie5_range_all_cut_blur.mp4,205,1,241,232,274,247,propagated:0.979
/Users/bround/Desktop/Датасеты/Dataset_Mendeley_data/Unlabelled _UAV_Videos/Flight Test 1/FT1_segments_of_interest/f5_mini_e/eo/7_minie5_range_all_cut_blur.mp4,206,1,241,234,274,249,propagated:0.969
/Users/bround/Desktop/Датасеты/Dataset_Mendeley_data/Unlabelled _UAV_Videos/Flight Test 1/FT1_segments_of_interest/f5_mini_e/eo/7_minie5_range_all_cut_blur.mp4,207,1,239,235,272,250,propagated:0.949
/Users/bround/Desktop/Датасеты/Dataset_Mendeley_data/Unlabelled _UAV_Videos/Flight Test 1/FT1_segments_of_interest/f5_mini_e/eo/7_minie5_range_all_cut_blur.mp4,208,1,242,234,275,249,propagated:0.976
/Users/bround/Desktop/Датасеты/Dataset_Mendeley_data/Unlabelled _UAV_Videos/Flight Test 1/FT1_segments_of_interest/f5_mini_e/eo/7_minie5_range_all_cut_blur.mp4,209,1,246,236,279,251,propagated:0.979
/Users/bround/Desktop/Датасеты/Dataset_Mendeley_data/Unlabelled _UAV_Videos/Flight Test 1/FT1_segments_of_interest/f5_mini_e/eo/7_minie5_range_all_cut_blur.mp4,210,1,248,236,281,251,propagated:0.973
/Users/bround/Desktop/Датасеты/Dataset_Mendeley_data/Unlabelled _UAV_Videos/Flight Test 1/FT1_segments_of_interest/f5_mini_e/eo/7_minie5_range_all_cut_blur.mp4,211,1,254,235,287,250,propagated:0.977
/Users/bround/Desktop/Датасеты/Dataset_Mendeley_data/Unlabelled _UAV_Videos/Flight Test 1/FT1_segments_of_interest/f5_mini_e/eo/7_minie5_range_all_cut_blur.mp4,212,1,254,235,287,250,propagated:0.995
/Users/bround/Desktop/Датасеты/Dataset_Mendeley_data/Unlabelled _UAV_Videos/Flight Test 1/FT1_segments_of_interest/f5_mini_e/eo/7_minie5_range_all_cut_blur.mp4,213,1,260,234,293,249,propagated:0.981
/Users/bround/Desktop/Датасеты/Dataset_Mendeley_data/Unlabelled _UAV_Videos/Flight Test 1/FT1_segments_of_interest/f5_mini_e/eo/7_minie5_range_all_cut_blur.mp4,214,1,261,232,294,247,propagated:0.983
/Users/bround/Desktop/Датасеты/Dataset_Mendeley_data/Unlabelled _UAV_Videos/Flight Test 1/FT1_segments_of_interest/f5_mini_e/eo/7_minie5_range_all_cut_blur.mp4,215,1,268,234,301,249,propagated:0.983
/Users/bround/Desktop/Датасеты/Dataset_Mendeley_data/Unlabelled _UAV_Videos/Flight Test 1/FT1_segments_of_interest/f5_mini_e/eo/7_minie5_range_all_cut_blur.mp4,216,1,283,241,316,256,propagated:0.983
/Users/bround/Desktop/Датасеты/Dataset_Mendeley_data/Unlabelled _UAV_Videos/Flight Test 1/FT1_segments_of_interest/f5_mini_e/eo/7_minie5_range_all_cut_blur.mp4,217,1,300,249,333,264,propagated:0.977
/Users/bround/Desktop/Датасеты/Dataset_Mendeley_data/Unlabelled _UAV_Videos/Flight Test 1/FT1_segments_of_interest/f5_mini_e/eo/7_minie5_range_all_cut_blur.mp4,218,1,300,249,333,264,propagated:0.981
/Users/bround/Desktop/Датасеты/Dataset_Mendeley_data/Unlabelled _UAV_Videos/Flight Test 1/FT1_segments_of_interest/f5_mini_e/eo/7_minie5_range_all_cut_blur.mp4,219,1,310,250,343,265,propagated:0.968
/Users/bround/Desktop/Датасеты/Dataset_Mendeley_data/Unlabelled _UAV_Videos/Flight Test 1/FT1_segments_of_interest/f5_mini_e/eo/7_minie5_range_all_cut_blur.mp4,220,1,311,251,344,266,propagated:0.968
/Users/bround/Desktop/Датасеты/Dataset_Mendeley_data/Unlabelled _UAV_Videos/Flight Test 1/FT1_segments_of_interest/f5_mini_e/eo/7_minie5_range_all_cut_blur.mp4,221,1,312,256,345,271,propagated:0.982
/Users/bround/Desktop/Датасеты/Dataset_Mendeley_data/Unlabelled _UAV_Videos/Flight Test 1/FT1_segments_of_interest/f5_mini_e/eo/7_minie5_range_all_cut_blur.mp4,222,1,313,261,346,276,propagated:0.968
/Users/bround/Desktop/Датасеты/Dataset_Mendeley_data/Unlabelled _UAV_Videos/Flight Test 1/FT1_segments_of_interest/f5_mini_e/eo/7_minie5_range_all_cut_blur.mp4,223,1,317,266,350,281,propagated:0.980
/Users/bround/Desktop/Датасеты/Dataset_Mendeley_data/Unlabelled _UAV_Videos/Flight Test 1/FT1_segments_of_interest/f5_mini_e/eo/7_minie5_range_all_cut_blur.mp4,224,1,317,266,350,281,propagated:0.983
/Users/bround/Desktop/Датасеты/Dataset_Mendeley_data/Unlabelled _UAV_Videos/Flight Test 1/FT1_segments_of_interest/f5_mini_e/eo/7_minie5_range_all_cut_blur.mp4,225,1,320,269,353,284,propagated:0.979
/Users/bround/Desktop/Датасеты/Dataset_Mendeley_data/Unlabelled _UAV_Videos/Flight Test 1/FT1_segments_of_interest/f5_mini_e/eo/7_minie5_range_all_cut_blur.mp4,226,1,321,270,354,285,propagated:0.970
/Users/bround/Desktop/Датасеты/Dataset_Mendeley_data/Unlabelled _UAV_Videos/Flight Test 1/FT1_segments_of_interest/f5_mini_e/eo/7_minie5_range_all_cut_blur.mp4,227,1,320,267,353,282,propagated:0.972
/Users/bround/Desktop/Датасеты/Dataset_Mendeley_data/Unlabelled _UAV_Videos/Flight Test 1/FT1_segments_of_interest/f5_mini_e/eo/7_minie5_range_all_cut_blur.mp4,228,1,320,265,353,280,propagated:0.967
/Users/bround/Desktop/Датасеты/Dataset_Mendeley_data/Unlabelled _UAV_Videos/Flight Test 1/FT1_segments_of_interest/f5_mini_e/eo/7_minie5_range_all_cut_blur.mp4,229,1,320,265,353,280,propagated:0.976
/Users/bround/Desktop/Датасеты/Dataset_Mendeley_data/Unlabelled _UAV_Videos/Flight Test 1/FT1_segments_of_interest/f5_mini_e/eo/7_minie5_range_all_cut_blur.mp4,230,1,322,264,355,279,propagated:0.978
/Users/bround/Desktop/Датасеты/Dataset_Mendeley_data/Unlabelled _UAV_Videos/Flight Test 1/FT1_segments_of_interest/f5_mini_e/eo/7_minie5_range_all_cut_blur.mp4,231,1,322,263,355,278,propagated:0.977
/Users/bround/Desktop/Датасеты/Dataset_Mendeley_data/Unlabelled _UAV_Videos/Flight Test 1/FT1_segments_of_interest/f5_mini_e/eo/7_minie5_range_all_cut_blur.mp4,232,1,321,263,354,278,propagated:0.993
/Users/bround/Desktop/Датасеты/Dataset_Mendeley_data/Unlabelled _UAV_Videos/Flight Test 1/FT1_segments_of_interest/f5_mini_e/eo/7_minie5_range_all_cut_blur.mp4,233,1,327,268,360,283,propagated:0.976
/Users/bround/Desktop/Датасеты/Dataset_Mendeley_data/Unlabelled _UAV_Videos/Flight Test 1/FT1_segments_of_interest/f5_mini_e/eo/7_minie5_range_all_cut_blur.mp4,234,1,334,271,367,286,propagated:0.981
/Users/bround/Desktop/Датасеты/Dataset_Mendeley_data/Unlabelled _UAV_Videos/Flight Test 1/FT1_segments_of_interest/f5_mini_e/eo/7_minie5_range_all_cut_blur.mp4,235,1,340,271,373,286,propagated:0.957
/Users/bround/Desktop/Датасеты/Dataset_Mendeley_data/Unlabelled _UAV_Videos/Flight Test 1/FT1_segments_of_interest/f5_mini_e/eo/7_minie5_range_all_cut_blur.mp4,236,1,340,271,373,286,propagated:0.975
/Users/bround/Desktop/Датасеты/Dataset_Mendeley_data/Unlabelled _UAV_Videos/Flight Test 1/FT1_segments_of_interest/f5_mini_e/eo/7_minie5_range_all_cut_blur.mp4,237,1,343,269,376,284,propagated:0.982
/Users/bround/Desktop/Датасеты/Dataset_Mendeley_data/Unlabelled _UAV_Videos/Flight Test 1/FT1_segments_of_interest/f5_mini_e/eo/7_minie5_range_all_cut_blur.mp4,238,1,342,269,375,284,propagated:0.968
/Users/bround/Desktop/Датасеты/Dataset_Mendeley_data/Unlabelled _UAV_Videos/Flight Test 1/FT1_segments_of_interest/f5_mini_e/eo/7_minie5_range_all_cut_blur.mp4,239,1,342,272,375,287,propagated:0.969
/Users/bround/Desktop/Датасеты/Dataset_Mendeley_data/Unlabelled _UAV_Videos/Flight Test 1/FT1_segments_of_interest/f5_mini_e/eo/7_minie5_range_all_cut_blur.mp4,240,1,346,277,379,292,propagated:0.967
/Users/bround/Desktop/Датасеты/Dataset_Mendeley_data/Unlabelled _UAV_Videos/Flight Test 1/FT1_segments_of_interest/f5_mini_e/eo/7_minie5_range_all_cut_blur.mp4,241,1,353,280,386,295,propagated:0.965
/Users/bround/Desktop/Датасеты/Dataset_Mendeley_data/Unlabelled _UAV_Videos/Flight Test 1/FT1_segments_of_interest/f5_mini_e/eo/7_minie5_range_all_cut_blur.mp4,242,1,353,280,386,295,propagated:1.000
/Users/bround/Desktop/Датасеты/Dataset_Mendeley_data/Unlabelled _UAV_Videos/Flight Test 1/FT1_segments_of_interest/f5_mini_e/eo/7_minie5_range_all_cut_blur.mp4,243,1,358,284,391,299,propagated:0.983
/Users/bround/Desktop/Датасеты/Dataset_Mendeley_data/Unlabelled _UAV_Videos/Flight Test 1/FT1_segments_of_interest/f5_mini_e/eo/7_minie5_range_all_cut_blur.mp4,244,1,361,289,394,304,propagated:0.983
/Users/bround/Desktop/Датасеты/Dataset_Mendeley_data/Unlabelled _UAV_Videos/Flight Test 1/FT1_segments_of_interest/f5_mini_e/eo/7_minie5_range_all_cut_blur.mp4,245,1,370,301,403,316,propagated:0.986
/Users/bround/Desktop/Датасеты/Dataset_Mendeley_data/Unlabelled _UAV_Videos/Flight Test 1/FT1_segments_of_interest/f5_mini_e/eo/7_minie5_range_all_cut_blur.mp4,246,1,378,310,411,325,propagated:0.982
/Users/bround/Desktop/Датасеты/Dataset_Mendeley_data/Unlabelled _UAV_Videos/Flight Test 1/FT1_segments_of_interest/f5_mini_e/eo/7_minie5_range_all_cut_blur.mp4,247,1,384,312,417,327,propagated:0.963
/Users/bround/Desktop/Датасеты/Dataset_Mendeley_data/Unlabelled _UAV_Videos/Flight Test 1/FT1_segments_of_interest/f5_mini_e/eo/7_minie5_range_all_cut_blur.mp4,248,1,384,312,417,327,propagated:0.973
/Users/bround/Desktop/Датасеты/Dataset_Mendeley_data/Unlabelled _UAV_Videos/Flight Test 1/FT1_segments_of_interest/f5_mini_e/eo/7_minie5_range_all_cut_blur.mp4,249,1,387,310,420,325,propagated:0.967
/Users/bround/Desktop/Датасеты/Dataset_Mendeley_data/Unlabelled _UAV_Videos/Flight Test 1/FT1_segments_of_interest/f5_mini_e/eo/7_minie5_range_all_cut_blur.mp4,250,1,390,309,423,324,propagated:0.983
/Users/bround/Desktop/Датасеты/Dataset_Mendeley_data/Unlabelled _UAV_Videos/Flight Test 1/FT1_segments_of_interest/f5_mini_e/eo/7_minie5_range_all_cut_blur.mp4,251,1,393,311,426,326,propagated:0.963
/Users/bround/Desktop/Датасеты/Dataset_Mendeley_data/Unlabelled _UAV_Videos/Flight Test 1/FT1_segments_of_interest/f5_mini_e/eo/7_minie5_range_all_cut_blur.mp4,252,1,396,314,429,329,propagated:0.993
/Users/bround/Desktop/Датасеты/Dataset_Mendeley_data/Unlabelled _UAV_Videos/Flight Test 1/FT1_segments_of_interest/f5_mini_e/eo/7_minie5_range_all_cut_blur.mp4,253,1,392,311,425,326,propagated:0.987
/Users/bround/Desktop/Датасеты/Dataset_Mendeley_data/Unlabelled _UAV_Videos/Flight Test 1/FT1_segments_of_interest/f5_mini_e/eo/7_minie5_range_all_cut_blur.mp4,254,1,392,311,425,326,propagated:0.989
/Users/bround/Desktop/Датасеты/Dataset_Mendeley_data/Unlabelled _UAV_Videos/Flight Test 1/FT1_segments_of_interest/f5_mini_e/eo/7_minie5_range_all_cut_blur.mp4,255,1,383,301,416,316,propagated:0.992
/Users/bround/Desktop/Датасеты/Dataset_Mendeley_data/Unlabelled _UAV_Videos/Flight Test 1/FT1_segments_of_interest/f5_mini_e/eo/7_minie5_range_all_cut_blur.mp4,256,1,383,294,416,309,propagated:0.992
/Users/bround/Desktop/Датасеты/Dataset_Mendeley_data/Unlabelled _UAV_Videos/Flight Test 1/FT1_segments_of_interest/f5_mini_e/eo/7_minie5_range_all_cut_blur.mp4,257,1,376,286,409,301,propagated:0.963
/Users/bround/Desktop/Датасеты/Dataset_Mendeley_data/Unlabelled _UAV_Videos/Flight Test 1/FT1_segments_of_interest/f5_mini_e/eo/7_minie5_range_all_cut_blur.mp4,258,1,373,280,406,295,propagated:0.980
/Users/bround/Desktop/Датасеты/Dataset_Mendeley_data/Unlabelled _UAV_Videos/Flight Test 1/FT1_segments_of_interest/f5_mini_e/eo/7_minie5_range_all_cut_blur.mp4,259,1,370,276,403,291,propagated:0.977
/Users/bround/Desktop/Датасеты/Dataset_Mendeley_data/Unlabelled _UAV_Videos/Flight Test 1/FT1_segments_of_interest/f5_mini_e/eo/7_minie5_range_all_cut_blur.mp4,260,1,370,276,403,291,propagated:0.982
/Users/bround/Desktop/Датасеты/Dataset_Mendeley_data/Unlabelled _UAV_Videos/Flight Test 1/FT1_segments_of_interest/f5_mini_e/eo/7_minie5_range_all_cut_blur.mp4,261,1,365,273,398,288,propagated:0.974
/Users/bround/Desktop/Датасеты/Dataset_Mendeley_data/Unlabelled _UAV_Videos/Flight Test 1/FT1_segments_of_interest/f5_mini_e/eo/7_minie5_range_all_cut_blur.mp4,262,1,365,278,398,293,propagated:0.974
/Users/bround/Desktop/Датасеты/Dataset_Mendeley_data/Unlabelled _UAV_Videos/Flight Test 1/FT1_segments_of_interest/f5_mini_e/eo/7_minie5_range_all_cut_blur.mp4,263,1,358,282,391,297,propagated:0.963
/Users/bround/Desktop/Датасеты/Dataset_Mendeley_data/Unlabelled _UAV_Videos/Flight Test 1/FT1_segments_of_interest/f5_mini_e/eo/7_minie5_range_all_cut_blur.mp4,264,1,352,286,385,301,propagated:0.986
/Users/bround/Desktop/Датасеты/Dataset_Mendeley_data/Unlabelled _UAV_Videos/Flight Test 1/FT1_segments_of_interest/f5_mini_e/eo/7_minie5_range_all_cut_blur.mp4,265,1,348,290,381,305,propagated:0.987
/Users/bround/Desktop/Датасеты/Dataset_Mendeley_data/Unlabelled _UAV_Videos/Flight Test 1/FT1_segments_of_interest/f5_mini_e/eo/7_minie5_range_all_cut_blur.mp4,266,1,348,290,381,305,propagated:0.989
/Users/bround/Desktop/Датасеты/Dataset_Mendeley_data/Unlabelled _UAV_Videos/Flight Test 1/FT1_segments_of_interest/f5_mini_e/eo/7_minie5_range_all_cut_blur.mp4,267,1,339,286,372,301,propagated:0.979
/Users/bround/Desktop/Датасеты/Dataset_Mendeley_data/Unlabelled _UAV_Videos/Flight Test 1/FT1_segments_of_interest/f5_mini_e/eo/7_minie5_range_all_cut_blur.mp4,268,1,335,286,368,301,propagated:0.981
/Users/bround/Desktop/Датасеты/Dataset_Mendeley_data/Unlabelled _UAV_Videos/Flight Test 1/FT1_segments_of_interest/f5_mini_e/eo/7_minie5_range_all_cut_blur.mp4,269,1,335,286,368,301,propagated:0.985
/Users/bround/Desktop/Датасеты/Dataset_Mendeley_data/Unlabelled _UAV_Videos/Flight Test 1/FT1_segments_of_interest/f5_mini_e/eo/7_minie5_range_all_cut_blur.mp4,270,1,339,290,372,305,propagated:0.980
/Users/bround/Desktop/Датасеты/Dataset_Mendeley_data/Unlabelled _UAV_Videos/Flight Test 1/FT1_segments_of_interest/f5_mini_e/eo/7_minie5_range_all_cut_blur.mp4,271,1,339,296,372,311,propagated:0.975
/Users/bround/Desktop/Датасеты/Dataset_Mendeley_data/Unlabelled _UAV_Videos/Flight Test 1/FT1_segments_of_interest/f5_mini_e/eo/7_minie5_range_all_cut_blur.mp4,272,1,339,296,372,311,propagated:1.000
/Users/bround/Desktop/Датасеты/Dataset_Mendeley_data/Unlabelled _UAV_Videos/Flight Test 1/FT1_segments_of_interest/f5_mini_e/eo/7_minie5_range_all_cut_blur.mp4,273,1,336,299,369,314,propagated:0.984
/Users/bround/Desktop/Датасеты/Dataset_Mendeley_data/Unlabelled _UAV_Videos/Flight Test 1/FT1_segments_of_interest/f5_mini_e/eo/7_minie5_range_all_cut_blur.mp4,274,1,337,300,370,315,propagated:0.987
/Users/bround/Desktop/Датасеты/Dataset_Mendeley_data/Unlabelled _UAV_Videos/Flight Test 1/FT1_segments_of_interest/f5_mini_e/eo/7_minie5_range_all_cut_blur.mp4,275,1,336,293,369,308,propagated:0.984
/Users/bround/Desktop/Датасеты/Dataset_Mendeley_data/Unlabelled _UAV_Videos/Flight Test 1/FT1_segments_of_interest/f5_mini_e/eo/7_minie5_range_all_cut_blur.mp4,276,1,333,288,366,303,propagated:0.989
/Users/bround/Desktop/Датасеты/Dataset_Mendeley_data/Unlabelled _UAV_Videos/Flight Test 1/FT1_segments_of_interest/f5_mini_e/eo/7_minie5_range_all_cut_blur.mp4,277,1,333,288,366,303,propagated:0.990
/Users/bround/Desktop/Датасеты/Dataset_Mendeley_data/Unlabelled _UAV_Videos/Flight Test 1/FT1_segments_of_interest/f5_mini_e/eo/7_minie5_range_all_cut_blur.mp4,278,1,333,286,366,301,propagated:0.977
/Users/bround/Desktop/Датасеты/Dataset_Mendeley_data/Unlabelled _UAV_Videos/Flight Test 1/FT1_segments_of_interest/f5_mini_e/eo/7_minie5_range_all_cut_blur.mp4,279,1,334,284,367,299,propagated:0.984
/Users/bround/Desktop/Датасеты/Dataset_Mendeley_data/Unlabelled _UAV_Videos/Flight Test 1/FT1_segments_of_interest/f5_mini_e/eo/7_minie5_range_all_cut_blur.mp4,280,1,331,284,364,299,propagated:0.976
/Users/bround/Desktop/Датасеты/Dataset_Mendeley_data/Unlabelled _UAV_Videos/Flight Test 1/FT1_segments_of_interest/f5_mini_e/eo/7_minie5_range_all_cut_blur.mp4,281,1,330,282,363,297,propagated:0.991
/Users/bround/Desktop/Датасеты/Dataset_Mendeley_data/Unlabelled _UAV_Videos/Flight Test 1/FT1_segments_of_interest/f5_mini_e/eo/7_minie5_range_all_cut_blur.mp4,282,1,329,277,362,292,propagated:0.986
/Users/bround/Desktop/Датасеты/Dataset_Mendeley_data/Unlabelled _UAV_Videos/Flight Test 1/FT1_segments_of_interest/f5_mini_e/eo/7_minie5_range_all_cut_blur.mp4,283,1,325,274,358,289,propagated:0.980
/Users/bround/Desktop/Датасеты/Dataset_Mendeley_data/Unlabelled _UAV_Videos/Flight Test 1/FT1_segments_of_interest/f5_mini_e/eo/7_minie5_range_all_cut_blur.mp4,284,1,325,274,358,289,propagated:0.984
/Users/bround/Desktop/Датасеты/Dataset_Mendeley_data/Unlabelled _UAV_Videos/Flight Test 1/FT1_segments_of_interest/f5_mini_e/eo/7_minie5_range_all_cut_blur.mp4,285,1,328,269,361,284,propagated:0.982
/Users/bround/Desktop/Датасеты/Dataset_Mendeley_data/Unlabelled _UAV_Videos/Flight Test 1/FT1_segments_of_interest/f5_mini_e/eo/7_minie5_range_all_cut_blur.mp4,286,1,325,265,358,280,propagated:0.989
/Users/bround/Desktop/Датасеты/Dataset_Mendeley_data/Unlabelled _UAV_Videos/Flight Test 1/FT1_segments_of_interest/f5_mini_e/eo/7_minie5_range_all_cut_blur.mp4,287,1,325,267,358,282,propagated:0.987
/Users/bround/Desktop/Датасеты/Dataset_Mendeley_data/Unlabelled _UAV_Videos/Flight Test 1/FT1_segments_of_interest/f5_mini_e/eo/7_minie5_range_all_cut_blur.mp4,288,1,324,268,357,283,propagated:0.979
/Users/bround/Desktop/Датасеты/Dataset_Mendeley_data/Unlabelled _UAV_Videos/Flight Test 1/FT1_segments_of_interest/f5_mini_e/eo/7_minie5_range_all_cut_blur.mp4,289,1,323,265,356,280,propagated:0.984
/Users/bround/Desktop/Датасеты/Dataset_Mendeley_data/Unlabelled _UAV_Videos/Flight Test 1/FT1_segments_of_interest/f5_mini_e/eo/7_minie5_range_all_cut_blur.mp4,290,1,323,265,356,280,propagated:0.988
/Users/bround/Desktop/Датасеты/Dataset_Mendeley_data/Unlabelled _UAV_Videos/Flight Test 1/FT1_segments_of_interest/f5_mini_e/eo/7_minie5_range_all_cut_blur.mp4,291,1,323,265,356,280,propagated:0.989
/Users/bround/Desktop/Датасеты/Dataset_Mendeley_data/Unlabelled _UAV_Videos/Flight Test 1/FT1_segments_of_interest/f5_mini_e/eo/7_minie5_range_all_cut_blur.mp4,292,1,324,267,357,282,propagated:0.977
/Users/bround/Desktop/Датасеты/Dataset_Mendeley_data/Unlabelled _UAV_Videos/Flight Test 1/FT1_segments_of_interest/f5_mini_e/eo/7_minie5_range_all_cut_blur.mp4,293,1,327,267,360,282,propagated:0.976
/Users/bround/Desktop/Датасеты/Dataset_Mendeley_data/Unlabelled _UAV_Videos/Flight Test 1/FT1_segments_of_interest/f5_mini_e/eo/7_minie5_range_all_cut_blur.mp4,294,1,330,270,363,285,propagated:0.980
/Users/bround/Desktop/Датасеты/Dataset_Mendeley_data/Unlabelled _UAV_Videos/Flight Test 1/FT1_segments_of_interest/f5_mini_e/eo/7_minie5_range_all_cut_blur.mp4,295,1,335,276,368,291,propagated:0.963
/Users/bround/Desktop/Датасеты/Dataset_Mendeley_data/Unlabelled _UAV_Videos/Flight Test 1/FT1_segments_of_interest/f5_mini_e/eo/7_minie5_range_all_cut_blur.mp4,296,1,335,276,368,291,propagated:0.973
/Users/bround/Desktop/Датасеты/Dataset_Mendeley_data/Unlabelled _UAV_Videos/Flight Test 1/FT1_segments_of_interest/f5_mini_e/eo/7_minie5_range_all_cut_blur.mp4,297,1,344,286,377,301,propagated:0.980
/Users/bround/Desktop/Датасеты/Dataset_Mendeley_data/Unlabelled _UAV_Videos/Flight Test 1/FT1_segments_of_interest/f5_mini_e/eo/7_minie5_range_all_cut_blur.mp4,298,1,348,291,381,306,propagated:0.984
/Users/bround/Desktop/Датасеты/Dataset_Mendeley_data/Unlabelled _UAV_Videos/Flight Test 1/FT1_segments_of_interest/f5_mini_e/eo/7_minie5_range_all_cut_blur.mp4,299,1,352,298,385,313,propagated:0.968
/Users/bround/Desktop/Датасеты/Dataset_Mendeley_data/Unlabelled _UAV_Videos/Flight Test 1/FT1_segments_of_interest/f5_mini_e/eo/7_minie5_range_all_cut_blur.mp4,300,1,363,309,396,324,propagated:0.985
/Users/bround/Desktop/Датасеты/Dataset_Mendeley_data/Unlabelled _UAV_Videos/Flight Test 1/FT1_segments_of_interest/f5_mini_e/eo/7_minie5_range_all_cut_blur.mp4,301,1,372,319,405,334,propagated:0.983
/Users/bround/Desktop/Датасеты/Dataset_Mendeley_data/Unlabelled _UAV_Videos/Flight Test 1/FT1_segments_of_interest/f5_mini_e/eo/7_minie5_range_all_cut_blur.mp4,302,1,372,319,405,334,propagated:1.000
/Users/bround/Desktop/Датасеты/Dataset_Mendeley_data/Unlabelled _UAV_Videos/Flight Test 1/FT1_segments_of_interest/f5_mini_e/eo/7_minie5_range_all_cut_blur.mp4,303,1,376,323,409,338,propagated:0.986
/Users/bround/Desktop/Датасеты/Dataset_Mendeley_data/Unlabelled _UAV_Videos/Flight Test 1/FT1_segments_of_interest/f5_mini_e/eo/7_minie5_range_all_cut_blur.mp4,304,1,375,318,408,333,propagated:0.988
/Users/bround/Desktop/Датасеты/Dataset_Mendeley_data/Unlabelled _UAV_Videos/Flight Test 1/FT1_segments_of_interest/f5_mini_e/eo/7_minie5_range_all_cut_blur.mp4,305,1,375,313,408,328,propagated:0.971
/Users/bround/Desktop/Датасеты/Dataset_Mendeley_data/Unlabelled _UAV_Videos/Flight Test 1/FT1_segments_of_interest/f5_mini_e/eo/7_minie5_range_all_cut_blur.mp4,306,1,375,309,408,324,propagated:0.980
/Users/bround/Desktop/Датасеты/Dataset_Mendeley_data/Unlabelled _UAV_Videos/Flight Test 1/FT1_segments_of_interest/f5_mini_e/eo/7_minie5_range_all_cut_blur.mp4,307,1,374,304,407,319,propagated:0.965
/Users/bround/Desktop/Датасеты/Dataset_Mendeley_data/Unlabelled _UAV_Videos/Flight Test 1/FT1_segments_of_interest/f5_mini_e/eo/7_minie5_range_all_cut_blur.mp4,308,1,374,304,407,319,propagated:0.974
/Users/bround/Desktop/Датасеты/Dataset_Mendeley_data/Unlabelled _UAV_Videos/Flight Test 1/FT1_segments_of_interest/f5_mini_e/eo/7_minie5_range_all_cut_blur.mp4,309,1,376,304,409,319,propagated:0.984
/Users/bround/Desktop/Датасеты/Dataset_Mendeley_data/Unlabelled _UAV_Videos/Flight Test 1/FT1_segments_of_interest/f5_mini_e/eo/7_minie5_range_all_cut_blur.mp4,310,1,379,306,412,321,propagated:0.985
/Users/bround/Desktop/Датасеты/Dataset_Mendeley_data/Unlabelled _UAV_Videos/Flight Test 1/FT1_segments_of_interest/f5_mini_e/eo/7_minie5_range_all_cut_blur.mp4,311,1,383,302,435,326,manual
/Users/bround/Desktop/Датасеты/Dataset_Mendeley_data/Unlabelled _UAV_Videos/Flight Test 1/FT1_segments_of_interest/f5_mini_e/eo/7_minie5_range_all_cut_blur.mp4,313,1,388,308,440,332,propagated:0.988
/Users/bround/Desktop/Датасеты/Dataset_Mendeley_data/Unlabelled _UAV_Videos/Flight Test 1/FT1_segments_of_interest/f5_mini_e/eo/7_minie5_range_all_cut_blur.mp4,314,1,388,308,440,332,propagated:0.991
/Users/bround/Desktop/Датасеты/Dataset_Mendeley_data/Unlabelled _UAV_Videos/Flight Test 1/FT1_segments_of_interest/f5_mini_e/eo/7_minie5_range_all_cut_blur.mp4,315,1,394,318,446,342,propagated:0.991
/Users/bround/Desktop/Датасеты/Dataset_Mendeley_data/Unlabelled _UAV_Videos/Flight Test 1/FT1_segments_of_interest/f5_mini_e/eo/7_minie5_range_all_cut_blur.mp4,316,1,399,328,451,352,propagated:0.986
/Users/bround/Desktop/Датасеты/Dataset_Mendeley_data/Unlabelled _UAV_Videos/Flight Test 1/FT1_segments_of_interest/f5_mini_e/eo/7_minie5_range_all_cut_blur.mp4,317,1,404,339,456,363,propagated:0.983
/Users/bround/Desktop/Датасеты/Dataset_Mendeley_data/Unlabelled _UAV_Videos/Flight Test 1/FT1_segments_of_interest/f5_mini_e/eo/7_minie5_range_all_cut_blur.mp4,318,1,410,349,462,373,propagated:0.979
/Users/bround/Desktop/Датасеты/Dataset_Mendeley_data/Unlabelled _UAV_Videos/Flight Test 1/FT1_segments_of_interest/f5_mini_e/eo/7_minie5_range_all_cut_blur.mp4,319,1,416,354,468,378,propagated:0.981
/Users/bround/Desktop/Датасеты/Dataset_Mendeley_data/Unlabelled _UAV_Videos/Flight Test 1/FT1_segments_of_interest/f5_mini_e/eo/7_minie5_range_all_cut_blur.mp4,320,1,416,354,468,378,propagated:0.986
/Users/bround/Desktop/Датасеты/Dataset_Mendeley_data/Unlabelled _UAV_Videos/Flight Test 1/FT1_segments_of_interest/f5_mini_e/eo/7_minie5_range_all_cut_blur.mp4,321,1,423,364,475,388,propagated:0.988
/Users/bround/Desktop/Датасеты/Dataset_Mendeley_data/Unlabelled _UAV_Videos/Flight Test 1/FT1_segments_of_interest/f5_mini_e/eo/7_minie5_range_all_cut_blur.mp4,322,1,431,370,483,394,propagated:0.972
/Users/bround/Desktop/Датасеты/Dataset_Mendeley_data/Unlabelled _UAV_Videos/Flight Test 1/FT1_segments_of_interest/f5_mini_e/eo/7_minie5_range_all_cut_blur.mp4,323,1,438,378,490,402,propagated:0.975
/Users/bround/Desktop/Датасеты/Dataset_Mendeley_data/Unlabelled _UAV_Videos/Flight Test 1/FT1_segments_of_interest/f5_mini_e/eo/7_minie5_range_all_cut_blur.mp4,324,1,446,384,498,408,propagated:0.983
/Users/bround/Desktop/Датасеты/Dataset_Mendeley_data/Unlabelled _UAV_Videos/Flight Test 1/FT1_segments_of_interest/f5_mini_e/eo/7_minie5_range_all_cut_blur.mp4,325,1,446,384,498,408,propagated:0.986
/Users/bround/Desktop/Датасеты/Dataset_Mendeley_data/Unlabelled _UAV_Videos/Flight Test 1/FT1_segments_of_interest/f5_mini_e/eo/7_minie5_range_all_cut_blur.mp4,326,1,452,388,504,412,propagated:0.986
/Users/bround/Desktop/Датасеты/Dataset_Mendeley_data/Unlabelled _UAV_Videos/Flight Test 1/FT1_segments_of_interest/f5_mini_e/eo/7_minie5_range_all_cut_blur.mp4,327,1,458,391,510,415,propagated:0.985
/Users/bround/Desktop/Датасеты/Dataset_Mendeley_data/Unlabelled _UAV_Videos/Flight Test 1/FT1_segments_of_interest/f5_mini_e/eo/7_minie5_range_all_cut_blur.mp4,328,1,459,393,511,417,propagated:0.981
/Users/bround/Desktop/Датасеты/Dataset_Mendeley_data/Unlabelled _UAV_Videos/Flight Test 1/FT1_segments_of_interest/f5_mini_e/eo/7_minie5_range_all_cut_blur.mp4,329,1,460,389,512,413,propagated:0.989
/Users/bround/Desktop/Датасеты/Dataset_Mendeley_data/Unlabelled _UAV_Videos/Flight Test 1/FT1_segments_of_interest/f5_mini_e/eo/7_minie5_range_all_cut_blur.mp4,330,1,460,386,512,410,propagated:0.989
/Users/bround/Desktop/Датасеты/Dataset_Mendeley_data/Unlabelled _UAV_Videos/Flight Test 1/FT1_segments_of_interest/f5_mini_e/eo/7_minie5_range_all_cut_blur.mp4,331,1,460,386,512,410,propagated:0.990
/Users/bround/Desktop/Датасеты/Dataset_Mendeley_data/Unlabelled _UAV_Videos/Flight Test 1/FT1_segments_of_interest/f5_mini_e/eo/7_minie5_range_all_cut_blur.mp4,332,1,460,386,512,410,propagated:0.990
/Users/bround/Desktop/Датасеты/Dataset_Mendeley_data/Unlabelled _UAV_Videos/Flight Test 1/FT1_segments_of_interest/f5_mini_e/eo/7_minie5_range_all_cut_blur.mp4,333,1,463,383,515,407,propagated:0.983
/Users/bround/Desktop/Датасеты/Dataset_Mendeley_data/Unlabelled _UAV_Videos/Flight Test 1/FT1_segments_of_interest/f5_mini_e/eo/7_minie5_range_all_cut_blur.mp4,334,1,465,380,517,404,propagated:0.992
/Users/bround/Desktop/Датасеты/Dataset_Mendeley_data/Unlabelled _UAV_Videos/Flight Test 1/FT1_segments_of_interest/f5_mini_e/eo/7_minie5_range_all_cut_blur.mp4,335,1,465,379,517,403,propagated:0.989
/Users/bround/Desktop/Датасеты/Dataset_Mendeley_data/Unlabelled _UAV_Videos/Flight Test 1/FT1_segments_of_interest/f5_mini_e/eo/7_minie5_range_all_cut_blur.mp4,336,1,464,375,516,399,propagated:0.992
/Users/bround/Desktop/Датасеты/Dataset_Mendeley_data/Unlabelled _UAV_Videos/Flight Test 1/FT1_segments_of_interest/f5_mini_e/eo/7_minie5_range_all_cut_blur.mp4,337,1,464,375,516,399,propagated:0.994
/Users/bround/Desktop/Датасеты/Dataset_Mendeley_data/Unlabelled _UAV_Videos/Flight Test 1/FT1_segments_of_interest/f5_mini_e/eo/7_minie5_range_all_cut_blur.mp4,338,1,463,373,515,397,propagated:0.978
/Users/bround/Desktop/Датасеты/Dataset_Mendeley_data/Unlabelled _UAV_Videos/Flight Test 1/FT1_segments_of_interest/f5_mini_e/eo/7_minie5_range_all_cut_blur.mp4,339,1,460,371,512,395,propagated:0.981
/Users/bround/Desktop/Датасеты/Dataset_Mendeley_data/Unlabelled _UAV_Videos/Flight Test 1/FT1_segments_of_interest/f5_mini_e/eo/7_minie5_range_all_cut_blur.mp4,340,1,459,369,511,393,propagated:0.985
/Users/bround/Desktop/Датасеты/Dataset_Mendeley_data/Unlabelled _UAV_Videos/Flight Test 1/FT1_segments_of_interest/f5_mini_e/eo/7_minie5_range_all_cut_blur.mp4,341,1,458,369,510,393,propagated:0.986
/Users/bround/Desktop/Датасеты/Dataset_Mendeley_data/Unlabelled _UAV_Videos/Flight Test 1/FT1_segments_of_interest/f5_mini_e/eo/7_minie5_range_all_cut_blur.mp4,342,1,456,369,508,393,propagated:0.988
/Users/bround/Desktop/Датасеты/Dataset_Mendeley_data/Unlabelled _UAV_Videos/Flight Test 1/FT1_segments_of_interest/f5_mini_e/eo/7_minie5_range_all_cut_blur.mp4,343,1,456,371,508,395,propagated:0.993
/Users/bround/Desktop/Датасеты/Dataset_Mendeley_data/Unlabelled _UAV_Videos/Flight Test 1/FT1_segments_of_interest/f5_mini_e/eo/7_minie5_range_all_cut_blur.mp4,344,1,456,371,508,395,propagated:0.995
/Users/bround/Desktop/Датасеты/Dataset_Mendeley_data/Unlabelled _UAV_Videos/Flight Test 1/FT1_segments_of_interest/f5_mini_e/eo/7_minie5_range_all_cut_blur.mp4,345,1,456,372,508,396,propagated:0.981
/Users/bround/Desktop/Датасеты/Dataset_Mendeley_data/Unlabelled _UAV_Videos/Flight Test 1/FT1_segments_of_interest/f5_mini_e/eo/7_minie5_range_all_cut_blur.mp4,346,1,454,370,506,394,propagated:0.994
/Users/bround/Desktop/Датасеты/Dataset_Mendeley_data/Unlabelled _UAV_Videos/Flight Test 1/FT1_segments_of_interest/f5_mini_e/eo/7_minie5_range_all_cut_blur.mp4,347,1,452,366,504,390,propagated:0.976
/Users/bround/Desktop/Датасеты/Dataset_Mendeley_data/Unlabelled _UAV_Videos/Flight Test 1/FT1_segments_of_interest/f5_mini_e/eo/7_minie5_range_all_cut_blur.mp4,348,1,450,360,502,384,propagated:0.990
/Users/bround/Desktop/Датасеты/Dataset_Mendeley_data/Unlabelled _UAV_Videos/Flight Test 1/FT1_segments_of_interest/f5_mini_e/eo/7_minie5_range_all_cut_blur.mp4,349,1,450,360,502,384,propagated:0.992
/Users/bround/Desktop/Датасеты/Dataset_Mendeley_data/Unlabelled _UAV_Videos/Flight Test 1/FT1_segments_of_interest/f5_mini_e/eo/7_minie5_range_all_cut_blur.mp4,350,1,443,345,495,369,propagated:0.981
/Users/bround/Desktop/Датасеты/Dataset_Mendeley_data/Unlabelled _UAV_Videos/Flight Test 1/FT1_segments_of_interest/f5_mini_e/eo/7_minie5_range_all_cut_blur.mp4,351,1,438,337,490,361,propagated:0.973
/Users/bround/Desktop/Датасеты/Dataset_Mendeley_data/Unlabelled _UAV_Videos/Flight Test 1/FT1_segments_of_interest/f5_mini_e/eo/7_minie5_range_all_cut_blur.mp4,352,1,438,338,490,362,propagated:0.987
/Users/bround/Desktop/Датасеты/Dataset_Mendeley_data/Unlabelled _UAV_Videos/Flight Test 1/FT1_segments_of_interest/f5_mini_e/eo/7_minie5_range_all_cut_blur.mp4,353,1,436,335,488,359,propagated:0.982
/Users/bround/Desktop/Датасеты/Dataset_Mendeley_data/Unlabelled _UAV_Videos/Flight Test 1/FT1_segments_of_interest/f5_mini_e/eo/7_minie5_range_all_cut_blur.mp4,354,1,428,328,480,352,propagated:0.994
/Users/bround/Desktop/Датасеты/Dataset_Mendeley_data/Unlabelled _UAV_Videos/Flight Test 1/FT1_segments_of_interest/f5_mini_e/eo/7_minie5_range_all_cut_blur.mp4,355,1,428,328,480,352,propagated:0.995
/Users/bround/Desktop/Датасеты/Dataset_Mendeley_data/Unlabelled _UAV_Videos/Flight Test 1/FT1_segments_of_interest/f5_mini_e/eo/7_minie5_range_all_cut_blur.mp4,356,1,426,325,478,349,propagated:0.989
/Users/bround/Desktop/Датасеты/Dataset_Mendeley_data/Unlabelled _UAV_Videos/Flight Test 1/FT1_segments_of_interest/f5_mini_e/eo/7_minie5_range_all_cut_blur.mp4,357,1,424,325,476,349,propagated:0.991
/Users/bround/Desktop/Датасеты/Dataset_Mendeley_data/Unlabelled _UAV_Videos/Flight Test 1/FT1_segments_of_interest/f5_mini_e/eo/7_minie5_range_all_cut_blur.mp4,358,1,422,327,474,351,propagated:0.989
/Users/bround/Desktop/Датасеты/Dataset_Mendeley_data/Unlabelled _UAV_Videos/Flight Test 1/FT1_segments_of_interest/f5_mini_e/eo/7_minie5_range_all_cut_blur.mp4,359,1,421,325,473,349,propagated:0.987
/Users/bround/Desktop/Датасеты/Dataset_Mendeley_data/Unlabelled _UAV_Videos/Flight Test 1/FT1_segments_of_interest/f5_mini_e/eo/7_minie5_range_all_cut_blur.mp4,360,1,419,321,471,345,propagated:0.987
/Users/bround/Desktop/Датасеты/Dataset_Mendeley_data/Unlabelled _UAV_Videos/Flight Test 1/FT1_segments_of_interest/f5_mini_e/eo/7_minie5_range_all_cut_blur.mp4,361,1,419,318,471,342,propagated:0.976
/Users/bround/Desktop/Датасеты/Dataset_Mendeley_data/Unlabelled _UAV_Videos/Flight Test 1/FT1_segments_of_interest/f5_mini_e/eo/7_minie5_range_all_cut_blur.mp4,362,1,419,318,471,342,propagated:0.983
/Users/bround/Desktop/Датасеты/Dataset_Mendeley_data/Unlabelled _UAV_Videos/Flight Test 1/FT1_segments_of_interest/f5_mini_e/eo/7_minie5_range_all_cut_blur.mp4,363,1,420,317,472,341,propagated:0.990
/Users/bround/Desktop/Датасеты/Dataset_Mendeley_data/Unlabelled _UAV_Videos/Flight Test 1/FT1_segments_of_interest/f5_mini_e/eo/7_minie5_range_all_cut_blur.mp4,364,1,421,315,473,339,propagated:0.994
/Users/bround/Desktop/Датасеты/Dataset_Mendeley_data/Unlabelled _UAV_Videos/Flight Test 1/FT1_segments_of_interest/f5_mini_e/eo/7_minie5_range_all_cut_blur.mp4,365,1,421,312,473,336,propagated:0.989
/Users/bround/Desktop/Датасеты/Dataset_Mendeley_data/Unlabelled _UAV_Videos/Flight Test 1/FT1_segments_of_interest/f5_mini_e/eo/7_minie5_range_all_cut_blur.mp4,366,1,419,308,471,332,propagated:0.984
/Users/bround/Desktop/Датасеты/Dataset_Mendeley_data/Unlabelled _UAV_Videos/Flight Test 1/FT1_segments_of_interest/f5_mini_e/eo/7_minie5_range_all_cut_blur.mp4,367,1,416,305,468,329,propagated:0.980
/Users/bround/Desktop/Датасеты/Dataset_Mendeley_data/Unlabelled _UAV_Videos/Flight Test 1/FT1_segments_of_interest/f5_mini_e/eo/7_minie5_range_all_cut_blur.mp4,368,1,416,305,468,329,propagated:0.985
/Users/bround/Desktop/Датасеты/Dataset_Mendeley_data/Unlabelled _UAV_Videos/Flight Test 1/FT1_segments_of_interest/f5_mini_e/eo/7_minie5_range_all_cut_blur.mp4,369,1,414,302,466,326,propagated:0.986
/Users/bround/Desktop/Датасеты/Dataset_Mendeley_data/Unlabelled _UAV_Videos/Flight Test 1/FT1_segments_of_interest/f5_mini_e/eo/7_minie5_range_all_cut_blur.mp4,370,1,413,293,465,317,propagated:0.965
/Users/bround/Desktop/Датасеты/Dataset_Mendeley_data/Unlabelled _UAV_Videos/Flight Test 1/FT1_segments_of_interest/f5_mini_e/eo/7_minie5_range_all_cut_blur.mp4,371,1,409,281,461,305,propagated:0.950
/Users/bround/Desktop/Датасеты/Dataset_Mendeley_data/Unlabelled _UAV_Videos/Flight Test 1/FT1_segments_of_interest/f5_mini_e/eo/7_minie5_range_all_cut_blur.mp4,372,1,405,270,457,294,propagated:0.929
/Users/bround/Desktop/Датасеты/Dataset_Mendeley_data/Unlabelled _UAV_Videos/Flight Test 1/FT1_segments_of_interest/f5_mini_e/eo/7_minie5_range_all_cut_blur.mp4,373,1,405,270,457,294,propagated:1.000
/Users/bround/Desktop/Датасеты/Dataset_Mendeley_data/Unlabelled _UAV_Videos/Flight Test 1/FT1_segments_of_interest/f5_mini_e/eo/7_minie5_range_all_cut_blur.mp4,374,1,403,263,455,287,propagated:0.968
/Users/bround/Desktop/Датасеты/Dataset_Mendeley_data/Unlabelled _UAV_Videos/Flight Test 1/FT1_segments_of_interest/f5_mini_e/eo/7_minie5_range_all_cut_blur.mp4,375,1,400,253,452,277,propagated:0.940
/Users/bround/Desktop/Датасеты/Dataset_Mendeley_data/Unlabelled _UAV_Videos/Flight Test 1/FT1_segments_of_interest/f5_mini_e/eo/7_minie5_range_all_cut_blur.mp4,376,1,397,243,449,267,propagated:0.971
/Users/bround/Desktop/Датасеты/Dataset_Mendeley_data/Unlabelled _UAV_Videos/Flight Test 1/FT1_segments_of_interest/f5_mini_e/eo/7_minie5_range_all_cut_blur.mp4,377,1,396,239,448,263,propagated:0.972
/Users/bround/Desktop/Датасеты/Dataset_Mendeley_data/Unlabelled _UAV_Videos/Flight Test 1/FT1_segments_of_interest/f5_mini_e/eo/7_minie5_range_all_cut_blur.mp4,378,1,392,231,444,255,propagated:0.961
/Users/bround/Desktop/Датасеты/Dataset_Mendeley_data/Unlabelled _UAV_Videos/Flight Test 1/FT1_segments_of_interest/f5_mini_e/eo/7_minie5_range_all_cut_blur.mp4,379,1,392,231,444,255,propagated:0.971
/Users/bround/Desktop/Датасеты/Dataset_Mendeley_data/Unlabelled _UAV_Videos/Flight Test 1/FT1_segments_of_interest/f5_mini_e/eo/7_minie5_range_all_cut_blur.mp4,380,1,390,227,442,251,propagated:0.972
/Users/bround/Desktop/Датасеты/Dataset_Mendeley_data/Unlabelled _UAV_Videos/Flight Test 1/FT1_segments_of_interest/f5_mini_e/eo/7_minie5_range_all_cut_blur.mp4,381,1,390,224,442,248,propagated:0.982
/Users/bround/Desktop/Датасеты/Dataset_Mendeley_data/Unlabelled _UAV_Videos/Flight Test 1/FT1_segments_of_interest/f5_mini_e/eo/7_minie5_range_all_cut_blur.mp4,382,1,375,219,455,251,manual
/Users/bround/Desktop/Датасеты/Dataset_Mendeley_data/Unlabelled _UAV_Videos/Flight Test 1/FT1_segments_of_interest/f5_mini_e/eo/7_minie5_range_all_cut_blur.mp4,384,1,375,218,455,250,propagated:0.990
/Users/bround/Desktop/Датасеты/Dataset_Mendeley_data/Unlabelled _UAV_Videos/Flight Test 1/FT1_segments_of_interest/f5_mini_e/eo/7_minie5_range_all_cut_blur.mp4,385,1,375,218,455,250,propagated:0.993
/Users/bround/Desktop/Датасеты/Dataset_Mendeley_data/Unlabelled _UAV_Videos/Flight Test 1/FT1_segments_of_interest/f5_mini_e/eo/7_minie5_range_all_cut_blur.mp4,386,1,376,219,456,251,propagated:0.962
/Users/bround/Desktop/Датасеты/Dataset_Mendeley_data/Unlabelled _UAV_Videos/Flight Test 1/FT1_segments_of_interest/f5_mini_e/eo/7_minie5_range_all_cut_blur.mp4,387,1,378,219,458,251,propagated:0.956
/Users/bround/Desktop/Датасеты/Dataset_Mendeley_data/Unlabelled _UAV_Videos/Flight Test 1/FT1_segments_of_interest/f5_mini_e/eo/7_minie5_range_all_cut_blur.mp4,388,1,383,226,463,258,propagated:0.934
/Users/bround/Desktop/Датасеты/Dataset_Mendeley_data/Unlabelled _UAV_Videos/Flight Test 1/FT1_segments_of_interest/f5_mini_e/eo/7_minie5_range_all_cut_blur.mp4,389,1,389,237,469,269,propagated:0.927
/Users/bround/Desktop/Датасеты/Dataset_Mendeley_data/Unlabelled _UAV_Videos/Flight Test 1/FT1_segments_of_interest/f5_mini_e/eo/7_minie5_range_all_cut_blur.mp4,390,1,394,245,474,277,propagated:0.930
/Users/bround/Desktop/Датасеты/Dataset_Mendeley_data/Unlabelled _UAV_Videos/Flight Test 1/FT1_segments_of_interest/f5_mini_e/eo/7_minie5_range_all_cut_blur.mp4,391,1,401,257,481,289,propagated:0.970
/Users/bround/Desktop/Датасеты/Dataset_Mendeley_data/Unlabelled _UAV_Videos/Flight Test 1/FT1_segments_of_interest/f5_mini_e/eo/7_minie5_range_all_cut_blur.mp4,392,1,401,257,481,289,propagated:0.979
/Users/bround/Desktop/Датасеты/Dataset_Mendeley_data/Unlabelled _UAV_Videos/Flight Test 1/FT1_segments_of_interest/f5_mini_e/eo/7_minie5_range_all_cut_blur.mp4,393,1,407,266,487,298,propagated:0.957
/Users/bround/Desktop/Датасеты/Dataset_Mendeley_data/Unlabelled _UAV_Videos/Flight Test 1/FT1_segments_of_interest/f5_mini_e/eo/7_minie5_range_all_cut_blur.mp4,394,1,412,269,492,301,propagated:0.974
/Users/bround/Desktop/Датасеты/Dataset_Mendeley_data/Unlabelled _UAV_Videos/Flight Test 1/FT1_segments_of_interest/f5_mini_e/eo/7_minie5_range_all_cut_blur.mp4,395,1,414,266,494,298,propagated:0.958
/Users/bround/Desktop/Датасеты/Dataset_Mendeley_data/Unlabelled _UAV_Videos/Flight Test 1/FT1_segments_of_interest/f5_mini_e/eo/7_minie5_range_all_cut_blur.mp4,396,1,417,266,497,298,propagated:0.941
/Users/bround/Desktop/Датасеты/Dataset_Mendeley_data/Unlabelled _UAV_Videos/Flight Test 1/FT1_segments_of_interest/f5_mini_e/eo/7_minie5_range_all_cut_blur.mp4,397,1,420,266,500,298,propagated:0.904
/Users/bround/Desktop/Датасеты/Dataset_Mendeley_data/Unlabelled _UAV_Videos/Flight Test 1/FT1_segments_of_interest/f5_mini_e/eo/7_minie5_range_all_cut_blur.mp4,398,1,420,266,500,298,propagated:0.933
/Users/bround/Desktop/Датасеты/Dataset_Mendeley_data/Unlabelled _UAV_Videos/Flight Test 1/FT1_segments_of_interest/f5_mini_e/eo/7_minie5_range_all_cut_blur.mp4,399,1,420,264,500,296,propagated:0.936
/Users/bround/Desktop/Датасеты/Dataset_Mendeley_data/Unlabelled _UAV_Videos/Flight Test 1/FT1_segments_of_interest/f5_mini_e/eo/7_minie5_range_all_cut_blur.mp4,400,1,420,263,500,295,propagated:0.949
/Users/bround/Desktop/Датасеты/Dataset_Mendeley_data/Unlabelled _UAV_Videos/Flight Test 1/FT1_segments_of_interest/f5_mini_e/eo/7_minie5_range_all_cut_blur.mp4,401,1,419,261,499,293,propagated:0.946
/Users/bround/Desktop/Датасеты/Dataset_Mendeley_data/Unlabelled _UAV_Videos/Flight Test 1/FT1_segments_of_interest/f5_mini_e/eo/7_minie5_range_all_cut_blur.mp4,402,1,418,261,498,293,propagated:0.936
/Users/bround/Desktop/Датасеты/Dataset_Mendeley_data/Unlabelled _UAV_Videos/Flight Test 1/FT1_segments_of_interest/f5_mini_e/eo/7_minie5_range_all_cut_blur.mp4,403,1,417,263,497,295,propagated:0.924
/Users/bround/Desktop/Датасеты/Dataset_Mendeley_data/Unlabelled _UAV_Videos/Flight Test 1/FT1_segments_of_interest/f5_mini_e/eo/7_minie5_range_all_cut_blur.mp4,404,1,417,263,497,295,propagated:1.000
/Users/bround/Desktop/Датасеты/Dataset_Mendeley_data/Unlabelled _UAV_Videos/Flight Test 1/FT1_segments_of_interest/f5_mini_e/eo/7_minie5_range_all_cut_blur.mp4,405,1,417,265,497,297,propagated:0.994
/Users/bround/Desktop/Датасеты/Dataset_Mendeley_data/Unlabelled _UAV_Videos/Flight Test 1/FT1_segments_of_interest/f5_mini_e/eo/7_minie5_range_all_cut_blur.mp4,406,1,417,269,497,301,propagated:0.971
/Users/bround/Desktop/Датасеты/Dataset_Mendeley_data/Unlabelled _UAV_Videos/Flight Test 1/FT1_segments_of_interest/f5_mini_e/eo/7_minie5_range_all_cut_blur.mp4,407,1,416,275,496,307,propagated:0.951
/Users/bround/Desktop/Датасеты/Dataset_Mendeley_data/Unlabelled _UAV_Videos/Flight Test 1/FT1_segments_of_interest/f5_mini_e/eo/7_minie5_range_all_cut_blur.mp4,408,1,415,281,495,313,propagated:0.936
/Users/bround/Desktop/Датасеты/Dataset_Mendeley_data/Unlabelled _UAV_Videos/Flight Test 1/FT1_segments_of_interest/f5_mini_e/eo/7_minie5_range_all_cut_blur.mp4,409,1,418,291,498,323,propagated:0.930
/Users/bround/Desktop/Датасеты/Dataset_Mendeley_data/Unlabelled _UAV_Videos/Flight Test 1/FT1_segments_of_interest/f5_mini_e/eo/7_minie5_range_all_cut_blur.mp4,410,1,418,291,498,323,propagated:0.951
/Users/bround/Desktop/Датасеты/Dataset_Mendeley_data/Unlabelled _UAV_Videos/Flight Test 1/FT1_segments_of_interest/f5_mini_e/eo/7_minie5_range_all_cut_blur.mp4,411,1,417,293,497,325,propagated:0.920
/Users/bround/Desktop/Датасеты/Dataset_Mendeley_data/Unlabelled _UAV_Videos/Flight Test 1/FT1_segments_of_interest/f5_mini_e/eo/7_minie5_range_all_cut_blur.mp4,412,1,416,293,496,325,propagated:0.936
/Users/bround/Desktop/Датасеты/Dataset_Mendeley_data/Unlabelled _UAV_Videos/Flight Test 1/FT1_segments_of_interest/f5_mini_e/eo/7_minie5_range_all_cut_blur.mp4,413,1,408,285,488,317,propagated:0.920
/Users/bround/Desktop/Датасеты/Dataset_Mendeley_data/Unlabelled _UAV_Videos/Flight Test 1/FT1_segments_of_interest/f5_mini_e/eo/7_minie5_range_all_cut_blur.mp4,414,1,396,275,476,307,propagated:0.950
/Users/bround/Desktop/Датасеты/Dataset_Mendeley_data/Unlabelled _UAV_Videos/Flight Test 1/FT1_segments_of_interest/f5_mini_e/eo/7_minie5_range_all_cut_blur.mp4,415,1,380,273,460,305,propagated:0.991
/Users/bround/Desktop/Датасеты/Dataset_Mendeley_data/Unlabelled _UAV_Videos/Flight Test 1/FT1_segments_of_interest/f5_mini_e/eo/7_minie5_range_all_cut_blur.mp4,416,1,380,273,460,305,propagated:0.993
/Users/bround/Desktop/Датасеты/Dataset_Mendeley_data/Unlabelled _UAV_Videos/Flight Test 1/FT1_segments_of_interest/f5_mini_e/eo/7_minie5_range_all_cut_blur.mp4,417,1,354,270,434,302,propagated:0.953
/Users/bround/Desktop/Датасеты/Dataset_Mendeley_data/Unlabelled _UAV_Videos/Flight Test 1/FT1_segments_of_interest/f5_mini_e/eo/7_minie5_range_all_cut_blur.mp4,418,1,334,265,414,297,propagated:0.986
/Users/bround/Desktop/Датасеты/Dataset_Mendeley_data/Unlabelled _UAV_Videos/Flight Test 1/FT1_segments_of_interest/f5_mini_e/eo/7_minie5_range_all_cut_blur.mp4,419,1,326,267,406,299,propagated:0.949
/Users/bround/Desktop/Датасеты/Dataset_Mendeley_data/Unlabelled _UAV_Videos/Flight Test 1/FT1_segments_of_interest/f5_mini_e/eo/7_minie5_range_all_cut_blur.mp4,420,1,320,269,400,301,propagated:0.958
/Users/bround/Desktop/Датасеты/Dataset_Mendeley_data/Unlabelled _UAV_Videos/Flight Test 1/FT1_segments_of_interest/f5_mini_e/eo/7_minie5_range_all_cut_blur.mp4,421,1,316,266,396,298,propagated:0.973
/Users/bround/Desktop/Датасеты/Dataset_Mendeley_data/Unlabelled _UAV_Videos/Flight Test 1/FT1_segments_of_interest/f5_mini_e/eo/7_minie5_range_all_cut_blur.mp4,422,1,316,266,396,298,propagated:0.981
/Users/bround/Desktop/Датасеты/Dataset_Mendeley_data/Unlabelled _UAV_Videos/Flight Test 1/FT1_segments_of_interest/f5_mini_e/eo/7_minie5_range_all_cut_blur.mp4,423,1,313,258,393,290,propagated:0.942
/Users/bround/Desktop/Датасеты/Dataset_Mendeley_data/Unlabelled _UAV_Videos/Flight Test 1/FT1_segments_of_interest/f5_mini_e/eo/7_minie5_range_all_cut_blur.mp4,424,1,313,254,393,286,propagated:0.966
/Users/bround/Desktop/Датасеты/Dataset_Mendeley_data/Unlabelled _UAV_Videos/Flight Test 1/FT1_segments_of_interest/f5_mini_e/eo/7_minie5_range_all_cut_blur.mp4,425,1,312,259,392,291,propagated:0.975
/Users/bround/Desktop/Датасеты/Dataset_Mendeley_data/Unlabelled _UAV_Videos/Flight Test 1/FT1_segments_of_interest/f5_mini_e/eo/7_minie5_range_all_cut_blur.mp4,426,1,310,269,390,301,propagated:0.987
/Users/bround/Desktop/Датасеты/Dataset_Mendeley_data/Unlabelled _UAV_Videos/Flight Test 1/FT1_segments_of_interest/f5_mini_e/eo/7_minie5_range_all_cut_blur.mp4,427,1,309,287,389,319,propagated:0.963
/Users/bround/Desktop/Датасеты/Dataset_Mendeley_data/Unlabelled _UAV_Videos/Flight Test 1/FT1_segments_of_interest/f5_mini_e/eo/7_minie5_range_all_cut_blur.mp4,428,1,309,287,389,319,propagated:0.974
/Users/bround/Desktop/Датасеты/Dataset_Mendeley_data/Unlabelled _UAV_Videos/Flight Test 1/FT1_segments_of_interest/f5_mini_e/eo/7_minie5_range_all_cut_blur.mp4,429,1,316,301,396,333,propagated:0.951
/Users/bround/Desktop/Датасеты/Dataset_Mendeley_data/Unlabelled _UAV_Videos/Flight Test 1/FT1_segments_of_interest/f5_mini_e/eo/7_minie5_range_all_cut_blur.mp4,430,1,321,303,401,335,propagated:0.977
/Users/bround/Desktop/Датасеты/Dataset_Mendeley_data/Unlabelled _UAV_Videos/Flight Test 1/FT1_segments_of_interest/f5_mini_e/eo/7_minie5_range_all_cut_blur.mp4,431,1,322,301,402,333,propagated:0.967
/Users/bround/Desktop/Датасеты/Dataset_Mendeley_data/Unlabelled _UAV_Videos/Flight Test 1/FT1_segments_of_interest/f5_mini_e/eo/7_minie5_range_all_cut_blur.mp4,432,1,324,298,404,330,propagated:0.985
/Users/bround/Desktop/Датасеты/Dataset_Mendeley_data/Unlabelled _UAV_Videos/Flight Test 1/FT1_segments_of_interest/f5_mini_e/eo/7_minie5_range_all_cut_blur.mp4,433,1,328,291,408,323,propagated:0.977
/Users/bround/Desktop/Датасеты/Dataset_Mendeley_data/Unlabelled _UAV_Videos/Flight Test 1/FT1_segments_of_interest/f5_mini_e/eo/7_minie5_range_all_cut_blur.mp4,434,1,328,291,408,323,propagated:1.000
/Users/bround/Desktop/Датасеты/Dataset_Mendeley_data/Unlabelled _UAV_Videos/Flight Test 1/FT1_segments_of_interest/f5_mini_e/eo/7_minie5_range_all_cut_blur.mp4,435,1,332,287,412,319,propagated:0.995
/Users/bround/Desktop/Датасеты/Dataset_Mendeley_data/Unlabelled _UAV_Videos/Flight Test 1/FT1_segments_of_interest/f5_mini_e/eo/7_minie5_range_all_cut_blur.mp4,436,1,331,294,411,326,propagated:0.971
/Users/bround/Desktop/Датасеты/Dataset_Mendeley_data/Unlabelled _UAV_Videos/Flight Test 1/FT1_segments_of_interest/f5_mini_e/eo/7_minie5_range_all_cut_blur.mp4,437,1,330,306,410,338,propagated:0.970
/Users/bround/Desktop/Датасеты/Dataset_Mendeley_data/Unlabelled _UAV_Videos/Flight Test 1/FT1_segments_of_interest/f5_mini_e/eo/7_minie5_range_all_cut_blur.mp4,438,1,328,316,408,348,propagated:0.979
/Users/bround/Desktop/Датасеты/Dataset_Mendeley_data/Unlabelled _UAV_Videos/Flight Test 1/FT1_segments_of_interest/f5_mini_e/eo/7_minie5_range_all_cut_blur.mp4,439,1,325,316,405,348,propagated:0.973
/Users/bround/Desktop/Датасеты/Dataset_Mendeley_data/Unlabelled _UAV_Videos/Flight Test 1/FT1_segments_of_interest/f5_mini_e/eo/7_minie5_range_all_cut_blur.mp4,440,1,325,316,405,348,propagated:0.981
/Users/bround/Desktop/Датасеты/Dataset_Mendeley_data/Unlabelled _UAV_Videos/Flight Test 1/FT1_segments_of_interest/f5_mini_e/eo/7_minie5_range_all_cut_blur.mp4,441,1,323,307,403,339,propagated:0.948
/Users/bround/Desktop/Датасеты/Dataset_Mendeley_data/Unlabelled _UAV_Videos/Flight Test 1/FT1_segments_of_interest/f5_mini_e/eo/7_minie5_range_all_cut_blur.mp4,442,1,321,297,401,329,propagated:0.960
/Users/bround/Desktop/Датасеты/Dataset_Mendeley_data/Unlabelled _UAV_Videos/Flight Test 1/FT1_segments_of_interest/f5_mini_e/eo/7_minie5_range_all_cut_blur.mp4,443,1,321,285,401,317,propagated:0.961
/Users/bround/Desktop/Датасеты/Dataset_Mendeley_data/Unlabelled _UAV_Videos/Flight Test 1/FT1_segments_of_interest/f5_mini_e/eo/7_minie5_range_all_cut_blur.mp4,444,1,321,281,401,313,propagated:0.993
/Users/bround/Desktop/Датасеты/Dataset_Mendeley_data/Unlabelled _UAV_Videos/Flight Test 1/FT1_segments_of_interest/f5_mini_e/eo/7_minie5_range_all_cut_blur.mp4,445,1,321,281,401,313,propagated:0.995
/Users/bround/Desktop/Датасеты/Dataset_Mendeley_data/Unlabelled _UAV_Videos/Flight Test 1/FT1_segments_of_interest/f5_mini_e/eo/7_minie5_range_all_cut_blur.mp4,446,1,319,281,399,313,propagated:0.991
/Users/bround/Desktop/Датасеты/Dataset_Mendeley_data/Unlabelled _UAV_Videos/Flight Test 1/FT1_segments_of_interest/f5_mini_e/eo/7_minie5_range_all_cut_blur.mp4,447,1,314,282,394,314,propagated:0.976
/Users/bround/Desktop/Датасеты/Dataset_Mendeley_data/Unlabelled _UAV_Videos/Flight Test 1/FT1_segments_of_interest/f5_mini_e/eo/7_minie5_range_all_cut_blur.mp4,448,1,303,291,383,323,propagated:0.970
/Users/bround/Desktop/Датасеты/Dataset_Mendeley_data/Unlabelled _UAV_Videos/Flight Test 1/FT1_segments_of_interest/f5_mini_e/eo/7_minie5_range_all_cut_blur.mp4,449,1,291,303,371,335,propagated:0.964
/Users/bround/Desktop/Датасеты/Dataset_Mendeley_data/Unlabelled _UAV_Videos/Flight Test 1/FT1_segments_of_interest/f5_mini_e/eo/7_minie5_range_all_cut_blur.mp4,450,1,283,301,363,333,propagated:0.959
/Users/bround/Desktop/Датасеты/Dataset_Mendeley_data/Unlabelled _UAV_Videos/Flight Test 1/FT1_segments_of_interest/f5_mini_e/eo/7_minie5_range_all_cut_blur.mp4,451,1,281,290,361,322,propagated:0.956
/Users/bround/Desktop/Датасеты/Dataset_Mendeley_data/Unlabelled _UAV_Videos/Flight Test 1/FT1_segments_of_interest/f5_mini_e/eo/7_minie5_range_all_cut_blur.mp4,452,1,281,290,361,322,propagated:0.969
/Users/bround/Desktop/Датасеты/Dataset_Mendeley_data/Unlabelled _UAV_Videos/Flight Test 1/FT1_segments_of_interest/f5_mini_e/eo/7_minie5_range_all_cut_blur.mp4,453,1,283,274,363,306,propagated:0.961
/Users/bround/Desktop/Датасеты/Dataset_Mendeley_data/Unlabelled _UAV_Videos/Flight Test 1/FT1_segments_of_interest/f5_mini_e/eo/7_minie5_range_all_cut_blur.mp4,454,1,284,264,364,296,propagated:0.989
/Users/bround/Desktop/Датасеты/Dataset_Mendeley_data/Unlabelled _UAV_Videos/Flight Test 1/FT1_segments_of_interest/f5_mini_e/eo/7_minie5_range_all_cut_blur.mp4,455,1,286,259,366,291,propagated:0.986
/Users/bround/Desktop/Датасеты/Dataset_Mendeley_data/Unlabelled _UAV_Videos/Flight Test 1/FT1_segments_of_interest/f5_mini_e/eo/7_minie5_range_all_cut_blur.mp4,456,1,285,256,365,288,propagated:0.980
/Users/bround/Desktop/Датасеты/Dataset_Mendeley_data/Unlabelled _UAV_Videos/Flight Test 1/FT1_segments_of_interest/f5_mini_e/eo/7_minie5_range_all_cut_blur.mp4,457,1,284,253,364,285,propagated:0.972
/Users/bround/Desktop/Датасеты/Dataset_Mendeley_data/Unlabelled _UAV_Videos/Flight Test 1/FT1_segments_of_interest/f5_mini_e/eo/7_minie5_range_all_cut_blur.mp4,458,1,284,253,364,285,propagated:0.980
/Users/bround/Desktop/Датасеты/Dataset_Mendeley_data/Unlabelled _UAV_Videos/Flight Test 1/FT1_segments_of_interest/f5_mini_e/eo/7_minie5_range_all_cut_blur.mp4,459,1,289,256,369,288,propagated:0.971
/Users/bround/Desktop/Датасеты/Dataset_Mendeley_data/Unlabelled _UAV_Videos/Flight Test 1/FT1_segments_of_interest/f5_mini_e/eo/7_minie5_range_all_cut_blur.mp4,460,1,302,266,382,298,propagated:0.957
/Users/bround/Desktop/Датасеты/Dataset_Mendeley_data/Unlabelled _UAV_Videos/Flight Test 1/FT1_segments_of_interest/f5_mini_e/eo/7_minie5_range_all_cut_blur.mp4,461,1,303,271,383,303,propagated:0.969
/Users/bround/Desktop/Датасеты/Dataset_Mendeley_data/Unlabelled _UAV_Videos/Flight Test 1/FT1_segments_of_interest/f5_mini_e/eo/7_minie5_range_all_cut_blur.mp4,462,1,307,278,387,310,propagated:0.956
/Users/bround/Desktop/Датасеты/Dataset_Mendeley_data/Unlabelled _UAV_Videos/Flight Test 1/FT1_segments_of_interest/f5_mini_e/eo/7_minie5_range_all_cut_blur.mp4,463,1,311,284,391,316,propagated:0.957
/Users/bround/Desktop/Датасеты/Dataset_Mendeley_data/Unlabelled _UAV_Videos/Flight Test 1/FT1_segments_of_interest/f5_mini_e/eo/7_minie5_range_all_cut_blur.mp4,464,1,311,284,391,316,propagated:1.000
/Users/bround/Desktop/Датасеты/Dataset_Mendeley_data/Unlabelled _UAV_Videos/Flight Test 1/FT1_segments_of_interest/f5_mini_e/eo/7_minie5_range_all_cut_blur.mp4,465,1,314,288,394,320,propagated:0.990
/Users/bround/Desktop/Датасеты/Dataset_Mendeley_data/Unlabelled _UAV_Videos/Flight Test 1/FT1_segments_of_interest/f5_mini_e/eo/7_minie5_range_all_cut_blur.mp4,466,1,314,287,394,319,propagated:0.967
/Users/bround/Desktop/Датасеты/Dataset_Mendeley_data/Unlabelled _UAV_Videos/Flight Test 1/FT1_segments_of_interest/f5_mini_e/eo/7_minie5_range_all_cut_blur.mp4,467,1,316,291,396,323,propagated:0.973
/Users/bround/Desktop/Датасеты/Dataset_Mendeley_data/Unlabelled _UAV_Videos/Flight Test 1/FT1_segments_of_interest/f5_mini_e/eo/7_minie5_range_all_cut_blur.mp4,468,1,320,298,400,330,propagated:0.990
/Users/bround/Desktop/Датасеты/Dataset_Mendeley_data/Unlabelled _UAV_Videos/Flight Test 1/FT1_segments_of_interest/f5_mini_e/eo/7_minie5_range_all_cut_blur.mp4,469,1,320,298,400,330,propagated:0.993
/Users/bround/Desktop/Датасеты/Dataset_Mendeley_data/Unlabelled _UAV_Videos/Flight Test 1/FT1_segments_of_interest/f5_mini_e/eo/7_minie5_range_all_cut_blur.mp4,470,1,324,304,404,336,propagated:0.993
/Users/bround/Desktop/Датасеты/Dataset_Mendeley_data/Unlabelled _UAV_Videos/Flight Test 1/FT1_segments_of_interest/f5_mini_e/eo/7_minie5_range_all_cut_blur.mp4,471,1,326,311,406,343,propagated:0.980
/Users/bround/Desktop/Датасеты/Dataset_Mendeley_data/Unlabelled _UAV_Videos/Flight Test 1/FT1_segments_of_interest/f5_mini_e/eo/7_minie5_range_all_cut_blur.mp4,472,1,332,320,412,352,propagated:0.982
/Users/bround/Desktop/Датасеты/Dataset_Mendeley_data/Unlabelled _UAV_Videos/Flight Test 1/FT1_segments_of_interest/f5_mini_e/eo/7_minie5_range_all_cut_blur.mp4,473,1,336,327,416,359,propagated:0.981
/Users/bround/Desktop/Датасеты/Dataset_Mendeley_data/Unlabelled _UAV_Videos/Flight Test 1/FT1_segments_of_interest/f5_mini_e/eo/7_minie5_range_all_cut_blur.mp4,474,1,340,334,420,366,propagated:0.989
/Users/bround/Desktop/Датасеты/Dataset_Mendeley_data/Unlabelled _UAV_Videos/Flight Test 1/FT1_segments_of_interest/f5_mini_e/eo/7_minie5_range_all_cut_blur.mp4,475,1,342,340,422,372,propagated:0.989
/Users/bround/Desktop/Датасеты/Dataset_Mendeley_data/Unlabelled _UAV_Videos/Flight Test 1/FT1_segments_of_interest/f5_mini_e/eo/7_minie5_range_all_cut_blur.mp4,476,1,342,340,422,372,propagated:0.992
/Users/bround/Desktop/Датасеты/Dataset_Mendeley_data/Unlabelled _UAV_Videos/Flight Test 1/FT1_segments_of_interest/f5_mini_e/eo/7_minie5_range_all_cut_blur.mp4,477,1,343,346,423,378,propagated:0.971
/Users/bround/Desktop/Датасеты/Dataset_Mendeley_data/Unlabelled _UAV_Videos/Flight Test 1/FT1_segments_of_interest/f5_mini_e/eo/7_minie5_range_all_cut_blur.mp4,478,1,345,357,425,389,propagated:0.977
/Users/bround/Desktop/Датасеты/Dataset_Mendeley_data/Unlabelled _UAV_Videos/Flight Test 1/FT1_segments_of_interest/f5_mini_e/eo/7_minie5_range_all_cut_blur.mp4,479,1,348,371,428,403,propagated:0.976
/Users/bround/Desktop/Датасеты/Dataset_Mendeley_data/Unlabelled _UAV_Videos/Flight Test 1/FT1_segments_of_interest/f5_mini_e/eo/7_minie5_range_all_cut_blur.mp4,480,1,352,384,432,416,propagated:0.959
/Users/bround/Desktop/Датасеты/Dataset_Mendeley_data/Unlabelled _UAV_Videos/Flight Test 1/FT1_segments_of_interest/f5_mini_e/eo/7_minie5_range_all_cut_blur.mp4,481,1,355,396,435,428,propagated:0.970
/Users/bround/Desktop/Датасеты/Dataset_Mendeley_data/Unlabelled _UAV_Videos/Flight Test 1/FT1_segments_of_interest/f5_mini_e/eo/7_minie5_range_all_cut_blur.mp4,482,1,355,396,435,428,propagated:0.979
/Users/bround/Desktop/Датасеты/Dataset_Mendeley_data/Unlabelled _UAV_Videos/Flight Test 1/FT1_segments_of_interest/f5_mini_e/eo/7_minie5_range_all_cut_blur.mp4,483,1,361,409,441,441,propagated:0.960
/Users/bround/Desktop/Датасеты/Dataset_Mendeley_data/Unlabelled _UAV_Videos/Flight Test 1/FT1_segments_of_interest/f5_mini_e/eo/7_minie5_range_all_cut_blur.mp4,484,1,368,417,448,449,propagated:0.994
/Users/bround/Desktop/Датасеты/Dataset_Mendeley_data/Unlabelled _UAV_Videos/Flight Test 1/FT1_segments_of_interest/f5_mini_e/eo/7_minie5_range_all_cut_blur.mp4,485,1,371,422,451,454,propagated:0.968
/Users/bround/Desktop/Датасеты/Dataset_Mendeley_data/Unlabelled _UAV_Videos/Flight Test 1/FT1_segments_of_interest/f5_mini_e/eo/7_minie5_range_all_cut_blur.mp4,486,1,372,424,452,456,propagated:0.977
/Users/bround/Desktop/Датасеты/Dataset_Mendeley_data/Unlabelled _UAV_Videos/Flight Test 1/FT1_segments_of_interest/f5_mini_e/eo/7_minie5_range_all_cut_blur.mp4,487,1,362,416,442,448,propagated:0.980
/Users/bround/Desktop/Датасеты/Dataset_Mendeley_data/Unlabelled _UAV_Videos/Flight Test 1/FT1_segments_of_interest/f5_mini_e/eo/7_minie5_range_all_cut_blur.mp4,488,1,362,416,442,448,propagated:0.986
/Users/bround/Desktop/Датасеты/Dataset_Mendeley_data/Unlabelled _UAV_Videos/Flight Test 1/FT1_segments_of_interest/f5_mini_e/eo/7_minie5_range_all_cut_blur.mp4,489,1,357,409,437,441,propagated:0.982
/Users/bround/Desktop/Датасеты/Dataset_Mendeley_data/Unlabelled _UAV_Videos/Flight Test 1/FT1_segments_of_interest/f5_mini_e/eo/7_minie5_range_all_cut_blur.mp4,490,1,352,407,432,439,propagated:0.981
/Users/bround/Desktop/Датасеты/Dataset_Mendeley_data/Unlabelled _UAV_Videos/Flight Test 1/FT1_segments_of_interest/f5_mini_e/eo/7_minie5_range_all_cut_blur.mp4,491,1,352,401,432,433,propagated:0.980
/Users/bround/Desktop/Датасеты/Dataset_Mendeley_data/Unlabelled _UAV_Videos/Flight Test 1/FT1_segments_of_interest/f5_mini_e/eo/7_minie5_range_all_cut_blur.mp4,492,1,350,396,430,428,propagated:0.974
/Users/bround/Desktop/Датасеты/Dataset_Mendeley_data/Unlabelled _UAV_Videos/Flight Test 1/FT1_segments_of_interest/f5_mini_e/eo/7_minie5_range_all_cut_blur.mp4,493,1,350,396,430,428,propagated:0.982
/Users/bround/Desktop/Датасеты/Dataset_Mendeley_data/Unlabelled _UAV_Videos/Flight Test 1/FT1_segments_of_interest/f5_mini_e/eo/7_minie5_range_all_cut_blur.mp4,494,1,347,388,427,420,propagated:0.968
/Users/bround/Desktop/Датасеты/Dataset_Mendeley_data/Unlabelled _UAV_Videos/Flight Test 1/FT1_segments_of_interest/f5_mini_e/eo/7_minie5_range_all_cut_blur.mp4,495,1,345,382,425,414,propagated:0.991
/Users/bround/Desktop/Датасеты/Dataset_Mendeley_data/Unlabelled _UAV_Videos/Flight Test 1/FT1_segments_of_interest/f5_mini_e/eo/7_minie5_range_all_cut_blur.mp4,496,1,344,374,424,406,propagated:0.977
/Users/bround/Desktop/Датасеты/Dataset_Mendeley_data/Unlabelled _UAV_Videos/Flight Test 1/FT1_segments_of_interest/f5_mini_e/eo/7_minie5_range_all_cut_blur.mp4,497,1,343,373,423,405,propagated:0.993
/Users/bround/Desktop/Датасеты/Dataset_Mendeley_data/Unlabelled _UAV_Videos/Flight Test 1/FT1_segments_of_interest/f5_mini_e/eo/7_minie5_range_all_cut_blur.mp4,498,1,344,371,424,403,propagated:0.974
/Users/bround/Desktop/Датасеты/Dataset_Mendeley_data/Unlabelled _UAV_Videos/Flight Test 1/FT1_segments_of_interest/f5_mini_e/eo/7_minie5_range_all_cut_blur.mp4,499,1,347,369,427,401,propagated:0.992
/Users/bround/Desktop/Датасеты/Dataset_Mendeley_data/Unlabelled _UAV_Videos/Flight Test 1/FT1_segments_of_interest/f5_mini_e/eo/7_minie5_range_all_cut_blur.mp4,500,1,347,369,427,401,propagated:0.994
/Users/bround/Desktop/Датасеты/Dataset_Mendeley_data/Unlabelled _UAV_Videos/Flight Test 1/FT1_segments_of_interest/f5_mini_e/eo/7_minie5_range_all_cut_blur.mp4,501,1,348,366,428,398,propagated:0.990
/Users/bround/Desktop/Датасеты/Dataset_Mendeley_data/Unlabelled _UAV_Videos/Flight Test 1/FT1_segments_of_interest/f5_mini_e/eo/7_minie5_range_all_cut_blur.mp4,502,1,348,365,428,397,propagated:0.988
/Users/bround/Desktop/Датасеты/Dataset_Mendeley_data/Unlabelled _UAV_Videos/Flight Test 1/FT1_segments_of_interest/f5_mini_e/eo/7_minie5_range_all_cut_blur.mp4,503,1,347,368,427,400,propagated:0.964
/Users/bround/Desktop/Датасеты/Dataset_Mendeley_data/Unlabelled _UAV_Videos/Flight Test 1/FT1_segments_of_interest/f5_mini_e/eo/7_minie5_range_all_cut_blur.mp4,504,1,348,378,428,410,propagated:0.980
/Users/bround/Desktop/Датасеты/Dataset_Mendeley_data/Unlabelled _UAV_Videos/Flight Test 1/FT1_segments_of_interest/f5_mini_e/eo/7_minie5_range_all_cut_blur.mp4,505,1,348,378,428,410,propagated:0.986
/Users/bround/Desktop/Датасеты/Dataset_Mendeley_data/Unlabelled _UAV_Videos/Flight Test 1/FT1_segments_of_interest/f5_mini_e/eo/7_minie5_range_all_cut_blur.mp4,506,1,352,382,432,414,propagated:0.990
/Users/bround/Desktop/Датасеты/Dataset_Mendeley_data/Unlabelled _UAV_Videos/Flight Test 1/FT1_segments_of_interest/f5_mini_e/eo/7_minie5_range_all_cut_blur.mp4,507,1,354,387,434,419,propagated:0.966
/Users/bround/Desktop/Датасеты/Dataset_Mendeley_data/Unlabelled _UAV_Videos/Flight Test 1/FT1_segments_of_interest/f5_mini_e/eo/7_minie5_range_all_cut_blur.mp4,508,1,356,392,436,424,propagated:0.981
/Users/bround/Desktop/Датасеты/Dataset_Mendeley_data/Unlabelled _UAV_Videos/Flight Test 1/FT1_segments_of_interest/f5_mini_e/eo/7_minie5_range_all_cut_blur.mp4,509,1,357,387,437,419,propagated:0.986
/Users/bround/Desktop/Датасеты/Dataset_Mendeley_data/Unlabelled _UAV_Videos/Flight Test 1/FT1_segments_of_interest/f5_mini_e/eo/7_minie5_range_all_cut_blur.mp4,510,1,359,384,439,416,propagated:0.978
/Users/bround/Desktop/Датасеты/Dataset_Mendeley_data/Unlabelled _UAV_Videos/Flight Test 1/FT1_segments_of_interest/f5_mini_e/eo/7_minie5_range_all_cut_blur.mp4,511,1,361,384,441,416,propagated:0.981
/Users/bround/Desktop/Датасеты/Dataset_Mendeley_data/Unlabelled _UAV_Videos/Flight Test 1/FT1_segments_of_interest/f5_mini_e/eo/7_minie5_range_all_cut_blur.mp4,512,1,361,384,441,416,propagated:0.986
/Users/bround/Desktop/Датасеты/Dataset_Mendeley_data/Unlabelled _UAV_Videos/Flight Test 1/FT1_segments_of_interest/f5_mini_e/eo/7_minie5_range_all_cut_blur.mp4,513,1,360,383,440,415,propagated:0.961
/Users/bround/Desktop/Датасеты/Dataset_Mendeley_data/Unlabelled _UAV_Videos/Flight Test 1/FT1_segments_of_interest/f5_mini_e/eo/7_minie5_range_all_cut_blur.mp4,514,1,359,384,439,416,propagated:0.985
/Users/bround/Desktop/Датасеты/Dataset_Mendeley_data/Unlabelled _UAV_Videos/Flight Test 1/FT1_segments_of_interest/f5_mini_e/eo/7_minie5_range_all_cut_blur.mp4,515,1,361,388,441,420,propagated:0.983
/Users/bround/Desktop/Датасеты/Dataset_Mendeley_data/Unlabelled _UAV_Videos/Flight Test 1/FT1_segments_of_interest/f5_mini_e/eo/7_minie5_range_all_cut_blur.mp4,516,1,363,391,443,423,propagated:0.969
/Users/bround/Desktop/Датасеты/Dataset_Mendeley_data/Unlabelled _UAV_Videos/Flight Test 1/FT1_segments_of_interest/f5_mini_e/eo/7_minie5_range_all_cut_blur.mp4,517,1,363,391,443,423,propagated:0.978
/Users/bround/Desktop/Датасеты/Dataset_Mendeley_data/Unlabelled _UAV_Videos/Flight Test 1/FT1_segments_of_interest/f5_mini_e/eo/7_minie5_range_all_cut_blur.mp4,518,1,364,390,444,422,propagated:0.977
/Users/bround/Desktop/Датасеты/Dataset_Mendeley_data/Unlabelled _UAV_Videos/Flight Test 1/FT1_segments_of_interest/f5_mini_e/eo/7_minie5_range_all_cut_blur.mp4,519,1,361,391,441,423,propagated:0.961
/Users/bround/Desktop/Датасеты/Dataset_Mendeley_data/Unlabelled _UAV_Videos/Flight Test 1/FT1_segments_of_interest/f5_mini_e/eo/7_minie5_range_all_cut_blur.mp4,520,1,360,390,440,422,propagated:0.967
/Users/bround/Desktop/Датасеты/Dataset_Mendeley_data/Unlabelled _UAV_Videos/Flight Test 1/FT1_segments_of_interest/f5_mini_e/eo/7_minie5_range_all_cut_blur.mp4,521,1,357,386,437,418,propagated:0.974
/Users/bround/Desktop/Датасеты/Dataset_Mendeley_data/Unlabelled _UAV_Videos/Flight Test 1/FT1_segments_of_interest/f5_mini_e/eo/7_minie5_range_all_cut_blur.mp4,522,1,356,391,436,423,propagated:0.965
/Users/bround/Desktop/Датасеты/Dataset_Mendeley_data/Unlabelled _UAV_Videos/Flight Test 1/FT1_segments_of_interest/f5_mini_e/eo/7_minie5_range_all_cut_blur.mp4,523,1,356,391,436,423,propagated:0.975
/Users/bround/Desktop/Датасеты/Dataset_Mendeley_data/Unlabelled _UAV_Videos/Flight Test 1/FT1_segments_of_interest/f5_mini_e/eo/7_minie5_range_all_cut_blur.mp4,524,1,353,395,433,427,propagated:0.974
/Users/bround/Desktop/Датасеты/Dataset_Mendeley_data/Unlabelled _UAV_Videos/Flight Test 1/FT1_segments_of_interest/f5_mini_e/eo/7_minie5_range_all_cut_blur.mp4,525,1,354,397,434,429,propagated:0.976
/Users/bround/Desktop/Датасеты/Dataset_Mendeley_data/Unlabelled _UAV_Videos/Flight Test 1/FT1_segments_of_interest/f5_mini_e/eo/7_minie5_range_all_cut_blur.mp4,526,1,361,404,441,436,propagated:0.984
/Users/bround/Desktop/Датасеты/Dataset_Mendeley_data/Unlabelled _UAV_Videos/Flight Test 1/FT1_segments_of_interest/f5_mini_e/eo/7_minie5_range_all_cut_blur.mp4,527,1,363,405,443,437,propagated:0.983
/Users/bround/Desktop/Датасеты/Dataset_Mendeley_data/Unlabelled _UAV_Videos/Flight Test 1/FT1_segments_of_interest/f5_mini_e/eo/7_minie5_range_all_cut_blur.mp4,528,1,363,403,443,435,propagated:0.986
/Users/bround/Desktop/Датасеты/Dataset_Mendeley_data/Unlabelled _UAV_Videos/Flight Test 1/FT1_segments_of_interest/f5_mini_e/eo/7_minie5_range_all_cut_blur.mp4,529,1,365,412,445,444,propagated:0.984
/Users/bround/Desktop/Датасеты/Dataset_Mendeley_data/Unlabelled _UAV_Videos/Flight Test 1/FT1_segments_of_interest/f5_mini_e/eo/7_minie5_range_all_cut_blur.mp4,530,1,365,412,445,444,propagated:0.989
/Users/bround/Desktop/Датасеты/Dataset_Mendeley_data/Unlabelled _UAV_Videos/Flight Test 1/FT1_segments_of_interest/f5_mini_e/eo/7_minie5_range_all_cut_blur.mp4,531,1,361,411,441,443,propagated:0.987
/Users/bround/Desktop/Датасеты/Dataset_Mendeley_data/Unlabelled _UAV_Videos/Flight Test 1/FT1_segments_of_interest/f5_mini_e/eo/7_minie5_range_all_cut_blur.mp4,532,1,354,408,434,440,propagated:0.986
/Users/bround/Desktop/Датасеты/Dataset_Mendeley_data/Unlabelled _UAV_Videos/Flight Test 1/FT1_segments_of_interest/f5_mini_e/eo/7_minie5_range_all_cut_blur.mp4,533,1,351,407,431,439,propagated:0.986
/Users/bround/Desktop/Датасеты/Dataset_Mendeley_data/Unlabelled _UAV_Videos/Flight Test 1/FT1_segments_of_interest/f5_mini_e/eo/7_minie5_range_all_cut_blur.mp4,534,1,353,401,433,433,propagated:0.979
/Users/bround/Desktop/Датасеты/Dataset_Mendeley_data/Unlabelled _UAV_Videos/Flight Test 1/FT1_segments_of_interest/f5_mini_e/eo/7_minie5_range_all_cut_blur.mp4,535,1,356,400,436,432,propagated:0.991
/Users/bround/Desktop/Датасеты/Dataset_Mendeley_data/Unlabelled _UAV_Videos/Flight Test 1/FT1_segments_of_interest/f5_mini_e/eo/7_minie5_range_all_cut_blur.mp4,536,1,356,400,436,432,propagated:0.993
/Users/bround/Desktop/Датасеты/Dataset_Mendeley_data/Unlabelled _UAV_Videos/Flight Test 1/FT1_segments_of_interest/f5_mini_e/eo/7_minie5_range_all_cut_blur.mp4,537,1,362,403,442,435,propagated:0.992
/Users/bround/Desktop/Датасеты/Dataset_Mendeley_data/Unlabelled _UAV_Videos/Flight Test 1/FT1_segments_of_interest/f5_mini_e/eo/7_minie5_range_all_cut_blur.mp4,538,1,367,405,447,437,propagated:0.986
/Users/bround/Desktop/Датасеты/Dataset_Mendeley_data/Unlabelled _UAV_Videos/Flight Test 1/FT1_segments_of_interest/f5_mini_e/eo/7_minie5_range_all_cut_blur.mp4,539,1,369,403,449,435,propagated:0.991
/Users/bround/Desktop/Датасеты/Dataset_Mendeley_data/Unlabelled _UAV_Videos/Flight Test 1/FT1_segments_of_interest/f5_mini_e/eo/7_minie5_range_all_cut_blur.mp4,540,1,369,400,449,432,propagated:0.983
/Users/bround/Desktop/Датасеты/Dataset_Mendeley_data/Unlabelled _UAV_Videos/Flight Test 1/FT1_segments_of_interest/f5_mini_e/eo/7_minie5_range_all_cut_blur.mp4,541,1,368,398,448,430,propagated:0.986
/Users/bround/Desktop/Датасеты/Dataset_Mendeley_data/Unlabelled _UAV_Videos/Flight Test 1/FT1_segments_of_interest/f5_mini_e/eo/7_minie5_range_all_cut_blur.mp4,542,1,368,398,448,430,propagated:0.990
/Users/bround/Desktop/Датасеты/Dataset_Mendeley_data/Unlabelled _UAV_Videos/Flight Test 1/FT1_segments_of_interest/f5_mini_e/eo/7_minie5_range_all_cut_blur.mp4,543,1,368,405,448,437,propagated:0.985
/Users/bround/Desktop/Датасеты/Dataset_Mendeley_data/Unlabelled _UAV_Videos/Flight Test 1/FT1_segments_of_interest/f5_mini_e/eo/7_minie5_range_all_cut_blur.mp4,544,1,370,413,450,445,propagated:0.971
/Users/bround/Desktop/Датасеты/Dataset_Mendeley_data/Unlabelled _UAV_Videos/Flight Test 1/FT1_segments_of_interest/f5_mini_e/eo/7_minie5_range_all_cut_blur.mp4,545,1,366,415,446,447,propagated:0.987
/Users/bround/Desktop/Датасеты/Dataset_Mendeley_data/Unlabelled _UAV_Videos/Flight Test 1/FT1_segments_of_interest/f5_mini_e/eo/7_minie5_range_all_cut_blur.mp4,546,1,362,413,442,445,propagated:0.992
/Users/bround/Desktop/Датасеты/Dataset_Mendeley_data/Unlabelled _UAV_Videos/Flight Test 1/FT1_segments_of_interest/f5_mini_e/eo/7_minie5_range_all_cut_blur.mp4,547,1,362,415,442,447,propagated:0.991
/Users/bround/Desktop/Датасеты/Dataset_Mendeley_data/Unlabelled _UAV_Videos/Flight Test 1/FT1_segments_of_interest/f5_mini_e/eo/7_minie5_range_all_cut_blur.mp4,548,1,362,415,442,447,propagated:0.993
/Users/bround/Desktop/Датасеты/Dataset_Mendeley_data/Unlabelled _UAV_Videos/Flight Test 1/FT1_segments_of_interest/f5_mini_e/eo/7_minie5_range_all_cut_blur.mp4,549,1,364,417,444,449,propagated:0.990
/Users/bround/Desktop/Датасеты/Dataset_Mendeley_data/Unlabelled _UAV_Videos/Flight Test 1/FT1_segments_of_interest/f5_mini_e/eo/7_minie5_range_all_cut_blur.mp4,550,1,368,419,448,451,propagated:0.989
/Users/bround/Desktop/Датасеты/Dataset_Mendeley_data/Unlabelled _UAV_Videos/Flight Test 1/FT1_segments_of_interest/f5_mini_e/eo/7_minie5_range_all_cut_blur.mp4,551,1,374,424,454,456,propagated:0.989
/Users/bround/Desktop/Датасеты/Dataset_Mendeley_data/Unlabelled _UAV_Videos/Flight Test 1/FT1_segments_of_interest/f5_mini_e/eo/7_minie5_range_all_cut_blur.mp4,552,1,376,425,456,457,propagated:0.990
/Users/bround/Desktop/Датасеты/Dataset_Mendeley_data/Unlabelled _UAV_Videos/Flight Test 1/FT1_segments_of_interest/f5_mini_e/eo/7_minie5_range_all_cut_blur.mp4,553,1,370,400,472,470,manual
/Users/bround/Desktop/Датасеты/Dataset_Mendeley_data/Unlabelled _UAV_Videos/Flight Test 1/FT1_segments_of_interest/f5_mini_e/eo/7_minie5_range_all_cut_blur.mp4,555,1,367,398,469,468,propagated:0.991
/Users/bround/Desktop/Датасеты/Dataset_Mendeley_data/Unlabelled _UAV_Videos/Flight Test 1/FT1_segments_of_interest/f5_mini_e/eo/7_minie5_range_all_cut_blur.mp4,556,1,362,397,464,467,propagated:0.981
/Users/bround/Desktop/Датасеты/Dataset_Mendeley_data/Unlabelled _UAV_Videos/Flight Test 1/FT1_segments_of_interest/f5_mini_e/eo/7_minie5_range_all_cut_blur.mp4,557,1,361,396,463,466,propagated:0.975
/Users/bround/Desktop/Датасеты/Dataset_Mendeley_data/Unlabelled _UAV_Videos/Flight Test 1/FT1_segments_of_interest/f5_mini_e/eo/7_minie5_range_all_cut_blur.mp4,558,1,360,390,462,460,propagated:0.980
/Users/bround/Desktop/Датасеты/Dataset_Mendeley_data/Unlabelled _UAV_Videos/Flight Test 1/FT1_segments_of_interest/f5_mini_e/eo/7_minie5_range_all_cut_blur.mp4,559,1,360,390,462,460,propagated:0.986
/Users/bround/Desktop/Датасеты/Dataset_Mendeley_data/Unlabelled _UAV_Videos/Flight Test 1/FT1_segments_of_interest/f5_mini_e/eo/7_minie5_range_all_cut_blur.mp4,560,1,361,384,463,454,propagated:0.983
/Users/bround/Desktop/Датасеты/Dataset_Mendeley_data/Unlabelled _UAV_Videos/Flight Test 1/FT1_segments_of_interest/f5_mini_e/eo/7_minie5_range_all_cut_blur.mp4,561,1,362,379,464,449,propagated:0.980
/Users/bround/Desktop/Датасеты/Dataset_Mendeley_data/Unlabelled _UAV_Videos/Flight Test 1/FT1_segments_of_interest/f5_mini_e/eo/7_minie5_range_all_cut_blur.mp4,562,1,362,373,464,443,propagated:0.978
/Users/bround/Desktop/Датасеты/Dataset_Mendeley_data/Unlabelled _UAV_Videos/Flight Test 1/FT1_segments_of_interest/f5_mini_e/eo/7_minie5_range_all_cut_blur.mp4,563,1,363,371,465,441,propagated:0.972
/Users/bround/Desktop/Датасеты/Dataset_Mendeley_data/Unlabelled _UAV_Videos/Flight Test 1/FT1_segments_of_interest/f5_mini_e/eo/7_minie5_range_all_cut_blur.mp4,564,1,355,365,470,441,manual
/Users/bround/Desktop/Датасеты/Dataset_Mendeley_data/Unlabelled _UAV_Videos/Flight Test 1/FT1_segments_of_interest/f5_mini_e/eo/7_minie5_range_all_cut_blur.mp4,566,1,356,359,471,435,propagated:0.990
/Users/bround/Desktop/Датасеты/Dataset_Mendeley_data/Unlabelled _UAV_Videos/Flight Test 1/FT1_segments_of_interest/f5_mini_e/eo/7_minie5_range_all_cut_blur.mp4,567,1,357,350,472,426,propagated:0.980
/Users/bround/Desktop/Датасеты/Dataset_Mendeley_data/Unlabelled _UAV_Videos/Flight Test 1/FT1_segments_of_interest/f5_mini_e/eo/7_minie5_range_all_cut_blur.mp4,568,1,358,343,473,419,propagated:0.975
/Users/bround/Desktop/Датасеты/Dataset_Mendeley_data/Unlabelled _UAV_Videos/Flight Test 1/FT1_segments_of_interest/f5_mini_e/eo/7_minie5_range_all_cut_blur.mp4,569,1,359,336,474,412,propagated:0.984
/Users/bround/Desktop/Датасеты/Dataset_Mendeley_data/Unlabelled _UAV_Videos/Flight Test 1/FT1_segments_of_interest/f5_mini_e/eo/7_minie5_range_all_cut_blur.mp4,570,1,360,330,475,406,propagated:0.991
/Users/bround/Desktop/Датасеты/Dataset_Mendeley_data/Unlabelled _UAV_Videos/Flight Test 1/FT1_segments_of_interest/f5_mini_e/eo/7_minie5_range_all_cut_blur.mp4,571,1,361,327,476,403,propagated:0.989
/Users/bround/Desktop/Датасеты/Dataset_Mendeley_data/Unlabelled _UAV_Videos/Flight Test 1/FT1_segments_of_interest/f5_mini_e/eo/7_minie5_range_all_cut_blur.mp4,572,1,361,327,476,403,propagated:0.992
/Users/bround/Desktop/Датасеты/Dataset_Mendeley_data/Unlabelled _UAV_Videos/Flight Test 1/FT1_segments_of_interest/f5_mini_e/eo/7_minie5_range_all_cut_blur.mp4,573,1,363,326,478,402,propagated:0.987
/Users/bround/Desktop/Датасеты/Dataset_Mendeley_data/Unlabelled _UAV_Videos/Flight Test 1/FT1_segments_of_interest/f5_mini_e/eo/7_minie5_range_all_cut_blur.mp4,574,1,366,326,481,402,propagated:0.981
/Users/bround/Desktop/Датасеты/Dataset_Mendeley_data/Unlabelled _UAV_Videos/Flight Test 1/FT1_segments_of_interest/f5_mini_e/eo/7_minie5_range_all_cut_blur.mp4,575,1,367,323,482,399,propagated:0.981
/Users/bround/Desktop/Датасеты/Dataset_Mendeley_data/Unlabelled _UAV_Videos/Flight Test 1/FT1_segments_of_interest/f5_mini_e/eo/7_minie5_range_all_cut_blur.mp4,576,1,369,323,484,399,propagated:0.982
/Users/bround/Desktop/Датасеты/Dataset_Mendeley_data/Unlabelled _UAV_Videos/Flight Test 1/FT1_segments_of_interest/f5_mini_e/eo/7_minie5_range_all_cut_blur.mp4,577,1,369,323,484,399,propagated:0.985
/Users/bround/Desktop/Датасеты/Dataset_Mendeley_data/Unlabelled _UAV_Videos/Flight Test 1/FT1_segments_of_interest/f5_mini_e/eo/7_minie5_range_all_cut_blur.mp4,578,1,369,323,484,399,propagated:0.989
/Users/bround/Desktop/Датасеты/Dataset_Mendeley_data/Unlabelled _UAV_Videos/Flight Test 1/FT1_segments_of_interest/f5_mini_e/eo/7_minie5_range_all_cut_blur.mp4,579,1,370,326,485,402,propagated:0.987
/Users/bround/Desktop/Датасеты/Dataset_Mendeley_data/Unlabelled _UAV_Videos/Flight Test 1/FT1_segments_of_interest/f5_mini_e/eo/7_minie5_range_all_cut_blur.mp4,580,1,373,328,488,404,propagated:0.970
/Users/bround/Desktop/Датасеты/Dataset_Mendeley_data/Unlabelled _UAV_Videos/Flight Test 1/FT1_segments_of_interest/f5_mini_e/eo/7_minie5_range_all_cut_blur.mp4,581,1,375,329,490,405,propagated:0.979
/Users/bround/Desktop/Датасеты/Dataset_Mendeley_data/Unlabelled _UAV_Videos/Flight Test 1/FT1_segments_of_interest/f5_mini_e/eo/7_minie5_range_all_cut_blur.mp4,582,1,376,331,491,407,propagated:0.969
/Users/bround/Desktop/Датасеты/Dataset_Mendeley_data/Unlabelled _UAV_Videos/Flight Test 1/FT1_segments_of_interest/f5_mini_e/eo/7_minie5_range_all_cut_blur.mp4,583,1,376,331,491,407,propagated:0.978
/Users/bround/Desktop/Датасеты/Dataset_Mendeley_data/Unlabelled _UAV_Videos/Flight Test 1/FT1_segments_of_interest/f5_mini_e/eo/7_minie5_range_all_cut_blur.mp4,584,1,378,332,493,408,propagated:0.976
/Users/bround/Desktop/Датасеты/Dataset_Mendeley_data/Unlabelled _UAV_Videos/Flight Test 1/FT1_segments_of_interest/f5_mini_e/eo/7_minie5_range_all_cut_blur.mp4,585,1,379,329,494,405,propagated:0.973
/Users/bround/Desktop/Датасеты/Dataset_Mendeley_data/Unlabelled _UAV_Videos/Flight Test 1/FT1_segments_of_interest/f5_mini_e/eo/7_minie5_range_all_cut_blur.mp4,586,1,376,322,491,398,propagated:0.988
/Users/bround/Desktop/Датасеты/Dataset_Mendeley_data/Unlabelled _UAV_Videos/Flight Test 1/FT1_segments_of_interest/f5_mini_e/eo/7_minie5_range_all_cut_blur.mp4,587,1,375,315,490,391,propagated:0.990
/Users/bround/Desktop/Датасеты/Dataset_Mendeley_data/Unlabelled _UAV_Videos/Flight Test 1/FT1_segments_of_interest/f5_mini_e/eo/7_minie5_range_all_cut_blur.mp4,588,1,374,310,489,386,propagated:0.980
/Users/bround/Desktop/Датасеты/Dataset_Mendeley_data/Unlabelled _UAV_Videos/Flight Test 1/FT1_segments_of_interest/f5_mini_e/eo/7_minie5_range_all_cut_blur.mp4,589,1,372,306,487,382,propagated:0.973
/Users/bround/Desktop/Датасеты/Dataset_Mendeley_data/Unlabelled _UAV_Videos/Flight Test 1/FT1_segments_of_interest/f5_mini_e/eo/7_minie5_range_all_cut_blur.mp4,590,1,372,306,487,382,propagated:0.981
/Users/bround/Desktop/Датасеты/Dataset_Mendeley_data/Unlabelled _UAV_Videos/Flight Test 1/FT1_segments_of_interest/f5_mini_e/eo/7_minie5_range_all_cut_blur.mp4,591,1,372,303,487,379,propagated:0.986
/Users/bround/Desktop/Датасеты/Dataset_Mendeley_data/Unlabelled _UAV_Videos/Flight Test 1/FT1_segments_of_interest/f5_mini_e/eo/7_minie5_range_all_cut_blur.mp4,592,1,374,303,489,379,propagated:0.988
/Users/bround/Desktop/Датасеты/Dataset_Mendeley_data/Unlabelled _UAV_Videos/Flight Test 1/FT1_segments_of_interest/f5_mini_e/eo/7_minie5_range_all_cut_blur.mp4,593,1,375,299,490,375,propagated:0.988
/Users/bround/Desktop/Датасеты/Dataset_Mendeley_data/Unlabelled _UAV_Videos/Flight Test 1/FT1_segments_of_interest/f5_mini_e/eo/7_minie5_range_all_cut_blur.mp4,594,1,376,300,491,376,propagated:0.993
/Users/bround/Desktop/Датасеты/Dataset_Mendeley_data/Unlabelled _UAV_Videos/Flight Test 1/FT1_segments_of_interest/f5_mini_e/eo/7_minie5_range_all_cut_blur.mp4,595,1,376,300,491,376,propagated:0.995
/Users/bround/Desktop/Датасеты/Dataset_Mendeley_data/Unlabelled _UAV_Videos/Flight Test 1/FT1_segments_of_interest/f5_mini_e/eo/7_minie5_range_all_cut_blur.mp4,596,1,377,301,492,377,propagated:0.990
/Users/bround/Desktop/Датасеты/Dataset_Mendeley_data/Unlabelled _UAV_Videos/Flight Test 1/FT1_segments_of_interest/f5_mini_e/eo/7_minie5_range_all_cut_blur.mp4,597,1,377,299,492,375,propagated:0.984
/Users/bround/Desktop/Датасеты/Dataset_Mendeley_data/Unlabelled _UAV_Videos/Flight Test 1/FT1_segments_of_interest/f5_mini_e/eo/7_minie5_range_all_cut_blur.mp4,598,1,377,298,492,374,propagated:0.977
/Users/bround/Desktop/Датасеты/Dataset_Mendeley_data/Unlabelled _UAV_Videos/Flight Test 1/FT1_segments_of_interest/f5_mini_e/eo/7_minie5_range_all_cut_blur.mp4,599,1,378,297,493,373,propagated:0.989
/Users/bround/Desktop/Датасеты/Dataset_Mendeley_data/Unlabelled _UAV_Videos/Flight Test 1/FT1_segments_of_interest/f5_mini_e/eo/7_minie5_range_all_cut_blur.mp4,600,1,380,297,495,373,propagated:0.990
/Users/bround/Desktop/Датасеты/Dataset_Mendeley_data/Unlabelled _UAV_Videos/Flight Test 1/FT1_segments_of_interest/f5_mini_e/eo/7_minie5_range_all_cut_blur.mp4,601,1,380,301,495,377,propagated:0.986
/Users/bround/Desktop/Датасеты/Dataset_Mendeley_data/Unlabelled _UAV_Videos/Flight Test 1/FT1_segments_of_interest/f5_mini_e/eo/7_minie5_range_all_cut_blur.mp4,602,1,380,301,495,377,propagated:0.990
/Users/bround/Desktop/Датасеты/Dataset_Mendeley_data/Unlabelled _UAV_Videos/Flight Test 1/FT1_segments_of_interest/f5_mini_e/eo/7_minie5_range_all_cut_blur.mp4,603,1,382,308,497,384,propagated:0.981
/Users/bround/Desktop/Датасеты/Dataset_Mendeley_data/Unlabelled _UAV_Videos/Flight Test 1/FT1_segments_of_interest/f5_mini_e/eo/7_minie5_range_all_cut_blur.mp4,604,1,383,316,498,392,propagated:0.993
/Users/bround/Desktop/Датасеты/Dataset_Mendeley_data/Unlabelled _UAV_Videos/Flight Test 1/FT1_segments_of_interest/f5_mini_e/eo/7_minie5_range_all_cut_blur.mp4,605,1,386,326,501,402,propagated:0.990
/Users/bround/Desktop/Датасеты/Dataset_Mendeley_data/Unlabelled _UAV_Videos/Flight Test 1/FT1_segments_of_interest/f5_mini_e/eo/7_minie5_range_all_cut_blur.mp4,606,1,389,333,504,409,propagated:0.985
/Users/bround/Desktop/Датасеты/Dataset_Mendeley_data/Unlabelled _UAV_Videos/Flight Test 1/FT1_segments_of_interest/f5_mini_e/eo/7_minie5_range_all_cut_blur.mp4,607,1,392,339,507,415,propagated:0.979
/Users/bround/Desktop/Датасеты/Dataset_Mendeley_data/Unlabelled _UAV_Videos/Flight Test 1/FT1_segments_of_interest/f5_mini_e/eo/7_minie5_range_all_cut_blur.mp4,608,1,392,339,507,415,propagated:0.985
/Users/bround/Desktop/Датасеты/Dataset_Mendeley_data/Unlabelled _UAV_Videos/Flight Test 1/FT1_segments_of_interest/f5_mini_e/eo/7_minie5_range_all_cut_blur.mp4,609,1,395,344,510,420,propagated:0.975
/Users/bround/Desktop/Датасеты/Dataset_Mendeley_data/Unlabelled _UAV_Videos/Flight Test 1/FT1_segments_of_interest/f5_mini_e/eo/7_minie5_range_all_cut_blur.mp4,610,1,398,349,513,425,propagated:0.960
/Users/bround/Desktop/Датасеты/Dataset_Mendeley_data/Unlabelled _UAV_Videos/Flight Test 1/FT1_segments_of_interest/f5_mini_e/eo/7_minie5_range_all_cut_blur.mp4,611,1,401,350,516,426,propagated:0.933
/Users/bround/Desktop/Датасеты/Dataset_Mendeley_data/Unlabelled _UAV_Videos/Flight Test 1/FT1_segments_of_interest/f5_mini_e/eo/7_minie5_range_all_cut_blur.mp4,612,1,402,347,517,423,propagated:0.922
/Users/bround/Desktop/Датасеты/Dataset_Mendeley_data/Unlabelled _UAV_Videos/Flight Test 1/FT1_segments_of_interest/f5_mini_e/eo/7_minie5_range_all_cut_blur.mp4,613,1,403,346,518,422,propagated:0.920
/Users/bround/Desktop/Датасеты/Dataset_Mendeley_data/Unlabelled _UAV_Videos/Flight Test 1/FT1_segments_of_interest/f5_mini_e/eo/7_minie5_range_all_cut_blur.mp4,614,1,403,346,518,422,propagated:0.942
/Users/bround/Desktop/Датасеты/Dataset_Mendeley_data/Unlabelled _UAV_Videos/Flight Test 1/FT1_segments_of_interest/f5_mini_e/eo/7_minie5_range_all_cut_blur.mp4,615,1,403,344,518,420,propagated:0.919
/Users/bround/Desktop/Датасеты/Dataset_Mendeley_data/Unlabelled _UAV_Videos/Flight Test 1/FT1_segments_of_interest/f5_mini_e/eo/7_minie5_range_all_cut_blur.mp4,616,1,403,339,518,415,propagated:0.959
/Users/bround/Desktop/Датасеты/Dataset_Mendeley_data/Unlabelled _UAV_Videos/Flight Test 1/FT1_segments_of_interest/f5_mini_e/eo/7_minie5_range_all_cut_blur.mp4,617,1,403,340,518,416,propagated:0.935
/Users/bround/Desktop/Датасеты/Dataset_Mendeley_data/Unlabelled _UAV_Videos/Flight Test 1/FT1_segments_of_interest/f5_mini_e/eo/7_minie5_range_all_cut_blur.mp4,618,1,405,340,520,416,propagated:0.902
/Users/bround/Desktop/Датасеты/Dataset_Mendeley_data/Unlabelled _UAV_Videos/Flight Test 1/FT1_segments_of_interest/f5_mini_e/eo/7_minie5_range_all_cut_blur.mp4,619,1,407,339,522,415,propagated:0.876
/Users/bround/Desktop/Датасеты/Dataset_Mendeley_data/Unlabelled _UAV_Videos/Flight Test 1/FT1_segments_of_interest/f5_mini_e/eo/7_minie5_range_all_cut_blur.mp4,620,1,407,339,522,415,propagated:0.911
/Users/bround/Desktop/Датасеты/Dataset_Mendeley_data/Unlabelled _UAV_Videos/Flight Test 1/FT1_segments_of_interest/f5_mini_e/eo/7_minie5_range_all_cut_blur.mp4,621,1,408,342,523,418,propagated:0.901
/Users/bround/Desktop/Датасеты/Dataset_Mendeley_data/Unlabelled _UAV_Videos/Flight Test 1/FT1_segments_of_interest/f5_mini_e/eo/7_minie5_range_all_cut_blur.mp4,622,1,409,340,524,416,propagated:0.918
/Users/bround/Desktop/Датасеты/Dataset_Mendeley_data/Unlabelled _UAV_Videos/Flight Test 1/FT1_segments_of_interest/f5_mini_e/eo/7_minie5_range_all_cut_blur.mp4,623,1,410,339,525,415,propagated:0.930
/Users/bround/Desktop/Датасеты/Dataset_Mendeley_data/Unlabelled _UAV_Videos/Flight Test 1/FT1_segments_of_interest/f5_mini_e/eo/7_minie5_range_all_cut_blur.mp4,624,1,410,336,525,412,propagated:0.951
/Users/bround/Desktop/Датасеты/Dataset_Mendeley_data/Unlabelled _UAV_Videos/Flight Test 1/FT1_segments_of_interest/f5_mini_e/eo/7_minie5_range_all_cut_blur.mp4,625,1,411,334,526,410,propagated:0.966
/Users/bround/Desktop/Датасеты/Dataset_Mendeley_data/Unlabelled _UAV_Videos/Flight Test 1/FT1_segments_of_interest/f5_mini_e/eo/7_minie5_range_all_cut_blur.mp4,626,1,411,334,526,410,propagated:1.000
/Users/bround/Desktop/Датасеты/Dataset_Mendeley_data/Unlabelled _UAV_Videos/Flight Test 1/FT1_segments_of_interest/f5_mini_e/eo/7_minie5_range_all_cut_blur.mp4,627,1,411,333,526,409,propagated:0.992
/Users/bround/Desktop/Датасеты/Dataset_Mendeley_data/Unlabelled _UAV_Videos/Flight Test 1/FT1_segments_of_interest/f5_mini_e/eo/7_minie5_range_all_cut_blur.mp4,628,1,412,331,527,407,propagated:0.990
/Users/bround/Desktop/Датасеты/Dataset_Mendeley_data/Unlabelled _UAV_Videos/Flight Test 1/FT1_segments_of_interest/f5_mini_e/eo/7_minie5_range_all_cut_blur.mp4,629,1,413,329,528,405,propagated:0.981
/Users/bround/Desktop/Датасеты/Dataset_Mendeley_data/Unlabelled _UAV_Videos/Flight Test 1/FT1_segments_of_interest/f5_mini_e/eo/7_minie5_range_all_cut_blur.mp4,630,1,413,328,528,404,propagated:0.957
/Users/bround/Desktop/Датасеты/Dataset_Mendeley_data/Unlabelled _UAV_Videos/Flight Test 1/FT1_segments_of_interest/f5_mini_e/eo/7_minie5_range_all_cut_blur.mp4,631,1,412,327,527,403,propagated:0.960
/Users/bround/Desktop/Датасеты/Dataset_Mendeley_data/Unlabelled _UAV_Videos/Flight Test 1/FT1_segments_of_interest/f5_mini_e/eo/7_minie5_range_all_cut_blur.mp4,632,1,412,327,527,403,propagated:0.972
/Users/bround/Desktop/Датасеты/Dataset_Mendeley_data/Unlabelled _UAV_Videos/Flight Test 1/FT1_segments_of_interest/f5_mini_e/eo/7_minie5_range_all_cut_blur.mp4,633,1,411,325,526,401,propagated:0.961
/Users/bround/Desktop/Датасеты/Dataset_Mendeley_data/Unlabelled _UAV_Videos/Flight Test 1/FT1_segments_of_interest/f5_mini_e/eo/7_minie5_range_all_cut_blur.mp4,634,1,407,322,522,398,propagated:0.950
/Users/bround/Desktop/Датасеты/Dataset_Mendeley_data/Unlabelled _UAV_Videos/Flight Test 1/FT1_segments_of_interest/f5_mini_e/eo/7_minie5_range_all_cut_blur.mp4,635,1,401,321,516,397,propagated:0.935
/Users/bround/Desktop/Датасеты/Dataset_Mendeley_data/Unlabelled _UAV_Videos/Flight Test 1/FT1_segments_of_interest/f5_mini_e/eo/7_minie5_range_all_cut_blur.mp4,636,1,393,317,508,393,propagated:0.980
/Users/bround/Desktop/Датасеты/Dataset_Mendeley_data/Unlabelled _UAV_Videos/Flight Test 1/FT1_segments_of_interest/f5_mini_e/eo/7_minie5_range_all_cut_blur.mp4,637,1,387,313,502,389,propagated:0.964
/Users/bround/Desktop/Датасеты/Dataset_Mendeley_data/Unlabelled _UAV_Videos/Flight Test 1/FT1_segments_of_interest/f5_mini_e/eo/7_minie5_range_all_cut_blur.mp4,638,1,387,313,502,389,propagated:0.975
/Users/bround/Desktop/Датасеты/Dataset_Mendeley_data/Unlabelled _UAV_Videos/Flight Test 1/FT1_segments_of_interest/f5_mini_e/eo/7_minie5_range_all_cut_blur.mp4,639,1,384,311,499,387,propagated:0.972
/Users/bround/Desktop/Датасеты/Dataset_Mendeley_data/Unlabelled _UAV_Videos/Flight Test 1/FT1_segments_of_interest/f5_mini_e/eo/7_minie5_range_all_cut_blur.mp4,640,1,383,311,498,387,propagated:0.963
/Users/bround/Desktop/Датасеты/Dataset_Mendeley_data/Unlabelled _UAV_Videos/Flight Test 1/FT1_segments_of_interest/f5_mini_e/eo/7_minie5_range_all_cut_blur.mp4,641,1,384,313,499,389,propagated:0.952
/Users/bround/Desktop/Датасеты/Dataset_Mendeley_data/Unlabelled _UAV_Videos/Flight Test 1/FT1_segments_of_interest/f5_mini_e/eo/7_minie5_range_all_cut_blur.mp4,642,1,384,310,499,386,propagated:0.961
/Users/bround/Desktop/Датасеты/Dataset_Mendeley_data/Unlabelled _UAV_Videos/Flight Test 1/FT1_segments_of_interest/f5_mini_e/eo/7_minie5_range_all_cut_blur.mp4,643,1,384,310,499,386,propagated:0.973
/Users/bround/Desktop/Датасеты/Dataset_Mendeley_data/Unlabelled _UAV_Videos/Flight Test 1/FT1_segments_of_interest/f5_mini_e/eo/7_minie5_range_all_cut_blur.mp4,644,1,384,302,499,378,propagated:0.971
/Users/bround/Desktop/Датасеты/Dataset_Mendeley_data/Unlabelled _UAV_Videos/Flight Test 1/FT1_segments_of_interest/f5_mini_e/eo/7_minie5_range_all_cut_blur.mp4,645,1,382,287,497,363,propagated:0.971
/Users/bround/Desktop/Датасеты/Dataset_Mendeley_data/Unlabelled _UAV_Videos/Flight Test 1/FT1_segments_of_interest/f5_mini_e/eo/7_minie5_range_all_cut_blur.mp4,646,1,384,279,499,355,propagated:0.988
/Users/bround/Desktop/Датасеты/Dataset_Mendeley_data/Unlabelled _UAV_Videos/Flight Test 1/FT1_segments_of_interest/f5_mini_e/eo/7_minie5_range_all_cut_blur.mp4,647,1,384,278,499,354,propagated:0.988
/Users/bround/Desktop/Датасеты/Dataset_Mendeley_data/Unlabelled _UAV_Videos/Flight Test 1/FT1_segments_of_interest/f5_mini_e/eo/7_minie5_range_all_cut_blur.mp4,648,1,384,281,499,357,propagated:0.983
/Users/bround/Desktop/Датасеты/Dataset_Mendeley_data/Unlabelled _UAV_Videos/Flight Test 1/FT1_segments_of_interest/f5_mini_e/eo/7_minie5_range_all_cut_blur.mp4,649,1,383,283,498,359,propagated:0.984
/Users/bround/Desktop/Датасеты/Dataset_Mendeley_data/Unlabelled _UAV_Videos/Flight Test 1/FT1_segments_of_interest/f5_mini_e/eo/7_minie5_range_all_cut_blur.mp4,650,1,383,283,498,359,propagated:0.989
/Users/bround/Desktop/Датасеты/Dataset_Mendeley_data/Unlabelled _UAV_Videos/Flight Test 1/FT1_segments_of_interest/f5_mini_e/eo/7_minie5_range_all_cut_blur.mp4,651,1,384,281,499,357,propagated:0.978
/Users/bround/Desktop/Датасеты/Dataset_Mendeley_data/Unlabelled _UAV_Videos/Flight Test 1/FT1_segments_of_interest/f5_mini_e/eo/7_minie5_range_all_cut_blur.mp4,652,1,385,277,500,353,propagated:0.969
/Users/bround/Desktop/Датасеты/Dataset_Mendeley_data/Unlabelled _UAV_Videos/Flight Test 1/FT1_segments_of_interest/f5_mini_e/eo/7_minie5_range_all_cut_blur.mp4,653,1,386,273,501,349,propagated:0.965
/Users/bround/Desktop/Датасеты/Dataset_Mendeley_data/Unlabelled _UAV_Videos/Flight Test 1/FT1_segments_of_interest/f5_mini_e/eo/7_minie5_range_all_cut_blur.mp4,654,1,388,269,503,345,propagated:0.952
/Users/bround/Desktop/Датасеты/Dataset_Mendeley_data/Unlabelled _UAV_Videos/Flight Test 1/FT1_segments_of_interest/f5_mini_e/eo/7_minie5_range_all_cut_blur.mp4,655,1,388,269,503,345,propagated:0.966
/Users/bround/Desktop/Датасеты/Dataset_Mendeley_data/Unlabelled _UAV_Videos/Flight Test 1/FT1_segments_of_interest/f5_mini_e/eo/7_minie5_range_all_cut_blur.mp4,656,1,389,268,504,344,propagated:0.980
/Users/bround/Desktop/Датасеты/Dataset_Mendeley_data/Unlabelled _UAV_Videos/Flight Test 1/FT1_segments_of_interest/f5_mini_e/eo/7_minie5_range_all_cut_blur.mp4,657,1,390,269,505,345,propagated:0.979
/Users/bround/Desktop/Датасеты/Dataset_Mendeley_data/Unlabelled _UAV_Videos/Flight Test 1/FT1_segments_of_interest/f5_mini_e/eo/7_minie5_range_all_cut_blur.mp4,658,1,390,274,505,350,propagated:0.973
/Users/bround/Desktop/Датасеты/Dataset_Mendeley_data/Unlabelled _UAV_Videos/Flight Test 1/FT1_segments_of_interest/f5_mini_e/eo/7_minie5_range_all_cut_blur.mp4,659,1,391,282,506,358,propagated:0.990
/Users/bround/Desktop/Датасеты/Dataset_Mendeley_data/Unlabelled _UAV_Videos/Flight Test 1/FT1_segments_of_interest/f5_mini_e/eo/7_minie5_range_all_cut_blur.mp4,660,1,392,292,507,368,propagated:0.972
/Users/bround/Desktop/Датасеты/Dataset_Mendeley_data/Unlabelled _UAV_Videos/Flight Test 1/FT1_segments_of_interest/f5_mini_e/eo/7_minie5_range_all_cut_blur.mp4,661,1,392,292,507,368,propagated:0.980
/Users/bround/Desktop/Датасеты/Dataset_Mendeley_data/Unlabelled _UAV_Videos/Flight Test 1/FT1_segments_of_interest/f5_mini_e/eo/7_minie5_range_all_cut_blur.mp4,662,1,395,304,510,380,propagated:0.986
/Users/bround/Desktop/Датасеты/Dataset_Mendeley_data/Unlabelled _UAV_Videos/Flight Test 1/FT1_segments_of_interest/f5_mini_e/eo/7_minie5_range_all_cut_blur.mp4,663,1,397,311,512,387,propagated:0.984
/Users/bround/Desktop/Датасеты/Dataset_Mendeley_data/Unlabelled _UAV_Videos/Flight Test 1/FT1_segments_of_interest/f5_mini_e/eo/7_minie5_range_all_cut_blur.mp4,664,1,398,314,513,390,propagated:0.991
/Users/bround/Desktop/Датасеты/Dataset_Mendeley_data/Unlabelled _UAV_Videos/Flight Test 1/FT1_segments_of_interest/f5_mini_e/eo/7_minie5_range_all_cut_blur.mp4,665,1,398,313,513,389,propagated:0.986
/Users/bround/Desktop/Датасеты/Dataset_Mendeley_data/Unlabelled _UAV_Videos/Flight Test 1/FT1_segments_of_interest/f5_mini_e/eo/7_minie5_range_all_cut_blur.mp4,666,1,395,311,510,387,propagated:0.989
/Users/bround/Desktop/Датасеты/Dataset_Mendeley_data/Unlabelled _UAV_Videos/Flight Test 1/FT1_segments_of_interest/f5_mini_e/eo/7_minie5_range_all_cut_blur.mp4,667,1,390,308,505,384,propagated:0.982
/Users/bround/Desktop/Датасеты/Dataset_Mendeley_data/Unlabelled _UAV_Videos/Flight Test 1/FT1_segments_of_interest/f5_mini_e/eo/7_minie5_range_all_cut_blur.mp4,668,1,390,308,505,384,propagated:0.987
/Users/bround/Desktop/Датасеты/Dataset_Mendeley_data/Unlabelled _UAV_Videos/Flight Test 1/FT1_segments_of_interest/f5_mini_e/eo/7_minie5_range_all_cut_blur.mp4,669,1,387,307,502,383,propagated:0.981
/Users/bround/Desktop/Датасеты/Dataset_Mendeley_data/Unlabelled _UAV_Videos/Flight Test 1/FT1_segments_of_interest/f5_mini_e/eo/7_minie5_range_all_cut_blur.mp4,670,1,384,308,499,384,propagated:0.956
/Users/bround/Desktop/Датасеты/Dataset_Mendeley_data/Unlabelled _UAV_Videos/Flight Test 1/FT1_segments_of_interest/f5_mini_e/eo/7_minie5_range_all_cut_blur.mp4,671,1,382,309,497,385,propagated:0.951
/Users/bround/Desktop/Датасеты/Dataset_Mendeley_data/Unlabelled _UAV_Videos/Flight Test 1/FT1_segments_of_interest/f5_mini_e/eo/7_minie5_range_all_cut_blur.mp4,672,1,381,307,496,383,propagated:0.962
/Users/bround/Desktop/Датасеты/Dataset_Mendeley_data/Unlabelled _UAV_Videos/Flight Test 1/FT1_segments_of_interest/f5_mini_e/eo/7_minie5_range_all_cut_blur.mp4,673,1,379,301,494,377,propagated:0.962
/Users/bround/Desktop/Датасеты/Dataset_Mendeley_data/Unlabelled _UAV_Videos/Flight Test 1/FT1_segments_of_interest/f5_mini_e/eo/7_minie5_range_all_cut_blur.mp4,674,1,379,301,494,377,propagated:0.973
/Users/bround/Desktop/Датасеты/Dataset_Mendeley_data/Unlabelled _UAV_Videos/Flight Test 1/FT1_segments_of_interest/f5_mini_e/eo/7_minie5_range_all_cut_blur.mp4,675,1,377,294,492,370,propagated:0.970
/Users/bround/Desktop/Датасеты/Dataset_Mendeley_data/Unlabelled _UAV_Videos/Flight Test 1/FT1_segments_of_interest/f5_mini_e/eo/7_minie5_range_all_cut_blur.mp4,676,1,376,286,491,362,propagated:0.994
/Users/bround/Desktop/Датасеты/Dataset_Mendeley_data/Unlabelled _UAV_Videos/Flight Test 1/FT1_segments_of_interest/f5_mini_e/eo/7_minie5_range_all_cut_blur.mp4,677,1,376,282,491,358,propagated:0.976
/Users/bround/Desktop/Датасеты/Dataset_Mendeley_data/Unlabelled _UAV_Videos/Flight Test 1/FT1_segments_of_interest/f5_mini_e/eo/7_minie5_range_all_cut_blur.mp4,678,1,375,279,490,355,propagated:0.981
/Users/bround/Desktop/Датасеты/Dataset_Mendeley_data/Unlabelled _UAV_Videos/Flight Test 1/FT1_segments_of_interest/f5_mini_e/eo/7_minie5_range_all_cut_blur.mp4,679,1,375,279,490,355,propagated:0.986
/Users/bround/Desktop/Датасеты/Dataset_Mendeley_data/Unlabelled _UAV_Videos/Flight Test 1/FT1_segments_of_interest/f5_mini_e/eo/7_minie5_range_all_cut_blur.mp4,680,1,376,276,491,352,propagated:0.976
/Users/bround/Desktop/Датасеты/Dataset_Mendeley_data/Unlabelled _UAV_Videos/Flight Test 1/FT1_segments_of_interest/f5_mini_e/eo/7_minie5_range_all_cut_blur.mp4,681,1,376,270,491,346,propagated:0.983
/Users/bround/Desktop/Датасеты/Dataset_Mendeley_data/Unlabelled _UAV_Videos/Flight Test 1/FT1_segments_of_interest/f5_mini_e/eo/7_minie5_range_all_cut_blur.mp4,682,1,376,266,491,342,propagated:0.986
/Users/bround/Desktop/Датасеты/Dataset_Mendeley_data/Unlabelled _UAV_Videos/Flight Test 1/FT1_segments_of_interest/f5_mini_e/eo/7_minie5_range_all_cut_blur.mp4,683,1,376,261,491,337,propagated:0.989
/Users/bround/Desktop/Датасеты/Dataset_Mendeley_data/Unlabelled _UAV_Videos/Flight Test 1/FT1_segments_of_interest/f5_mini_e/eo/7_minie5_range_all_cut_blur.mp4,684,1,376,260,491,336,propagated:0.994
/Users/bround/Desktop/Датасеты/Dataset_Mendeley_data/Unlabelled _UAV_Videos/Flight Test 1/FT1_segments_of_interest/f5_mini_e/eo/7_minie5_range_all_cut_blur.mp4,685,1,376,258,491,334,propagated:0.985
/Users/bround/Desktop/Датасеты/Dataset_Mendeley_data/Unlabelled _UAV_Videos/Flight Test 1/FT1_segments_of_interest/f5_mini_e/eo/7_minie5_range_all_cut_blur.mp4,686,1,376,258,491,334,propagated:1.000
/Users/bround/Desktop/Датасеты/Dataset_Mendeley_data/Unlabelled _UAV_Videos/Flight Test 1/FT1_segments_of_interest/f5_mini_e/eo/7_minie5_range_all_cut_blur.mp4,687,1,377,255,492,331,propagated:0.988
/Users/bround/Desktop/Датасеты/Dataset_Mendeley_data/Unlabelled _UAV_Videos/Flight Test 1/FT1_segments_of_interest/f5_mini_e/eo/7_minie5_range_all_cut_blur.mp4,688,1,376,250,491,326,propagated:0.973
/Users/bround/Desktop/Датасеты/Dataset_Mendeley_data/Unlabelled _UAV_Videos/Flight Test 1/FT1_segments_of_interest/f5_mini_e/eo/7_minie5_range_all_cut_blur.mp4,689,1,377,246,492,322,propagated:0.961
/Users/bround/Desktop/Датасеты/Dataset_Mendeley_data/Unlabelled _UAV_Videos/Flight Test 1/FT1_segments_of_interest/f5_mini_e/eo/7_minie5_range_all_cut_blur.mp4,690,1,377,244,492,320,propagated:0.961
/Users/bround/Desktop/Датасеты/Dataset_Mendeley_data/Unlabelled _UAV_Videos/Flight Test 1/FT1_segments_of_interest/f5_mini_e/eo/7_minie5_range_all_cut_blur.mp4,691,1,376,242,491,318,propagated:0.949
/Users/bround/Desktop/Датасеты/Dataset_Mendeley_data/Unlabelled _UAV_Videos/Flight Test 1/FT1_segments_of_interest/f5_mini_e/eo/7_minie5_range_all_cut_blur.mp4,692,1,376,242,491,318,propagated:0.964
/Users/bround/Desktop/Датасеты/Dataset_Mendeley_data/Unlabelled _UAV_Videos/Flight Test 1/FT1_segments_of_interest/f5_mini_e/eo/7_minie5_range_all_cut_blur.mp4,693,1,376,242,491,318,propagated:0.960
/Users/bround/Desktop/Датасеты/Dataset_Mendeley_data/Unlabelled _UAV_Videos/Flight Test 1/FT1_segments_of_interest/f5_mini_e/eo/7_minie5_range_all_cut_blur.mp4,694,1,376,242,491,318,propagated:0.969
/Users/bround/Desktop/Датасеты/Dataset_Mendeley_data/Unlabelled _UAV_Videos/Flight Test 1/FT1_segments_of_interest/f5_mini_e/eo/7_minie5_range_all_cut_blur.mp4,695,1,377,242,492,318,propagated:0.966
/Users/bround/Desktop/Датасеты/Dataset_Mendeley_data/Unlabelled _UAV_Videos/Flight Test 1/FT1_segments_of_interest/f5_mini_e/eo/7_minie5_range_all_cut_blur.mp4,696,1,377,241,492,317,propagated:0.983
/Users/bround/Desktop/Датасеты/Dataset_Mendeley_data/Unlabelled _UAV_Videos/Flight Test 1/FT1_segments_of_interest/f5_mini_e/eo/7_minie5_range_all_cut_blur.mp4,697,1,378,239,493,315,propagated:0.983
/Users/bround/Desktop/Датасеты/Dataset_Mendeley_data/Unlabelled _UAV_Videos/Flight Test 1/FT1_segments_of_interest/f5_mini_e/eo/7_minie5_range_all_cut_blur.mp4,698,1,378,239,493,315,propagated:0.988
/Users/bround/Desktop/Датасеты/Dataset_Mendeley_data/Unlabelled _UAV_Videos/Flight Test 1/FT1_segments_of_interest/f5_mini_e/eo/7_minie5_range_all_cut_blur.mp4,699,1,379,237,494,313,propagated:0.980
/Users/bround/Desktop/Датасеты/Dataset_Mendeley_data/Unlabelled _UAV_Videos/Flight Test 1/FT1_segments_of_interest/f5_mini_e/eo/7_minie5_range_all_cut_blur.mp4,700,1,380,235,495,311,propagated:0.977
/Users/bround/Desktop/Датасеты/Dataset_Mendeley_data/Unlabelled _UAV_Videos/Flight Test 1/FT1_segments_of_interest/f5_mini_e/eo/7_minie5_range_all_cut_blur.mp4,701,1,381,233,496,309,propagated:0.977
/Users/bround/Desktop/Датасеты/Dataset_Mendeley_data/Unlabelled _UAV_Videos/Flight Test 1/FT1_segments_of_interest/f5_mini_e/eo/7_minie5_range_all_cut_blur.mp4,702,1,381,231,496,307,propagated:0.988
/Users/bround/Desktop/Датасеты/Dataset_Mendeley_data/Unlabelled _UAV_Videos/Flight Test 1/FT1_segments_of_interest/f5_mini_e/eo/7_minie5_range_all_cut_blur.mp4,703,1,381,231,496,307,propagated:0.991
/Users/bround/Desktop/Датасеты/Dataset_Mendeley_data/Unlabelled _UAV_Videos/Flight Test 1/FT1_segments_of_interest/f5_mini_e/eo/7_minie5_range_all_cut_blur.mp4,704,1,382,230,497,306,propagated:0.978
/Users/bround/Desktop/Датасеты/Dataset_Mendeley_data/Unlabelled _UAV_Videos/Flight Test 1/FT1_segments_of_interest/f5_mini_e/eo/7_minie5_range_all_cut_blur.mp4,705,1,382,230,497,306,propagated:0.990
/Users/bround/Desktop/Датасеты/Dataset_Mendeley_data/Unlabelled _UAV_Videos/Flight Test 1/FT1_segments_of_interest/f5_mini_e/eo/7_minie5_range_all_cut_blur.mp4,706,1,382,231,497,307,propagated:0.992
/Users/bround/Desktop/Датасеты/Dataset_Mendeley_data/Unlabelled _UAV_Videos/Flight Test 1/FT1_segments_of_interest/f5_mini_e/eo/7_minie5_range_all_cut_blur.mp4,707,1,382,233,497,309,propagated:0.969
/Users/bround/Desktop/Датасеты/Dataset_Mendeley_data/Unlabelled _UAV_Videos/Flight Test 1/FT1_segments_of_interest/f5_mini_e/eo/7_minie5_range_all_cut_blur.mp4,708,1,381,235,496,311,propagated:0.968
/Users/bround/Desktop/Датасеты/Dataset_Mendeley_data/Unlabelled _UAV_Videos/Flight Test 1/FT1_segments_of_interest/f5_mini_e/eo/7_minie5_range_all_cut_blur.mp4,709,1,379,241,494,317,propagated:0.978
/Users/bround/Desktop/Датасеты/Dataset_Mendeley_data/Unlabelled _UAV_Videos/Flight Test 1/FT1_segments_of_interest/f5_mini_e/eo/7_minie5_range_all_cut_blur.mp4,710,1,379,241,494,317,propagated:0.985
/Users/bround/Desktop/Датасеты/Dataset_Mendeley_data/Unlabelled _UAV_Videos/Flight Test 1/FT1_segments_of_interest/f5_mini_e/eo/7_minie5_range_all_cut_blur.mp4,711,1,379,245,494,321,propagated:0.967
/Users/bround/Desktop/Датасеты/Dataset_Mendeley_data/Unlabelled _UAV_Videos/Flight Test 1/FT1_segments_of_interest/f5_mini_e/eo/7_minie5_range_all_cut_blur.mp4,712,1,377,246,492,322,propagated:0.954
/Users/bround/Desktop/Датасеты/Dataset_Mendeley_data/Unlabelled _UAV_Videos/Flight Test 1/FT1_segments_of_interest/f5_mini_e/eo/7_minie5_range_all_cut_blur.mp4,713,1,379,242,494,318,propagated:0.944
/Users/bround/Desktop/Датасеты/Dataset_Mendeley_data/Unlabelled _UAV_Videos/Flight Test 1/FT1_segments_of_interest/f5_mini_e/eo/7_minie5_range_all_cut_blur.mp4,714,1,381,233,496,309,propagated:0.952
/Users/bround/Desktop/Датасеты/Dataset_Mendeley_data/Unlabelled _UAV_Videos/Flight Test 1/FT1_segments_of_interest/f5_mini_e/eo/7_minie5_range_all_cut_blur.mp4,715,1,380,230,495,306,propagated:0.956
/Users/bround/Desktop/Датасеты/Dataset_Mendeley_data/Unlabelled _UAV_Videos/Flight Test 1/FT1_segments_of_interest/f5_mini_e/eo/7_minie5_range_all_cut_blur.mp4,716,1,380,230,495,306,propagated:1.000
/Users/bround/Desktop/Датасеты/Dataset_Mendeley_data/Unlabelled _UAV_Videos/Flight Test 1/FT1_segments_of_interest/f5_mini_e/eo/7_minie5_range_all_cut_blur.mp4,717,1,379,230,494,306,propagated:0.971
/Users/bround/Desktop/Датасеты/Dataset_Mendeley_data/Unlabelled _UAV_Videos/Flight Test 1/FT1_segments_of_interest/f5_mini_e/eo/7_minie5_range_all_cut_blur.mp4,718,1,379,231,494,307,propagated:0.987
/Users/bround/Desktop/Датасеты/Dataset_Mendeley_data/Unlabelled _UAV_Videos/Flight Test 1/FT1_segments_of_interest/f5_mini_e/eo/7_minie5_range_all_cut_blur.mp4,719,1,378,226,493,302,propagated:0.972
/Users/bround/Desktop/Датасеты/Dataset_Mendeley_data/Unlabelled _UAV_Videos/Flight Test 1/FT1_segments_of_interest/f5_mini_e/eo/7_minie5_range_all_cut_blur.mp4,720,1,377,220,492,296,propagated:0.985
/Users/bround/Desktop/Датасеты/Dataset_Mendeley_data/Unlabelled _UAV_Videos/Flight Test 1/FT1_segments_of_interest/f5_mini_e/eo/7_minie5_range_all_cut_blur.mp4,721,1,377,220,492,296,propagated:0.989
/Users/bround/Desktop/Датасеты/Dataset_Mendeley_data/Unlabelled _UAV_Videos/Flight Test 1/FT1_segments_of_interest/f5_mini_e/eo/7_minie5_range_all_cut_blur.mp4,722,1,377,215,492,291,propagated:0.986
/Users/bround/Desktop/Датасеты/Dataset_Mendeley_data/Unlabelled _UAV_Videos/Flight Test 1/FT1_segments_of_interest/f5_mini_e/eo/7_minie5_range_all_cut_blur.mp4,723,1,377,212,492,288,propagated:0.983
/Users/bround/Desktop/Датасеты/Dataset_Mendeley_data/Unlabelled _UAV_Videos/Flight Test 1/FT1_segments_of_interest/f5_mini_e/eo/7_minie5_range_all_cut_blur.mp4,724,1,377,210,492,286,propagated:0.975
/Users/bround/Desktop/Датасеты/Dataset_Mendeley_data/Unlabelled _UAV_Videos/Flight Test 1/FT1_segments_of_interest/f5_mini_e/eo/7_minie5_range_all_cut_blur.mp4,725,1,378,210,493,286,propagated:0.980
/Users/bround/Desktop/Датасеты/Dataset_Mendeley_data/Unlabelled _UAV_Videos/Flight Test 1/FT1_segments_of_interest/f5_mini_e/eo/7_minie5_range_all_cut_blur.mp4,726,1,377,210,492,286,propagated:0.978
/Users/bround/Desktop/Датасеты/Dataset_Mendeley_data/Unlabelled _UAV_Videos/Flight Test 1/FT1_segments_of_interest/f5_mini_e/eo/7_minie5_range_all_cut_blur.mp4,727,1,377,210,492,286,propagated:0.984
/Users/bround/Desktop/Датасеты/Dataset_Mendeley_data/Unlabelled _UAV_Videos/Flight Test 1/FT1_segments_of_interest/f5_mini_e/eo/7_minie5_range_all_cut_blur.mp4,728,1,375,209,490,285,propagated:0.991
/Users/bround/Desktop/Датасеты/Dataset_Mendeley_data/Unlabelled _UAV_Videos/Flight Test 1/FT1_segments_of_interest/f5_mini_e/eo/7_minie5_range_all_cut_blur.mp4,729,1,373,209,488,285,propagated:0.978
/Users/bround/Desktop/Датасеты/Dataset_Mendeley_data/Unlabelled _UAV_Videos/Flight Test 1/FT1_segments_of_interest/f5_mini_e/eo/7_minie5_range_all_cut_blur.mp4,730,1,374,207,489,283,propagated:0.982
/Users/bround/Desktop/Датасеты/Dataset_Mendeley_data/Unlabelled _UAV_Videos/Flight Test 1/FT1_segments_of_interest/f5_mini_e/eo/7_minie5_range_all_cut_blur.mp4,731,1,376,209,491,285,propagated:0.984
/Users/bround/Desktop/Датасеты/Dataset_Mendeley_data/Unlabelled _UAV_Videos/Flight Test 1/FT1_segments_of_interest/f5_mini_e/eo/7_minie5_range_all_cut_blur.mp4,732,1,378,210,493,286,propagated:0.975
/Users/bround/Desktop/Датасеты/Dataset_Mendeley_data/Unlabelled _UAV_Videos/Flight Test 1/FT1_segments_of_interest/f5_mini_e/eo/7_minie5_range_all_cut_blur.mp4,733,1,378,210,493,286,propagated:0.982
/Users/bround/Desktop/Датасеты/Dataset_Mendeley_data/Unlabelled _UAV_Videos/Flight Test 1/FT1_segments_of_interest/f5_mini_e/eo/7_minie5_range_all_cut_blur.mp4,734,1,379,214,494,290,propagated:0.984
/Users/bround/Desktop/Датасеты/Dataset_Mendeley_data/Unlabelled _UAV_Videos/Flight Test 1/FT1_segments_of_interest/f5_mini_e/eo/7_minie5_range_all_cut_blur.mp4,735,1,381,219,496,295,propagated:0.978
/Users/bround/Desktop/Датасеты/Dataset_Mendeley_data/Unlabelled _UAV_Videos/Flight Test 1/FT1_segments_of_interest/f5_mini_e/eo/7_minie5_range_all_cut_blur.mp4,736,1,381,226,496,302,propagated:0.984
/Users/bround/Desktop/Датасеты/Dataset_Mendeley_data/Unlabelled _UAV_Videos/Flight Test 1/FT1_segments_of_interest/f5_mini_e/eo/7_minie5_range_all_cut_blur.mp4,737,1,380,238,495,314,propagated:0.988
/Users/bround/Desktop/Датасеты/Dataset_Mendeley_data/Unlabelled _UAV_Videos/Flight Test 1/FT1_segments_of_interest/f5_mini_e/eo/7_minie5_range_all_cut_blur.mp4,738,1,380,253,495,329,propagated:0.985
/Users/bround/Desktop/Датасеты/Dataset_Mendeley_data/Unlabelled _UAV_Videos/Flight Test 1/FT1_segments_of_interest/f5_mini_e/eo/7_minie5_range_all_cut_blur.mp4,739,1,382,272,497,348,propagated:0.966
/Users/bround/Desktop/Датасеты/Dataset_Mendeley_data/Unlabelled _UAV_Videos/Flight Test 1/FT1_segments_of_interest/f5_mini_e/eo/7_minie5_range_all_cut_blur.mp4,740,1,382,272,497,348,propagated:0.976
/Users/bround/Desktop/Датасеты/Dataset_Mendeley_data/Unlabelled _UAV_Videos/Flight Test 1/FT1_segments_of_interest/f5_mini_e/eo/7_minie5_range_all_cut_blur.mp4,741,1,382,292,497,368,propagated:0.978
/Users/bround/Desktop/Датасеты/Dataset_Mendeley_data/Unlabelled _UAV_Videos/Flight Test 1/FT1_segments_of_interest/f5_mini_e/eo/7_minie5_range_all_cut_blur.mp4,742,1,384,315,499,391,propagated:0.978
/Users/bround/Desktop/Датасеты/Dataset_Mendeley_data/Unlabelled _UAV_Videos/Flight Test 1/FT1_segments_of_interest/f5_mini_e/eo/7_minie5_range_all_cut_blur.mp4,743,1,383,333,498,409,propagated:0.957
/Users/bround/Desktop/Датасеты/Dataset_Mendeley_data/Unlabelled _UAV_Videos/Flight Test 1/FT1_segments_of_interest/f5_mini_e/eo/7_minie5_range_all_cut_blur.mp4,744,1,384,350,499,426,propagated:0.960
/Users/bround/Desktop/Датасеты/Dataset_Mendeley_data/Unlabelled _UAV_Videos/Flight Test 1/FT1_segments_of_interest/f5_mini_e/eo/7_minie5_range_all_cut_blur.mp4,745,1,384,350,499,426,propagated:0.971
/Users/bround/Desktop/Датасеты/Dataset_Mendeley_data/Unlabelled _UAV_Videos/Flight Test 1/FT1_segments_of_interest/f5_mini_e/eo/7_minie5_range_all_cut_blur.mp4,746,1,386,365,501,441,propagated:0.985
/Users/bround/Desktop/Датасеты/Dataset_Mendeley_data/Unlabelled _UAV_Videos/Flight Test 1/FT1_segments_of_interest/f5_mini_e/eo/7_minie5_range_all_cut_blur.mp4,747,1,389,368,504,444,propagated:0.976
/Users/bround/Desktop/Датасеты/Dataset_Mendeley_data/Unlabelled _UAV_Videos/Flight Test 1/FT1_segments_of_interest/f5_mini_e/eo/7_minie5_range_all_cut_blur.mp4,748,1,391,369,506,445,propagated:0.980
/Users/bround/Desktop/Датасеты/Dataset_Mendeley_data/Unlabelled _UAV_Videos/Flight Test 1/FT1_segments_of_interest/f5_mini_e/eo/7_minie5_range_all_cut_blur.mp4,749,1,393,369,508,445,propagated:0.978
/Users/bround/Desktop/Датасеты/Dataset_Mendeley_data/Unlabelled _UAV_Videos/Flight Test 1/FT1_segments_of_interest/f5_mini_e/eo/7_minie5_range_all_cut_blur.mp4,750,1,395,371,510,447,propagated:0.975
/Users/bround/Desktop/Датасеты/Dataset_Mendeley_data/Unlabelled _UAV_Videos/Flight Test 1/FT1_segments_of_interest/f5_mini_e/eo/7_minie5_range_all_cut_blur.mp4,751,1,395,371,510,447,propagated:0.982
/Users/bround/Desktop/Датасеты/Dataset_Mendeley_data/Unlabelled _UAV_Videos/Flight Test 1/FT1_segments_of_interest/f5_mini_e/eo/7_minie5_range_all_cut_blur.mp4,752,1,395,367,510,443,propagated:0.985
/Users/bround/Desktop/Датасеты/Dataset_Mendeley_data/Unlabelled _UAV_Videos/Flight Test 1/FT1_segments_of_interest/f5_mini_e/eo/7_minie5_range_all_cut_blur.mp4,753,1,396,365,511,441,propagated:0.967
/Users/bround/Desktop/Датасеты/Dataset_Mendeley_data/Unlabelled _UAV_Videos/Flight Test 1/FT1_segments_of_interest/f5_mini_e/eo/7_minie5_range_all_cut_blur.mp4,754,1,396,363,511,439,propagated:0.974
/Users/bround/Desktop/Датасеты/Dataset_Mendeley_data/Unlabelled _UAV_Videos/Flight Test 1/FT1_segments_of_interest/f5_mini_e/eo/7_minie5_range_all_cut_blur.mp4,755,1,398,359,513,435,propagated:0.975
/Users/bround/Desktop/Датасеты/Dataset_Mendeley_data/Unlabelled _UAV_Videos/Flight Test 1/FT1_segments_of_interest/f5_mini_e/eo/7_minie5_range_all_cut_blur.mp4,756,1,398,356,513,432,propagated:0.977
/Users/bround/Desktop/Датасеты/Dataset_Mendeley_data/Unlabelled _UAV_Videos/Flight Test 1/FT1_segments_of_interest/f5_mini_e/eo/7_minie5_range_all_cut_blur.mp4,757,1,398,356,513,432,propagated:0.983
/Users/bround/Desktop/Датасеты/Dataset_Mendeley_data/Unlabelled _UAV_Videos/Flight Test 1/FT1_segments_of_interest/f5_mini_e/eo/7_minie5_range_all_cut_blur.mp4,758,1,400,352,515,428,propagated:0.984
/Users/bround/Desktop/Датасеты/Dataset_Mendeley_data/Unlabelled _UAV_Videos/Flight Test 1/FT1_segments_of_interest/f5_mini_e/eo/7_minie5_range_all_cut_blur.mp4,759,1,400,350,515,426,propagated:0.986
/Users/bround/Desktop/Датасеты/Dataset_Mendeley_data/Unlabelled _UAV_Videos/Flight Test 1/FT1_segments_of_interest/f5_mini_e/eo/7_minie5_range_all_cut_blur.mp4,760,1,400,345,515,421,propagated:0.986
/Users/bround/Desktop/Датасеты/Dataset_Mendeley_data/Unlabelled _UAV_Videos/Flight Test 1/FT1_segments_of_interest/f5_mini_e/eo/7_minie5_range_all_cut_blur.mp4,761,1,401,341,516,417,propagated:0.975
/Users/bround/Desktop/Датасеты/Dataset_Mendeley_data/Unlabelled _UAV_Videos/Flight Test 1/FT1_segments_of_interest/f5_mini_e/eo/7_minie5_range_all_cut_blur.mp4,762,1,401,338,516,414,propagated:0.972
/Users/bround/Desktop/Датасеты/Dataset_Mendeley_data/Unlabelled _UAV_Videos/Flight Test 1/FT1_segments_of_interest/f5_mini_e/eo/7_minie5_range_all_cut_blur.mp4,763,1,401,338,516,414,propagated:0.980
/Users/bround/Desktop/Датасеты/Dataset_Mendeley_data/Unlabelled _UAV_Videos/Flight Test 1/FT1_segments_of_interest/f5_mini_e/eo/7_minie5_range_all_cut_blur.mp4,764,1,404,333,519,409,propagated:0.970
/Users/bround/Desktop/Датасеты/Dataset_Mendeley_data/Unlabelled _UAV_Videos/Flight Test 1/FT1_segments_of_interest/f5_mini_e/eo/7_minie5_range_all_cut_blur.mp4,765,1,405,333,520,409,propagated:0.980
/Users/bround/Desktop/Датасеты/Dataset_Mendeley_data/Unlabelled _UAV_Videos/Flight Test 1/FT1_segments_of_interest/f5_mini_e/eo/7_minie5_range_all_cut_blur.mp4,766,1,406,332,521,408,propagated:0.982
/Users/bround/Desktop/Датасеты/Dataset_Mendeley_data/Unlabelled _UAV_Videos/Flight Test 1/FT1_segments_of_interest/f5_mini_e/eo/7_minie5_range_all_cut_blur.mp4,767,1,406,333,521,409,propagated:0.981
/Users/bround/Desktop/Датасеты/Dataset_Mendeley_data/Unlabelled _UAV_Videos/Flight Test 1/FT1_segments_of_interest/f5_mini_e/eo/7_minie5_range_all_cut_blur.mp4,768,1,405,332,520,408,propagated:0.976
/Users/bround/Desktop/Датасеты/Dataset_Mendeley_data/Unlabelled _UAV_Videos/Flight Test 1/FT1_segments_of_interest/f5_mini_e/eo/7_minie5_range_all_cut_blur.mp4,769,1,405,332,520,408,propagated:0.983
/Users/bround/Desktop/Датасеты/Dataset_Mendeley_data/Unlabelled _UAV_Videos/Flight Test 1/FT1_segments_of_interest/f5_mini_e/eo/7_minie5_range_all_cut_blur.mp4,770,1,405,328,520,404,propagated:0.978
/Users/bround/Desktop/Датасеты/Dataset_Mendeley_data/Unlabelled _UAV_Videos/Flight Test 1/FT1_segments_of_interest/f5_mini_e/eo/7_minie5_range_all_cut_blur.mp4,771,1,404,327,519,403,propagated:0.985
/Users/bround/Desktop/Датасеты/Dataset_Mendeley_data/Unlabelled _UAV_Videos/Flight Test 1/FT1_segments_of_interest/f5_mini_e/eo/7_minie5_range_all_cut_blur.mp4,772,1,405,329,520,405,propagated:0.976
/Users/bround/Desktop/Датасеты/Dataset_Mendeley_data/Unlabelled _UAV_Videos/Flight Test 1/FT1_segments_of_interest/f5_mini_e/eo/7_minie5_range_all_cut_blur.mp4,773,1,405,330,520,406,propagated:0.979
/Users/bround/Desktop/Датасеты/Dataset_Mendeley_data/Unlabelled _UAV_Videos/Flight Test 1/FT1_segments_of_interest/f5_mini_e/eo/7_minie5_range_all_cut_blur.mp4,774,1,404,333,519,409,propagated:0.980
/Users/bround/Desktop/Датасеты/Dataset_Mendeley_data/Unlabelled _UAV_Videos/Flight Test 1/FT1_segments_of_interest/f5_mini_e/eo/7_minie5_range_all_cut_blur.mp4,775,1,404,333,519,409,propagated:0.986
/Users/bround/Desktop/Датасеты/Dataset_Mendeley_data/Unlabelled _UAV_Videos/Flight Test 1/FT1_segments_of_interest/f5_mini_e/eo/7_minie5_range_all_cut_blur.mp4,776,1,405,335,520,411,propagated:0.988
/Users/bround/Desktop/Датасеты/Dataset_Mendeley_data/Unlabelled _UAV_Videos/Flight Test 1/FT1_segments_of_interest/f5_mini_e/eo/7_minie5_range_all_cut_blur.mp4,777,1,404,336,519,412,propagated:0.987
/Users/bround/Desktop/Датасеты/Dataset_Mendeley_data/Unlabelled _UAV_Videos/Flight Test 1/FT1_segments_of_interest/f5_mini_e/eo/7_minie5_range_all_cut_blur.mp4,778,1,404,335,519,411,propagated:0.971
/Users/bround/Desktop/Датасеты/Dataset_Mendeley_data/Unlabelled _UAV_Videos/Flight Test 1/FT1_segments_of_interest/f5_mini_e/eo/7_minie5_range_all_cut_blur.mp4,779,1,403,335,518,411,propagated:0.978
/Users/bround/Desktop/Датасеты/Dataset_Mendeley_data/Unlabelled _UAV_Videos/Flight Test 1/FT1_segments_of_interest/f5_mini_e/eo/7_minie5_range_all_cut_blur.mp4,780,1,398,334,513,410,propagated:0.973
/Users/bround/Desktop/Датасеты/Dataset_Mendeley_data/Unlabelled _UAV_Videos/Flight Test 1/FT1_segments_of_interest/f5_mini_e/eo/7_minie5_range_all_cut_blur.mp4,781,1,398,326,513,402,propagated:0.988
/Users/bround/Desktop/Датасеты/Dataset_Mendeley_data/Unlabelled _UAV_Videos/Flight Test 1/FT1_segments_of_interest/f5_mini_e/eo/7_minie5_range_all_cut_blur.mp4,782,1,398,326,513,402,propagated:0.991
/Users/bround/Desktop/Датасеты/Dataset_Mendeley_data/Unlabelled _UAV_Videos/Flight Test 1/FT1_segments_of_interest/f5_mini_e/eo/7_minie5_range_all_cut_blur.mp4,783,1,399,322,514,398,propagated:0.989
/Users/bround/Desktop/Датасеты/Dataset_Mendeley_data/Unlabelled _UAV_Videos/Flight Test 1/FT1_segments_of_interest/f5_mini_e/eo/7_minie5_range_all_cut_blur.mp4,784,1,399,320,514,396,propagated:0.990
/Users/bround/Desktop/Датасеты/Dataset_Mendeley_data/Unlabelled _UAV_Videos/Flight Test 1/FT1_segments_of_interest/f5_mini_e/eo/7_minie5_range_all_cut_blur.mp4,785,1,398,317,513,393,propagated:0.978
/Users/bround/Desktop/Датасеты/Dataset_Mendeley_data/Unlabelled _UAV_Videos/Flight Test 1/FT1_segments_of_interest/f5_mini_e/eo/7_minie5_range_all_cut_blur.mp4,786,1,399,313,514,389,propagated:0.991
/Users/bround/Desktop/Датасеты/Dataset_Mendeley_data/Unlabelled _UAV_Videos/Flight Test 1/FT1_segments_of_interest/f5_mini_e/eo/7_minie5_range_all_cut_blur.mp4,787,1,400,308,515,384,propagated:0.990
/Users/bround/Desktop/Датасеты/Dataset_Mendeley_data/Unlabelled _UAV_Videos/Flight Test 1/FT1_segments_of_interest/f5_mini_e/eo/7_minie5_range_all_cut_blur.mp4,788,1,400,308,515,384,propagated:0.993
/Users/bround/Desktop/Датасеты/Dataset_Mendeley_data/Unlabelled _UAV_Videos/Flight Test 1/FT1_segments_of_interest/f5_mini_e/eo/7_minie5_range_all_cut_blur.mp4,789,1,402,303,517,379,propagated:0.975
/Users/bround/Desktop/Датасеты/Dataset_Mendeley_data/Unlabelled _UAV_Videos/Flight Test 1/FT1_segments_of_interest/f5_mini_e/eo/7_minie5_range_all_cut_blur.mp4,790,1,402,298,517,374,propagated:0.981
/Users/bround/Desktop/Датасеты/Dataset_Mendeley_data/Unlabelled _UAV_Videos/Flight Test 1/FT1_segments_of_interest/f5_mini_e/eo/7_minie5_range_all_cut_blur.mp4,791,1,403,293,518,369,propagated:0.987
/Users/bround/Desktop/Датасеты/Dataset_Mendeley_data/Unlabelled _UAV_Videos/Flight Test 1/FT1_segments_of_interest/f5_mini_e/eo/7_minie5_range_all_cut_blur.mp4,792,1,403,287,518,363,propagated:0.985
/Users/bround/Desktop/Датасеты/Dataset_Mendeley_data/Unlabelled _UAV_Videos/Flight Test 1/FT1_segments_of_interest/f5_mini_e/eo/7_minie5_range_all_cut_blur.mp4,793,1,403,287,518,363,propagated:0.990
/Users/bround/Desktop/Датасеты/Dataset_Mendeley_data/Unlabelled _UAV_Videos/Flight Test 1/FT1_segments_of_interest/f5_mini_e/eo/7_minie5_range_all_cut_blur.mp4,794,1,403,283,518,359,propagated:0.972
/Users/bround/Desktop/Датасеты/Dataset_Mendeley_data/Unlabelled _UAV_Videos/Flight Test 1/FT1_segments_of_interest/f5_mini_e/eo/7_minie5_range_all_cut_blur.mp4,795,1,403,283,518,359,propagated:0.979
/Users/bround/Desktop/Датасеты/Dataset_Mendeley_data/Unlabelled _UAV_Videos/Flight Test 1/FT1_segments_of_interest/f5_mini_e/eo/7_minie5_range_all_cut_blur.mp4,796,1,403,279,518,355,propagated:0.977
/Users/bround/Desktop/Датасеты/Dataset_Mendeley_data/Unlabelled _UAV_Videos/Flight Test 1/FT1_segments_of_interest/f5_mini_e/eo/7_minie5_range_all_cut_blur.mp4,797,1,401,276,516,352,propagated:0.989
/Users/bround/Desktop/Датасеты/Dataset_Mendeley_data/Unlabelled _UAV_Videos/Flight Test 1/FT1_segments_of_interest/f5_mini_e/eo/7_minie5_range_all_cut_blur.mp4,798,1,400,271,515,347,propagated:0.988
/Users/bround/Desktop/Датасеты/Dataset_Mendeley_data/Unlabelled _UAV_Videos/Flight Test 1/FT1_segments_of_interest/f5_mini_e/eo/7_minie5_range_all_cut_blur.mp4,799,1,400,271,515,347,propagated:0.992
/Users/bround/Desktop/Датасеты/Dataset_Mendeley_data/Unlabelled _UAV_Videos/Flight Test 1/FT1_segments_of_interest/f5_mini_e/eo/7_minie5_range_all_cut_blur.mp4,800,1,400,265,515,341,propagated:0.987
/Users/bround/Desktop/Датасеты/Dataset_Mendeley_data/Unlabelled _UAV_Videos/Flight Test 1/FT1_segments_of_interest/f5_mini_e/eo/7_minie5_range_all_cut_blur.mp4,801,1,401,261,516,337,propagated:0.972
/Users/bround/Desktop/Датасеты/Dataset_Mendeley_data/Unlabelled _UAV_Videos/Flight Test 1/FT1_segments_of_interest/f5_mini_e/eo/7_minie5_range_all_cut_blur.mp4,802,1,399,258,514,334,propagated:0.981
/Users/bround/Desktop/Датасеты/Dataset_Mendeley_data/Unlabelled _UAV_Videos/Flight Test 1/FT1_segments_of_interest/f5_mini_e/eo/7_minie5_range_all_cut_blur.mp4,803,1,396,256,511,332,propagated:0.977
/Users/bround/Desktop/Датасеты/Dataset_Mendeley_data/Unlabelled _UAV_Videos/Flight Test 1/FT1_segments_of_interest/f5_mini_e/eo/7_minie5_range_all_cut_blur.mp4,804,1,388,253,503,329,propagated:0.972
/Users/bround/Desktop/Датасеты/Dataset_Mendeley_data/Unlabelled _UAV_Videos/Flight Test 1/FT1_segments_of_interest/f5_mini_e/eo/7_minie5_range_all_cut_blur.mp4,805,1,377,249,492,325,propagated:0.973
/Users/bround/Desktop/Датасеты/Dataset_Mendeley_data/Unlabelled _UAV_Videos/Flight Test 1/FT1_segments_of_interest/f5_mini_e/eo/7_minie5_range_all_cut_blur.mp4,806,1,377,249,492,325,propagated:1.000
/Users/bround/Desktop/Датасеты/Dataset_Mendeley_data/Unlabelled _UAV_Videos/Flight Test 1/FT1_segments_of_interest/f5_mini_e/eo/7_minie5_range_all_cut_blur.mp4,807,1,366,244,481,320,propagated:0.985
/Users/bround/Desktop/Датасеты/Dataset_Mendeley_data/Unlabelled _UAV_Videos/Flight Test 1/FT1_segments_of_interest/f5_mini_e/eo/7_minie5_range_all_cut_blur.mp4,808,1,358,238,473,314,propagated:0.967
/Users/bround/Desktop/Датасеты/Dataset_Mendeley_data/Unlabelled _UAV_Videos/Flight Test 1/FT1_segments_of_interest/f5_mini_e/eo/7_minie5_range_all_cut_blur.mp4,809,1,344,234,459,310,propagated:0.982
/Users/bround/Desktop/Датасеты/Dataset_Mendeley_data/Unlabelled _UAV_Videos/Flight Test 1/FT1_segments_of_interest/f5_mini_e/eo/7_minie5_range_all_cut_blur.mp4,810,1,334,231,449,307,propagated:0.964
/Users/bround/Desktop/Датасеты/Dataset_Mendeley_data/Unlabelled _UAV_Videos/Flight Test 1/FT1_segments_of_interest/f5_mini_e/eo/7_minie5_range_all_cut_blur.mp4,811,1,321,223,436,299,propagated:0.968
/Users/bround/Desktop/Датасеты/Dataset_Mendeley_data/Unlabelled _UAV_Videos/Flight Test 1/FT1_segments_of_interest/f5_mini_e/eo/7_minie5_range_all_cut_blur.mp4,812,1,321,223,436,299,propagated:0.977
/Users/bround/Desktop/Датасеты/Dataset_Mendeley_data/Unlabelled _UAV_Videos/Flight Test 1/FT1_segments_of_interest/f5_mini_e/eo/7_minie5_range_all_cut_blur.mp4,813,1,307,210,422,286,propagated:0.973
/Users/bround/Desktop/Датасеты/Dataset_Mendeley_data/Unlabelled _UAV_Videos/Flight Test 1/FT1_segments_of_interest/f5_mini_e/eo/7_minie5_range_all_cut_blur.mp4,814,1,289,196,404,272,propagated:0.968
/Users/bround/Desktop/Датасеты/Dataset_Mendeley_data/Unlabelled _UAV_Videos/Flight Test 1/FT1_segments_of_interest/f5_mini_e/eo/7_minie5_range_all_cut_blur.mp4,815,1,266,179,381,255,propagated:0.962
/Users/bround/Desktop/Датасеты/Dataset_Mendeley_data/Unlabelled _UAV_Videos/Flight Test 1/FT1_segments_of_interest/f5_mini_e/eo/7_minie5_range_all_cut_blur.mp4,816,1,247,168,362,244,propagated:0.988
/Users/bround/Desktop/Датасеты/Dataset_Mendeley_data/Unlabelled _UAV_Videos/Flight Test 1/FT1_segments_of_interest/f5_mini_e/eo/7_minie5_range_all_cut_blur.mp4,817,1,235,170,350,246,propagated:0.987
/Users/bround/Desktop/Датасеты/Dataset_Mendeley_data/Unlabelled _UAV_Videos/Flight Test 1/FT1_segments_of_interest/f5_mini_e/eo/7_minie5_range_all_cut_blur.mp4,818,1,235,170,350,246,propagated:0.991
/Users/bround/Desktop/Датасеты/Dataset_Mendeley_data/Unlabelled _UAV_Videos/Flight Test 1/FT1_segments_of_interest/f5_mini_e/eo/7_minie5_range_all_cut_blur.mp4,819,1,226,185,341,261,propagated:0.983
/Users/bround/Desktop/Датасеты/Dataset_Mendeley_data/Unlabelled _UAV_Videos/Flight Test 1/FT1_segments_of_interest/f5_mini_e/eo/7_minie5_range_all_cut_blur.mp4,820,1,222,209,337,285,propagated:0.977
/Users/bround/Desktop/Датасеты/Dataset_Mendeley_data/Unlabelled _UAV_Videos/Flight Test 1/FT1_segments_of_interest/f5_mini_e/eo/7_minie5_range_all_cut_blur.mp4,821,1,218,228,333,304,propagated:0.984
/Users/bround/Desktop/Датасеты/Dataset_Mendeley_data/Unlabelled _UAV_Videos/Flight Test 1/FT1_segments_of_interest/f5_mini_e/eo/7_minie5_range_all_cut_blur.mp4,822,1,208,240,323,316,propagated:0.974
/Users/bround/Desktop/Датасеты/Dataset_Mendeley_data/Unlabelled _UAV_Videos/Flight Test 1/FT1_segments_of_interest/f5_mini_e/eo/7_minie5_range_all_cut_blur.mp4,823,1,199,247,314,323,propagated:0.974
/Users/bround/Desktop/Датасеты/Dataset_Mendeley_data/Unlabelled _UAV_Videos/Flight Test 1/FT1_segments_of_interest/f5_mini_e/eo/7_minie5_range_all_cut_blur.mp4,824,1,199,247,314,323,propagated:0.981
/Users/bround/Desktop/Датасеты/Dataset_Mendeley_data/Unlabelled _UAV_Videos/Flight Test 1/FT1_segments_of_interest/f5_mini_e/eo/7_minie5_range_all_cut_blur.mp4,825,1,193,245,308,321,propagated:0.971
/Users/bround/Desktop/Датасеты/Dataset_Mendeley_data/Unlabelled _UAV_Videos/Flight Test 1/FT1_segments_of_interest/f5_mini_e/eo/7_minie5_range_all_cut_blur.mp4,826,1,187,242,302,318,propagated:0.990
/Users/bround/Desktop/Датасеты/Dataset_Mendeley_data/Unlabelled _UAV_Videos/Flight Test 1/FT1_segments_of_interest/f5_mini_e/eo/7_minie5_range_all_cut_blur.mp4,827,1,178,241,293,317,propagated:0.986
/Users/bround/Desktop/Датасеты/Dataset_Mendeley_data/Unlabelled _UAV_Videos/Flight Test 1/FT1_segments_of_interest/f5_mini_e/eo/7_minie5_range_all_cut_blur.mp4,828,1,169,235,284,311,propagated:0.984
/Users/bround/Desktop/Датасеты/Dataset_Mendeley_data/Unlabelled _UAV_Videos/Flight Test 1/FT1_segments_of_interest/f5_mini_e/eo/7_minie5_range_all_cut_blur.mp4,829,1,169,235,284,311,propagated:0.988
/Users/bround/Desktop/Датасеты/Dataset_Mendeley_data/Unlabelled _UAV_Videos/Flight Test 1/FT1_segments_of_interest/f5_mini_e/eo/7_minie5_range_all_cut_blur.mp4,830,1,165,231,280,307,propagated:0.977
/Users/bround/Desktop/Датасеты/Dataset_Mendeley_data/Unlabelled _UAV_Videos/Flight Test 1/FT1_segments_of_interest/f5_mini_e/eo/7_minie5_range_all_cut_blur.mp4,831,1,155,231,270,307,propagated:0.975
/Users/bround/Desktop/Датасеты/Dataset_Mendeley_data/Unlabelled _UAV_Videos/Flight Test 1/FT1_segments_of_interest/f5_mini_e/eo/7_minie5_range_all_cut_blur.mp4,832,1,145,240,260,316,propagated:0.975
/Users/bround/Desktop/Датасеты/Dataset_Mendeley_data/Unlabelled _UAV_Videos/Flight Test 1/FT1_segments_of_interest/f5_mini_e/eo/7_minie5_range_all_cut_blur.mp4,833,1,132,249,247,325,propagated:0.971
/Users/bround/Desktop/Датасеты/Dataset_Mendeley_data/Unlabelled _UAV_Videos/Flight Test 1/FT1_segments_of_interest/f5_mini_e/eo/7_minie5_range_all_cut_blur.mp4,834,1,123,255,238,331,propagated:0.979
/Users/bround/Desktop/Датасеты/Dataset_Mendeley_data/Unlabelled _UAV_Videos/Flight Test 1/FT1_segments_of_interest/f5_mini_e/eo/7_minie5_range_all_cut_blur.mp4,835,1,123,259,238,335,propagated:0.981
/Users/bround/Desktop/Датасеты/Dataset_Mendeley_data/Unlabelled _UAV_Videos/Flight Test 1/FT1_segments_of_interest/f5_mini_e/eo/7_minie5_range_all_cut_blur.mp4,836,1,123,259,238,335,propagated:1.000
/Users/bround/Desktop/Датасеты/Dataset_Mendeley_data/Unlabelled _UAV_Videos/Flight Test 1/FT1_segments_of_interest/f5_mini_e/eo/7_minie5_range_all_cut_blur.mp4,837,1,125,256,240,332,propagated:0.985
/Users/bround/Desktop/Датасеты/Dataset_Mendeley_data/Unlabelled _UAV_Videos/Flight Test 1/FT1_segments_of_interest/f5_mini_e/eo/7_minie5_range_all_cut_blur.mp4,838,1,126,253,241,329,propagated:0.985
/Users/bround/Desktop/Датасеты/Dataset_Mendeley_data/Unlabelled _UAV_Videos/Flight Test 1/FT1_segments_of_interest/f5_mini_e/eo/7_minie5_range_all_cut_blur.mp4,839,1,127,254,242,330,propagated:0.982
/Users/bround/Desktop/Датасеты/Dataset_Mendeley_data/Unlabelled _UAV_Videos/Flight Test 1/FT1_segments_of_interest/f5_mini_e/eo/7_minie5_range_all_cut_blur.mp4,840,1,131,251,246,327,propagated:0.981
/Users/bround/Desktop/Датасеты/Dataset_Mendeley_data/Unlabelled _UAV_Videos/Flight Test 1/FT1_segments_of_interest/f5_mini_e/eo/7_minie5_range_all_cut_blur.mp4,841,1,131,251,246,327,propagated:0.987
/Users/bround/Desktop/Датасеты/Dataset_Mendeley_data/Unlabelled _UAV_Videos/Flight Test 1/FT1_segments_of_interest/f5_mini_e/eo/7_minie5_range_all_cut_blur.mp4,842,1,137,244,252,320,propagated:0.982
/Users/bround/Desktop/Датасеты/Dataset_Mendeley_data/Unlabelled _UAV_Videos/Flight Test 1/FT1_segments_of_interest/f5_mini_e/eo/7_minie5_range_all_cut_blur.mp4,843,1,147,236,262,312,propagated:0.979
/Users/bround/Desktop/Датасеты/Dataset_Mendeley_data/Unlabelled _UAV_Videos/Flight Test 1/FT1_segments_of_interest/f5_mini_e/eo/7_minie5_range_all_cut_blur.mp4,844,1,164,222,279,298,propagated:0.981
/Users/bround/Desktop/Датасеты/Dataset_Mendeley_data/Unlabelled _UAV_Videos/Flight Test 1/FT1_segments_of_interest/f5_mini_e/eo/7_minie5_range_all_cut_blur.mp4,845,1,183,209,298,285,propagated:0.983
/Users/bround/Desktop/Датасеты/Dataset_Mendeley_data/Unlabelled _UAV_Videos/Flight Test 1/FT1_segments_of_interest/f5_mini_e/eo/7_minie5_range_all_cut_blur.mp4,846,1,194,196,309,272,propagated:0.984
/Users/bround/Desktop/Датасеты/Dataset_Mendeley_data/Unlabelled _UAV_Videos/Flight Test 1/FT1_segments_of_interest/f5_mini_e/eo/7_minie5_range_all_cut_blur.mp4,847,1,194,181,309,257,propagated:0.983
/Users/bround/Desktop/Датасеты/Dataset_Mendeley_data/Unlabelled _UAV_Videos/Flight Test 1/FT1_segments_of_interest/f5_mini_e/eo/7_minie5_range_all_cut_blur.mp4,848,1,194,181,309,257,propagated:0.988
/Users/bround/Desktop/Датасеты/Dataset_Mendeley_data/Unlabelled _UAV_Videos/Flight Test 1/FT1_segments_of_interest/f5_mini_e/eo/7_minie5_range_all_cut_blur.mp4,849,1,181,172,296,248,propagated:0.981
/Users/bround/Desktop/Датасеты/Dataset_Mendeley_data/Unlabelled _UAV_Videos/Flight Test 1/FT1_segments_of_interest/f5_mini_e/eo/7_minie5_range_all_cut_blur.mp4,850,1,171,174,286,250,propagated:0.968
/Users/bround/Desktop/Датасеты/Dataset_Mendeley_data/Unlabelled _UAV_Videos/Flight Test 1/FT1_segments_of_interest/f5_mini_e/eo/7_minie5_range_all_cut_blur.mp4,851,1,172,169,287,245,propagated:0.979
/Users/bround/Desktop/Датасеты/Dataset_Mendeley_data/Unlabelled _UAV_Videos/Flight Test 1/FT1_segments_of_interest/f5_mini_e/eo/7_minie5_range_all_cut_blur.mp4,852,1,176,167,291,243,propagated:0.980
/Users/bround/Desktop/Датасеты/Dataset_Mendeley_data/Unlabelled _UAV_Videos/Flight Test 1/FT1_segments_of_interest/f5_mini_e/eo/7_minie5_range_all_cut_blur.mp4,853,1,176,167,291,243,propagated:0.986
/Users/bround/Desktop/Датасеты/Dataset_Mendeley_data/Unlabelled _UAV_Videos/Flight Test 1/FT1_segments_of_interest/f5_mini_e/eo/7_minie5_range_all_cut_blur.mp4,854,1,187,161,302,237,propagated:0.979
/Users/bround/Desktop/Датасеты/Dataset_Mendeley_data/Unlabelled _UAV_Videos/Flight Test 1/FT1_segments_of_interest/f5_mini_e/eo/7_minie5_range_all_cut_blur.mp4,855,1,204,154,319,230,propagated:0.982
/Users/bround/Desktop/Датасеты/Dataset_Mendeley_data/Unlabelled _UAV_Videos/Flight Test 1/FT1_segments_of_interest/f5_mini_e/eo/7_minie5_range_all_cut_blur.mp4,856,1,219,147,334,223,propagated:0.985
/Users/bround/Desktop/Датасеты/Dataset_Mendeley_data/Unlabelled _UAV_Videos/Flight Test 1/FT1_segments_of_interest/f5_mini_e/eo/7_minie5_range_all_cut_blur.mp4,857,1,220,147,335,223,propagated:0.976
/Users/bround/Desktop/Датасеты/Dataset_Mendeley_data/Unlabelled _UAV_Videos/Flight Test 1/FT1_segments_of_interest/f5_mini_e/eo/7_minie5_range_all_cut_blur.mp4,858,1,215,158,330,234,propagated:0.987
/Users/bround/Desktop/Датасеты/Dataset_Mendeley_data/Unlabelled _UAV_Videos/Flight Test 1/FT1_segments_of_interest/f5_mini_e/eo/7_minie5_range_all_cut_blur.mp4,859,1,215,158,330,234,propagated:0.991
/Users/bround/Desktop/Датасеты/Dataset_Mendeley_data/Unlabelled _UAV_Videos/Flight Test 1/FT1_segments_of_interest/f5_mini_e/eo/7_minie5_range_all_cut_blur.mp4,860,1,214,160,329,236,propagated:0.982
/Users/bround/Desktop/Датасеты/Dataset_Mendeley_data/Unlabelled _UAV_Videos/Flight Test 1/FT1_segments_of_interest/f5_mini_e/eo/7_minie5_range_all_cut_blur.mp4,861,1,215,156,330,232,propagated:0.989
/Users/bround/Desktop/Датасеты/Dataset_Mendeley_data/Unlabelled _UAV_Videos/Flight Test 1/FT1_segments_of_interest/f5_mini_e/eo/7_minie5_range_all_cut_blur.mp4,862,1,208,157,323,233,propagated:0.986
/Users/bround/Desktop/Датасеты/Dataset_Mendeley_data/Unlabelled _UAV_Videos/Flight Test 1/FT1_segments_of_interest/f5_mini_e/eo/7_minie5_range_all_cut_blur.mp4,863,1,199,156,314,232,propagated:0.978
/Users/bround/Desktop/Датасеты/Dataset_Mendeley_data/Unlabelled _UAV_Videos/Flight Test 1/FT1_segments_of_interest/f5_mini_e/eo/7_minie5_range_all_cut_blur.mp4,864,1,193,152,308,228,propagated:0.985
/Users/bround/Desktop/Датасеты/Dataset_Mendeley_data/Unlabelled _UAV_Videos/Flight Test 1/FT1_segments_of_interest/f5_mini_e/eo/7_minie5_range_all_cut_blur.mp4,865,1,187,143,302,219,propagated:0.980
/Users/bround/Desktop/Датасеты/Dataset_Mendeley_data/Unlabelled _UAV_Videos/Flight Test 1/FT1_segments_of_interest/f5_mini_e/eo/7_minie5_range_all_cut_blur.mp4,866,1,187,143,302,219,propagated:1.000
/Users/bround/Desktop/Датасеты/Dataset_Mendeley_data/Unlabelled _UAV_Videos/Flight Test 1/FT1_segments_of_interest/f5_mini_e/eo/7_minie5_range_all_cut_blur.mp4,867,1,175,128,290,204,propagated:0.983
/Users/bround/Desktop/Датасеты/Dataset_Mendeley_data/Unlabelled _UAV_Videos/Flight Test 1/FT1_segments_of_interest/f5_mini_e/eo/7_minie5_range_all_cut_blur.mp4,868,1,169,120,284,196,propagated:0.983
/Users/bround/Desktop/Датасеты/Dataset_Mendeley_data/Unlabelled _UAV_Videos/Flight Test 1/FT1_segments_of_interest/f5_mini_e/eo/7_minie5_range_all_cut_blur.mp4,869,1,168,119,283,195,propagated:0.986
/Users/bround/Desktop/Датасеты/Dataset_Mendeley_data/Unlabelled _UAV_Videos/Flight Test 1/FT1_segments_of_interest/f5_mini_e/eo/7_minie5_range_all_cut_blur.mp4,870,1,168,116,283,192,propagated:0.978
/Users/bround/Desktop/Датасеты/Dataset_Mendeley_data/Unlabelled _UAV_Videos/Flight Test 1/FT1_segments_of_interest/f5_mini_e/eo/7_minie5_range_all_cut_blur.mp4,871,1,168,114,283,190,propagated:0.989
/Users/bround/Desktop/Датасеты/Dataset_Mendeley_data/Unlabelled _UAV_Videos/Flight Test 1/FT1_segments_of_interest/f5_mini_e/eo/7_minie5_range_all_cut_blur.mp4,872,1,168,114,283,190,propagated:0.992
/Users/bround/Desktop/Датасеты/Dataset_Mendeley_data/Unlabelled _UAV_Videos/Flight Test 1/FT1_segments_of_interest/f5_mini_e/eo/7_minie5_range_all_cut_blur.mp4,873,1,168,112,283,188,propagated:0.983
/Users/bround/Desktop/Датасеты/Dataset_Mendeley_data/Unlabelled _UAV_Videos/Flight Test 1/FT1_segments_of_interest/f5_mini_e/eo/7_minie5_range_all_cut_blur.mp4,874,1,163,116,278,192,propagated:0.989
/Users/bround/Desktop/Датасеты/Dataset_Mendeley_data/Unlabelled _UAV_Videos/Flight Test 1/FT1_segments_of_interest/f5_mini_e/eo/7_minie5_range_all_cut_blur.mp4,875,1,161,124,276,200,propagated:0.979
/Users/bround/Desktop/Датасеты/Dataset_Mendeley_data/Unlabelled _UAV_Videos/Flight Test 1/FT1_segments_of_interest/f5_mini_e/eo/7_minie5_range_all_cut_blur.mp4,876,1,160,135,275,211,propagated:0.981
/Users/bround/Desktop/Датасеты/Dataset_Mendeley_data/Unlabelled _UAV_Videos/Flight Test 1/FT1_segments_of_interest/f5_mini_e/eo/7_minie5_range_all_cut_blur.mp4,877,1,160,135,275,211,propagated:0.986
/Users/bround/Desktop/Датасеты/Dataset_Mendeley_data/Unlabelled _UAV_Videos/Flight Test 1/FT1_segments_of_interest/f5_mini_e/eo/7_minie5_range_all_cut_blur.mp4,878,1,161,145,276,221,propagated:0.976
/Users/bround/Desktop/Датасеты/Dataset_Mendeley_data/Unlabelled _UAV_Videos/Flight Test 1/FT1_segments_of_interest/f5_mini_e/eo/7_minie5_range_all_cut_blur.mp4,879,1,168,155,283,231,propagated:0.977
/Users/bround/Desktop/Датасеты/Dataset_Mendeley_data/Unlabelled _UAV_Videos/Flight Test 1/FT1_segments_of_interest/f5_mini_e/eo/7_minie5_range_all_cut_blur.mp4,880,1,175,160,290,236,propagated:0.975
/Users/bround/Desktop/Датасеты/Dataset_Mendeley_data/Unlabelled _UAV_Videos/Flight Test 1/FT1_segments_of_interest/f5_mini_e/eo/7_minie5_range_all_cut_blur.mp4,881,1,178,162,293,238,propagated:0.973
/Users/bround/Desktop/Датасеты/Dataset_Mendeley_data/Unlabelled _UAV_Videos/Flight Test 1/FT1_segments_of_interest/f5_mini_e/eo/7_minie5_range_all_cut_blur.mp4,882,1,182,175,297,251,propagated:0.976
/Users/bround/Desktop/Датасеты/Dataset_Mendeley_data/Unlabelled _UAV_Videos/Flight Test 1/FT1_segments_of_interest/f5_mini_e/eo/7_minie5_range_all_cut_blur.mp4,883,1,182,182,297,258,propagated:0.984
/Users/bround/Desktop/Датасеты/Dataset_Mendeley_data/Unlabelled _UAV_Videos/Flight Test 1/FT1_segments_of_interest/f5_mini_e/eo/7_minie5_range_all_cut_blur.mp4,884,1,182,182,297,258,propagated:0.989
/Users/bround/Desktop/Датасеты/Dataset_Mendeley_data/Unlabelled _UAV_Videos/Flight Test 1/FT1_segments_of_interest/f5_mini_e/eo/7_minie5_range_all_cut_blur.mp4,885,1,185,195,300,271,propagated:0.987
/Users/bround/Desktop/Датасеты/Dataset_Mendeley_data/Unlabelled _UAV_Videos/Flight Test 1/FT1_segments_of_interest/f5_mini_e/eo/7_minie5_range_all_cut_blur.mp4,886,1,189,202,304,278,propagated:0.979
/Users/bround/Desktop/Датасеты/Dataset_Mendeley_data/Unlabelled _UAV_Videos/Flight Test 1/FT1_segments_of_interest/f5_mini_e/eo/7_minie5_range_all_cut_blur.mp4,887,1,194,210,309,286,propagated:0.983
/Users/bround/Desktop/Датасеты/Dataset_Mendeley_data/Unlabelled _UAV_Videos/Flight Test 1/FT1_segments_of_interest/f5_mini_e/eo/7_minie5_range_all_cut_blur.mp4,888,1,194,217,309,293,propagated:0.989
/Users/bround/Desktop/Датасеты/Dataset_Mendeley_data/Unlabelled _UAV_Videos/Flight Test 1/FT1_segments_of_interest/f5_mini_e/eo/7_minie5_range_all_cut_blur.mp4,889,1,194,233,309,309,propagated:0.974
/Users/bround/Desktop/Датасеты/Dataset_Mendeley_data/Unlabelled _UAV_Videos/Flight Test 1/FT1_segments_of_interest/f5_mini_e/eo/7_minie5_range_all_cut_blur.mp4,890,1,194,233,309,309,propagated:0.982
/Users/bround/Desktop/Датасеты/Dataset_Mendeley_data/Unlabelled _UAV_Videos/Flight Test 1/FT1_segments_of_interest/f5_mini_e/eo/7_minie5_range_all_cut_blur.mp4,891,1,197,257,312,333,propagated:0.984
/Users/bround/Desktop/Датасеты/Dataset_Mendeley_data/Unlabelled _UAV_Videos/Flight Test 1/FT1_segments_of_interest/f5_mini_e/eo/7_minie5_range_all_cut_blur.mp4,892,1,205,283,320,359,propagated:0.971
/Users/bround/Desktop/Датасеты/Dataset_Mendeley_data/Unlabelled _UAV_Videos/Flight Test 1/FT1_segments_of_interest/f5_mini_e/eo/7_minie5_range_all_cut_blur.mp4,893,1,212,307,327,383,propagated:0.972
/Users/bround/Desktop/Датасеты/Dataset_Mendeley_data/Unlabelled _UAV_Videos/Flight Test 1/FT1_segments_of_interest/f5_mini_e/eo/7_minie5_range_all_cut_blur.mp4,894,1,214,325,329,401,propagated:0.969
/Users/bround/Desktop/Датасеты/Dataset_Mendeley_data/Unlabelled _UAV_Videos/Flight Test 1/FT1_segments_of_interest/f5_mini_e/eo/7_minie5_range_all_cut_blur.mp4,895,1,211,345,326,421,propagated:0.965
/Users/bround/Desktop/Датасеты/Dataset_Mendeley_data/Unlabelled _UAV_Videos/Flight Test 1/FT1_segments_of_interest/f5_mini_e/eo/7_minie5_range_all_cut_blur.mp4,896,1,211,345,326,421,propagated:1.000
/Users/bround/Desktop/Датасеты/Dataset_Mendeley_data/Unlabelled _UAV_Videos/Flight Test 1/FT1_segments_of_interest/f5_mini_e/eo/7_minie5_range_all_cut_blur.mp4,897,1,207,364,322,440,propagated:0.976
/Users/bround/Desktop/Датасеты/Dataset_Mendeley_data/Unlabelled _UAV_Videos/Flight Test 1/FT1_segments_of_interest/f5_mini_e/eo/7_minie5_range_all_cut_blur.mp4,898,1,205,382,320,458,propagated:0.975
/Users/bround/Desktop/Датасеты/Dataset_Mendeley_data/Unlabelled _UAV_Videos/Flight Test 1/FT1_segments_of_interest/f5_mini_e/eo/7_minie5_range_all_cut_blur.mp4,899,1,203,398,318,474,propagated:0.965
/Users/bround/Desktop/Датасеты/Dataset_Mendeley_data/Unlabelled _UAV_Videos/Flight Test 1/FT1_segments_of_interest/f5_mini_e/eo/7_minie5_range_all_cut_blur.mp4,900,1,208,413,323,489,propagated:0.959
/Users/bround/Desktop/Датасеты/Dataset_Mendeley_data/Unlabelled _UAV_Videos/Flight Test 1/FT1_segments_of_interest/f5_mini_e/eo/7_minie5_range_all_cut_blur.mp4,901,1,207,427,322,503,propagated:0.962
/Users/bround/Desktop/Датасеты/Dataset_Mendeley_data/Unlabelled _UAV_Videos/Flight Test 1/FT1_segments_of_interest/f5_mini_e/eo/7_minie5_range_all_cut_blur.mp4,902,1,207,427,322,503,propagated:0.973
/Users/bround/Desktop/Датасеты/Dataset_Mendeley_data/Unlabelled _UAV_Videos/Flight Test 1/FT1_segments_of_interest/f5_mini_e/eo/7_minie5_range_all_cut_blur.mp4,903,1,208,433,323,509,propagated:0.962
/Users/bround/Desktop/Датасеты/Dataset_Mendeley_data/Unlabelled _UAV_Videos/Flight Test 1/FT1_segments_of_interest/f5_mini_e/eo/7_minie5_range_all_cut_blur.mp4,904,1,204,430,319,506,propagated:0.970
/Users/bround/Desktop/Датасеты/Dataset_Mendeley_data/Unlabelled _UAV_Videos/Flight Test 1/FT1_segments_of_interest/f5_mini_e/eo/7_minie5_range_all_cut_blur.mp4,905,1,200,423,315,499,propagated:0.973
/Users/bround/Desktop/Датасеты/Dataset_Mendeley_data/Unlabelled _UAV_Videos/Flight Test 1/FT1_segments_of_interest/f5_mini_e/eo/7_minie5_range_all_cut_blur.mp4,906,1,195,419,310,495,propagated:0.988
/Users/bround/Desktop/Датасеты/Dataset_Mendeley_data/Unlabelled _UAV_Videos/Flight Test 1/FT1_segments_of_interest/f5_mini_e/eo/7_minie5_range_all_cut_blur.mp4,907,1,188,411,303,487,propagated:0.983
/Users/bround/Desktop/Датасеты/Dataset_Mendeley_data/Unlabelled _UAV_Videos/Flight Test 1/FT1_segments_of_interest/f5_mini_e/eo/7_minie5_range_all_cut_blur.mp4,908,1,188,411,303,487,propagated:0.988
/Users/bround/Desktop/Датасеты/Dataset_Mendeley_data/Unlabelled _UAV_Videos/Flight Test 1/FT1_segments_of_interest/f5_mini_e/eo/7_minie5_range_all_cut_blur.mp4,909,1,184,403,299,479,propagated:0.986
/Users/bround/Desktop/Датасеты/Dataset_Mendeley_data/Unlabelled _UAV_Videos/Flight Test 1/FT1_segments_of_interest/f5_mini_e/eo/7_minie5_range_all_cut_blur.mp4,910,1,183,397,298,473,propagated:0.986
/Users/bround/Desktop/Датасеты/Dataset_Mendeley_data/Unlabelled _UAV_Videos/Flight Test 1/FT1_segments_of_interest/f5_mini_e/eo/7_minie5_range_all_cut_blur.mp4,911,1,179,391,294,467,propagated:0.978
/Users/bround/Desktop/Датасеты/Dataset_Mendeley_data/Unlabelled _UAV_Videos/Flight Test 1/FT1_segments_of_interest/f5_mini_e/eo/7_minie5_range_all_cut_blur.mp4,912,1,172,385,287,461,propagated:0.981
/Users/bround/Desktop/Датасеты/Dataset_Mendeley_data/Unlabelled _UAV_Videos/Flight Test 1/FT1_segments_of_interest/f5_mini_e/eo/7_minie5_range_all_cut_blur.mp4,913,1,172,385,287,461,propagated:0.987
/Users/bround/Desktop/Датасеты/Dataset_Mendeley_data/Unlabelled _UAV_Videos/Flight Test 1/FT1_segments_of_interest/f5_mini_e/eo/7_minie5_range_all_cut_blur.mp4,914,1,168,388,283,464,propagated:0.981
/Users/bround/Desktop/Датасеты/Dataset_Mendeley_data/Unlabelled _UAV_Videos/Flight Test 1/FT1_segments_of_interest/f5_mini_e/eo/7_minie5_range_all_cut_blur.mp4,915,1,116,354,312,481,manual
/Users/bround/Desktop/Датасеты/Dataset_Mendeley_data/Unlabelled _UAV_Videos/Flight Test 1/FT1_segments_of_interest/f5_mini_e/eo/7_minie5_range_all_cut_blur.mp4,917,1,112,350,308,477,propagated:0.986
/Users/bround/Desktop/Датасеты/Dataset_Mendeley_data/Unlabelled _UAV_Videos/Flight Test 1/FT1_segments_of_interest/f5_mini_e/eo/7_minie5_range_all_cut_blur.mp4,918,1,110,343,306,470,propagated:0.985
/Users/bround/Desktop/Датасеты/Dataset_Mendeley_data/Unlabelled _UAV_Videos/Flight Test 1/FT1_segments_of_interest/f5_mini_e/eo/7_minie5_range_all_cut_blur.mp4,919,1,110,343,306,470,propagated:0.989
/Users/bround/Desktop/Датасеты/Dataset_Mendeley_data/Unlabelled _UAV_Videos/Flight Test 1/FT1_segments_of_interest/f5_mini_e/eo/7_minie5_range_all_cut_blur.mp4,920,1,110,342,306,469,propagated:0.983
/Users/bround/Desktop/Датасеты/Dataset_Mendeley_data/Unlabelled _UAV_Videos/Flight Test 1/FT1_segments_of_interest/f5_mini_e/eo/7_minie5_range_all_cut_blur.mp4,921,1,106,344,302,471,propagated:0.990
/Users/bround/Desktop/Датасеты/Dataset_Mendeley_data/Unlabelled _UAV_Videos/Flight Test 1/FT1_segments_of_interest/f5_mini_e/eo/7_minie5_range_all_cut_blur.mp4,922,1,102,352,298,479,propagated:0.981
/Users/bround/Desktop/Датасеты/Dataset_Mendeley_data/Unlabelled _UAV_Videos/Flight Test 1/FT1_segments_of_interest/f5_mini_e/eo/7_minie5_range_all_cut_blur.mp4,923,1,101,361,297,488,propagated:0.982
/Users/bround/Desktop/Датасеты/Dataset_Mendeley_data/Unlabelled _UAV_Videos/Flight Test 1/FT1_segments_of_interest/f5_mini_e/eo/7_minie5_range_all_cut_blur.mp4,924,1,98,364,294,491,propagated:0.989
/Users/bround/Desktop/Датасеты/Dataset_Mendeley_data/Unlabelled _UAV_Videos/Flight Test 1/FT1_segments_of_interest/f5_mini_e/eo/7_minie5_range_all_cut_blur.mp4,925,1,101,364,297,491,propagated:0.987
/Users/bround/Desktop/Датасеты/Dataset_Mendeley_data/Unlabelled _UAV_Videos/Flight Test 1/FT1_segments_of_interest/f5_mini_e/eo/7_minie5_range_all_cut_blur.mp4,926,1,101,364,297,491,propagated:0.991
/Users/bround/Desktop/Датасеты/Dataset_Mendeley_data/Unlabelled _UAV_Videos/Flight Test 1/FT1_segments_of_interest/f5_mini_e/eo/7_minie5_range_all_cut_blur.mp4,927,1,102,372,298,499,propagated:0.987
/Users/bround/Desktop/Датасеты/Dataset_Mendeley_data/Unlabelled _UAV_Videos/Flight Test 1/FT1_segments_of_interest/f5_mini_e/eo/7_minie5_range_all_cut_blur.mp4,928,1,103,372,299,499,propagated:0.978
/Users/bround/Desktop/Датасеты/Dataset_Mendeley_data/Unlabelled _UAV_Videos/Flight Test 1/FT1_segments_of_interest/f5_mini_e/eo/7_minie5_range_all_cut_blur.mp4,929,1,104,372,300,499,propagated:0.988
/Users/bround/Desktop/Датасеты/Dataset_Mendeley_data/Unlabelled _UAV_Videos/Flight Test 1/FT1_segments_of_interest/f5_mini_e/eo/7_minie5_range_all_cut_blur.mp4,930,1,106,374,302,501,propagated:0.982
/Users/bround/Desktop/Датасеты/Dataset_Mendeley_data/Unlabelled _UAV_Videos/Flight Test 1/FT1_segments_of_interest/f5_mini_e/eo/7_minie5_range_all_cut_blur.mp4,931,1,108,371,304,498,propagated:0.982
/Users/bround/Desktop/Датасеты/Dataset_Mendeley_data/Unlabelled _UAV_Videos/Flight Test 1/FT1_segments_of_interest/f5_mini_e/eo/7_minie5_range_all_cut_blur.mp4,932,1,108,371,304,498,propagated:0.987
/Users/bround/Desktop/Датасеты/Dataset_Mendeley_data/Unlabelled _UAV_Videos/Flight Test 1/FT1_segments_of_interest/f5_mini_e/eo/7_minie5_range_all_cut_blur.mp4,933,1,107,365,303,492,propagated:0.984
/Users/bround/Desktop/Датасеты/Dataset_Mendeley_data/Unlabelled _UAV_Videos/Flight Test 1/FT1_segments_of_interest/f5_mini_e/eo/7_minie5_range_all_cut_blur.mp4,934,1,108,365,304,492,propagated:0.981
/Users/bround/Desktop/Датасеты/Dataset_Mendeley_data/Unlabelled _UAV_Videos/Flight Test 1/FT1_segments_of_interest/f5_mini_e/eo/7_minie5_range_all_cut_blur.mp4,935,1,108,359,304,486,propagated:0.978
/Users/bround/Desktop/Датасеты/Dataset_Mendeley_data/Unlabelled _UAV_Videos/Flight Test 1/FT1_segments_of_interest/f5_mini_e/eo/7_minie5_range_all_cut_blur.mp4,936,1,107,351,303,478,propagated:0.976
/Users/bround/Desktop/Датасеты/Dataset_Mendeley_data/Unlabelled _UAV_Videos/Flight Test 1/FT1_segments_of_interest/f5_mini_e/eo/7_minie5_range_all_cut_blur.mp4,937,1,104,352,300,479,propagated:0.978
/Users/bround/Desktop/Датасеты/Dataset_Mendeley_data/Unlabelled _UAV_Videos/Flight Test 1/FT1_segments_of_interest/f5_mini_e/eo/7_minie5_range_all_cut_blur.mp4,938,1,104,352,300,479,propagated:0.984
/Users/bround/Desktop/Датасеты/Dataset_Mendeley_data/Unlabelled _UAV_Videos/Flight Test 1/FT1_segments_of_interest/f5_mini_e/eo/7_minie5_range_all_cut_blur.mp4,939,1,102,354,298,481,propagated:0.977
/Users/bround/Desktop/Датасеты/Dataset_Mendeley_data/Unlabelled _UAV_Videos/Flight Test 1/FT1_segments_of_interest/f5_mini_e/eo/7_minie5_range_all_cut_blur.mp4,940,1,100,354,296,481,propagated:0.976
/Users/bround/Desktop/Датасеты/Dataset_Mendeley_data/Unlabelled _UAV_Videos/Flight Test 1/FT1_segments_of_interest/f5_mini_e/eo/7_minie5_range_all_cut_blur.mp4,941,1,95,350,291,477,propagated:0.972
/Users/bround/Desktop/Датасеты/Dataset_Mendeley_data/Unlabelled _UAV_Videos/Flight Test 1/FT1_segments_of_interest/f5_mini_e/eo/7_minie5_range_all_cut_blur.mp4,942,1,92,346,288,473,propagated:0.969
/Users/bround/Desktop/Датасеты/Dataset_Mendeley_data/Unlabelled _UAV_Videos/Flight Test 1/FT1_segments_of_interest/f5_mini_e/eo/7_minie5_range_all_cut_blur.mp4,943,1,92,346,288,473,propagated:0.978
/Users/bround/Desktop/Датасеты/Dataset_Mendeley_data/Unlabelled _UAV_Videos/Flight Test 1/FT1_segments_of_interest/f5_mini_e/eo/7_minie5_range_all_cut_blur.mp4,944,1,96,354,292,481,propagated:0.977
/Users/bround/Desktop/Датасеты/Dataset_Mendeley_data/Unlabelled _UAV_Videos/Flight Test 1/FT1_segments_of_interest/f5_mini_e/eo/7_minie5_range_all_cut_blur.mp4,945,1,98,350,294,477,propagated:0.982
/Users/bround/Desktop/Датасеты/Dataset_Mendeley_data/Unlabelled _UAV_Videos/Flight Test 1/FT1_segments_of_interest/f5_mini_e/eo/7_minie5_range_all_cut_blur.mp4,946,1,99,343,295,470,propagated:0.980
/Users/bround/Desktop/Датасеты/Dataset_Mendeley_data/Unlabelled _UAV_Videos/Flight Test 1/FT1_segments_of_interest/f5_mini_e/eo/7_minie5_range_all_cut_blur.mp4,947,1,102,354,298,481,propagated:0.982
/Users/bround/Desktop/Датасеты/Dataset_Mendeley_data/Unlabelled _UAV_Videos/Flight Test 1/FT1_segments_of_interest/f5_mini_e/eo/7_minie5_range_all_cut_blur.mp4,948,1,105,356,301,483,propagated:0.984
/Users/bround/Desktop/Датасеты/Dataset_Mendeley_data/Unlabelled _UAV_Videos/Flight Test 1/FT1_segments_of_interest/f5_mini_e/eo/7_minie5_range_all_cut_blur.mp4,949,1,100,350,296,477,propagated:0.983
/Users/bround/Desktop/Датасеты/Dataset_Mendeley_data/Unlabelled _UAV_Videos/Flight Test 1/FT1_segments_of_interest/f5_mini_e/eo/7_minie5_range_all_cut_blur.mp4,950,1,100,350,296,477,propagated:0.988
/Users/bround/Desktop/Датасеты/Dataset_Mendeley_data/Unlabelled _UAV_Videos/Flight Test 1/FT1_segments_of_interest/f5_mini_e/eo/7_minie5_range_all_cut_blur.mp4,951,1,101,351,297,478,propagated:0.988
/Users/bround/Desktop/Датасеты/Dataset_Mendeley_data/Unlabelled _UAV_Videos/Flight Test 1/FT1_segments_of_interest/f5_mini_e/eo/7_minie5_range_all_cut_blur.mp4,952,1,102,348,298,475,propagated:0.984
/Users/bround/Desktop/Датасеты/Dataset_Mendeley_data/Unlabelled _UAV_Videos/Flight Test 1/FT1_segments_of_interest/f5_mini_e/eo/7_minie5_range_all_cut_blur.mp4,953,1,104,344,300,471,propagated:0.984
/Users/bround/Desktop/Датасеты/Dataset_Mendeley_data/Unlabelled _UAV_Videos/Flight Test 1/FT1_segments_of_interest/f5_mini_e/eo/7_minie5_range_all_cut_blur.mp4,954,1,102,336,298,463,propagated:0.989
/Users/bround/Desktop/Датасеты/Dataset_Mendeley_data/Unlabelled _UAV_Videos/Flight Test 1/FT1_segments_of_interest/f5_mini_e/eo/7_minie5_range_all_cut_blur.mp4,955,1,102,336,298,463,propagated:0.993
/Users/bround/Desktop/Датасеты/Dataset_Mendeley_data/Unlabelled _UAV_Videos/Flight Test 1/FT1_segments_of_interest/f5_mini_e/eo/7_minie5_range_all_cut_blur.mp4,956,1,100,333,296,460,propagated:0.984
/Users/bround/Desktop/Датасеты/Dataset_Mendeley_data/Unlabelled _UAV_Videos/Flight Test 1/FT1_segments_of_interest/f5_mini_e/eo/7_minie5_range_all_cut_blur.mp4,957,1,100,332,296,459,propagated:0.986
/Users/bround/Desktop/Датасеты/Dataset_Mendeley_data/Unlabelled _UAV_Videos/Flight Test 1/FT1_segments_of_interest/f5_mini_e/eo/7_minie5_range_all_cut_blur.mp4,958,1,101,330,297,457,propagated:0.977
/Users/bround/Desktop/Датасеты/Dataset_Mendeley_data/Unlabelled _UAV_Videos/Flight Test 1/FT1_segments_of_interest/f5_mini_e/eo/7_minie5_range_all_cut_blur.mp4,959,1,101,326,297,453,propagated:0.982
/Users/bround/Desktop/Датасеты/Dataset_Mendeley_data/Unlabelled _UAV_Videos/Flight Test 1/FT1_segments_of_interest/f5_mini_e/eo/7_minie5_range_all_cut_blur.mp4,960,1,102,324,298,451,propagated:0.982
/Users/bround/Desktop/Датасеты/Dataset_Mendeley_data/Unlabelled _UAV_Videos/Flight Test 1/FT1_segments_of_interest/f5_mini_e/eo/7_minie5_range_all_cut_blur.mp4,961,1,103,318,299,445,propagated:0.979
/Users/bround/Desktop/Датасеты/Dataset_Mendeley_data/Unlabelled _UAV_Videos/Flight Test 1/FT1_segments_of_interest/f5_mini_e/eo/7_minie5_range_all_cut_blur.mp4,962,1,103,318,299,445,propagated:0.985
/Users/bround/Desktop/Датасеты/Dataset_Mendeley_data/Unlabelled _UAV_Videos/Flight Test 1/FT1_segments_of_interest/f5_mini_e/eo/7_minie5_range_all_cut_blur.mp4,963,1,103,313,299,440,propagated:0.979
/Users/bround/Desktop/Датасеты/Dataset_Mendeley_data/Unlabelled _UAV_Videos/Flight Test 1/FT1_segments_of_interest/f5_mini_e/eo/7_minie5_range_all_cut_blur.mp4,964,1,104,305,300,432,propagated:0.980
/Users/bround/Desktop/Датасеты/Dataset_Mendeley_data/Unlabelled _UAV_Videos/Flight Test 1/FT1_segments_of_interest/f5_mini_e/eo/7_minie5_range_all_cut_blur.mp4,965,1,103,293,299,420,propagated:0.973
/Users/bround/Desktop/Датасеты/Dataset_Mendeley_data/Unlabelled _UAV_Videos/Flight Test 1/FT1_segments_of_interest/f5_mini_e/eo/7_minie5_range_all_cut_blur.mp4,966,1,102,283,298,410,propagated:0.963
/Users/bround/Desktop/Датасеты/Dataset_Mendeley_data/Unlabelled _UAV_Videos/Flight Test 1/FT1_segments_of_interest/f5_mini_e/eo/7_minie5_range_all_cut_blur.mp4,967,1,102,283,298,410,propagated:1.000
/Users/bround/Desktop/Датасеты/Dataset_Mendeley_data/Unlabelled _UAV_Videos/Flight Test 1/FT1_segments_of_interest/f5_mini_e/eo/7_minie5_range_all_cut_blur.mp4,968,1,108,279,304,406,propagated:0.984
/Users/bround/Desktop/Датасеты/Dataset_Mendeley_data/Unlabelled _UAV_Videos/Flight Test 1/FT1_segments_of_interest/f5_mini_e/eo/7_minie5_range_all_cut_blur.mp4,969,1,118,265,314,392,propagated:0.974
/Users/bround/Desktop/Датасеты/Dataset_Mendeley_data/Unlabelled _UAV_Videos/Flight Test 1/FT1_segments_of_interest/f5_mini_e/eo/7_minie5_range_all_cut_blur.mp4,970,1,129,259,325,386,propagated:0.973
/Users/bround/Desktop/Датасеты/Dataset_Mendeley_data/Unlabelled _UAV_Videos/Flight Test 1/FT1_segments_of_interest/f5_mini_e/eo/7_minie5_range_all_cut_blur.mp4,971,1,128,256,324,383,propagated:0.975
/Users/bround/Desktop/Датасеты/Dataset_Mendeley_data/Unlabelled _UAV_Videos/Flight Test 1/FT1_segments_of_interest/f5_mini_e/eo/7_minie5_range_all_cut_blur.mp4,972,1,121,253,317,380,propagated:0.975
/Users/bround/Desktop/Датасеты/Dataset_Mendeley_data/Unlabelled _UAV_Videos/Flight Test 1/FT1_segments_of_interest/f5_mini_e/eo/7_minie5_range_all_cut_blur.mp4,973,1,125,256,321,383,propagated:0.974
/Users/bround/Desktop/Датасеты/Dataset_Mendeley_data/Unlabelled _UAV_Videos/Flight Test 1/FT1_segments_of_interest/f5_mini_e/eo/7_minie5_range_all_cut_blur.mp4,974,1,125,256,321,383,propagated:0.982
/Users/bround/Desktop/Датасеты/Dataset_Mendeley_data/Unlabelled _UAV_Videos/Flight Test 1/FT1_segments_of_interest/f5_mini_e/eo/7_minie5_range_all_cut_blur.mp4,975,1,131,263,327,390,propagated:0.972
/Users/bround/Desktop/Датасеты/Dataset_Mendeley_data/Unlabelled _UAV_Videos/Flight Test 1/FT1_segments_of_interest/f5_mini_e/eo/7_minie5_range_all_cut_blur.mp4,976,1,133,258,329,385,propagated:0.977
/Users/bround/Desktop/Датасеты/Dataset_Mendeley_data/Unlabelled _UAV_Videos/Flight Test 1/FT1_segments_of_interest/f5_mini_e/eo/7_minie5_range_all_cut_blur.mp4,977,1,140,272,336,399,propagated:0.989
/Users/bround/Desktop/Датасеты/Dataset_Mendeley_data/Unlabelled _UAV_Videos/Flight Test 1/FT1_segments_of_interest/f5_mini_e/eo/7_minie5_range_all_cut_blur.mp4,978,1,151,290,347,417,propagated:0.980
/Users/bround/Desktop/Датасеты/Dataset_Mendeley_data/Unlabelled _UAV_Videos/Flight Test 1/FT1_segments_of_interest/f5_mini_e/eo/7_minie5_range_all_cut_blur.mp4,979,1,151,290,347,417,propagated:0.986
/Users/bround/Desktop/Датасеты/Dataset_Mendeley_data/Unlabelled _UAV_Videos/Flight Test 1/FT1_segments_of_interest/f5_mini_e/eo/7_minie5_range_all_cut_blur.mp4,980,1,159,306,355,433,propagated:0.984
/Users/bround/Desktop/Датасеты/Dataset_Mendeley_data/Unlabelled _UAV_Videos/Flight Test 1/FT1_segments_of_interest/f5_mini_e/eo/7_minie5_range_all_cut_blur.mp4,981,1,167,305,363,432,propagated:0.981
/Users/bround/Desktop/Датасеты/Dataset_Mendeley_data/Unlabelled _UAV_Videos/Flight Test 1/FT1_segments_of_interest/f5_mini_e/eo/7_minie5_range_all_cut_blur.mp4,982,1,180,315,376,442,propagated:0.974
/Users/bround/Desktop/Датасеты/Dataset_Mendeley_data/Unlabelled _UAV_Videos/Flight Test 1/FT1_segments_of_interest/f5_mini_e/eo/7_minie5_range_all_cut_blur.mp4,983,1,187,331,383,458,propagated:0.966
/Users/bround/Desktop/Датасеты/Dataset_Mendeley_data/Unlabelled _UAV_Videos/Flight Test 1/FT1_segments_of_interest/f5_mini_e/eo/7_minie5_range_all_cut_blur.mp4,984,1,183,333,379,460,propagated:0.968
/Users/bround/Desktop/Датасеты/Dataset_Mendeley_data/Unlabelled _UAV_Videos/Flight Test 1/FT1_segments_of_interest/f5_mini_e/eo/7_minie5_range_all_cut_blur.mp4,985,1,181,343,377,470,propagated:0.970
/Users/bround/Desktop/Датасеты/Dataset_Mendeley_data/Unlabelled _UAV_Videos/Flight Test 1/FT1_segments_of_interest/f5_mini_e/eo/7_minie5_range_all_cut_blur.mp4,986,1,181,343,377,470,propagated:0.979
/Users/bround/Desktop/Датасеты/Dataset_Mendeley_data/Unlabelled _UAV_Videos/Flight Test 1/FT1_segments_of_interest/f5_mini_e/eo/7_minie5_range_all_cut_blur.mp4,987,1,183,343,379,470,propagated:0.983
/Users/bround/Desktop/Датасеты/Dataset_Mendeley_data/Unlabelled _UAV_Videos/Flight Test 1/FT1_segments_of_interest/f5_mini_e/eo/7_minie5_range_all_cut_blur.mp4,988,1,180,337,376,464,propagated:0.986
/Users/bround/Desktop/Датасеты/Dataset_Mendeley_data/Unlabelled _UAV_Videos/Flight Test 1/FT1_segments_of_interest/f5_mini_e/eo/7_minie5_range_all_cut_blur.mp4,989,1,175,332,371,459,propagated:0.987
/Users/bround/Desktop/Датасеты/Dataset_Mendeley_data/Unlabelled _UAV_Videos/Flight Test 1/FT1_segments_of_interest/f5_mini_e/eo/7_minie5_range_all_cut_blur.mp4,990,1,169,332,365,459,propagated:0.985
/Users/bround/Desktop/Датасеты/Dataset_Mendeley_data/Unlabelled _UAV_Videos/Flight Test 1/FT1_segments_of_interest/f5_mini_e/eo/7_minie5_range_all_cut_blur.mp4,991,1,169,332,365,459,propagated:0.989
/Users/bround/Desktop/Датасеты/Dataset_Mendeley_data/Unlabelled _UAV_Videos/Flight Test 1/FT1_segments_of_interest/f5_mini_e/eo/7_minie5_range_all_cut_blur.mp4,992,1,161,327,357,454,propagated:0.985
/Users/bround/Desktop/Датасеты/Dataset_Mendeley_data/Unlabelled _UAV_Videos/Flight Test 1/FT1_segments_of_interest/f5_mini_e/eo/7_minie5_range_all_cut_blur.mp4,993,1,154,332,350,459,propagated:0.974
/Users/bround/Desktop/Датасеты/Dataset_Mendeley_data/Unlabelled _UAV_Videos/Flight Test 1/FT1_segments_of_interest/f5_mini_e/eo/7_minie5_range_all_cut_blur.mp4,994,1,145,327,341,454,propagated:0.963
/Users/bround/Desktop/Датасеты/Dataset_Mendeley_data/Unlabelled _UAV_Videos/Flight Test 1/FT1_segments_of_interest/f5_mini_e/eo/7_minie5_range_all_cut_blur.mp4,995,1,140,329,336,456,propagated:0.951
/Users/bround/Desktop/Датасеты/Dataset_Mendeley_data/Unlabelled _UAV_Videos/Flight Test 1/FT1_segments_of_interest/f5_mini_e/eo/7_minie5_range_all_cut_blur.mp4,996,1,136,331,332,458,propagated:0.937
/Users/bround/Desktop/Датасеты/Dataset_Mendeley_data/Unlabelled _UAV_Videos/Flight Test 1/FT1_segments_of_interest/f5_mini_e/eo/7_minie5_range_all_cut_blur.mp4,997,1,133,323,329,450,propagated:0.979
/Users/bround/Desktop/Датасеты/Dataset_Mendeley_data/Unlabelled _UAV_Videos/Flight Test 1/FT1_segments_of_interest/f5_mini_e/eo/7_minie5_range_all_cut_blur.mp4,998,1,133,323,329,450,propagated:0.985
/Users/bround/Desktop/Датасеты/Dataset_Mendeley_data/Unlabelled _UAV_Videos/Flight Test 1/FT1_segments_of_interest/f5_mini_e/eo/7_minie5_range_all_cut_blur.mp4,999,1,136,324,332,451,propagated:0.969
/Users/bround/Desktop/Датасеты/Dataset_Mendeley_data/Unlabelled _UAV_Videos/Flight Test 1/FT1_segments_of_interest/f5_mini_e/eo/7_minie5_range_all_cut_blur.mp4,1000,1,138,328,334,455,propagated:0.956
/Users/bround/Desktop/Датасеты/Dataset_Mendeley_data/Unlabelled _UAV_Videos/Flight Test 1/FT1_segments_of_interest/f5_mini_e/eo/7_minie5_range_all_cut_blur.mp4,1001,1,138,337,334,464,propagated:0.943
/Users/bround/Desktop/Датасеты/Dataset_Mendeley_data/Unlabelled _UAV_Videos/Flight Test 1/FT1_segments_of_interest/f5_mini_e/eo/7_minie5_range_all_cut_blur.mp4,1002,1,136,339,332,466,propagated:0.939
/Users/bround/Desktop/Датасеты/Dataset_Mendeley_data/Unlabelled _UAV_Videos/Flight Test 1/FT1_segments_of_interest/f5_mini_e/eo/7_minie5_range_all_cut_blur.mp4,1003,1,136,339,332,466,propagated:0.957
/Users/bround/Desktop/Датасеты/Dataset_Mendeley_data/Unlabelled _UAV_Videos/Flight Test 1/FT1_segments_of_interest/f5_mini_e/eo/7_minie5_range_all_cut_blur.mp4,1004,1,135,342,331,469,propagated:0.951
/Users/bround/Desktop/Датасеты/Dataset_Mendeley_data/Unlabelled _UAV_Videos/Flight Test 1/FT1_segments_of_interest/f5_mini_e/eo/7_minie5_range_all_cut_blur.mp4,1005,1,137,342,333,469,propagated:0.955
/Users/bround/Desktop/Датасеты/Dataset_Mendeley_data/Unlabelled _UAV_Videos/Flight Test 1/FT1_segments_of_interest/f5_mini_e/eo/7_minie5_range_all_cut_blur.mp4,1006,1,144,347,340,474,propagated:0.959
/Users/bround/Desktop/Датасеты/Dataset_Mendeley_data/Unlabelled _UAV_Videos/Flight Test 1/FT1_segments_of_interest/f5_mini_e/eo/7_minie5_range_all_cut_blur.mp4,1007,1,147,351,343,478,propagated:0.982
/Users/bround/Desktop/Датасеты/Dataset_Mendeley_data/Unlabelled _UAV_Videos/Flight Test 1/FT1_segments_of_interest/f5_mini_e/eo/7_minie5_range_all_cut_blur.mp4,1008,1,149,358,345,485,propagated:0.985
/Users/bround/Desktop/Датасеты/Dataset_Mendeley_data/Unlabelled _UAV_Videos/Flight Test 1/FT1_segments_of_interest/f5_mini_e/eo/7_minie5_range_all_cut_blur.mp4,1009,1,149,358,345,485,propagated:0.989
/Users/bround/Desktop/Датасеты/Dataset_Mendeley_data/Unlabelled _UAV_Videos/Flight Test 1/FT1_segments_of_interest/f5_mini_e/eo/7_minie5_range_all_cut_blur.mp4,1010,1,147,370,343,497,propagated:0.979
/Users/bround/Desktop/Датасеты/Dataset_Mendeley_data/Unlabelled _UAV_Videos/Flight Test 1/FT1_segments_of_interest/f5_mini_e/eo/7_minie5_range_all_cut_blur.mp4,1011,1,149,375,345,502,propagated:0.979
/Users/bround/Desktop/Датасеты/Dataset_Mendeley_data/Unlabelled _UAV_Videos/Flight Test 1/FT1_segments_of_interest/f5_mini_e/eo/7_minie5_range_all_cut_blur.mp4,1012,1,149,382,345,509,propagated:0.969
/Users/bround/Desktop/Датасеты/Dataset_Mendeley_data/Unlabelled _UAV_Videos/Flight Test 1/FT1_segments_of_interest/f5_mini_e/eo/7_minie5_range_all_cut_blur.mp4,1013,1,155,389,351,516,propagated:0.713
/Users/bround/Desktop/Датасеты/Dataset_Mendeley_data/Unlabelled _UAV_Videos/Flight Test 1/FT1_segments_of_interest/f5_mini_e/eo/7_minie5_range_all_cut_blur.mp4,1015,1,162,389,358,516,propagated:0.663
/Users/bround/Desktop/Датасеты/Dataset_Mendeley_data/Unlabelled _UAV_Videos/Flight Test 1/FT1_segments_of_interest/f5_mini_e/eo/7_minie5_range_all_cut_blur.mp4,1016,1,162,389,358,516,propagated:0.745
/Users/bround/Desktop/Датасеты/Dataset_Mendeley_data/Unlabelled _UAV_Videos/Flight Test 1/FT1_segments_of_interest/f5_mini_e/eo/7_minie5_range_all_cut_blur.mp4,1017,1,158,388,354,515,propagated:0.966
/Users/bround/Desktop/Датасеты/Dataset_Mendeley_data/Unlabelled _UAV_Videos/Flight Test 1/FT1_segments_of_interest/f5_mini_e/eo/7_minie5_range_all_cut_blur.mp4,1018,1,153,380,349,507,propagated:0.974
/Users/bround/Desktop/Датасеты/Dataset_Mendeley_data/Unlabelled _UAV_Videos/Flight Test 1/FT1_segments_of_interest/f5_mini_e/eo/7_minie5_range_all_cut_blur.mp4,1019,1,154,386,350,513,propagated:0.976
/Users/bround/Desktop/Датасеты/Dataset_Mendeley_data/Unlabelled _UAV_Videos/Flight Test 1/FT1_segments_of_interest/f5_mini_e/eo/7_minie5_range_all_cut_blur.mp4,1020,1,149,375,345,502,propagated:0.974
/Users/bround/Desktop/Датасеты/Dataset_Mendeley_data/Unlabelled _UAV_Videos/Flight Test 1/FT1_segments_of_interest/f5_mini_e/eo/7_minie5_range_all_cut_blur.mp4,1021,1,149,375,345,502,propagated:0.982
/Users/bround/Desktop/Датасеты/Dataset_Mendeley_data/Unlabelled _UAV_Videos/Flight Test 1/FT1_segments_of_interest/f5_mini_e/eo/7_minie5_range_all_cut_blur.mp4,1022,1,144,369,340,496,propagated:0.980
/Users/bround/Desktop/Датасеты/Dataset_Mendeley_data/Unlabelled _UAV_Videos/Flight Test 1/FT1_segments_of_interest/f5_mini_e/eo/7_minie5_range_all_cut_blur.mp4,1023,1,146,363,342,490,propagated:0.983
/Users/bround/Desktop/Датасеты/Dataset_Mendeley_data/Unlabelled _UAV_Videos/Flight Test 1/FT1_segments_of_interest/f5_mini_e/eo/7_minie5_range_all_cut_blur.mp4,1024,1,148,355,344,482,propagated:0.986
/Users/bround/Desktop/Датасеты/Dataset_Mendeley_data/Unlabelled _UAV_Videos/Flight Test 1/FT1_segments_of_interest/f5_mini_e/eo/7_minie5_range_all_cut_blur.mp4,1025,1,151,351,347,478,propagated:0.994
/Users/bround/Desktop/Датасеты/Dataset_Mendeley_data/Unlabelled _UAV_Videos/Flight Test 1/FT1_segments_of_interest/f5_mini_e/eo/7_minie5_range_all_cut_blur.mp4,1026,1,154,337,350,464,propagated:0.987
/Users/bround/Desktop/Датасеты/Dataset_Mendeley_data/Unlabelled _UAV_Videos/Flight Test 1/FT1_segments_of_interest/f5_mini_e/eo/7_minie5_range_all_cut_blur.mp4,1027,1,155,331,351,458,propagated:0.988
/Users/bround/Desktop/Датасеты/Dataset_Mendeley_data/Unlabelled _UAV_Videos/Flight Test 1/FT1_segments_of_interest/f5_mini_e/eo/7_minie5_range_all_cut_blur.mp4,1028,1,155,331,351,458,propagated:0.992
/Users/bround/Desktop/Датасеты/Dataset_Mendeley_data/Unlabelled _UAV_Videos/Flight Test 1/FT1_segments_of_interest/f5_mini_e/eo/7_minie5_range_all_cut_blur.mp4,1029,1,157,337,353,464,propagated:0.993
/Users/bround/Desktop/Датасеты/Dataset_Mendeley_data/Unlabelled _UAV_Videos/Flight Test 1/FT1_segments_of_interest/f5_mini_e/eo/7_minie5_range_all_cut_blur.mp4,1030,1,157,341,353,468,propagated:0.985
/Users/bround/Desktop/Датасеты/Dataset_Mendeley_data/Unlabelled _UAV_Videos/Flight Test 1/FT1_segments_of_interest/f5_mini_e/eo/7_minie5_range_all_cut_blur.mp4,1031,1,156,341,352,468,propagated:0.986
/Users/bround/Desktop/Датасеты/Dataset_Mendeley_data/Unlabelled _UAV_Videos/Flight Test 1/FT1_segments_of_interest/f5_mini_e/eo/7_minie5_range_all_cut_blur.mp4,1032,1,154,344,350,471,propagated:0.991
/Users/bround/Desktop/Датасеты/Dataset_Mendeley_data/Unlabelled _UAV_Videos/Flight Test 1/FT1_segments_of_interest/f5_mini_e/eo/7_minie5_range_all_cut_blur.mp4,1033,1,154,344,350,471,propagated:0.993
/Users/bround/Desktop/Датасеты/Dataset_Mendeley_data/Unlabelled _UAV_Videos/Flight Test 1/FT1_segments_of_interest/f5_mini_e/eo/7_minie5_range_all_cut_blur.mp4,1034,1,148,353,367,516,manual
/Users/bround/Desktop/Датасеты/Dataset_Mendeley_data/Unlabelled _UAV_Videos/Flight Test 1/FT1_segments_of_interest/f5_mini_e/eo/7_minie5_range_all_cut_blur.mp4,1036,1,152,353,371,516,propagated:0.665
/Users/bround/Desktop/Датасеты/Dataset_Mendeley_data/Unlabelled _UAV_Videos/Flight Test 1/FT1_segments_of_interest/f5_mini_e/eo/7_minie5_range_all_cut_blur.mp4,1037,1,106,353,325,516,propagated:0.505
/Users/bround/Desktop/Датасеты/Dataset_Mendeley_data/Unlabelled _UAV_Videos/Flight Test 1/FT1_segments_of_interest/f5_mini_e/eo/7_minie5_range_all_cut_blur.mp4,1039,1,71,350,290,513,propagated:0.592
/Users/bround/Desktop/Датасеты/Dataset_Mendeley_data/Unlabelled _UAV_Videos/Flight Test 1/FT1_segments_of_interest/f5_mini_e/eo/7_minie5_range_all_cut_blur.mp4,1040,1,71,350,290,513,propagated:0.685
/Users/bround/Desktop/Датасеты/Dataset_Mendeley_data/Unlabelled _UAV_Videos/Flight Test 1/FT1_segments_of_interest/f5_mini_e/eo/7_minie5_range_all_cut_blur.mp4,1041,1,138,302,357,465,propagated:0.593
/Users/bround/Desktop/Датасеты/Dataset_Mendeley_data/Unlabelled _UAV_Videos/Flight Test 1/FT1_segments_of_interest/f5_mini_e/eo/7_minie5_range_all_cut_blur.mp4,1042,1,133,321,352,484,propagated:0.662
/Users/bround/Desktop/Датасеты/Dataset_Mendeley_data/Unlabelled _UAV_Videos/Flight Test 1/FT1_segments_of_interest/f5_mini_e/eo/7_minie5_range_all_cut_blur.mp4,1043,1,130,330,349,493,propagated:0.724
/Users/bround/Desktop/Датасеты/Dataset_Mendeley_data/Unlabelled _UAV_Videos/Flight Test 1/FT1_segments_of_interest/f5_mini_e/eo/7_minie5_range_all_cut_blur.mp4,1044,1,126,325,345,488,propagated:0.787
/Users/bround/Desktop/Датасеты/Dataset_Mendeley_data/Unlabelled _UAV_Videos/Flight Test 1/FT1_segments_of_interest/f5_mini_e/eo/7_minie5_range_all_cut_blur.mp4,1045,1,126,325,345,488,propagated:0.836
/Users/bround/Desktop/Датасеты/Dataset_Mendeley_data/Unlabelled _UAV_Videos/Flight Test 1/FT1_segments_of_interest/f5_mini_e/eo/7_minie5_range_all_cut_blur.mp4,1046,1,127,326,346,489,propagated:0.872
/Users/bround/Desktop/Датасеты/Dataset_Mendeley_data/Unlabelled _UAV_Videos/Flight Test 1/FT1_segments_of_interest/f5_mini_e/eo/7_minie5_range_all_cut_blur.mp4,1047,1,131,327,350,490,propagated:0.900
/Users/bround/Desktop/Датасеты/Dataset_Mendeley_data/Unlabelled _UAV_Videos/Flight Test 1/FT1_segments_of_interest/f5_mini_e/eo/7_minie5_range_all_cut_blur.mp4,1048,1,126,324,345,487,propagated:0.924
/Users/bround/Desktop/Датасеты/Dataset_Mendeley_data/Unlabelled _UAV_Videos/Flight Test 1/FT1_segments_of_interest/f5_mini_e/eo/7_minie5_range_all_cut_blur.mp4,1049,1,121,326,340,489,propagated:0.984
/Users/bround/Desktop/Датасеты/Dataset_Mendeley_data/Unlabelled _UAV_Videos/Flight Test 1/FT1_segments_of_interest/f5_mini_e/eo/7_minie5_range_all_cut_blur.mp4,1050,1,119,325,338,488,propagated:0.992
/Users/bround/Desktop/Датасеты/Dataset_Mendeley_data/Unlabelled _UAV_Videos/Flight Test 1/FT1_segments_of_interest/f5_mini_e/eo/7_minie5_range_all_cut_blur.mp4,1051,1,119,325,338,488,propagated:0.994
/Users/bround/Desktop/Датасеты/Dataset_Mendeley_data/Unlabelled _UAV_Videos/Flight Test 1/FT1_segments_of_interest/f5_mini_e/eo/7_minie5_range_all_cut_blur.mp4,1052,1,120,325,339,488,propagated:0.991
/Users/bround/Desktop/Датасеты/Dataset_Mendeley_data/Unlabelled _UAV_Videos/Flight Test 1/FT1_segments_of_interest/f5_mini_e/eo/7_minie5_range_all_cut_blur.mp4,1053,1,122,318,341,481,propagated:0.986
/Users/bround/Desktop/Датасеты/Dataset_Mendeley_data/Unlabelled _UAV_Videos/Flight Test 1/FT1_segments_of_interest/f5_mini_e/eo/7_minie5_range_all_cut_blur.mp4,1054,1,121,313,340,476,propagated:0.987
/Users/bround/Desktop/Датасеты/Dataset_Mendeley_data/Unlabelled _UAV_Videos/Flight Test 1/FT1_segments_of_interest/f5_mini_e/eo/7_minie5_range_all_cut_blur.mp4,1055,1,119,309,338,472,propagated:0.992
/Users/bround/Desktop/Датасеты/Dataset_Mendeley_data/Unlabelled _UAV_Videos/Flight Test 1/FT1_segments_of_interest/f5_mini_e/eo/7_minie5_range_all_cut_blur.mp4,1056,1,118,316,337,479,propagated:0.991
/Users/bround/Desktop/Датасеты/Dataset_Mendeley_data/Unlabelled _UAV_Videos/Flight Test 1/FT1_segments_of_interest/f5_mini_e/eo/7_minie5_range_all_cut_blur.mp4,1057,1,118,316,337,479,propagated:0.993
/Users/bround/Desktop/Датасеты/Dataset_Mendeley_data/Unlabelled _UAV_Videos/Flight Test 1/FT1_segments_of_interest/f5_mini_e/eo/7_minie5_range_all_cut_blur.mp4,1058,1,138,417,349,516,manual
/Users/bround/Desktop/Датасеты/Dataset_Mendeley_data/Unlabelled _UAV_Videos/Flight Test 1/FT1_segments_of_interest/f5_mini_e/eo/7_minie5_range_all_cut_blur.mp4,1060,1,136,417,347,516,propagated:0.849
/Users/bround/Desktop/Датасеты/Dataset_Mendeley_data/Unlabelled _UAV_Videos/Flight Test 1/FT1_segments_of_interest/f5_mini_e/eo/7_minie5_range_all_cut_blur.mp4,1061,1,132,417,343,516,propagated:0.833
/Users/bround/Desktop/Датасеты/Dataset_Mendeley_data/Unlabelled _UAV_Videos/Flight Test 1/FT1_segments_of_interest/f5_mini_e/eo/7_minie5_range_all_cut_blur.mp4,1062,1,128,417,339,516,propagated:0.614
/Users/bround/Desktop/Датасеты/Dataset_Mendeley_data/Unlabelled _UAV_Videos/Flight Test 1/FT1_segments_of_interest/f5_mini_e/eo/7_minie5_range_all_cut_blur.mp4,1063,1,120,417,331,516,propagated:0.630
/Users/bround/Desktop/Датасеты/Dataset_Mendeley_data/Unlabelled _UAV_Videos/Flight Test 1/FT1_segments_of_interest/f5_mini_e/eo/7_minie5_range_all_cut_blur.mp4,1064,1,120,417,331,516,propagated:0.725
/Users/bround/Desktop/Датасеты/Dataset_Mendeley_data/Unlabelled _UAV_Videos/Flight Test 1/FT1_segments_of_interest/f5_mini_e/eo/7_minie5_range_all_cut_blur.mp4,1065,1,114,417,325,516,propagated:0.801
/Users/bround/Desktop/Датасеты/Dataset_Mendeley_data/Unlabelled _UAV_Videos/Flight Test 1/FT1_segments_of_interest/f5_mini_e/eo/7_minie5_range_all_cut_blur.mp4,1066,1,114,416,325,515,propagated:0.856
/Users/bround/Desktop/Датасеты/Dataset_Mendeley_data/Unlabelled _UAV_Videos/Flight Test 1/FT1_segments_of_interest/f5_mini_e/eo/7_minie5_range_all_cut_blur.mp4,1067,1,118,417,329,516,propagated:0.801
/Users/bround/Desktop/Датасеты/Dataset_Mendeley_data/Unlabelled _UAV_Videos/Flight Test 1/FT1_segments_of_interest/f5_mini_e/eo/7_minie5_range_all_cut_blur.mp4,1068,1,114,417,325,516,propagated:0.905
/Users/bround/Desktop/Датасеты/Dataset_Mendeley_data/Unlabelled _UAV_Videos/Flight Test 1/FT1_segments_of_interest/f5_mini_e/eo/7_minie5_range_all_cut_blur.mp4,1069,1,113,417,324,516,propagated:0.691
/Users/bround/Desktop/Датасеты/Dataset_Mendeley_data/Unlabelled _UAV_Videos/Flight Test 1/FT1_segments_of_interest/f5_mini_e/eo/7_minie5_range_all_cut_blur.mp4,1070,1,113,417,324,516,propagated:1.000
/Users/bround/Desktop/Датасеты/Dataset_Mendeley_data/Unlabelled _UAV_Videos/Flight Test 1/FT1_segments_of_interest/f5_mini_e/eo/7_minie5_range_all_cut_blur.mp4,1071,1,114,417,325,516,propagated:0.538
/Users/bround/Desktop/Датасеты/Dataset_Mendeley_data/Unlabelled _UAV_Videos/Flight Test 1/FT1_segments_of_interest/f5_mini_e/eo/7_minie5_range_all_cut_blur.mp4,1072,1,111,417,322,516,propagated:0.639
/Users/bround/Desktop/Датасеты/Dataset_Mendeley_data/Unlabelled _UAV_Videos/Flight Test 1/FT1_segments_of_interest/f5_mini_e/eo/7_minie5_range_all_cut_blur.mp4,1073,1,109,414,320,513,propagated:0.736
/Users/bround/Desktop/Датасеты/Dataset_Mendeley_data/Unlabelled _UAV_Videos/Flight Test 1/FT1_segments_of_interest/f5_mini_e/eo/7_minie5_range_all_cut_blur.mp4,1074,1,105,417,316,516,propagated:0.902
/Users/bround/Desktop/Датасеты/Dataset_Mendeley_data/Unlabelled _UAV_Videos/Flight Test 1/FT1_segments_of_interest/f5_mini_e/eo/7_minie5_range_all_cut_blur.mp4,1075,1,102,413,313,512,propagated:0.938
/Users/bround/Desktop/Датасеты/Dataset_Mendeley_data/Unlabelled _UAV_Videos/Flight Test 1/FT1_segments_of_interest/f5_mini_e/eo/7_minie5_range_all_cut_blur.mp4,1076,1,102,413,313,512,propagated:0.957
/Users/bround/Desktop/Датасеты/Dataset_Mendeley_data/Unlabelled _UAV_Videos/Flight Test 1/FT1_segments_of_interest/f5_mini_e/eo/7_minie5_range_all_cut_blur.mp4,1077,1,102,415,313,514,propagated:0.970
/Users/bround/Desktop/Датасеты/Dataset_Mendeley_data/Unlabelled _UAV_Videos/Flight Test 1/FT1_segments_of_interest/f5_mini_e/eo/7_minie5_range_all_cut_blur.mp4,1078,1,104,409,315,508,propagated:0.973
/Users/bround/Desktop/Датасеты/Dataset_Mendeley_data/Unlabelled _UAV_Videos/Flight Test 1/FT1_segments_of_interest/f5_mini_e/eo/7_minie5_range_all_cut_blur.mp4,1079,1,112,402,323,501,propagated:0.979
/Users/bround/Desktop/Датасеты/Dataset_Mendeley_data/Unlabelled _UAV_Videos/Flight Test 1/FT1_segments_of_interest/f5_mini_e/eo/7_minie5_range_all_cut_blur.mp4,1080,1,112,400,323,499,propagated:0.990
/Users/bround/Desktop/Датасеты/Dataset_Mendeley_data/Unlabelled _UAV_Videos/Flight Test 1/FT1_segments_of_interest/f5_mini_e/eo/7_minie5_range_all_cut_blur.mp4,1081,1,112,400,323,499,propagated:0.992
/Users/bround/Desktop/Датасеты/Dataset_Mendeley_data/Unlabelled _UAV_Videos/Flight Test 1/FT1_segments_of_interest/f5_mini_e/eo/7_minie5_range_all_cut_blur.mp4,1082,1,108,395,319,494,propagated:0.988
/Users/bround/Desktop/Датасеты/Dataset_Mendeley_data/Unlabelled _UAV_Videos/Flight Test 1/FT1_segments_of_interest/f5_mini_e/eo/7_minie5_range_all_cut_blur.mp4,1083,1,107,396,318,495,propagated:0.985
/Users/bround/Desktop/Датасеты/Dataset_Mendeley_data/Unlabelled _UAV_Videos/Flight Test 1/FT1_segments_of_interest/f5_mini_e/eo/7_minie5_range_all_cut_blur.mp4,1084,1,107,401,318,500,propagated:0.989
/Users/bround/Desktop/Датасеты/Dataset_Mendeley_data/Unlabelled _UAV_Videos/Flight Test 1/FT1_segments_of_interest/f5_mini_e/eo/7_minie5_range_all_cut_blur.mp4,1085,1,108,399,319,498,propagated:0.992
/Users/bround/Desktop/Датасеты/Dataset_Mendeley_data/Unlabelled _UAV_Videos/Flight Test 1/FT1_segments_of_interest/f5_mini_e/eo/7_minie5_range_all_cut_blur.mp4,1086,1,110,400,321,499,propagated:0.990
/Users/bround/Desktop/Датасеты/Dataset_Mendeley_data/Unlabelled _UAV_Videos/Flight Test 1/FT1_segments_of_interest/f5_mini_e/eo/7_minie5_range_all_cut_blur.mp4,1087,1,110,400,321,499,propagated:0.993
/Users/bround/Desktop/Датасеты/Dataset_Mendeley_data/Unlabelled _UAV_Videos/Flight Test 1/FT1_segments_of_interest/f5_mini_e/eo/7_minie5_range_all_cut_blur.mp4,1088,1,112,397,323,496,propagated:0.985
/Users/bround/Desktop/Датасеты/Dataset_Mendeley_data/Unlabelled _UAV_Videos/Flight Test 1/FT1_segments_of_interest/f5_mini_e/eo/7_minie5_range_all_cut_blur.mp4,1089,1,114,395,325,494,propagated:0.982
/Users/bround/Desktop/Датасеты/Dataset_Mendeley_data/Unlabelled _UAV_Videos/Flight Test 1/FT1_segments_of_interest/f5_mini_e/eo/7_minie5_range_all_cut_blur.mp4,1090,1,113,392,324,491,propagated:0.991
/Users/bround/Desktop/Датасеты/Dataset_Mendeley_data/Unlabelled _UAV_Videos/Flight Test 1/FT1_segments_of_interest/f5_mini_e/eo/7_minie5_range_all_cut_blur.mp4,1091,1,107,389,318,488,propagated:0.982
/Users/bround/Desktop/Датасеты/Dataset_Mendeley_data/Unlabelled _UAV_Videos/Flight Test 1/FT1_segments_of_interest/f5_mini_e/eo/7_minie5_range_all_cut_blur.mp4,1092,1,102,381,313,480,propagated:0.988
/Users/bround/Desktop/Датасеты/Dataset_Mendeley_data/Unlabelled _UAV_Videos/Flight Test 1/FT1_segments_of_interest/f5_mini_e/eo/7_minie5_range_all_cut_blur.mp4,1093,1,96,366,307,465,propagated:0.981
/Users/bround/Desktop/Датасеты/Dataset_Mendeley_data/Unlabelled _UAV_Videos/Flight Test 1/FT1_segments_of_interest/f5_mini_e/eo/7_minie5_range_all_cut_blur.mp4,1094,1,96,366,307,465,propagated:0.987
/Users/bround/Desktop/Датасеты/Dataset_Mendeley_data/Unlabelled _UAV_Videos/Flight Test 1/FT1_segments_of_interest/f5_mini_e/eo/7_minie5_range_all_cut_blur.mp4,1095,1,92,351,303,450,propagated:0.988
/Users/bround/Desktop/Датасеты/Dataset_Mendeley_data/Unlabelled _UAV_Videos/Flight Test 1/FT1_segments_of_interest/f5_mini_e/eo/7_minie5_range_all_cut_blur.mp4,1096,1,90,346,301,445,propagated:0.985
/Users/bround/Desktop/Датасеты/Dataset_Mendeley_data/Unlabelled _UAV_Videos/Flight Test 1/FT1_segments_of_interest/f5_mini_e/eo/7_minie5_range_all_cut_blur.mp4,1097,1,87,343,298,442,propagated:0.988
/Users/bround/Desktop/Датасеты/Dataset_Mendeley_data/Unlabelled _UAV_Videos/Flight Test 1/FT1_segments_of_interest/f5_mini_e/eo/7_minie5_range_all_cut_blur.mp4,1098,1,85,337,296,436,propagated:0.988
/Users/bround/Desktop/Датасеты/Dataset_Mendeley_data/Unlabelled _UAV_Videos/Flight Test 1/FT1_segments_of_interest/f5_mini_e/eo/7_minie5_range_all_cut_blur.mp4,1099,1,69,349,278,516,manual
/Users/bround/Desktop/Датасеты/Dataset_Mendeley_data/Unlabelled _UAV_Videos/Flight Test 1/FT1_segments_of_interest/f5_mini_e/eo/7_minie5_range_all_cut_blur.mp4,1101,1,77,349,286,516,propagated:0.965
/Users/bround/Desktop/Датасеты/Dataset_Mendeley_data/Unlabelled _UAV_Videos/Flight Test 1/FT1_segments_of_interest/f5_mini_e/eo/7_minie5_range_all_cut_blur.mp4,1102,1,78,343,287,510,propagated:0.992
/Users/bround/Desktop/Датасеты/Dataset_Mendeley_data/Unlabelled _UAV_Videos/Flight Test 1/FT1_segments_of_interest/f5_mini_e/eo/7_minie5_range_all_cut_blur.mp4,1103,1,78,339,287,506,propagated:0.989
/Users/bround/Desktop/Датасеты/Dataset_Mendeley_data/Unlabelled _UAV_Videos/Flight Test 1/FT1_segments_of_interest/f5_mini_e/eo/7_minie5_range_all_cut_blur.mp4,1104,1,78,344,287,511,propagated:0.990
/Users/bround/Desktop/Датасеты/Dataset_Mendeley_data/Unlabelled _UAV_Videos/Flight Test 1/FT1_segments_of_interest/f5_mini_e/eo/7_minie5_range_all_cut_blur.mp4,1105,1,79,347,288,514,propagated:0.991
/Users/bround/Desktop/Датасеты/Dataset_Mendeley_data/Unlabelled _UAV_Videos/Flight Test 1/FT1_segments_of_interest/f5_mini_e/eo/7_minie5_range_all_cut_blur.mp4,1106,1,79,347,288,514,propagated:0.994
/Users/bround/Desktop/Датасеты/Dataset_Mendeley_data/Unlabelled _UAV_Videos/Flight Test 1/FT1_segments_of_interest/f5_mini_e/eo/7_minie5_range_all_cut_blur.mp4,1107,1,78,347,287,514,propagated:0.989
/Users/bround/Desktop/Датасеты/Dataset_Mendeley_data/Unlabelled _UAV_Videos/Flight Test 1/FT1_segments_of_interest/f5_mini_e/eo/7_minie5_range_all_cut_blur.mp4,1108,1,79,349,288,516,propagated:0.908
/Users/bround/Desktop/Датасеты/Dataset_Mendeley_data/Unlabelled _UAV_Videos/Flight Test 1/FT1_segments_of_interest/f5_mini_e/eo/7_minie5_range_all_cut_blur.mp4,1109,1,80,349,289,516,propagated:0.714
/Users/bround/Desktop/Датасеты/Dataset_Mendeley_data/Unlabelled _UAV_Videos/Flight Test 1/FT1_segments_of_interest/f5_mini_e/eo/7_minie5_range_all_cut_blur.mp4,1110,1,82,349,291,516,propagated:0.713
/Users/bround/Desktop/Датасеты/Dataset_Mendeley_data/Unlabelled _UAV_Videos/Flight Test 1/FT1_segments_of_interest/f5_mini_e/eo/7_minie5_range_all_cut_blur.mp4,1111,1,82,346,291,513,propagated:0.991
/Users/bround/Desktop/Датасеты/Dataset_Mendeley_data/Unlabelled _UAV_Videos/Flight Test 1/FT1_segments_of_interest/f5_mini_e/eo/7_minie5_range_all_cut_blur.mp4,1112,1,82,346,291,513,propagated:0.994
/Users/bround/Desktop/Датасеты/Dataset_Mendeley_data/Unlabelled _UAV_Videos/Flight Test 1/FT1_segments_of_interest/f5_mini_e/eo/7_minie5_range_all_cut_blur.mp4,1113,1,74,332,283,499,propagated:0.985
/Users/bround/Desktop/Датасеты/Dataset_Mendeley_data/Unlabelled _UAV_Videos/Flight Test 1/FT1_segments_of_interest/f5_mini_e/eo/7_minie5_range_all_cut_blur.mp4,1114,1,68,325,277,492,propagated:0.983
/Users/bround/Desktop/Датасеты/Dataset_Mendeley_data/Unlabelled _UAV_Videos/Flight Test 1/FT1_segments_of_interest/f5_mini_e/eo/7_minie5_range_all_cut_blur.mp4,1115,1,74,322,283,489,propagated:0.981
/Users/bround/Desktop/Датасеты/Dataset_Mendeley_data/Unlabelled _UAV_Videos/Flight Test 1/FT1_segments_of_interest/f5_mini_e/eo/7_minie5_range_all_cut_blur.mp4,1116,1,81,319,290,486,propagated:0.979
/Users/bround/Desktop/Датасеты/Dataset_Mendeley_data/Unlabelled _UAV_Videos/Flight Test 1/FT1_segments_of_interest/f5_mini_e/eo/7_minie5_range_all_cut_blur.mp4,1117,1,81,319,290,486,propagated:0.985
/Users/bround/Desktop/Датасеты/Dataset_Mendeley_data/Unlabelled _UAV_Videos/Flight Test 1/FT1_segments_of_interest/f5_mini_e/eo/7_minie5_range_all_cut_blur.mp4,1118,1,85,313,294,480,propagated:0.980
/Users/bround/Desktop/Датасеты/Dataset_Mendeley_data/Unlabelled _UAV_Videos/Flight Test 1/FT1_segments_of_interest/f5_mini_e/eo/7_minie5_range_all_cut_blur.mp4,1119,1,88,319,297,486,propagated:0.979
/Users/bround/Desktop/Датасеты/Dataset_Mendeley_data/Unlabelled _UAV_Videos/Flight Test 1/FT1_segments_of_interest/f5_mini_e/eo/7_minie5_range_all_cut_blur.mp4,1120,1,91,318,300,485,propagated:0.977
/Users/bround/Desktop/Датасеты/Dataset_Mendeley_data/Unlabelled _UAV_Videos/Flight Test 1/FT1_segments_of_interest/f5_mini_e/eo/7_minie5_range_all_cut_blur.mp4,1121,1,98,315,307,482,propagated:0.988
/Users/bround/Desktop/Датасеты/Dataset_Mendeley_data/Unlabelled _UAV_Videos/Flight Test 1/FT1_segments_of_interest/f5_mini_e/eo/7_minie5_range_all_cut_blur.mp4,1122,1,107,315,316,482,propagated:0.988
/Users/bround/Desktop/Датасеты/Dataset_Mendeley_data/Unlabelled _UAV_Videos/Flight Test 1/FT1_segments_of_interest/f5_mini_e/eo/7_minie5_range_all_cut_blur.mp4,1123,1,108,314,317,481,propagated:0.991
/Users/bround/Desktop/Датасеты/Dataset_Mendeley_data/Unlabelled _UAV_Videos/Flight Test 1/FT1_segments_of_interest/f5_mini_e/eo/7_minie5_range_all_cut_blur.mp4,1124,1,108,314,317,481,propagated:0.994
/Users/bround/Desktop/Датасеты/Dataset_Mendeley_data/Unlabelled _UAV_Videos/Flight Test 1/FT1_segments_of_interest/f5_mini_e/eo/7_minie5_range_all_cut_blur.mp4,1125,1,101,321,310,488,propagated:0.989
/Users/bround/Desktop/Датасеты/Dataset_Mendeley_data/Unlabelled _UAV_Videos/Flight Test 1/FT1_segments_of_interest/f5_mini_e/eo/7_minie5_range_all_cut_blur.mp4,1126,1,98,328,307,495,propagated:0.989
/Users/bround/Desktop/Датасеты/Dataset_Mendeley_data/Unlabelled _UAV_Videos/Flight Test 1/FT1_segments_of_interest/f5_mini_e/eo/7_minie5_range_all_cut_blur.mp4,1127,1,100,336,309,503,propagated:0.989
/Users/bround/Desktop/Датасеты/Dataset_Mendeley_data/Unlabelled _UAV_Videos/Flight Test 1/FT1_segments_of_interest/f5_mini_e/eo/7_minie5_range_all_cut_blur.mp4,1128,1,101,340,310,507,propagated:0.987
/Users/bround/Desktop/Датасеты/Dataset_Mendeley_data/Unlabelled _UAV_Videos/Flight Test 1/FT1_segments_of_interest/f5_mini_e/eo/7_minie5_range_all_cut_blur.mp4,1129,1,97,344,306,511,propagated:0.986
/Users/bround/Desktop/Датасеты/Dataset_Mendeley_data/Unlabelled _UAV_Videos/Flight Test 1/FT1_segments_of_interest/f5_mini_e/eo/7_minie5_range_all_cut_blur.mp4,1130,1,97,344,306,511,propagated:0.990
/Users/bround/Desktop/Датасеты/Dataset_Mendeley_data/Unlabelled _UAV_Videos/Flight Test 1/FT1_segments_of_interest/f5_mini_e/eo/7_minie5_range_all_cut_blur.mp4,1131,1,94,341,303,508,propagated:0.985
/Users/bround/Desktop/Датасеты/Dataset_Mendeley_data/Unlabelled _UAV_Videos/Flight Test 1/FT1_segments_of_interest/f5_mini_e/eo/7_minie5_range_all_cut_blur.mp4,1132,1,93,343,302,510,propagated:0.988
/Users/bround/Desktop/Датасеты/Dataset_Mendeley_data/Unlabelled _UAV_Videos/Flight Test 1/FT1_segments_of_interest/f5_mini_e/eo/7_minie5_range_all_cut_blur.mp4,1133,1,95,342,304,509,propagated:0.986
/Users/bround/Desktop/Датасеты/Dataset_Mendeley_data/Unlabelled _UAV_Videos/Flight Test 1/FT1_segments_of_interest/f5_mini_e/eo/7_minie5_range_all_cut_blur.mp4,1134,1,100,341,309,508,propagated:0.988
/Users/bround/Desktop/Датасеты/Dataset_Mendeley_data/Unlabelled _UAV_Videos/Flight Test 1/FT1_segments_of_interest/f5_mini_e/eo/7_minie5_range_all_cut_blur.mp4,1135,1,106,338,315,505,propagated:0.985
/Users/bround/Desktop/Датасеты/Dataset_Mendeley_data/Unlabelled _UAV_Videos/Flight Test 1/FT1_segments_of_interest/f5_mini_e/eo/7_minie5_range_all_cut_blur.mp4,1136,1,106,338,315,505,propagated:0.989
/Users/bround/Desktop/Датасеты/Dataset_Mendeley_data/Unlabelled _UAV_Videos/Flight Test 1/FT1_segments_of_interest/f5_mini_e/eo/7_minie5_range_all_cut_blur.mp4,1137,1,114,339,323,506,propagated:0.990
/Users/bround/Desktop/Датасеты/Dataset_Mendeley_data/Unlabelled _UAV_Videos/Flight Test 1/FT1_segments_of_interest/f5_mini_e/eo/7_minie5_range_all_cut_blur.mp4,1138,1,120,337,329,504,propagated:0.986
/Users/bround/Desktop/Датасеты/Dataset_Mendeley_data/Unlabelled _UAV_Videos/Flight Test 1/FT1_segments_of_interest/f5_mini_e/eo/7_minie5_range_all_cut_blur.mp4,1139,1,126,331,335,498,propagated:0.989
/Users/bround/Desktop/Датасеты/Dataset_Mendeley_data/Unlabelled _UAV_Videos/Flight Test 1/FT1_segments_of_interest/f5_mini_e/eo/7_minie5_range_all_cut_blur.mp4,1140,1,134,325,343,492,propagated:0.989
/Users/bround/Desktop/Датасеты/Dataset_Mendeley_data/Unlabelled _UAV_Videos/Flight Test 1/FT1_segments_of_interest/f5_mini_e/eo/7_minie5_range_all_cut_blur.mp4,1141,1,134,325,343,492,propagated:1.000
/Users/bround/Desktop/Датасеты/Dataset_Mendeley_data/Unlabelled _UAV_Videos/Flight Test 1/FT1_segments_of_interest/f5_mini_e/eo/7_minie5_range_all_cut_blur.mp4,1142,1,143,317,352,484,propagated:0.988
/Users/bround/Desktop/Датасеты/Dataset_Mendeley_data/Unlabelled _UAV_Videos/Flight Test 1/FT1_segments_of_interest/f5_mini_e/eo/7_minie5_range_all_cut_blur.mp4,1143,1,146,307,355,474,propagated:0.987
/Users/bround/Desktop/Датасеты/Dataset_Mendeley_data/Unlabelled _UAV_Videos/Flight Test 1/FT1_segments_of_interest/f5_mini_e/eo/7_minie5_range_all_cut_blur.mp4,1144,1,144,291,353,458,propagated:0.986
/Users/bround/Desktop/Датасеты/Dataset_Mendeley_data/Unlabelled _UAV_Videos/Flight Test 1/FT1_segments_of_interest/f5_mini_e/eo/7_minie5_range_all_cut_blur.mp4,1145,1,138,277,347,444,propagated:0.984
/Users/bround/Desktop/Датасеты/Dataset_Mendeley_data/Unlabelled _UAV_Videos/Flight Test 1/FT1_segments_of_interest/f5_mini_e/eo/7_minie5_range_all_cut_blur.mp4,1146,1,135,273,344,440,propagated:0.986
/Users/bround/Desktop/Датасеты/Dataset_Mendeley_data/Unlabelled _UAV_Videos/Flight Test 1/FT1_segments_of_interest/f5_mini_e/eo/7_minie5_range_all_cut_blur.mp4,1147,1,133,272,342,439,propagated:0.983
/Users/bround/Desktop/Датасеты/Dataset_Mendeley_data/Unlabelled _UAV_Videos/Flight Test 1/FT1_segments_of_interest/f5_mini_e/eo/7_minie5_range_all_cut_blur.mp4,1148,1,133,272,342,439,propagated:0.988
/Users/bround/Desktop/Датасеты/Dataset_Mendeley_data/Unlabelled _UAV_Videos/Flight Test 1/FT1_segments_of_interest/f5_mini_e/eo/7_minie5_range_all_cut_blur.mp4,1149,1,133,272,342,439,propagated:0.987
/Users/bround/Desktop/Датасеты/Dataset_Mendeley_data/Unlabelled _UAV_Videos/Flight Test 1/FT1_segments_of_interest/f5_mini_e/eo/7_minie5_range_all_cut_blur.mp4,1150,1,132,272,341,439,propagated:0.990
/Users/bround/Desktop/Датасеты/Dataset_Mendeley_data/Unlabelled _UAV_Videos/Flight Test 1/FT1_segments_of_interest/f5_mini_e/eo/7_minie5_range_all_cut_blur.mp4,1151,1,132,275,341,442,propagated:0.987
/Users/bround/Desktop/Датасеты/Dataset_Mendeley_data/Unlabelled _UAV_Videos/Flight Test 1/FT1_segments_of_interest/f5_mini_e/eo/7_minie5_range_all_cut_blur.mp4,1152,1,134,272,343,439,propagated:0.992
/Users/bround/Desktop/Датасеты/Dataset_Mendeley_data/Unlabelled _UAV_Videos/Flight Test 1/FT1_segments_of_interest/f5_mini_e/eo/7_minie5_range_all_cut_blur.mp4,1153,1,134,275,343,442,propagated:0.990
/Users/bround/Desktop/Датасеты/Dataset_Mendeley_data/Unlabelled _UAV_Videos/Flight Test 1/FT1_segments_of_interest/f5_mini_e/eo/7_minie5_range_all_cut_blur.mp4,1154,1,134,275,343,442,propagated:0.993
/Users/bround/Desktop/Датасеты/Dataset_Mendeley_data/Unlabelled _UAV_Videos/Flight Test 1/FT1_segments_of_interest/f5_mini_e/eo/7_minie5_range_all_cut_blur.mp4,1155,1,133,273,342,440,propagated:0.990
/Users/bround/Desktop/Датасеты/Dataset_Mendeley_data/Unlabelled _UAV_Videos/Flight Test 1/FT1_segments_of_interest/f5_mini_e/eo/7_minie5_range_all_cut_blur.mp4,1156,1,135,271,344,438,propagated:0.990
/Users/bround/Desktop/Датасеты/Dataset_Mendeley_data/Unlabelled _UAV_Videos/Flight Test 1/FT1_segments_of_interest/f5_mini_e/eo/7_minie5_range_all_cut_blur.mp4,1157,1,137,266,346,433,propagated:0.991
/Users/bround/Desktop/Датасеты/Dataset_Mendeley_data/Unlabelled _UAV_Videos/Flight Test 1/FT1_segments_of_interest/f5_mini_e/eo/7_minie5_range_all_cut_blur.mp4,1158,1,138,261,347,428,propagated:0.988
/Users/bround/Desktop/Датасеты/Dataset_Mendeley_data/Unlabelled _UAV_Videos/Flight Test 1/FT1_segments_of_interest/f5_mini_e/eo/7_minie5_range_all_cut_blur.mp4,1159,1,138,261,347,428,propagated:0.991
/Users/bround/Desktop/Датасеты/Dataset_Mendeley_data/Unlabelled _UAV_Videos/Flight Test 1/FT1_segments_of_interest/f5_mini_e/eo/7_minie5_range_all_cut_blur.mp4,1160,1,121,268,362,463,manual
/Users/bround/Desktop/Датасеты/Dataset_Mendeley_data/Unlabelled _UAV_Videos/Flight Test 1/FT1_segments_of_interest/f5_mini_e/eo/7_minie5_range_all_cut_blur.mp4,1162,1,122,260,363,455,propagated:0.987
/Users/bround/Desktop/Датасеты/Dataset_Mendeley_data/Unlabelled _UAV_Videos/Flight Test 1/FT1_segments_of_interest/f5_mini_e/eo/7_minie5_range_all_cut_blur.mp4,1163,1,124,252,365,447,propagated:0.989
/Users/bround/Desktop/Датасеты/Dataset_Mendeley_data/Unlabelled _UAV_Videos/Flight Test 1/FT1_segments_of_interest/f5_mini_e/eo/7_minie5_range_all_cut_blur.mp4,1164,1,121,244,362,439,propagated:0.986
/Users/bround/Desktop/Датасеты/Dataset_Mendeley_data/Unlabelled _UAV_Videos/Flight Test 1/FT1_segments_of_interest/f5_mini_e/eo/7_minie5_range_all_cut_blur.mp4,1165,1,121,244,362,439,propagated:0.990
/Users/bround/Desktop/Датасеты/Dataset_Mendeley_data/Unlabelled _UAV_Videos/Flight Test 1/FT1_segments_of_interest/f5_mini_e/eo/7_minie5_range_all_cut_blur.mp4,1166,1,123,239,364,434,propagated:0.985
/Users/bround/Desktop/Датасеты/Dataset_Mendeley_data/Unlabelled _UAV_Videos/Flight Test 1/FT1_segments_of_interest/f5_mini_e/eo/7_minie5_range_all_cut_blur.mp4,1167,1,126,235,367,430,propagated:0.985
/Users/bround/Desktop/Датасеты/Dataset_Mendeley_data/Unlabelled _UAV_Videos/Flight Test 1/FT1_segments_of_interest/f5_mini_e/eo/7_minie5_range_all_cut_blur.mp4,1168,1,127,226,368,421,propagated:0.988
/Users/bround/Desktop/Датасеты/Dataset_Mendeley_data/Unlabelled _UAV_Videos/Flight Test 1/FT1_segments_of_interest/f5_mini_e/eo/7_minie5_range_all_cut_blur.mp4,1169,1,127,211,368,406,propagated:0.982
/Users/bround/Desktop/Датасеты/Dataset_Mendeley_data/Unlabelled _UAV_Videos/Flight Test 1/FT1_segments_of_interest/f5_mini_e/eo/7_minie5_range_all_cut_blur.mp4,1170,1,127,194,368,389,propagated:0.985
/Users/bround/Desktop/Датасеты/Dataset_Mendeley_data/Unlabelled _UAV_Videos/Flight Test 1/FT1_segments_of_interest/f5_mini_e/eo/7_minie5_range_all_cut_blur.mp4,1171,1,127,194,368,389,propagated:0.989
/Users/bround/Desktop/Датасеты/Dataset_Mendeley_data/Unlabelled _UAV_Videos/Flight Test 1/FT1_segments_of_interest/f5_mini_e/eo/7_minie5_range_all_cut_blur.mp4,1172,1,130,186,371,381,propagated:0.991
/Users/bround/Desktop/Датасеты/Dataset_Mendeley_data/Unlabelled _UAV_Videos/Flight Test 1/FT1_segments_of_interest/f5_mini_e/eo/7_minie5_range_all_cut_blur.mp4,1173,1,135,183,376,378,propagated:0.990
/Users/bround/Desktop/Датасеты/Dataset_Mendeley_data/Unlabelled _UAV_Videos/Flight Test 1/FT1_segments_of_interest/f5_mini_e/eo/7_minie5_range_all_cut_blur.mp4,1174,1,136,177,377,372,propagated:0.988
/Users/bround/Desktop/Датасеты/Dataset_Mendeley_data/Unlabelled _UAV_Videos/Flight Test 1/FT1_segments_of_interest/f5_mini_e/eo/7_minie5_range_all_cut_blur.mp4,1175,1,136,168,377,363,propagated:0.988
/Users/bround/Desktop/Датасеты/Dataset_Mendeley_data/Unlabelled _UAV_Videos/Flight Test 1/FT1_segments_of_interest/f5_mini_e/eo/7_minie5_range_all_cut_blur.mp4,1176,1,133,165,374,360,propagated:0.984
/Users/bround/Desktop/Датасеты/Dataset_Mendeley_data/Unlabelled _UAV_Videos/Flight Test 1/FT1_segments_of_interest/f5_mini_e/eo/7_minie5_range_all_cut_blur.mp4,1177,1,132,162,373,357,propagated:0.982
/Users/bround/Desktop/Датасеты/Dataset_Mendeley_data/Unlabelled _UAV_Videos/Flight Test 1/FT1_segments_of_interest/f5_mini_e/eo/7_minie5_range_all_cut_blur.mp4,1178,1,132,162,373,357,propagated:0.987
/Users/bround/Desktop/Датасеты/Dataset_Mendeley_data/Unlabelled _UAV_Videos/Flight Test 1/FT1_segments_of_interest/f5_mini_e/eo/7_minie5_range_all_cut_blur.mp4,1179,1,129,162,370,357,propagated:0.986
/Users/bround/Desktop/Датасеты/Dataset_Mendeley_data/Unlabelled _UAV_Videos/Flight Test 1/FT1_segments_of_interest/f5_mini_e/eo/7_minie5_range_all_cut_blur.mp4,1180,1,125,159,366,354,propagated:0.982
/Users/bround/Desktop/Датасеты/Dataset_Mendeley_data/Unlabelled _UAV_Videos/Flight Test 1/FT1_segments_of_interest/f5_mini_e/eo/7_minie5_range_all_cut_blur.mp4,1181,1,122,164,363,359,propagated:0.982
/Users/bround/Desktop/Датасеты/Dataset_Mendeley_data/Unlabelled _UAV_Videos/Flight Test 1/FT1_segments_of_interest/f5_mini_e/eo/7_minie5_range_all_cut_blur.mp4,1182,1,122,167,363,362,propagated:0.985
/Users/bround/Desktop/Датасеты/Dataset_Mendeley_data/Unlabelled _UAV_Videos/Flight Test 1/FT1_segments_of_interest/f5_mini_e/eo/7_minie5_range_all_cut_blur.mp4,1183,1,122,167,363,362,propagated:0.989
/Users/bround/Desktop/Датасеты/Dataset_Mendeley_data/Unlabelled _UAV_Videos/Flight Test 1/FT1_segments_of_interest/f5_mini_e/eo/7_minie5_range_all_cut_blur.mp4,1184,1,124,171,365,366,propagated:0.989
/Users/bround/Desktop/Датасеты/Dataset_Mendeley_data/Unlabelled _UAV_Videos/Flight Test 1/FT1_segments_of_interest/f5_mini_e/eo/7_minie5_range_all_cut_blur.mp4,1185,1,125,176,366,371,propagated:0.987
/Users/bround/Desktop/Датасеты/Dataset_Mendeley_data/Unlabelled _UAV_Videos/Flight Test 1/FT1_segments_of_interest/f5_mini_e/eo/7_minie5_range_all_cut_blur.mp4,1186,1,123,181,364,376,propagated:0.982
