source,frame_index,visible,x1,y1,x2,y2,note
/Users/bround/Desktop/Датасеты/Dataset_Mendeley_data/Unlabelled _UAV_Videos/Flight Test 1/FT1_segments_of_interest/f2_dji_mavic_2/ir/9_dji2_range_medium.mp4,0,1,325,261,374,290,manual
/Users/bround/Desktop/Датасеты/Dataset_Mendeley_data/Unlabelled _UAV_Videos/Flight Test 1/FT1_segments_of_interest/f2_dji_mavic_2/ir/9_dji2_range_medium.mp4,2,1,316,270,365,299,propagated:0.976
/Users/bround/Desktop/Датасеты/Dataset_Mendeley_data/Unlabelled _UAV_Videos/Flight Test 1/FT1_segments_of_interest/f2_dji_mavic_2/ir/9_dji2_range_medium.mp4,3,1,308,277,357,306,propagated:0.943
/Users/bround/Desktop/Датасеты/Dataset_Mendeley_data/Unlabelled _UAV_Videos/Flight Test 1/FT1_segments_of_interest/f2_dji_mavic_2/ir/9_dji2_range_medium.mp4,4,1,304,281,353,310,propagated:0.920
/Users/bround/Desktop/Датасеты/Dataset_Mendeley_data/Unlabelled _UAV_Videos/Flight Test 1/FT1_segments_of_interest/f2_dji_mavic_2/ir/9_dji2_range_medium.mp4,5,1,299,281,348,310,propagated:0.920
/Users/bround/Desktop/Датасеты/Dataset_Mendeley_data/Unlabelled _UAV_Videos/Flight Test 1/FT1_segments_of_interest/f2_dji_mavic_2/ir/9_dji2_range_medium.mp4,6,1,296,284,345,313,propagated:0.920
/Users/bround/Desktop/Датасеты/Dataset_Mendeley_data/Unlabelled _UAV_Videos/Flight Test 1/FT1_segments_of_interest/f2_dji_mavic_2/ir/9_dji2_range_medium.mp4,7,1,296,284,345,313,propagated:0.937
/Users/bround/Desktop/Датасеты/Dataset_Mendeley_data/Unlabelled _UAV_Videos/Flight Test 1/FT1_segments_of_interest/f2_dji_mavic_2/ir/9_dji2_range_medium.mp4,8,1,294,289,343,318,propagated:0.924
/Users/bround/Desktop/Датасеты/Dataset_Mendeley_data/Unlabelled _UAV_Videos/Flight Test 1/FT1_segments_of_interest/f2_dji_mavic_2/ir/9_dji2_range_medium.mp4,9,1,291,289,340,318,propagated:0.932
/Users/bround/Desktop/Датасеты/Dataset_Mendeley_data/Unlabelled _UAV_Videos/Flight Test 1/FT1_segments_of_interest/f2_dji_mavic_2/ir/9_dji2_range_medium.mp4,10,1,288,287,337,316,propagated:0.898
/Users/bround/Desktop/Датасеты/Dataset_Mendeley_data/Unlabelled _UAV_Videos/Flight Test 1/FT1_segments_of_interest/f2_dji_mavic_2/ir/9_dji2_range_medium.mp4,11,1,287,287,336,316,propagated:0.909
/Users/bround/Desktop/Датасеты/Dataset_Mendeley_data/Unlabelled _UAV_Videos/Flight Test 1/FT1_segments_of_interest/f2_dji_mavic_2/ir/9_dji2_range_medium.mp4,12,1,287,286,336,315,propagated:0.957
/Users/bround/Desktop/Датасеты/Dataset_Mendeley_data/Unlabelled _UAV_Videos/Flight Test 1/FT1_segments_of_interest/f2_dji_mavic_2/ir/9_dji2_range_medium.mp4,13,1,287,286,336,315,propagated:0.959
/Users/bround/Desktop/Датасеты/Dataset_Mendeley_data/Unlabelled _UAV_Videos/Flight Test 1/FT1_segments_of_interest/f2_dji_mavic_2/ir/9_dji2_range_medium.mp4,14,1,287,284,336,313,propagated:0.934
/Users/bround/Desktop/Датасеты/Dataset_Mendeley_data/Unlabelled _UAV_Videos/Flight Test 1/FT1_segments_of_interest/f2_dji_mavic_2/ir/9_dji2_range_medium.mp4,15,1,287,281,336,310,propagated:0.943
/Users/bround/Desktop/Датасеты/Dataset_Mendeley_data/Unlabelled _UAV_Videos/Flight Test 1/FT1_segments_of_interest/f2_dji_mavic_2/ir/9_dji2_range_medium.mp4,16,1,286,277,335,306,propagated:0.936
/Users/bround/Desktop/Датасеты/Dataset_Mendeley_data/Unlabelled _UAV_Videos/Flight Test 1/FT1_segments_of_interest/f2_dji_mavic_2/ir/9_dji2_range_medium.mp4,17,1,283,274,332,303,propagated:0.938
/Users/bround/Desktop/Датасеты/Dataset_Mendeley_data/Unlabelled _UAV_Videos/Flight Test 1/FT1_segments_of_interest/f2_dji_mavic_2/ir/9_dji2_range_medium.mp4,18,1,278,272,327,301,propagated:0.922
/Users/bround/Desktop/Датасеты/Dataset_Mendeley_data/Unlabelled _UAV_Videos/Flight Test 1/FT1_segments_of_interest/f2_dji_mavic_2/ir/9_dji2_range_medium.mp4,19,1,278,272,327,301,propagated:0.938
/Users/bround/Desktop/Датасеты/Dataset_Mendeley_data/Unlabelled _UAV_Videos/Flight Test 1/FT1_segments_of_interest/f2_dji_mavic_2/ir/9_dji2_range_medium.mp4,20,1,272,272,321,301,propagated:0.936
/Users/bround/Desktop/Датасеты/Dataset_Mendeley_data/Unlabelled _UAV_Videos/Flight Test 1/FT1_segments_of_interest/f2_dji_mavic_2/ir/9_dji2_range_medium.mp4,21,1,264,267,313,296,propagated:0.939
/Users/bround/Desktop/Датасеты/Dataset_Mendeley_data/Unlabelled _UAV_Videos/Flight Test 1/FT1_segments_of_interest/f2_dji_mavic_2/ir/9_dji2_range_medium.mp4,22,1,257,263,306,292,propagated:0.937
/Users/bround/Desktop/Датасеты/Dataset_Mendeley_data/Unlabelled _UAV_Videos/Flight Test 1/FT1_segments_of_interest/f2_dji_mavic_2/ir/9_dji2_range_medium.mp4,23,1,256,264,305,293,propagated:0.951
/Users/bround/Desktop/Датасеты/Dataset_Mendeley_data/Unlabelled _UAV_Videos/Flight Test 1/FT1_segments_of_interest/f2_dji_mavic_2/ir/9_dji2_range_medium.mp4,24,1,253,268,302,297,propagated:0.921
/Users/bround/Desktop/Датасеты/Dataset_Mendeley_data/Unlabelled _UAV_Videos/Flight Test 1/FT1_segments_of_interest/f2_dji_mavic_2/ir/9_dji2_range_medium.mp4,25,1,253,268,302,297,propagated:0.935
/Users/bround/Desktop/Датасеты/Dataset_Mendeley_data/Unlabelled _UAV_Videos/Flight Test 1/FT1_segments_of_interest/f2_dji_mavic_2/ir/9_dji2_range_medium.mp4,26,1,250,275,299,304,propagated:0.937
/Users/bround/Desktop/Датасеты/Dataset_Mendeley_data/Unlabelled _UAV_Videos/Flight Test 1/FT1_segments_of_interest/f2_dji_mavic_2/ir/9_dji2_range_medium.mp4,27,1,247,281,296,310,propagated:0.938
/Users/bround/Desktop/Датасеты/Dataset_Mendeley_data/Unlabelled _UAV_Videos/Flight Test 1/FT1_segments_of_interest/f2_dji_mavic_2/ir/9_dji2_range_medium.mp4,28,1,242,285,291,314,propagated:0.935
/Users/bround/Desktop/Датасеты/Dataset_Mendeley_data/Unlabelled _UAV_Videos/Flight Test 1/FT1_segments_of_interest/f2_dji_mavic_2/ir/9_dji2_range_medium.mp4,29,1,236,284,285,313,propagated:0.941
/Users/bround/Desktop/Датасеты/Dataset_Mendeley_data/Unlabelled _UAV_Videos/Flight Test 1/FT1_segments_of_interest/f2_dji_mavic_2/ir/9_dji2_range_medium.mp4,30,1,234,281,283,310,propagated:0.967
/Users/bround/Desktop/Датасеты/Dataset_Mendeley_data/Unlabelled _UAV_Videos/Flight Test 1/FT1_segments_of_interest/f2_dji_mavic_2/ir/9_dji2_range_medium.mp4,31,1,234,281,283,310,propagated:0.977
/Users/bround/Desktop/Датасеты/Dataset_Mendeley_data/Unlabelled _UAV_Videos/Flight Test 1/FT1_segments_of_interest/f2_dji_mavic_2/ir/9_dji2_range_medium.mp4,32,1,231,275,280,304,propagated:0.923
/Users/bround/Desktop/Датасеты/Dataset_Mendeley_data/Unlabelled _UAV_Videos/Flight Test 1/FT1_segments_of_interest/f2_dji_mavic_2/ir/9_dji2_range_medium.mp4,33,1,229,267,278,296,propagated:0.962
/Users/bround/Desktop/Датасеты/Dataset_Mendeley_data/Unlabelled _UAV_Videos/Flight Test 1/FT1_segments_of_interest/f2_dji_mavic_2/ir/9_dji2_range_medium.mp4,34,1,230,262,279,291,propagated:0.962
/Users/bround/Desktop/Датасеты/Dataset_Mendeley_data/Unlabelled _UAV_Videos/Flight Test 1/FT1_segments_of_interest/f2_dji_mavic_2/ir/9_dji2_range_medium.mp4,35,1,227,254,276,283,propagated:0.960
/Users/bround/Desktop/Датасеты/Dataset_Mendeley_data/Unlabelled _UAV_Videos/Flight Test 1/FT1_segments_of_interest/f2_dji_mavic_2/ir/9_dji2_range_medium.mp4,36,1,225,251,274,280,propagated:0.965
/Users/bround/Desktop/Датасеты/Dataset_Mendeley_data/Unlabelled _UAV_Videos/Flight Test 1/FT1_segments_of_interest/f2_dji_mavic_2/ir/9_dji2_range_medium.mp4,37,1,225,251,274,280,propagated:0.977
/Users/bround/Desktop/Датасеты/Dataset_Mendeley_data/Unlabelled _UAV_Videos/Flight Test 1/FT1_segments_of_interest/f2_dji_mavic_2/ir/9_dji2_range_medium.mp4,38,1,226,252,275,281,propagated:0.978
/Users/bround/Desktop/Датасеты/Dataset_Mendeley_data/Unlabelled _UAV_Videos/Flight Test 1/FT1_segments_of_interest/f2_dji_mavic_2/ir/9_dji2_range_medium.mp4,39,1,225,252,274,281,propagated:0.976
/Users/bround/Desktop/Датасеты/Dataset_Mendeley_data/Unlabelled _UAV_Videos/Flight Test 1/FT1_segments_of_interest/f2_dji_mavic_2/ir/9_dji2_range_medium.mp4,40,1,223,249,272,278,propagated:0.976
/Users/bround/Desktop/Датасеты/Dataset_Mendeley_data/Unlabelled _UAV_Videos/Flight Test 1/FT1_segments_of_interest/f2_dji_mavic_2/ir/9_dji2_range_medium.mp4,41,1,221,245,270,274,propagated:0.972
/Users/bround/Desktop/Датасеты/Dataset_Mendeley_data/Unlabelled _UAV_Videos/Flight Test 1/FT1_segments_of_interest/f2_dji_mavic_2/ir/9_dji2_range_medium.mp4,42,1,220,242,269,271,propagated:0.982
/Users/bround/Desktop/Датасеты/Dataset_Mendeley_data/Unlabelled _UAV_Videos/Flight Test 1/FT1_segments_of_interest/f2_dji_mavic_2/ir/9_dji2_range_medium.mp4,43,1,220,242,269,271,propagated:0.986
/Users/bround/Desktop/Датасеты/Dataset_Mendeley_data/Unlabelled _UAV_Videos/Flight Test 1/FT1_segments_of_interest/f2_dji_mavic_2/ir/9_dji2_range_medium.mp4,44,1,220,242,269,271,propagated:0.988
/Users/bround/Desktop/Датасеты/Dataset_Mendeley_data/Unlabelled _UAV_Videos/Flight Test 1/FT1_segments_of_interest/f2_dji_mavic_2/ir/9_dji2_range_medium.mp4,45,1,221,244,270,273,propagated:0.982
/Users/bround/Desktop/Датасеты/Dataset_Mendeley_data/Unlabelled _UAV_Videos/Flight Test 1/FT1_segments_of_interest/f2_dji_mavic_2/ir/9_dji2_range_medium.mp4,46,1,224,247,273,276,propagated:0.989
/Users/bround/Desktop/Датасеты/Dataset_Mendeley_data/Unlabelled _UAV_Videos/Flight Test 1/FT1_segments_of_interest/f2_dji_mavic_2/ir/9_dji2_range_medium.mp4,47,1,225,246,274,275,propagated:0.985
/Users/bround/Desktop/Датасеты/Dataset_Mendeley_data/Unlabelled _UAV_Videos/Flight Test 1/FT1_segments_of_interest/f2_dji_mavic_2/ir/9_dji2_range_medium.mp4,48,1,227,243,276,272,propagated:0.988
/Users/bround/Desktop/Датасеты/Dataset_Mendeley_data/Unlabelled _UAV_Videos/Flight Test 1/FT1_segments_of_interest/f2_dji_mavic_2/ir/9_dji2_range_medium.mp4,49,1,227,243,276,272,propagated:0.991
/Users/bround/Desktop/Датасеты/Dataset_Mendeley_data/Unlabelled _UAV_Videos/Flight Test 1/FT1_segments_of_interest/f2_dji_mavic_2/ir/9_dji2_range_medium.mp4,50,1,229,244,278,273,propagated:0.984
/Users/bround/Desktop/Датасеты/Dataset_Mendeley_data/Unlabelled _UAV_Videos/Flight Test 1/FT1_segments_of_interest/f2_dji_mavic_2/ir/9_dji2_range_medium.mp4,51,1,230,244,279,273,propagated:0.984
/Users/bround/Desktop/Датасеты/Dataset_Mendeley_data/Unlabelled _UAV_Videos/Flight Test 1/FT1_segments_of_interest/f2_dji_mavic_2/ir/9_dji2_range_medium.mp4,52,1,235,246,284,275,propagated:0.991
/Users/bround/Desktop/Датасеты/Dataset_Mendeley_data/Unlabelled _UAV_Videos/Flight Test 1/FT1_segments_of_interest/f2_dji_mavic_2/ir/9_dji2_range_medium.mp4,53,1,237,248,286,277,propagated:0.979
/Users/bround/Desktop/Датасеты/Dataset_Mendeley_data/Unlabelled _UAV_Videos/Flight Test 1/FT1_segments_of_interest/f2_dji_mavic_2/ir/9_dji2_range_medium.mp4,54,1,240,251,289,280,propagated:0.990
/Users/bround/Desktop/Датасеты/Dataset_Mendeley_data/Unlabelled _UAV_Videos/Flight Test 1/FT1_segments_of_interest/f2_dji_mavic_2/ir/9_dji2_range_medium.mp4,55,1,240,251,289,280,propagated:0.992
/Users/bround/Desktop/Датасеты/Dataset_Mendeley_data/Unlabelled _UAV_Videos/Flight Test 1/FT1_segments_of_interest/f2_dji_mavic_2/ir/9_dji2_range_medium.mp4,56,1,244,252,293,281,propagated:0.988
/Users/bround/Desktop/Датасеты/Dataset_Mendeley_data/Unlabelled _UAV_Videos/Flight Test 1/FT1_segments_of_interest/f2_dji_mavic_2/ir/9_dji2_range_medium.mp4,57,1,247,255,296,284,propagated:0.979
/Users/bround/Desktop/Датасеты/Dataset_Mendeley_data/Unlabelled _UAV_Videos/Flight Test 1/FT1_segments_of_interest/f2_dji_mavic_2/ir/9_dji2_range_medium.mp4,58,1,250,258,299,287,propagated:0.977
/Users/bround/Desktop/Датасеты/Dataset_Mendeley_data/Unlabelled _UAV_Videos/Flight Test 1/FT1_segments_of_interest/f2_dji_mavic_2/ir/9_dji2_range_medium.mp4,59,1,252,262,301,291,propagated:0.979
/Users/bround/Desktop/Датасеты/Dataset_Mendeley_data/Unlabelled _UAV_Videos/Flight Test 1/FT1_segments_of_interest/f2_dji_mavic_2/ir/9_dji2_range_medium.mp4,60,1,256,268,305,297,propagated:0.966
/Users/bround/Desktop/Датасеты/Dataset_Mendeley_data/Unlabelled _UAV_Videos/Flight Test 1/FT1_segments_of_interest/f2_dji_mavic_2/ir/9_dji2_range_medium.mp4,61,1,256,268,305,297,propagated:0.974
/Users/bround/Desktop/Датасеты/Dataset_Mendeley_data/Unlabelled _UAV_Videos/Flight Test 1/FT1_segments_of_interest/f2_dji_mavic_2/ir/9_dji2_range_medium.mp4,62,1,260,273,309,302,propagated:0.984
/Users/bround/Desktop/Датасеты/Dataset_Mendeley_data/Unlabelled _UAV_Videos/Flight Test 1/FT1_segments_of_interest/f2_dji_mavic_2/ir/9_dji2_range_medium.mp4,63,1,264,277,313,306,propagated:0.978
/Users/bround/Desktop/Датасеты/Dataset_Mendeley_data/Unlabelled _UAV_Videos/Flight Test 1/FT1_segments_of_interest/f2_dji_mavic_2/ir/9_dji2_range_medium.mp4,64,1,268,280,317,309,propagated:0.969
/Users/bround/Desktop/Датасеты/Dataset_Mendeley_data/Unlabelled _UAV_Videos/Flight Test 1/FT1_segments_of_interest/f2_dji_mavic_2/ir/9_dji2_range_medium.mp4,65,1,271,282,320,311,propagated:0.973
/Users/bround/Desktop/Датасеты/Dataset_Mendeley_data/Unlabelled _UAV_Videos/Flight Test 1/FT1_segments_of_interest/f2_dji_mavic_2/ir/9_dji2_range_medium.mp4,66,1,274,285,323,314,propagated:0.965
/Users/bround/Desktop/Датасеты/Dataset_Mendeley_data/Unlabelled _UAV_Videos/Flight Test 1/FT1_segments_of_interest/f2_dji_mavic_2/ir/9_dji2_range_medium.mp4,67,1,274,285,323,314,propagated:0.973
/Users/bround/Desktop/Датасеты/Dataset_Mendeley_data/Unlabelled _UAV_Videos/Flight Test 1/FT1_segments_of_interest/f2_dji_mavic_2/ir/9_dji2_range_medium.mp4,68,1,278,290,327,319,propagated:0.978
/Users/bround/Desktop/Датасеты/Dataset_Mendeley_data/Unlabelled _UAV_Videos/Flight Test 1/FT1_segments_of_interest/f2_dji_mavic_2/ir/9_dji2_range_medium.mp4,69,1,281,294,330,323,propagated:0.973
/Users/bround/Desktop/Датасеты/Dataset_Mendeley_data/Unlabelled _UAV_Videos/Flight Test 1/FT1_segments_of_interest/f2_dji_mavic_2/ir/9_dji2_range_medium.mp4,70,1,283,297,332,326,propagated:0.957
/Users/bround/Desktop/Датасеты/Dataset_Mendeley_data/Unlabelled _UAV_Videos/Flight Test 1/FT1_segments_of_interest/f2_dji_mavic_2/ir/9_dji2_range_medium.mp4,71,1,286,298,335,327,propagated:0.958
/Users/bround/Desktop/Датасеты/Dataset_Mendeley_data/Unlabelled _UAV_Videos/Flight Test 1/FT1_segments_of_interest/f2_dji_mavic_2/ir/9_dji2_range_medium.mp4,72,1,286,298,335,327,propagated:1.000
/Users/bround/Desktop/Датасеты/Dataset_Mendeley_data/Unlabelled _UAV_Videos/Flight Test 1/FT1_segments_of_interest/f2_dji_mavic_2/ir/9_dji2_range_medium.mp4,73,1,288,297,337,326,propagated:0.945
/Users/bround/Desktop/Датасеты/Dataset_Mendeley_data/Unlabelled _UAV_Videos/Flight Test 1/FT1_segments_of_interest/f2_dji_mavic_2/ir/9_dji2_range_medium.mp4,74,1,291,295,340,324,propagated:0.906
/Users/bround/Desktop/Датасеты/Dataset_Mendeley_data/Unlabelled _UAV_Videos/Flight Test 1/FT1_segments_of_interest/f2_dji_mavic_2/ir/9_dji2_range_medium.mp4,75,1,295,291,344,320,propagated:0.870
/Users/bround/Desktop/Датасеты/Dataset_Mendeley_data/Unlabelled _UAV_Videos/Flight Test 1/FT1_segments_of_interest/f2_dji_mavic_2/ir/9_dji2_range_medium.mp4,76,1,297,288,346,317,propagated:0.846
/Users/bround/Desktop/Датасеты/Dataset_Mendeley_data/Unlabelled _UAV_Videos/Flight Test 1/FT1_segments_of_interest/f2_dji_mavic_2/ir/9_dji2_range_medium.mp4,77,1,297,285,346,314,propagated:0.840
/Users/bround/Desktop/Датасеты/Dataset_Mendeley_data/Unlabelled _UAV_Videos/Flight Test 1/FT1_segments_of_interest/f2_dji_mavic_2/ir/9_dji2_range_medium.mp4,78,1,298,283,347,312,propagated:0.837
/Users/bround/Desktop/Датасеты/Dataset_Mendeley_data/Unlabelled _UAV_Videos/Flight Test 1/FT1_segments_of_interest/f2_dji_mavic_2/ir/9_dji2_range_medium.mp4,79,1,299,282,348,311,propagated:0.830
/Users/bround/Desktop/Датасеты/Dataset_Mendeley_data/Unlabelled _UAV_Videos/Flight Test 1/FT1_segments_of_interest/f2_dji_mavic_2/ir/9_dji2_range_medium.mp4,80,1,299,279,348,308,propagated:0.872
/Users/bround/Desktop/Датасеты/Dataset_Mendeley_data/Unlabelled _UAV_Videos/Flight Test 1/FT1_segments_of_interest/f2_dji_mavic_2/ir/9_dji2_range_medium.mp4,81,1,299,276,348,305,propagated:0.892
/Users/bround/Desktop/Датасеты/Dataset_Mendeley_data/Unlabelled _UAV_Videos/Flight Test 1/FT1_segments_of_interest/f2_dji_mavic_2/ir/9_dji2_range_medium.mp4,82,1,300,272,349,301,propagated:0.929
/Users/bround/Desktop/Датасеты/Dataset_Mendeley_data/Unlabelled _UAV_Videos/Flight Test 1/FT1_segments_of_interest/f2_dji_mavic_2/ir/9_dji2_range_medium.mp4,83,1,301,271,350,300,propagated:0.930
/Users/bround/Desktop/Датасеты/Dataset_Mendeley_data/Unlabelled _UAV_Videos/Flight Test 1/FT1_segments_of_interest/f2_dji_mavic_2/ir/9_dji2_range_medium.mp4,84,1,301,269,350,298,propagated:0.913
/Users/bround/Desktop/Датасеты/Dataset_Mendeley_data/Unlabelled _UAV_Videos/Flight Test 1/FT1_segments_of_interest/f2_dji_mavic_2/ir/9_dji2_range_medium.mp4,85,1,301,268,350,297,propagated:0.930
/Users/bround/Desktop/Датасеты/Dataset_Mendeley_data/Unlabelled _UAV_Videos/Flight Test 1/FT1_segments_of_interest/f2_dji_mavic_2/ir/9_dji2_range_medium.mp4,86,1,300,268,349,297,propagated:0.944
/Users/bround/Desktop/Датасеты/Dataset_Mendeley_data/Unlabelled _UAV_Videos/Flight Test 1/FT1_segments_of_interest/f2_dji_mavic_2/ir/9_dji2_range_medium.mp4,87,1,299,266,348,295,propagated:0.948
/Users/bround/Desktop/Датасеты/Dataset_Mendeley_data/Unlabelled _UAV_Videos/Flight Test 1/FT1_segments_of_interest/f2_dji_mavic_2/ir/9_dji2_range_medium.mp4,88,1,298,264,347,293,propagated:0.932
/Users/bround/Desktop/Датасеты/Dataset_Mendeley_data/Unlabelled _UAV_Videos/Flight Test 1/FT1_segments_of_interest/f2_dji_mavic_2/ir/9_dji2_range_medium.mp4,89,1,298,264,347,293,propagated:0.943
/Users/bround/Desktop/Датасеты/Dataset_Mendeley_data/Unlabelled _UAV_Videos/Flight Test 1/FT1_segments_of_interest/f2_dji_mavic_2/ir/9_dji2_range_medium.mp4,90,1,298,264,347,293,propagated:0.944
/Users/bround/Desktop/Датасеты/Dataset_Mendeley_data/Unlabelled _UAV_Videos/Flight Test 1/FT1_segments_of_interest/f2_dji_mavic_2/ir/9_dji2_range_medium.mp4,91,1,298,264,347,293,propagated:0.954
/Users/bround/Desktop/Датасеты/Dataset_Mendeley_data/Unlabelled _UAV_Videos/Flight Test 1/FT1_segments_of_interest/f2_dji_mavic_2/ir/9_dji2_range_medium.mp4,92,1,298,264,347,293,propagated:0.970
/Users/bround/Desktop/Датасеты/Dataset_Mendeley_data/Unlabelled _UAV_Videos/Flight Test 1/FT1_segments_of_interest/f2_dji_mavic_2/ir/9_dji2_range_medium.mp4,93,1,295,262,344,291,propagated:0.959
/Users/bround/Desktop/Датасеты/Dataset_Mendeley_data/Unlabelled _UAV_Videos/Flight Test 1/FT1_segments_of_interest/f2_dji_mavic_2/ir/9_dji2_range_medium.mp4,94,1,297,262,346,291,propagated:0.966
/Users/bround/Desktop/Датасеты/Dataset_Mendeley_data/Unlabelled _UAV_Videos/Flight Test 1/FT1_segments_of_interest/f2_dji_mavic_2/ir/9_dji2_range_medium.mp4,95,1,302,264,351,293,propagated:0.953
/Users/bround/Desktop/Датасеты/Dataset_Mendeley_data/Unlabelled _UAV_Videos/Flight Test 1/FT1_segments_of_interest/f2_dji_mavic_2/ir/9_dji2_range_medium.mp4,96,1,304,271,353,300,propagated:0.938
/Users/bround/Desktop/Датасеты/Dataset_Mendeley_data/Unlabelled _UAV_Videos/Flight Test 1/FT1_segments_of_interest/f2_dji_mavic_2/ir/9_dji2_range_medium.mp4,97,1,304,271,353,300,propagated:0.959
/Users/bround/Desktop/Датасеты/Dataset_Mendeley_data/Unlabelled _UAV_Videos/Flight Test 1/FT1_segments_of_interest/f2_dji_mavic_2/ir/9_dji2_range_medium.mp4,98,1,305,279,354,308,propagated:0.968
/Users/bround/Desktop/Датасеты/Dataset_Mendeley_data/Unlabelled _UAV_Videos/Flight Test 1/FT1_segments_of_interest/f2_dji_mavic_2/ir/9_dji2_range_medium.mp4,99,1,305,286,354,315,propagated:0.962
/Users/bround/Desktop/Датасеты/Dataset_Mendeley_data/Unlabelled _UAV_Videos/Flight Test 1/FT1_segments_of_interest/f2_dji_mavic_2/ir/9_dji2_range_medium.mp4,100,1,304,289,353,318,propagated:0.956
/Users/bround/Desktop/Датасеты/Dataset_Mendeley_data/Unlabelled _UAV_Videos/Flight Test 1/FT1_segments_of_interest/f2_dji_mavic_2/ir/9_dji2_range_medium.mp4,101,1,303,290,352,319,propagated:0.966
/Users/bround/Desktop/Датасеты/Dataset_Mendeley_data/Unlabelled _UAV_Videos/Flight Test 1/FT1_segments_of_interest/f2_dji_mavic_2/ir/9_dji2_range_medium.mp4,102,1,303,290,352,319,propagated:0.963
/Users/bround/Desktop/Датасеты/Dataset_Mendeley_data/Unlabelled _UAV_Videos/Flight Test 1/FT1_segments_of_interest/f2_dji_mavic_2/ir/9_dji2_range_medium.mp4,103,1,303,291,352,320,propagated:0.967
/Users/bround/Desktop/Датасеты/Dataset_Mendeley_data/Unlabelled _UAV_Videos/Flight Test 1/FT1_segments_of_interest/f2_dji_mavic_2/ir/9_dji2_range_medium.mp4,104,1,303,293,352,322,propagated:0.975
/Users/bround/Desktop/Датасеты/Dataset_Mendeley_data/Unlabelled _UAV_Videos/Flight Test 1/FT1_segments_of_interest/f2_dji_mavic_2/ir/9_dji2_range_medium.mp4,105,1,301,293,350,322,propagated:0.961
/Users/bround/Desktop/Датасеты/Dataset_Mendeley_data/Unlabelled _UAV_Videos/Flight Test 1/FT1_segments_of_interest/f2_dji_mavic_2/ir/9_dji2_range_medium.mp4,106,1,296,293,345,322,propagated:0.951
/Users/bround/Desktop/Датасеты/Dataset_Mendeley_data/Unlabelled _UAV_Videos/Flight Test 1/FT1_segments_of_interest/f2_dji_mavic_2/ir/9_dji2_range_medium.mp4,107,1,291,296,340,325,propagated:0.934
/Users/bround/Desktop/Датасеты/Dataset_Mendeley_data/Unlabelled _UAV_Videos/Flight Test 1/FT1_segments_of_interest/f2_dji_mavic_2/ir/9_dji2_range_medium.mp4,108,1,290,301,339,330,propagated:0.938
/Users/bround/Desktop/Датасеты/Dataset_Mendeley_data/Unlabelled _UAV_Videos/Flight Test 1/FT1_segments_of_interest/f2_dji_mavic_2/ir/9_dji2_range_medium.mp4,109,1,290,301,339,330,propagated:0.955
/Users/bround/Desktop/Датасеты/Dataset_Mendeley_data/Unlabelled _UAV_Videos/Flight Test 1/FT1_segments_of_interest/f2_dji_mavic_2/ir/9_dji2_range_medium.mp4,110,1,292,306,341,335,propagated:0.960
/Users/bround/Desktop/Датасеты/Dataset_Mendeley_data/Unlabelled _UAV_Videos/Flight Test 1/FT1_segments_of_interest/f2_dji_mavic_2/ir/9_dji2_range_medium.mp4,111,1,292,305,341,334,propagated:0.959
/Users/bround/Desktop/Датасеты/Dataset_Mendeley_data/Unlabelled _UAV_Videos/Flight Test 1/FT1_segments_of_interest/f2_dji_mavic_2/ir/9_dji2_range_medium.mp4,112,1,296,296,345,325,propagated:0.849
/Users/bround/Desktop/Датасеты/Dataset_Mendeley_data/Unlabelled _UAV_Videos/Flight Test 1/FT1_segments_of_interest/f2_dji_mavic_2/ir/9_dji2_range_medium.mp4,113,1,304,284,353,313,propagated:0.898
/Users/bround/Desktop/Датасеты/Dataset_Mendeley_data/Unlabelled _UAV_Videos/Flight Test 1/FT1_segments_of_interest/f2_dji_mavic_2/ir/9_dji2_range_medium.mp4,114,1,307,276,356,305,propagated:0.896
/Users/bround/Desktop/Датасеты/Dataset_Mendeley_data/Unlabelled _UAV_Videos/Flight Test 1/FT1_segments_of_interest/f2_dji_mavic_2/ir/9_dji2_range_medium.mp4,115,1,307,276,356,305,propagated:0.917
/Users/bround/Desktop/Датасеты/Dataset_Mendeley_data/Unlabelled _UAV_Videos/Flight Test 1/FT1_segments_of_interest/f2_dji_mavic_2/ir/9_dji2_range_medium.mp4,116,1,301,266,350,295,propagated:0.848
/Users/bround/Desktop/Датасеты/Dataset_Mendeley_data/Unlabelled _UAV_Videos/Flight Test 1/FT1_segments_of_interest/f2_dji_mavic_2/ir/9_dji2_range_medium.mp4,117,1,297,247,346,276,propagated:0.913
/Users/bround/Desktop/Датасеты/Dataset_Mendeley_data/Unlabelled _UAV_Videos/Flight Test 1/FT1_segments_of_interest/f2_dji_mavic_2/ir/9_dji2_range_medium.mp4,118,1,298,240,347,269,propagated:0.958
/Users/bround/Desktop/Датасеты/Dataset_Mendeley_data/Unlabelled _UAV_Videos/Flight Test 1/FT1_segments_of_interest/f2_dji_mavic_2/ir/9_dji2_range_medium.mp4,119,1,300,237,349,266,propagated:0.954
/Users/bround/Desktop/Датасеты/Dataset_Mendeley_data/Unlabelled _UAV_Videos/Flight Test 1/FT1_segments_of_interest/f2_dji_mavic_2/ir/9_dji2_range_medium.mp4,120,1,300,237,349,266,propagated:0.971
/Users/bround/Desktop/Датасеты/Dataset_Mendeley_data/Unlabelled _UAV_Videos/Flight Test 1/FT1_segments_of_interest/f2_dji_mavic_2/ir/9_dji2_range_medium.mp4,121,1,299,239,348,268,propagated:0.964
/Users/bround/Desktop/Датасеты/Dataset_Mendeley_data/Unlabelled _UAV_Videos/Flight Test 1/FT1_segments_of_interest/f2_dji_mavic_2/ir/9_dji2_range_medium.mp4,122,1,299,240,348,269,propagated:0.975
/Users/bround/Desktop/Датасеты/Dataset_Mendeley_data/Unlabelled _UAV_Videos/Flight Test 1/FT1_segments_of_interest/f2_dji_mavic_2/ir/9_dji2_range_medium.mp4,123,1,294,233,343,262,propagated:0.915
/Users/bround/Desktop/Датасеты/Dataset_Mendeley_data/Unlabelled _UAV_Videos/Flight Test 1/FT1_segments_of_interest/f2_dji_mavic_2/ir/9_dji2_range_medium.mp4,124,1,288,218,337,247,propagated:0.934
/Users/bround/Desktop/Датасеты/Dataset_Mendeley_data/Unlabelled _UAV_Videos/Flight Test 1/FT1_segments_of_interest/f2_dji_mavic_2/ir/9_dji2_range_medium.mp4,125,1,279,197,328,226,propagated:0.949
/Users/bround/Desktop/Датасеты/Dataset_Mendeley_data/Unlabelled _UAV_Videos/Flight Test 1/FT1_segments_of_interest/f2_dji_mavic_2/ir/9_dji2_range_medium.mp4,126,1,274,182,323,211,propagated:0.966
/Users/bround/Desktop/Датасеты/Dataset_Mendeley_data/Unlabelled _UAV_Videos/Flight Test 1/FT1_segments_of_interest/f2_dji_mavic_2/ir/9_dji2_range_medium.mp4,127,1,274,182,323,211,propagated:0.981
/Users/bround/Desktop/Датасеты/Dataset_Mendeley_data/Unlabelled _UAV_Videos/Flight Test 1/FT1_segments_of_interest/f2_dji_mavic_2/ir/9_dji2_range_medium.mp4,128,1,272,180,321,209,propagated:0.960
/Users/bround/Desktop/Датасеты/Dataset_Mendeley_data/Unlabelled _UAV_Videos/Flight Test 1/FT1_segments_of_interest/f2_dji_mavic_2/ir/9_dji2_range_medium.mp4,129,1,270,188,319,217,propagated:0.948
/Users/bround/Desktop/Датасеты/Dataset_Mendeley_data/Unlabelled _UAV_Videos/Flight Test 1/FT1_segments_of_interest/f2_dji_mavic_2/ir/9_dji2_range_medium.mp4,130,1,267,192,316,221,propagated:0.946
/Users/bround/Desktop/Датасеты/Dataset_Mendeley_data/Unlabelled _UAV_Videos/Flight Test 1/FT1_segments_of_interest/f2_dji_mavic_2/ir/9_dji2_range_medium.mp4,131,1,265,192,314,221,propagated:0.966
/Users/bround/Desktop/Датасеты/Dataset_Mendeley_data/Unlabelled _UAV_Videos/Flight Test 1/FT1_segments_of_interest/f2_dji_mavic_2/ir/9_dji2_range_medium.mp4,132,1,263,184,312,213,propagated:0.980
/Users/bround/Desktop/Датасеты/Dataset_Mendeley_data/Unlabelled _UAV_Videos/Flight Test 1/FT1_segments_of_interest/f2_dji_mavic_2/ir/9_dji2_range_medium.mp4,133,1,263,184,312,213,propagated:0.986
/Users/bround/Desktop/Датасеты/Dataset_Mendeley_data/Unlabelled _UAV_Videos/Flight Test 1/FT1_segments_of_interest/f2_dji_mavic_2/ir/9_dji2_range_medium.mp4,134,1,263,177,312,206,propagated:0.991
/Users/bround/Desktop/Датасеты/Dataset_Mendeley_data/Unlabelled _UAV_Videos/Flight Test 1/FT1_segments_of_interest/f2_dji_mavic_2/ir/9_dji2_range_medium.mp4,135,1,262,172,311,201,propagated:0.988
/Users/bround/Desktop/Датасеты/Dataset_Mendeley_data/Unlabelled _UAV_Videos/Flight Test 1/FT1_segments_of_interest/f2_dji_mavic_2/ir/9_dji2_range_medium.mp4,136,1,264,169,313,198,propagated:0.990
/Users/bround/Desktop/Датасеты/Dataset_Mendeley_data/Unlabelled _UAV_Videos/Flight Test 1/FT1_segments_of_interest/f2_dji_mavic_2/ir/9_dji2_range_medium.mp4,137,1,267,169,316,198,propagated:0.991
/Users/bround/Desktop/Датасеты/Dataset_Mendeley_data/Unlabelled _UAV_Videos/Flight Test 1/FT1_segments_of_interest/f2_dji_mavic_2/ir/9_dji2_range_medium.mp4,138,1,271,168,320,197,propagated:0.987
/Users/bround/Desktop/Датасеты/Dataset_Mendeley_data/Unlabelled _UAV_Videos/Flight Test 1/FT1_segments_of_interest/f2_dji_mavic_2/ir/9_dji2_range_medium.mp4,139,1,271,168,320,197,propagated:0.991
/Users/bround/Desktop/Датасеты/Dataset_Mendeley_data/Unlabelled _UAV_Videos/Flight Test 1/FT1_segments_of_interest/f2_dji_mavic_2/ir/9_dji2_range_medium.mp4,140,1,273,166,322,195,propagated:0.985
/Users/bround/Desktop/Датасеты/Dataset_Mendeley_data/Unlabelled _UAV_Videos/Flight Test 1/FT1_segments_of_interest/f2_dji_mavic_2/ir/9_dji2_range_medium.mp4,141,1,277,164,326,193,propagated:0.986
/Users/bround/Desktop/Датасеты/Dataset_Mendeley_data/Unlabelled _UAV_Videos/Flight Test 1/FT1_segments_of_interest/f2_dji_mavic_2/ir/9_dji2_range_medium.mp4,142,1,281,167,330,196,propagated:0.984
/Users/bround/Desktop/Датасеты/Dataset_Mendeley_data/Unlabelled _UAV_Videos/Flight Test 1/FT1_segments_of_interest/f2_dji_mavic_2/ir/9_dji2_range_medium.mp4,143,1,282,168,331,197,propagated:0.987
/Users/bround/Desktop/Датасеты/Dataset_Mendeley_data/Unlabelled _UAV_Videos/Flight Test 1/FT1_segments_of_interest/f2_dji_mavic_2/ir/9_dji2_range_medium.mp4,144,1,287,167,336,196,propagated:0.989
/Users/bround/Desktop/Датасеты/Dataset_Mendeley_data/Unlabelled _UAV_Videos/Flight Test 1/FT1_segments_of_interest/f2_dji_mavic_2/ir/9_dji2_range_medium.mp4,145,1,287,167,336,196,propagated:0.992
/Users/bround/Desktop/Датасеты/Dataset_Mendeley_data/Unlabelled _UAV_Videos/Flight Test 1/FT1_segments_of_interest/f2_dji_mavic_2/ir/9_dji2_range_medium.mp4,146,1,290,169,339,198,propagated:0.990
/Users/bround/Desktop/Датасеты/Dataset_Mendeley_data/Unlabelled _UAV_Videos/Flight Test 1/FT1_segments_of_interest/f2_dji_mavic_2/ir/9_dji2_range_medium.mp4,147,1,294,171,343,200,propagated:0.991
/Users/bround/Desktop/Датасеты/Dataset_Mendeley_data/Unlabelled _UAV_Videos/Flight Test 1/FT1_segments_of_interest/f2_dji_mavic_2/ir/9_dji2_range_medium.mp4,148,1,296,174,345,203,propagated:0.994
/Users/bround/Desktop/Датасеты/Dataset_Mendeley_data/Unlabelled _UAV_Videos/Flight Test 1/FT1_segments_of_interest/f2_dji_mavic_2/ir/9_dji2_range_medium.mp4,149,1,297,180,346,209,propagated:0.981
/Users/bround/Desktop/Датасеты/Dataset_Mendeley_data/Unlabelled _UAV_Videos/Flight Test 1/FT1_segments_of_interest/f2_dji_mavic_2/ir/9_dji2_range_medium.mp4,150,1,298,194,347,223,propagated:0.932
/Users/bround/Desktop/Датасеты/Dataset_Mendeley_data/Unlabelled _UAV_Videos/Flight Test 1/FT1_segments_of_interest/f2_dji_mavic_2/ir/9_dji2_range_medium.mp4,151,1,298,194,347,223,propagated:0.951
/Users/bround/Desktop/Датасеты/Dataset_Mendeley_data/Unlabelled _UAV_Videos/Flight Test 1/FT1_segments_of_interest/f2_dji_mavic_2/ir/9_dji2_range_medium.mp4,152,1,297,206,346,235,propagated:0.991
/Users/bround/Desktop/Датасеты/Dataset_Mendeley_data/Unlabelled _UAV_Videos/Flight Test 1/FT1_segments_of_interest/f2_dji_mavic_2/ir/9_dji2_range_medium.mp4,153,1,294,215,343,244,propagated:0.949
/Users/bround/Desktop/Датасеты/Dataset_Mendeley_data/Unlabelled _UAV_Videos/Flight Test 1/FT1_segments_of_interest/f2_dji_mavic_2/ir/9_dji2_range_medium.mp4,154,1,289,218,338,247,propagated:0.953
/Users/bround/Desktop/Датасеты/Dataset_Mendeley_data/Unlabelled _UAV_Videos/Flight Test 1/FT1_segments_of_interest/f2_dji_mavic_2/ir/9_dji2_range_medium.mp4,155,1,286,219,335,248,propagated:0.945
/Users/bround/Desktop/Датасеты/Dataset_Mendeley_data/Unlabelled _UAV_Videos/Flight Test 1/FT1_segments_of_interest/f2_dji_mavic_2/ir/9_dji2_range_medium.mp4,156,1,284,218,333,247,propagated:0.955
/Users/bround/Desktop/Датасеты/Dataset_Mendeley_data/Unlabelled _UAV_Videos/Flight Test 1/FT1_segments_of_interest/f2_dji_mavic_2/ir/9_dji2_range_medium.mp4,157,1,284,218,333,247,propagated:0.966
/Users/bround/Desktop/Датасеты/Dataset_Mendeley_data/Unlabelled _UAV_Videos/Flight Test 1/FT1_segments_of_interest/f2_dji_mavic_2/ir/9_dji2_range_medium.mp4,158,1,280,221,329,250,propagated:0.981
/Users/bround/Desktop/Датасеты/Dataset_Mendeley_data/Unlabelled _UAV_Videos/Flight Test 1/FT1_segments_of_interest/f2_dji_mavic_2/ir/9_dji2_range_medium.mp4,159,1,276,225,325,254,propagated:0.980
/Users/bround/Desktop/Датасеты/Dataset_Mendeley_data/Unlabelled _UAV_Videos/Flight Test 1/FT1_segments_of_interest/f2_dji_mavic_2/ir/9_dji2_range_medium.mp4,160,1,275,238,324,267,propagated:0.884
/Users/bround/Desktop/Датасеты/Dataset_Mendeley_data/Unlabelled _UAV_Videos/Flight Test 1/FT1_segments_of_interest/f2_dji_mavic_2/ir/9_dji2_range_medium.mp4,161,1,277,258,326,287,propagated:0.937
/Users/bround/Desktop/Датасеты/Dataset_Mendeley_data/Unlabelled _UAV_Videos/Flight Test 1/FT1_segments_of_interest/f2_dji_mavic_2/ir/9_dji2_range_medium.mp4,162,1,281,272,330,301,propagated:0.959
/Users/bround/Desktop/Датасеты/Dataset_Mendeley_data/Unlabelled _UAV_Videos/Flight Test 1/FT1_segments_of_interest/f2_dji_mavic_2/ir/9_dji2_range_medium.mp4,163,1,281,272,330,301,propagated:0.970
/Users/bround/Desktop/Датасеты/Dataset_Mendeley_data/Unlabelled _UAV_Videos/Flight Test 1/FT1_segments_of_interest/f2_dji_mavic_2/ir/9_dji2_range_medium.mp4,164,1,282,277,331,306,propagated:0.936
/Users/bround/Desktop/Датасеты/Dataset_Mendeley_data/Unlabelled _UAV_Videos/Flight Test 1/FT1_segments_of_interest/f2_dji_mavic_2/ir/9_dji2_range_medium.mp4,165,1,283,276,332,305,propagated:0.955
/Users/bround/Desktop/Датасеты/Dataset_Mendeley_data/Unlabelled _UAV_Videos/Flight Test 1/FT1_segments_of_interest/f2_dji_mavic_2/ir/9_dji2_range_medium.mp4,166,1,285,272,334,301,propagated:0.965
/Users/bround/Desktop/Датасеты/Dataset_Mendeley_data/Unlabelled _UAV_Videos/Flight Test 1/FT1_segments_of_interest/f2_dji_mavic_2/ir/9_dji2_range_medium.mp4,167,1,286,266,335,295,propagated:0.956
/Users/bround/Desktop/Датасеты/Dataset_Mendeley_data/Unlabelled _UAV_Videos/Flight Test 1/FT1_segments_of_interest/f2_dji_mavic_2/ir/9_dji2_range_medium.mp4,168,1,286,262,335,291,propagated:0.958
/Users/bround/Desktop/Датасеты/Dataset_Mendeley_data/Unlabelled _UAV_Videos/Flight Test 1/FT1_segments_of_interest/f2_dji_mavic_2/ir/9_dji2_range_medium.mp4,169,1,286,262,335,291,propagated:0.967
/Users/bround/Desktop/Датасеты/Dataset_Mendeley_data/Unlabelled _UAV_Videos/Flight Test 1/FT1_segments_of_interest/f2_dji_mavic_2/ir/9_dji2_range_medium.mp4,170,1,286,258,335,287,propagated:0.974
/Users/bround/Desktop/Датасеты/Dataset_Mendeley_data/Unlabelled _UAV_Videos/Flight Test 1/FT1_segments_of_interest/f2_dji_mavic_2/ir/9_dji2_range_medium.mp4,171,1,289,255,338,284,propagated:0.965
/Users/bround/Desktop/Датасеты/Dataset_Mendeley_data/Unlabelled _UAV_Videos/Flight Test 1/FT1_segments_of_interest/f2_dji_mavic_2/ir/9_dji2_range_medium.mp4,172,1,293,254,342,283,propagated:0.988
/Users/bround/Desktop/Датасеты/Dataset_Mendeley_data/Unlabelled _UAV_Videos/Flight Test 1/FT1_segments_of_interest/f2_dji_mavic_2/ir/9_dji2_range_medium.mp4,173,1,294,250,343,279,propagated:0.984
/Users/bround/Desktop/Датасеты/Dataset_Mendeley_data/Unlabelled _UAV_Videos/Flight Test 1/FT1_segments_of_interest/f2_dji_mavic_2/ir/9_dji2_range_medium.mp4,174,1,290,244,339,273,propagated:0.975
/Users/bround/Desktop/Датасеты/Dataset_Mendeley_data/Unlabelled _UAV_Videos/Flight Test 1/FT1_segments_of_interest/f2_dji_mavic_2/ir/9_dji2_range_medium.mp4,175,1,290,244,339,273,propagated:0.981
/Users/bround/Desktop/Датасеты/Dataset_Mendeley_data/Unlabelled _UAV_Videos/Flight Test 1/FT1_segments_of_interest/f2_dji_mavic_2/ir/9_dji2_range_medium.mp4,176,1,282,235,331,264,propagated:0.933
/Users/bround/Desktop/Датасеты/Dataset_Mendeley_data/Unlabelled _UAV_Videos/Flight Test 1/FT1_segments_of_interest/f2_dji_mavic_2/ir/9_dji2_range_medium.mp4,177,1,278,233,327,262,propagated:0.973
/Users/bround/Desktop/Датасеты/Dataset_Mendeley_data/Unlabelled _UAV_Videos/Flight Test 1/FT1_segments_of_interest/f2_dji_mavic_2/ir/9_dji2_range_medium.mp4,178,1,279,226,328,255,propagated:0.985
/Users/bround/Desktop/Датасеты/Dataset_Mendeley_data/Unlabelled _UAV_Videos/Flight Test 1/FT1_segments_of_interest/f2_dji_mavic_2/ir/9_dji2_range_medium.mp4,179,1,279,222,328,251,propagated:0.978
/Users/bround/Desktop/Датасеты/Dataset_Mendeley_data/Unlabelled _UAV_Videos/Flight Test 1/FT1_segments_of_interest/f2_dji_mavic_2/ir/9_dji2_range_medium.mp4,180,1,279,222,328,251,propagated:0.985
/Users/bround/Desktop/Датасеты/Dataset_Mendeley_data/Unlabelled _UAV_Videos/Flight Test 1/FT1_segments_of_interest/f2_dji_mavic_2/ir/9_dji2_range_medium.mp4,181,1,282,216,331,245,propagated:0.980
/Users/bround/Desktop/Датасеты/Dataset_Mendeley_data/Unlabelled _UAV_Videos/Flight Test 1/FT1_segments_of_interest/f2_dji_mavic_2/ir/9_dji2_range_medium.mp4,182,1,289,212,338,241,propagated:0.988
/Users/bround/Desktop/Датасеты/Dataset_Mendeley_data/Unlabelled _UAV_Videos/Flight Test 1/FT1_segments_of_interest/f2_dji_mavic_2/ir/9_dji2_range_medium.mp4,183,1,290,208,339,237,propagated:0.987
/Users/bround/Desktop/Датасеты/Dataset_Mendeley_data/Unlabelled _UAV_Videos/Flight Test 1/FT1_segments_of_interest/f2_dji_mavic_2/ir/9_dji2_range_medium.mp4,184,1,288,202,337,231,propagated:0.981
/Users/bround/Desktop/Датасеты/Dataset_Mendeley_data/Unlabelled _UAV_Videos/Flight Test 1/FT1_segments_of_interest/f2_dji_mavic_2/ir/9_dji2_range_medium.mp4,185,1,290,196,339,225,propagated:0.971
/Users/bround/Desktop/Датасеты/Dataset_Mendeley_data/Unlabelled _UAV_Videos/Flight Test 1/FT1_segments_of_interest/f2_dji_mavic_2/ir/9_dji2_range_medium.mp4,186,1,293,186,342,215,propagated:0.977
/Users/bround/Desktop/Датасеты/Dataset_Mendeley_data/Unlabelled _UAV_Videos/Flight Test 1/FT1_segments_of_interest/f2_dji_mavic_2/ir/9_dji2_range_medium.mp4,187,1,293,186,342,215,propagated:0.985
/Users/bround/Desktop/Датасеты/Dataset_Mendeley_data/Unlabelled _UAV_Videos/Flight Test 1/FT1_segments_of_interest/f2_dji_mavic_2/ir/9_dji2_range_medium.mp4,188,1,291,177,340,206,propagated:0.979
/Users/bround/Desktop/Датасеты/Dataset_Mendeley_data/Unlabelled _UAV_Videos/Flight Test 1/FT1_segments_of_interest/f2_dji_mavic_2/ir/9_dji2_range_medium.mp4,189,1,293,167,342,196,propagated:0.977
/Users/bround/Desktop/Датасеты/Dataset_Mendeley_data/Unlabelled _UAV_Videos/Flight Test 1/FT1_segments_of_interest/f2_dji_mavic_2/ir/9_dji2_range_medium.mp4,190,1,296,155,345,184,propagated:0.984
/Users/bround/Desktop/Датасеты/Dataset_Mendeley_data/Unlabelled _UAV_Videos/Flight Test 1/FT1_segments_of_interest/f2_dji_mavic_2/ir/9_dji2_range_medium.mp4,191,1,297,147,346,176,propagated:0.977
/Users/bround/Desktop/Датасеты/Dataset_Mendeley_data/Unlabelled _UAV_Videos/Flight Test 1/FT1_segments_of_interest/f2_dji_mavic_2/ir/9_dji2_range_medium.mp4,192,1,297,147,346,176,propagated:1.000
/Users/bround/Desktop/Датасеты/Dataset_Mendeley_data/Unlabelled _UAV_Videos/Flight Test 1/FT1_segments_of_interest/f2_dji_mavic_2/ir/9_dji2_range_medium.mp4,193,1,294,140,343,169,propagated:0.981
/Users/bround/Desktop/Датасеты/Dataset_Mendeley_data/Unlabelled _UAV_Videos/Flight Test 1/FT1_segments_of_interest/f2_dji_mavic_2/ir/9_dji2_range_medium.mp4,194,1,291,136,340,165,propagated:0.981
/Users/bround/Desktop/Датасеты/Dataset_Mendeley_data/Unlabelled _UAV_Videos/Flight Test 1/FT1_segments_of_interest/f2_dji_mavic_2/ir/9_dji2_range_medium.mp4,195,1,298,134,347,163,propagated:0.971
/Users/bround/Desktop/Датасеты/Dataset_Mendeley_data/Unlabelled _UAV_Videos/Flight Test 1/FT1_segments_of_interest/f2_dji_mavic_2/ir/9_dji2_range_medium.mp4,196,1,292,140,341,169,propagated:0.941
/Users/bround/Desktop/Датасеты/Dataset_Mendeley_data/Unlabelled _UAV_Videos/Flight Test 1/FT1_segments_of_interest/f2_dji_mavic_2/ir/9_dji2_range_medium.mp4,197,1,274,151,323,180,propagated:0.943
/Users/bround/Desktop/Датасеты/Dataset_Mendeley_data/Unlabelled _UAV_Videos/Flight Test 1/FT1_segments_of_interest/f2_dji_mavic_2/ir/9_dji2_range_medium.mp4,198,1,273,153,322,182,propagated:0.971
/Users/bround/Desktop/Датасеты/Dataset_Mendeley_data/Unlabelled _UAV_Videos/Flight Test 1/FT1_segments_of_interest/f2_dji_mavic_2/ir/9_dji2_range_medium.mp4,199,1,273,153,322,182,propagated:0.979
/Users/bround/Desktop/Датасеты/Dataset_Mendeley_data/Unlabelled _UAV_Videos/Flight Test 1/FT1_segments_of_interest/f2_dji_mavic_2/ir/9_dji2_range_medium.mp4,200,1,278,148,327,177,propagated:0.985
/Users/bround/Desktop/Датасеты/Dataset_Mendeley_data/Unlabelled _UAV_Videos/Flight Test 1/FT1_segments_of_interest/f2_dji_mavic_2/ir/9_dji2_range_medium.mp4,201,1,277,140,326,169,propagated:0.982
/Users/bround/Desktop/Датасеты/Dataset_Mendeley_data/Unlabelled _UAV_Videos/Flight Test 1/FT1_segments_of_interest/f2_dji_mavic_2/ir/9_dji2_range_medium.mp4,202,1,275,128,324,157,propagated:0.985
/Users/bround/Desktop/Датасеты/Dataset_Mendeley_data/Unlabelled _UAV_Videos/Flight Test 1/FT1_segments_of_interest/f2_dji_mavic_2/ir/9_dji2_range_medium.mp4,203,1,275,120,324,149,propagated:0.977
/Users/bround/Desktop/Датасеты/Dataset_Mendeley_data/Unlabelled _UAV_Videos/Flight Test 1/FT1_segments_of_interest/f2_dji_mavic_2/ir/9_dji2_range_medium.mp4,204,1,280,121,329,150,propagated:0.973
/Users/bround/Desktop/Датасеты/Dataset_Mendeley_data/Unlabelled _UAV_Videos/Flight Test 1/FT1_segments_of_interest/f2_dji_mavic_2/ir/9_dji2_range_medium.mp4,205,1,280,121,329,150,propagated:0.981
/Users/bround/Desktop/Датасеты/Dataset_Mendeley_data/Unlabelled _UAV_Videos/Flight Test 1/FT1_segments_of_interest/f2_dji_mavic_2/ir/9_dji2_range_medium.mp4,206,1,290,131,339,160,propagated:0.942
/Users/bround/Desktop/Датасеты/Dataset_Mendeley_data/Unlabelled _UAV_Videos/Flight Test 1/FT1_segments_of_interest/f2_dji_mavic_2/ir/9_dji2_range_medium.mp4,207,1,302,157,351,186,propagated:0.862
/Users/bround/Desktop/Датасеты/Dataset_Mendeley_data/Unlabelled _UAV_Videos/Flight Test 1/FT1_segments_of_interest/f2_dji_mavic_2/ir/9_dji2_range_medium.mp4,208,1,313,185,362,214,propagated:0.941
/Users/bround/Desktop/Датасеты/Dataset_Mendeley_data/Unlabelled _UAV_Videos/Flight Test 1/FT1_segments_of_interest/f2_dji_mavic_2/ir/9_dji2_range_medium.mp4,209,1,322,205,371,234,propagated:0.944
/Users/bround/Desktop/Датасеты/Dataset_Mendeley_data/Unlabelled _UAV_Videos/Flight Test 1/FT1_segments_of_interest/f2_dji_mavic_2/ir/9_dji2_range_medium.mp4,210,1,331,229,380,258,propagated:0.968
/Users/bround/Desktop/Датасеты/Dataset_Mendeley_data/Unlabelled _UAV_Videos/Flight Test 1/FT1_segments_of_interest/f2_dji_mavic_2/ir/9_dji2_range_medium.mp4,211,1,331,229,380,258,propagated:0.977
/Users/bround/Desktop/Датасеты/Dataset_Mendeley_data/Unlabelled _UAV_Videos/Flight Test 1/FT1_segments_of_interest/f2_dji_mavic_2/ir/9_dji2_range_medium.mp4,212,1,336,243,385,272,propagated:0.988
/Users/bround/Desktop/Датасеты/Dataset_Mendeley_data/Unlabelled _UAV_Videos/Flight Test 1/FT1_segments_of_interest/f2_dji_mavic_2/ir/9_dji2_range_medium.mp4,213,1,341,254,390,283,propagated:0.975
/Users/bround/Desktop/Датасеты/Dataset_Mendeley_data/Unlabelled _UAV_Videos/Flight Test 1/FT1_segments_of_interest/f2_dji_mavic_2/ir/9_dji2_range_medium.mp4,214,1,347,268,396,297,propagated:0.981
/Users/bround/Desktop/Датасеты/Dataset_Mendeley_data/Unlabelled _UAV_Videos/Flight Test 1/FT1_segments_of_interest/f2_dji_mavic_2/ir/9_dji2_range_medium.mp4,215,1,351,287,400,316,propagated:0.942
/Users/bround/Desktop/Датасеты/Dataset_Mendeley_data/Unlabelled _UAV_Videos/Flight Test 1/FT1_segments_of_interest/f2_dji_mavic_2/ir/9_dji2_range_medium.mp4,216,1,353,311,402,340,propagated:0.931
/Users/bround/Desktop/Датасеты/Dataset_Mendeley_data/Unlabelled _UAV_Videos/Flight Test 1/FT1_segments_of_interest/f2_dji_mavic_2/ir/9_dji2_range_medium.mp4,217,1,353,311,402,340,propagated:0.947
/Users/bround/Desktop/Датасеты/Dataset_Mendeley_data/Unlabelled _UAV_Videos/Flight Test 1/FT1_segments_of_interest/f2_dji_mavic_2/ir/9_dji2_range_medium.mp4,218,1,354,343,403,372,propagated:0.937
/Users/bround/Desktop/Датасеты/Dataset_Mendeley_data/Unlabelled _UAV_Videos/Flight Test 1/FT1_segments_of_interest/f2_dji_mavic_2/ir/9_dji2_range_medium.mp4,219,1,354,363,403,392,propagated:0.978
/Users/bround/Desktop/Датасеты/Dataset_Mendeley_data/Unlabelled _UAV_Videos/Flight Test 1/FT1_segments_of_interest/f2_dji_mavic_2/ir/9_dji2_range_medium.mp4,220,1,349,369,398,398,propagated:0.939
/Users/bround/Desktop/Датасеты/Dataset_Mendeley_data/Unlabelled _UAV_Videos/Flight Test 1/FT1_segments_of_interest/f2_dji_mavic_2/ir/9_dji2_range_medium.mp4,221,1,339,363,388,392,propagated:0.900
/Users/bround/Desktop/Датасеты/Dataset_Mendeley_data/Unlabelled _UAV_Videos/Flight Test 1/FT1_segments_of_interest/f2_dji_mavic_2/ir/9_dji2_range_medium.mp4,222,1,328,348,377,377,propagated:0.940
/Users/bround/Desktop/Датасеты/Dataset_Mendeley_data/Unlabelled _UAV_Videos/Flight Test 1/FT1_segments_of_interest/f2_dji_mavic_2/ir/9_dji2_range_medium.mp4,223,1,328,348,377,377,propagated:0.951
/Users/bround/Desktop/Датасеты/Dataset_Mendeley_data/Unlabelled _UAV_Videos/Flight Test 1/FT1_segments_of_interest/f2_dji_mavic_2/ir/9_dji2_range_medium.mp4,224,1,317,326,366,355,propagated:0.912
/Users/bround/Desktop/Датасеты/Dataset_Mendeley_data/Unlabelled _UAV_Videos/Flight Test 1/FT1_segments_of_interest/f2_dji_mavic_2/ir/9_dji2_range_medium.mp4,225,1,312,301,361,330,propagated:0.901
/Users/bround/Desktop/Датасеты/Dataset_Mendeley_data/Unlabelled _UAV_Videos/Flight Test 1/FT1_segments_of_interest/f2_dji_mavic_2/ir/9_dji2_range_medium.mp4,226,1,313,290,362,319,propagated:0.896
/Users/bround/Desktop/Датасеты/Dataset_Mendeley_data/Unlabelled _UAV_Videos/Flight Test 1/FT1_segments_of_interest/f2_dji_mavic_2/ir/9_dji2_range_medium.mp4,227,1,314,294,363,323,propagated:0.923
/Users/bround/Desktop/Датасеты/Dataset_Mendeley_data/Unlabelled _UAV_Videos/Flight Test 1/FT1_segments_of_interest/f2_dji_mavic_2/ir/9_dji2_range_medium.mp4,228,1,310,298,359,327,propagated:0.912
/Users/bround/Desktop/Датасеты/Dataset_Mendeley_data/Unlabelled _UAV_Videos/Flight Test 1/FT1_segments_of_interest/f2_dji_mavic_2/ir/9_dji2_range_medium.mp4,229,1,310,298,359,327,propagated:0.930
/Users/bround/Desktop/Датасеты/Dataset_Mendeley_data/Unlabelled _UAV_Videos/Flight Test 1/FT1_segments_of_interest/f2_dji_mavic_2/ir/9_dji2_range_medium.mp4,230,1,307,303,356,332,propagated:0.940
/Users/bround/Desktop/Датасеты/Dataset_Mendeley_data/Unlabelled _UAV_Videos/Flight Test 1/FT1_segments_of_interest/f2_dji_mavic_2/ir/9_dji2_range_medium.mp4,231,1,307,304,356,333,propagated:0.932
/Users/bround/Desktop/Датасеты/Dataset_Mendeley_data/Unlabelled _UAV_Videos/Flight Test 1/FT1_segments_of_interest/f2_dji_mavic_2/ir/9_dji2_range_medium.mp4,232,1,308,297,357,326,propagated:0.913
/Users/bround/Desktop/Датасеты/Dataset_Mendeley_data/Unlabelled _UAV_Videos/Flight Test 1/FT1_segments_of_interest/f2_dji_mavic_2/ir/9_dji2_range_medium.mp4,233,1,306,289,355,318,propagated:0.949
/Users/bround/Desktop/Датасеты/Dataset_Mendeley_data/Unlabelled _UAV_Videos/Flight Test 1/FT1_segments_of_interest/f2_dji_mavic_2/ir/9_dji2_range_medium.mp4,234,1,305,284,354,313,propagated:0.963
/Users/bround/Desktop/Датасеты/Dataset_Mendeley_data/Unlabelled _UAV_Videos/Flight Test 1/FT1_segments_of_interest/f2_dji_mavic_2/ir/9_dji2_range_medium.mp4,235,1,305,284,354,313,propagated:0.976
/Users/bround/Desktop/Датасеты/Dataset_Mendeley_data/Unlabelled _UAV_Videos/Flight Test 1/FT1_segments_of_interest/f2_dji_mavic_2/ir/9_dji2_range_medium.mp4,236,1,304,284,353,313,propagated:0.974
/Users/bround/Desktop/Датасеты/Dataset_Mendeley_data/Unlabelled _UAV_Videos/Flight Test 1/FT1_segments_of_interest/f2_dji_mavic_2/ir/9_dji2_range_medium.mp4,237,1,301,285,350,314,propagated:0.973
/Users/bround/Desktop/Датасеты/Dataset_Mendeley_data/Unlabelled _UAV_Videos/Flight Test 1/FT1_segments_of_interest/f2_dji_mavic_2/ir/9_dji2_range_medium.mp4,238,1,300,285,349,314,propagated:0.973
/Users/bround/Desktop/Датасеты/Dataset_Mendeley_data/Unlabelled _UAV_Videos/Flight Test 1/FT1_segments_of_interest/f2_dji_mavic_2/ir/9_dji2_range_medium.mp4,239,1,298,279,347,308,propagated:0.972
/Users/bround/Desktop/Датасеты/Dataset_Mendeley_data/Unlabelled _UAV_Videos/Flight Test 1/FT1_segments_of_interest/f2_dji_mavic_2/ir/9_dji2_range_medium.mp4,240,1,291,269,340,298,propagated:0.959
/Users/bround/Desktop/Датасеты/Dataset_Mendeley_data/Unlabelled _UAV_Videos/Flight Test 1/FT1_segments_of_interest/f2_dji_mavic_2/ir/9_dji2_range_medium.mp4,241,1,291,269,340,298,propagated:0.973
/Users/bround/Desktop/Датасеты/Dataset_Mendeley_data/Unlabelled _UAV_Videos/Flight Test 1/FT1_segments_of_interest/f2_dji_mavic_2/ir/9_dji2_range_medium.mp4,242,1,285,260,334,289,propagated:0.979
/Users/bround/Desktop/Датасеты/Dataset_Mendeley_data/Unlabelled _UAV_Videos/Flight Test 1/FT1_segments_of_interest/f2_dji_mavic_2/ir/9_dji2_range_medium.mp4,243,1,276,252,325,281,propagated:0.975
/Users/bround/Desktop/Датасеты/Dataset_Mendeley_data/Unlabelled _UAV_Videos/Flight Test 1/FT1_segments_of_interest/f2_dji_mavic_2/ir/9_dji2_range_medium.mp4,244,1,267,247,316,276,propagated:0.920
/Users/bround/Desktop/Датасеты/Dataset_Mendeley_data/Unlabelled _UAV_Videos/Flight Test 1/FT1_segments_of_interest/f2_dji_mavic_2/ir/9_dji2_range_medium.mp4,245,1,260,244,309,273,propagated:0.956
/Users/bround/Desktop/Датасеты/Dataset_Mendeley_data/Unlabelled _UAV_Videos/Flight Test 1/FT1_segments_of_interest/f2_dji_mavic_2/ir/9_dji2_range_medium.mp4,246,1,255,239,304,268,propagated:0.957
/Users/bround/Desktop/Датасеты/Dataset_Mendeley_data/Unlabelled _UAV_Videos/Flight Test 1/FT1_segments_of_interest/f2_dji_mavic_2/ir/9_dji2_range_medium.mp4,247,1,255,239,304,268,propagated:0.973
/Users/bround/Desktop/Датасеты/Dataset_Mendeley_data/Unlabelled _UAV_Videos/Flight Test 1/FT1_segments_of_interest/f2_dji_mavic_2/ir/9_dji2_range_medium.mp4,248,1,249,234,298,263,propagated:0.982
/Users/bround/Desktop/Датасеты/Dataset_Mendeley_data/Unlabelled _UAV_Videos/Flight Test 1/FT1_segments_of_interest/f2_dji_mavic_2/ir/9_dji2_range_medium.mp4,249,1,245,230,294,259,propagated:0.974
/Users/bround/Desktop/Датасеты/Dataset_Mendeley_data/Unlabelled _UAV_Videos/Flight Test 1/FT1_segments_of_interest/f2_dji_mavic_2/ir/9_dji2_range_medium.mp4,250,1,242,224,291,253,propagated:0.986
/Users/bround/Desktop/Датасеты/Dataset_Mendeley_data/Unlabelled _UAV_Videos/Flight Test 1/FT1_segments_of_interest/f2_dji_mavic_2/ir/9_dji2_range_medium.mp4,251,1,237,222,286,251,propagated:0.970
/Users/bround/Desktop/Датасеты/Dataset_Mendeley_data/Unlabelled _UAV_Videos/Flight Test 1/FT1_segments_of_interest/f2_dji_mavic_2/ir/9_dji2_range_medium.mp4,252,1,237,222,286,251,propagated:1.000
/Users/bround/Desktop/Датасеты/Dataset_Mendeley_data/Unlabelled _UAV_Videos/Flight Test 1/FT1_segments_of_interest/f2_dji_mavic_2/ir/9_dji2_range_medium.mp4,253,1,238,225,287,254,propagated:0.986
/Users/bround/Desktop/Датасеты/Dataset_Mendeley_data/Unlabelled _UAV_Videos/Flight Test 1/FT1_segments_of_interest/f2_dji_mavic_2/ir/9_dji2_range_medium.mp4,254,1,246,227,295,256,propagated:0.988
/Users/bround/Desktop/Датасеты/Dataset_Mendeley_data/Unlabelled _UAV_Videos/Flight Test 1/FT1_segments_of_interest/f2_dji_mavic_2/ir/9_dji2_range_medium.mp4,255,1,251,227,300,256,propagated:0.981
/Users/bround/Desktop/Датасеты/Dataset_Mendeley_data/Unlabelled _UAV_Videos/Flight Test 1/FT1_segments_of_interest/f2_dji_mavic_2/ir/9_dji2_range_medium.mp4,256,1,253,227,302,256,propagated:0.983
/Users/bround/Desktop/Датасеты/Dataset_Mendeley_data/Unlabelled _UAV_Videos/Flight Test 1/FT1_segments_of_interest/f2_dji_mavic_2/ir/9_dji2_range_medium.mp4,257,1,253,227,302,256,propagated:0.985
/Users/bround/Desktop/Датасеты/Dataset_Mendeley_data/Unlabelled _UAV_Videos/Flight Test 1/FT1_segments_of_interest/f2_dji_mavic_2/ir/9_dji2_range_medium.mp4,258,1,254,225,303,254,propagated:0.979
/Users/bround/Desktop/Датасеты/Dataset_Mendeley_data/Unlabelled _UAV_Videos/Flight Test 1/FT1_segments_of_interest/f2_dji_mavic_2/ir/9_dji2_range_medium.mp4,259,1,254,225,303,254,propagated:0.985
/Users/bround/Desktop/Датасеты/Dataset_Mendeley_data/Unlabelled _UAV_Videos/Flight Test 1/FT1_segments_of_interest/f2_dji_mavic_2/ir/9_dji2_range_medium.mp4,260,1,254,224,303,253,propagated:0.988
/Users/bround/Desktop/Датасеты/Dataset_Mendeley_data/Unlabelled _UAV_Videos/Flight Test 1/FT1_segments_of_interest/f2_dji_mavic_2/ir/9_dji2_range_medium.mp4,261,1,253,223,302,252,propagated:0.984
/Users/bround/Desktop/Датасеты/Dataset_Mendeley_data/Unlabelled _UAV_Videos/Flight Test 1/FT1_segments_of_interest/f2_dji_mavic_2/ir/9_dji2_range_medium.mp4,262,1,254,223,303,252,propagated:0.993
/Users/bround/Desktop/Датасеты/Dataset_Mendeley_data/Unlabelled _UAV_Videos/Flight Test 1/FT1_segments_of_interest/f2_dji_mavic_2/ir/9_dji2_range_medium.mp4,263,1,253,222,302,251,propagated:0.989
/Users/bround/Desktop/Датасеты/Dataset_Mendeley_data/Unlabelled _UAV_Videos/Flight Test 1/FT1_segments_of_interest/f2_dji_mavic_2/ir/9_dji2_range_medium.mp4,264,1,250,220,299,249,propagated:0.987
/Users/bround/Desktop/Датасеты/Dataset_Mendeley_data/Unlabelled _UAV_Videos/Flight Test 1/FT1_segments_of_interest/f2_dji_mavic_2/ir/9_dji2_range_medium.mp4,265,1,250,220,299,249,propagated:0.991
/Users/bround/Desktop/Датасеты/Dataset_Mendeley_data/Unlabelled _UAV_Videos/Flight Test 1/FT1_segments_of_interest/f2_dji_mavic_2/ir/9_dji2_range_medium.mp4,266,1,249,218,298,247,propagated:0.986
/Users/bround/Desktop/Датасеты/Dataset_Mendeley_data/Unlabelled _UAV_Videos/Flight Test 1/FT1_segments_of_interest/f2_dji_mavic_2/ir/9_dji2_range_medium.mp4,267,1,250,215,299,244,propagated:0.989
/Users/bround/Desktop/Датасеты/Dataset_Mendeley_data/Unlabelled _UAV_Videos/Flight Test 1/FT1_segments_of_interest/f2_dji_mavic_2/ir/9_dji2_range_medium.mp4,268,1,253,215,302,244,propagated:0.983
/Users/bround/Desktop/Датасеты/Dataset_Mendeley_data/Unlabelled _UAV_Videos/Flight Test 1/FT1_segments_of_interest/f2_dji_mavic_2/ir/9_dji2_range_medium.mp4,269,1,257,219,306,248,propagated:0.970
/Users/bround/Desktop/Датасеты/Dataset_Mendeley_data/Unlabelled _UAV_Videos/Flight Test 1/FT1_segments_of_interest/f2_dji_mavic_2/ir/9_dji2_range_medium.mp4,270,1,260,223,309,252,propagated:0.987
/Users/bround/Desktop/Датасеты/Dataset_Mendeley_data/Unlabelled _UAV_Videos/Flight Test 1/FT1_segments_of_interest/f2_dji_mavic_2/ir/9_dji2_range_medium.mp4,271,1,260,223,309,252,propagated:0.990
/Users/bround/Desktop/Датасеты/Dataset_Mendeley_data/Unlabelled _UAV_Videos/Flight Test 1/FT1_segments_of_interest/f2_dji_mavic_2/ir/9_dji2_range_medium.mp4,272,1,257,223,306,252,propagated:0.991
/Users/bround/Desktop/Датасеты/Dataset_Mendeley_data/Unlabelled _UAV_Videos/Flight Test 1/FT1_segments_of_interest/f2_dji_mavic_2/ir/9_dji2_range_medium.mp4,273,1,253,218,302,247,propagated:0.984
/Users/bround/Desktop/Датасеты/Dataset_Mendeley_data/Unlabelled _UAV_Videos/Flight Test 1/FT1_segments_of_interest/f2_dji_mavic_2/ir/9_dji2_range_medium.mp4,274,1,252,213,301,242,propagated:0.990
/Users/bround/Desktop/Датасеты/Dataset_Mendeley_data/Unlabelled _UAV_Videos/Flight Test 1/FT1_segments_of_interest/f2_dji_mavic_2/ir/9_dji2_range_medium.mp4,275,1,250,209,299,238,propagated:0.984
/Users/bround/Desktop/Датасеты/Dataset_Mendeley_data/Unlabelled _UAV_Videos/Flight Test 1/FT1_segments_of_interest/f2_dji_mavic_2/ir/9_dji2_range_medium.mp4,276,1,245,205,294,234,propagated:0.983
/Users/bround/Desktop/Датасеты/Dataset_Mendeley_data/Unlabelled _UAV_Videos/Flight Test 1/FT1_segments_of_interest/f2_dji_mavic_2/ir/9_dji2_range_medium.mp4,277,1,245,205,294,234,propagated:0.987
/Users/bround/Desktop/Датасеты/Dataset_Mendeley_data/Unlabelled _UAV_Videos/Flight Test 1/FT1_segments_of_interest/f2_dji_mavic_2/ir/9_dji2_range_medium.mp4,278,1,241,200,290,229,propagated:0.985
/Users/bround/Desktop/Датасеты/Dataset_Mendeley_data/Unlabelled _UAV_Videos/Flight Test 1/FT1_segments_of_interest/f2_dji_mavic_2/ir/9_dji2_range_medium.mp4,279,1,240,198,289,227,propagated:0.986
/Users/bround/Desktop/Датасеты/Dataset_Mendeley_data/Unlabelled _UAV_Videos/Flight Test 1/FT1_segments_of_interest/f2_dji_mavic_2/ir/9_dji2_range_medium.mp4,280,1,244,195,293,224,propagated:0.984
/Users/bround/Desktop/Датасеты/Dataset_Mendeley_data/Unlabelled _UAV_Videos/Flight Test 1/FT1_segments_of_interest/f2_dji_mavic_2/ir/9_dji2_range_medium.mp4,281,1,247,189,296,218,propagated:0.983
/Users/bround/Desktop/Датасеты/Dataset_Mendeley_data/Unlabelled _UAV_Videos/Flight Test 1/FT1_segments_of_interest/f2_dji_mavic_2/ir/9_dji2_range_medium.mp4,282,1,247,182,296,211,propagated:0.995
/Users/bround/Desktop/Датасеты/Dataset_Mendeley_data/Unlabelled _UAV_Videos/Flight Test 1/FT1_segments_of_interest/f2_dji_mavic_2/ir/9_dji2_range_medium.mp4,283,1,247,182,296,211,propagated:0.996
/Users/bround/Desktop/Датасеты/Dataset_Mendeley_data/Unlabelled _UAV_Videos/Flight Test 1/FT1_segments_of_interest/f2_dji_mavic_2/ir/9_dji2_range_medium.mp4,284,1,246,176,295,205,propagated:0.994
/Users/bround/Desktop/Датасеты/Dataset_Mendeley_data/Unlabelled _UAV_Videos/Flight Test 1/FT1_segments_of_interest/f2_dji_mavic_2/ir/9_dji2_range_medium.mp4,285,1,245,169,294,198,propagated:0.991
/Users/bround/Desktop/Датасеты/Dataset_Mendeley_data/Unlabelled _UAV_Videos/Flight Test 1/FT1_segments_of_interest/f2_dji_mavic_2/ir/9_dji2_range_medium.mp4,286,1,242,164,291,193,propagated:0.994
/Users/bround/Desktop/Датасеты/Dataset_Mendeley_data/Unlabelled _UAV_Videos/Flight Test 1/FT1_segments_of_interest/f2_dji_mavic_2/ir/9_dji2_range_medium.mp4,287,1,238,157,287,186,propagated:0.984
/Users/bround/Desktop/Датасеты/Dataset_Mendeley_data/Unlabelled _UAV_Videos/Flight Test 1/FT1_segments_of_interest/f2_dji_mavic_2/ir/9_dji2_range_medium.mp4,288,1,238,157,287,186,propagated:0.989
/Users/bround/Desktop/Датасеты/Dataset_Mendeley_data/Unlabelled _UAV_Videos/Flight Test 1/FT1_segments_of_interest/f2_dji_mavic_2/ir/9_dji2_range_medium.mp4,289,1,238,153,287,182,propagated:0.986
/Users/bround/Desktop/Датасеты/Dataset_Mendeley_data/Unlabelled _UAV_Videos/Flight Test 1/FT1_segments_of_interest/f2_dji_mavic_2/ir/9_dji2_range_medium.mp4,290,1,240,150,289,179,propagated:0.981
/Users/bround/Desktop/Датасеты/Dataset_Mendeley_data/Unlabelled _UAV_Videos/Flight Test 1/FT1_segments_of_interest/f2_dji_mavic_2/ir/9_dji2_range_medium.mp4,291,1,242,148,291,177,propagated:0.988
/Users/bround/Desktop/Датасеты/Dataset_Mendeley_data/Unlabelled _UAV_Videos/Flight Test 1/FT1_segments_of_interest/f2_dji_mavic_2/ir/9_dji2_range_medium.mp4,292,1,245,145,294,174,propagated:0.990
/Users/bround/Desktop/Датасеты/Dataset_Mendeley_data/Unlabelled _UAV_Videos/Flight Test 1/FT1_segments_of_interest/f2_dji_mavic_2/ir/9_dji2_range_medium.mp4,293,1,248,143,297,172,propagated:0.986
/Users/bround/Desktop/Датасеты/Dataset_Mendeley_data/Unlabelled _UAV_Videos/Flight Test 1/FT1_segments_of_interest/f2_dji_mavic_2/ir/9_dji2_range_medium.mp4,294,1,249,143,298,172,propagated:0.985
/Users/bround/Desktop/Датасеты/Dataset_Mendeley_data/Unlabelled _UAV_Videos/Flight Test 1/FT1_segments_of_interest/f2_dji_mavic_2/ir/9_dji2_range_medium.mp4,295,1,249,143,298,172,propagated:0.989
/Users/bround/Desktop/Датасеты/Dataset_Mendeley_data/Unlabelled _UAV_Videos/Flight Test 1/FT1_segments_of_interest/f2_dji_mavic_2/ir/9_dji2_range_medium.mp4,296,1,252,147,301,176,propagated:0.991
/Users/bround/Desktop/Датасеты/Dataset_Mendeley_data/Unlabelled _UAV_Videos/Flight Test 1/FT1_segments_of_interest/f2_dji_mavic_2/ir/9_dji2_range_medium.mp4,297,1,256,155,305,184,propagated:0.956
/Users/bround/Desktop/Датасеты/Dataset_Mendeley_data/Unlabelled _UAV_Videos/Flight Test 1/FT1_segments_of_interest/f2_dji_mavic_2/ir/9_dji2_range_medium.mp4,298,1,262,166,311,195,propagated:0.967
/Users/bround/Desktop/Датасеты/Dataset_Mendeley_data/Unlabelled _UAV_Videos/Flight Test 1/FT1_segments_of_interest/f2_dji_mavic_2/ir/9_dji2_range_medium.mp4,299,1,269,175,318,204,propagated:0.978
/Users/bround/Desktop/Датасеты/Dataset_Mendeley_data/Unlabelled _UAV_Videos/Flight Test 1/FT1_segments_of_interest/f2_dji_mavic_2/ir/9_dji2_range_medium.mp4,300,1,269,175,318,204,propagated:0.984
/Users/bround/Desktop/Датасеты/Dataset_Mendeley_data/Unlabelled _UAV_Videos/Flight Test 1/FT1_segments_of_interest/f2_dji_mavic_2/ir/9_dji2_range_medium.mp4,301,1,275,181,324,210,propagated:0.986
/Users/bround/Desktop/Датасеты/Dataset_Mendeley_data/Unlabelled _UAV_Videos/Flight Test 1/FT1_segments_of_interest/f2_dji_mavic_2/ir/9_dji2_range_medium.mp4,302,1,282,187,331,216,propagated:0.992
/Users/bround/Desktop/Датасеты/Dataset_Mendeley_data/Unlabelled _UAV_Videos/Flight Test 1/FT1_segments_of_interest/f2_dji_mavic_2/ir/9_dji2_range_medium.mp4,303,1,289,197,338,226,propagated:0.961
/Users/bround/Desktop/Датасеты/Dataset_Mendeley_data/Unlabelled _UAV_Videos/Flight Test 1/FT1_segments_of_interest/f2_dji_mavic_2/ir/9_dji2_range_medium.mp4,304,1,296,211,345,240,propagated:0.969
/Users/bround/Desktop/Датасеты/Dataset_Mendeley_data/Unlabelled _UAV_Videos/Flight Test 1/FT1_segments_of_interest/f2_dji_mavic_2/ir/9_dji2_range_medium.mp4,305,1,301,223,350,252,propagated:0.976
/Users/bround/Desktop/Датасеты/Dataset_Mendeley_data/Unlabelled _UAV_Videos/Flight Test 1/FT1_segments_of_interest/f2_dji_mavic_2/ir/9_dji2_range_medium.mp4,306,1,305,229,354,258,propagated:0.976
/Users/bround/Desktop/Датасеты/Dataset_Mendeley_data/Unlabelled _UAV_Videos/Flight Test 1/FT1_segments_of_interest/f2_dji_mavic_2/ir/9_dji2_range_medium.mp4,307,1,305,229,354,258,propagated:0.982
/Users/bround/Desktop/Датасеты/Dataset_Mendeley_data/Unlabelled _UAV_Videos/Flight Test 1/FT1_segments_of_interest/f2_dji_mavic_2/ir/9_dji2_range_medium.mp4,308,1,307,231,356,260,propagated:0.984
/Users/bround/Desktop/Датасеты/Dataset_Mendeley_data/Unlabelled _UAV_Videos/Flight Test 1/FT1_segments_of_interest/f2_dji_mavic_2/ir/9_dji2_range_medium.mp4,309,1,309,231,358,260,propagated:0.983
/Users/bround/Desktop/Датасеты/Dataset_Mendeley_data/Unlabelled _UAV_Videos/Flight Test 1/FT1_segments_of_interest/f2_dji_mavic_2/ir/9_dji2_range_medium.mp4,310,1,311,229,360,258,propagated:0.980
/Users/bround/Desktop/Датасеты/Dataset_Mendeley_data/Unlabelled _UAV_Videos/Flight Test 1/FT1_segments_of_interest/f2_dji_mavic_2/ir/9_dji2_range_medium.mp4,311,1,312,231,361,260,propagated:0.977
/Users/bround/Desktop/Датасеты/Dataset_Mendeley_data/Unlabelled _UAV_Videos/Flight Test 1/FT1_segments_of_interest/f2_dji_mavic_2/ir/9_dji2_range_medium.mp4,312,1,314,235,363,264,propagated:0.988
/Users/bround/Desktop/Датасеты/Dataset_Mendeley_data/Unlabelled _UAV_Videos/Flight Test 1/FT1_segments_of_interest/f2_dji_mavic_2/ir/9_dji2_range_medium.mp4,313,1,314,235,363,264,propagated:0.991
/Users/bround/Desktop/Датасеты/Dataset_Mendeley_data/Unlabelled _UAV_Videos/Flight Test 1/FT1_segments_of_interest/f2_dji_mavic_2/ir/9_dji2_range_medium.mp4,314,1,316,241,365,270,propagated:0.967
/Users/bround/Desktop/Датасеты/Dataset_Mendeley_data/Unlabelled _UAV_Videos/Flight Test 1/FT1_segments_of_interest/f2_dji_mavic_2/ir/9_dji2_range_medium.mp4,315,1,318,247,367,276,propagated:0.979
/Users/bround/Desktop/Датасеты/Dataset_Mendeley_data/Unlabelled _UAV_Videos/Flight Test 1/FT1_segments_of_interest/f2_dji_mavic_2/ir/9_dji2_range_medium.mp4,316,1,316,249,365,278,propagated:0.976
/Users/bround/Desktop/Датасеты/Dataset_Mendeley_data/Unlabelled _UAV_Videos/Flight Test 1/FT1_segments_of_interest/f2_dji_mavic_2/ir/9_dji2_range_medium.mp4,317,1,309,246,358,275,propagated:0.931
/Users/bround/Desktop/Датасеты/Dataset_Mendeley_data/Unlabelled _UAV_Videos/Flight Test 1/FT1_segments_of_interest/f2_dji_mavic_2/ir/9_dji2_range_medium.mp4,318,1,300,236,349,265,propagated:0.901
/Users/bround/Desktop/Датасеты/Dataset_Mendeley_data/Unlabelled _UAV_Videos/Flight Test 1/FT1_segments_of_interest/f2_dji_mavic_2/ir/9_dji2_range_medium.mp4,319,1,300,236,349,265,propagated:0.924
/Users/bround/Desktop/Датасеты/Dataset_Mendeley_data/Unlabelled _UAV_Videos/Flight Test 1/FT1_segments_of_interest/f2_dji_mavic_2/ir/9_dji2_range_medium.mp4,320,1,295,222,344,251,propagated:0.904
/Users/bround/Desktop/Датасеты/Dataset_Mendeley_data/Unlabelled _UAV_Videos/Flight Test 1/FT1_segments_of_interest/f2_dji_mavic_2/ir/9_dji2_range_medium.mp4,321,1,295,206,344,235,propagated:0.923
/Users/bround/Desktop/Датасеты/Dataset_Mendeley_data/Unlabelled _UAV_Videos/Flight Test 1/FT1_segments_of_interest/f2_dji_mavic_2/ir/9_dji2_range_medium.mp4,322,1,298,194,347,223,propagated:0.956
/Users/bround/Desktop/Датасеты/Dataset_Mendeley_data/Unlabelled _UAV_Videos/Flight Test 1/FT1_segments_of_interest/f2_dji_mavic_2/ir/9_dji2_range_medium.mp4,323,1,300,196,349,225,propagated:0.915
/Users/bround/Desktop/Датасеты/Dataset_Mendeley_data/Unlabelled _UAV_Videos/Flight Test 1/FT1_segments_of_interest/f2_dji_mavic_2/ir/9_dji2_range_medium.mp4,324,1,299,201,348,230,propagated:0.931
/Users/bround/Desktop/Датасеты/Dataset_Mendeley_data/Unlabelled _UAV_Videos/Flight Test 1/FT1_segments_of_interest/f2_dji_mavic_2/ir/9_dji2_range_medium.mp4,325,1,299,201,348,230,propagated:0.957
/Users/bround/Desktop/Датасеты/Dataset_Mendeley_data/Unlabelled _UAV_Videos/Flight Test 1/FT1_segments_of_interest/f2_dji_mavic_2/ir/9_dji2_range_medium.mp4,326,1,299,203,348,232,propagated:0.952
/Users/bround/Desktop/Датасеты/Dataset_Mendeley_data/Unlabelled _UAV_Videos/Flight Test 1/FT1_segments_of_interest/f2_dji_mavic_2/ir/9_dji2_range_medium.mp4,327,1,299,202,348,231,propagated:0.960
/Users/bround/Desktop/Датасеты/Dataset_Mendeley_data/Unlabelled _UAV_Videos/Flight Test 1/FT1_segments_of_interest/f2_dji_mavic_2/ir/9_dji2_range_medium.mp4,328,1,297,199,346,228,propagated:0.979
/Users/bround/Desktop/Датасеты/Dataset_Mendeley_data/Unlabelled _UAV_Videos/Flight Test 1/FT1_segments_of_interest/f2_dji_mavic_2/ir/9_dji2_range_medium.mp4,329,1,294,197,343,226,propagated:0.984
/Users/bround/Desktop/Датасеты/Dataset_Mendeley_data/Unlabelled _UAV_Videos/Flight Test 1/FT1_segments_of_interest/f2_dji_mavic_2/ir/9_dji2_range_medium.mp4,330,1,294,189,343,218,propagated:0.977
/Users/bround/Desktop/Датасеты/Dataset_Mendeley_data/Unlabelled _UAV_Videos/Flight Test 1/FT1_segments_of_interest/f2_dji_mavic_2/ir/9_dji2_range_medium.mp4,331,1,294,189,343,218,propagated:0.984
/Users/bround/Desktop/Датасеты/Dataset_Mendeley_data/Unlabelled _UAV_Videos/Flight Test 1/FT1_segments_of_interest/f2_dji_mavic_2/ir/9_dji2_range_medium.mp4,332,1,293,177,342,206,propagated:0.969
/Users/bround/Desktop/Датасеты/Dataset_Mendeley_data/Unlabelled _UAV_Videos/Flight Test 1/FT1_segments_of_interest/f2_dji_mavic_2/ir/9_dji2_range_medium.mp4,333,1,285,171,334,200,propagated:0.931
/Users/bround/Desktop/Датасеты/Dataset_Mendeley_data/Unlabelled _UAV_Videos/Flight Test 1/FT1_segments_of_interest/f2_dji_mavic_2/ir/9_dji2_range_medium.mp4,334,1,276,170,325,199,propagated:0.962
/Users/bround/Desktop/Датасеты/Dataset_Mendeley_data/Unlabelled _UAV_Videos/Flight Test 1/FT1_segments_of_interest/f2_dji_mavic_2/ir/9_dji2_range_medium.mp4,335,1,274,172,323,201,propagated:0.956
/Users/bround/Desktop/Датасеты/Dataset_Mendeley_data/Unlabelled _UAV_Videos/Flight Test 1/FT1_segments_of_interest/f2_dji_mavic_2/ir/9_dji2_range_medium.mp4,336,1,274,172,323,201,propagated:0.969
/Users/bround/Desktop/Датасеты/Dataset_Mendeley_data/Unlabelled _UAV_Videos/Flight Test 1/FT1_segments_of_interest/f2_dji_mavic_2/ir/9_dji2_range_medium.mp4,337,1,281,169,330,198,propagated:0.965
/Users/bround/Desktop/Датасеты/Dataset_Mendeley_data/Unlabelled _UAV_Videos/Flight Test 1/FT1_segments_of_interest/f2_dji_mavic_2/ir/9_dji2_range_medium.mp4,338,1,294,174,343,203,propagated:0.889
/Users/bround/Desktop/Датасеты/Dataset_Mendeley_data/Unlabelled _UAV_Videos/Flight Test 1/FT1_segments_of_interest/f2_dji_mavic_2/ir/9_dji2_range_medium.mp4,339,1,302,192,351,221,propagated:0.950
/Users/bround/Desktop/Датасеты/Dataset_Mendeley_data/Unlabelled _UAV_Videos/Flight Test 1/FT1_segments_of_interest/f2_dji_mavic_2/ir/9_dji2_range_medium.mp4,340,1,301,197,350,226,propagated:0.966
/Users/bround/Desktop/Датасеты/Dataset_Mendeley_data/Unlabelled _UAV_Videos/Flight Test 1/FT1_segments_of_interest/f2_dji_mavic_2/ir/9_dji2_range_medium.mp4,341,1,304,196,353,225,propagated:0.967
/Users/bround/Desktop/Датасеты/Dataset_Mendeley_data/Unlabelled _UAV_Videos/Flight Test 1/FT1_segments_of_interest/f2_dji_mavic_2/ir/9_dji2_range_medium.mp4,342,1,307,193,356,222,propagated:0.983
/Users/bround/Desktop/Датасеты/Dataset_Mendeley_data/Unlabelled _UAV_Videos/Flight Test 1/FT1_segments_of_interest/f2_dji_mavic_2/ir/9_dji2_range_medium.mp4,343,1,307,193,356,222,propagated:0.987
/Users/bround/Desktop/Датасеты/Dataset_Mendeley_data/Unlabelled _UAV_Videos/Flight Test 1/FT1_segments_of_interest/f2_dji_mavic_2/ir/9_dji2_range_medium.mp4,344,1,304,195,353,224,propagated:0.980
/Users/bround/Desktop/Датасеты/Dataset_Mendeley_data/Unlabelled _UAV_Videos/Flight Test 1/FT1_segments_of_interest/f2_dji_mavic_2/ir/9_dji2_range_medium.mp4,345,1,300,200,349,229,propagated:0.970
/Users/bround/Desktop/Датасеты/Dataset_Mendeley_data/Unlabelled _UAV_Videos/Flight Test 1/FT1_segments_of_interest/f2_dji_mavic_2/ir/9_dji2_range_medium.mp4,346,1,297,199,346,228,propagated:0.978
/Users/bround/Desktop/Датасеты/Dataset_Mendeley_data/Unlabelled _UAV_Videos/Flight Test 1/FT1_segments_of_interest/f2_dji_mavic_2/ir/9_dji2_range_medium.mp4,347,1,299,204,348,233,propagated:0.967
/Users/bround/Desktop/Датасеты/Dataset_Mendeley_data/Unlabelled _UAV_Videos/Flight Test 1/FT1_segments_of_interest/f2_dji_mavic_2/ir/9_dji2_range_medium.mp4,348,1,303,211,352,240,propagated:0.946
/Users/bround/Desktop/Датасеты/Dataset_Mendeley_data/Unlabelled _UAV_Videos/Flight Test 1/FT1_segments_of_interest/f2_dji_mavic_2/ir/9_dji2_range_medium.mp4,349,1,303,211,352,240,propagated:0.958
/Users/bround/Desktop/Датасеты/Dataset_Mendeley_data/Unlabelled _UAV_Videos/Flight Test 1/FT1_segments_of_interest/f2_dji_mavic_2/ir/9_dji2_range_medium.mp4,350,1,305,223,354,252,propagated:0.960
/Users/bround/Desktop/Датасеты/Dataset_Mendeley_data/Unlabelled _UAV_Videos/Flight Test 1/FT1_segments_of_interest/f2_dji_mavic_2/ir/9_dji2_range_medium.mp4,351,1,302,224,351,253,propagated:0.971
/Users/bround/Desktop/Датасеты/Dataset_Mendeley_data/Unlabelled _UAV_Videos/Flight Test 1/FT1_segments_of_interest/f2_dji_mavic_2/ir/9_dji2_range_medium.mp4,352,1,304,226,353,255,propagated:0.989
/Users/bround/Desktop/Датасеты/Dataset_Mendeley_data/Unlabelled _UAV_Videos/Flight Test 1/FT1_segments_of_interest/f2_dji_mavic_2/ir/9_dji2_range_medium.mp4,353,1,306,229,355,258,propagated:0.975
/Users/bround/Desktop/Датасеты/Dataset_Mendeley_data/Unlabelled _UAV_Videos/Flight Test 1/FT1_segments_of_interest/f2_dji_mavic_2/ir/9_dji2_range_medium.mp4,354,1,302,232,351,261,propagated:0.949
/Users/bround/Desktop/Датасеты/Dataset_Mendeley_data/Unlabelled _UAV_Videos/Flight Test 1/FT1_segments_of_interest/f2_dji_mavic_2/ir/9_dji2_range_medium.mp4,355,1,302,232,351,261,propagated:0.960
/Users/bround/Desktop/Датасеты/Dataset_Mendeley_data/Unlabelled _UAV_Videos/Flight Test 1/FT1_segments_of_interest/f2_dji_mavic_2/ir/9_dji2_range_medium.mp4,356,1,296,237,345,266,propagated:0.923
/Users/bround/Desktop/Датасеты/Dataset_Mendeley_data/Unlabelled _UAV_Videos/Flight Test 1/FT1_segments_of_interest/f2_dji_mavic_2/ir/9_dji2_range_medium.mp4,357,1,295,242,344,271,propagated:0.927
/Users/bround/Desktop/Датасеты/Dataset_Mendeley_data/Unlabelled _UAV_Videos/Flight Test 1/FT1_segments_of_interest/f2_dji_mavic_2/ir/9_dji2_range_medium.mp4,358,1,294,245,343,274,propagated:0.884
/Users/bround/Desktop/Датасеты/Dataset_Mendeley_data/Unlabelled _UAV_Videos/Flight Test 1/FT1_segments_of_interest/f2_dji_mavic_2/ir/9_dji2_range_medium.mp4,359,1,287,249,336,278,propagated:0.906
/Users/bround/Desktop/Датасеты/Dataset_Mendeley_data/Unlabelled _UAV_Videos/Flight Test 1/FT1_segments_of_interest/f2_dji_mavic_2/ir/9_dji2_range_medium.mp4,360,1,278,254,327,283,propagated:0.899
/Users/bround/Desktop/Датасеты/Dataset_Mendeley_data/Unlabelled _UAV_Videos/Flight Test 1/FT1_segments_of_interest/f2_dji_mavic_2/ir/9_dji2_range_medium.mp4,361,1,278,254,327,283,propagated:0.918
/Users/bround/Desktop/Датасеты/Dataset_Mendeley_data/Unlabelled _UAV_Videos/Flight Test 1/FT1_segments_of_interest/f2_dji_mavic_2/ir/9_dji2_range_medium.mp4,362,1,276,259,325,288,propagated:0.908
/Users/bround/Desktop/Датасеты/Dataset_Mendeley_data/Unlabelled _UAV_Videos/Flight Test 1/FT1_segments_of_interest/f2_dji_mavic_2/ir/9_dji2_range_medium.mp4,363,1,276,260,325,289,propagated:0.958
/Users/bround/Desktop/Датасеты/Dataset_Mendeley_data/Unlabelled _UAV_Videos/Flight Test 1/FT1_segments_of_interest/f2_dji_mavic_2/ir/9_dji2_range_medium.mp4,364,1,276,261,325,290,propagated:0.961
/Users/bround/Desktop/Датасеты/Dataset_Mendeley_data/Unlabelled _UAV_Videos/Flight Test 1/FT1_segments_of_interest/f2_dji_mavic_2/ir/9_dji2_range_medium.mp4,365,1,271,265,320,294,propagated:0.927
/Users/bround/Desktop/Датасеты/Dataset_Mendeley_data/Unlabelled _UAV_Videos/Flight Test 1/FT1_segments_of_interest/f2_dji_mavic_2/ir/9_dji2_range_medium.mp4,366,1,270,266,319,295,propagated:0.916
/Users/bround/Desktop/Датасеты/Dataset_Mendeley_data/Unlabelled _UAV_Videos/Flight Test 1/FT1_segments_of_interest/f2_dji_mavic_2/ir/9_dji2_range_medium.mp4,367,1,270,266,319,295,propagated:0.927
/Users/bround/Desktop/Датасеты/Dataset_Mendeley_data/Unlabelled _UAV_Videos/Flight Test 1/FT1_segments_of_interest/f2_dji_mavic_2/ir/9_dji2_range_medium.mp4,368,1,271,266,320,295,propagated:0.929
/Users/bround/Desktop/Датасеты/Dataset_Mendeley_data/Unlabelled _UAV_Videos/Flight Test 1/FT1_segments_of_interest/f2_dji_mavic_2/ir/9_dji2_range_medium.mp4,369,1,271,263,320,292,propagated:0.884
/Users/bround/Desktop/Датасеты/Dataset_Mendeley_data/Unlabelled _UAV_Videos/Flight Test 1/FT1_segments_of_interest/f2_dji_mavic_2/ir/9_dji2_range_medium.mp4,370,1,267,260,316,289,propagated:0.869
/Users/bround/Desktop/Датасеты/Dataset_Mendeley_data/Unlabelled _UAV_Videos/Flight Test 1/FT1_segments_of_interest/f2_dji_mavic_2/ir/9_dji2_range_medium.mp4,371,1,263,256,312,285,propagated:0.858
/Users/bround/Desktop/Датасеты/Dataset_Mendeley_data/Unlabelled _UAV_Videos/Flight Test 1/FT1_segments_of_interest/f2_dji_mavic_2/ir/9_dji2_range_medium.mp4,372,1,261,253,310,282,propagated:0.845
/Users/bround/Desktop/Датасеты/Dataset_Mendeley_data/Unlabelled _UAV_Videos/Flight Test 1/FT1_segments_of_interest/f2_dji_mavic_2/ir/9_dji2_range_medium.mp4,373,1,261,253,310,282,propagated:1.000
/Users/bround/Desktop/Датасеты/Dataset_Mendeley_data/Unlabelled _UAV_Videos/Flight Test 1/FT1_segments_of_interest/f2_dji_mavic_2/ir/9_dji2_range_medium.mp4,374,1,259,243,308,272,propagated:0.916
/Users/bround/Desktop/Датасеты/Dataset_Mendeley_data/Unlabelled _UAV_Videos/Flight Test 1/FT1_segments_of_interest/f2_dji_mavic_2/ir/9_dji2_range_medium.mp4,375,1,255,238,304,267,propagated:0.944
/Users/bround/Desktop/Датасеты/Dataset_Mendeley_data/Unlabelled _UAV_Videos/Flight Test 1/FT1_segments_of_interest/f2_dji_mavic_2/ir/9_dji2_range_medium.mp4,376,1,248,225,297,254,propagated:0.913
/Users/bround/Desktop/Датасеты/Dataset_Mendeley_data/Unlabelled _UAV_Videos/Flight Test 1/FT1_segments_of_interest/f2_dji_mavic_2/ir/9_dji2_range_medium.mp4,377,1,245,224,294,253,propagated:0.910
/Users/bround/Desktop/Датасеты/Dataset_Mendeley_data/Unlabelled _UAV_Videos/Flight Test 1/FT1_segments_of_interest/f2_dji_mavic_2/ir/9_dji2_range_medium.mp4,378,1,242,223,291,252,propagated:0.923
/Users/bround/Desktop/Датасеты/Dataset_Mendeley_data/Unlabelled _UAV_Videos/Flight Test 1/FT1_segments_of_interest/f2_dji_mavic_2/ir/9_dji2_range_medium.mp4,379,1,242,223,291,252,propagated:0.950
/Users/bround/Desktop/Датасеты/Dataset_Mendeley_data/Unlabelled _UAV_Videos/Flight Test 1/FT1_segments_of_interest/f2_dji_mavic_2/ir/9_dji2_range_medium.mp4,380,1,240,232,289,261,propagated:0.924
/Users/bround/Desktop/Датасеты/Dataset_Mendeley_data/Unlabelled _UAV_Videos/Flight Test 1/FT1_segments_of_interest/f2_dji_mavic_2/ir/9_dji2_range_medium.mp4,381,1,241,237,290,266,propagated:0.951
/Users/bround/Desktop/Датасеты/Dataset_Mendeley_data/Unlabelled _UAV_Videos/Flight Test 1/FT1_segments_of_interest/f2_dji_mavic_2/ir/9_dji2_range_medium.mp4,382,1,245,239,294,268,propagated:0.946
/Users/bround/Desktop/Датасеты/Dataset_Mendeley_data/Unlabelled _UAV_Videos/Flight Test 1/FT1_segments_of_interest/f2_dji_mavic_2/ir/9_dji2_range_medium.mp4,383,1,253,234,302,263,propagated:0.917
/Users/bround/Desktop/Датасеты/Dataset_Mendeley_data/Unlabelled _UAV_Videos/Flight Test 1/FT1_segments_of_interest/f2_dji_mavic_2/ir/9_dji2_range_medium.mp4,384,1,260,223,309,252,propagated:0.905
/Users/bround/Desktop/Датасеты/Dataset_Mendeley_data/Unlabelled _UAV_Videos/Flight Test 1/FT1_segments_of_interest/f2_dji_mavic_2/ir/9_dji2_range_medium.mp4,385,1,260,223,309,252,propagated:0.921
/Users/bround/Desktop/Датасеты/Dataset_Mendeley_data/Unlabelled _UAV_Videos/Flight Test 1/FT1_segments_of_interest/f2_dji_mavic_2/ir/9_dji2_range_medium.mp4,386,1,265,220,314,249,propagated:0.879
/Users/bround/Desktop/Датасеты/Dataset_Mendeley_data/Unlabelled _UAV_Videos/Flight Test 1/FT1_segments_of_interest/f2_dji_mavic_2/ir/9_dji2_range_medium.mp4,387,1,265,221,314,250,propagated:0.901
/Users/bround/Desktop/Датасеты/Dataset_Mendeley_data/Unlabelled _UAV_Videos/Flight Test 1/FT1_segments_of_interest/f2_dji_mavic_2/ir/9_dji2_range_medium.mp4,388,1,266,233,315,262,propagated:0.922
/Users/bround/Desktop/Датасеты/Dataset_Mendeley_data/Unlabelled _UAV_Videos/Flight Test 1/FT1_segments_of_interest/f2_dji_mavic_2/ir/9_dji2_range_medium.mp4,389,1,266,239,315,268,propagated:0.936
/Users/bround/Desktop/Датасеты/Dataset_Mendeley_data/Unlabelled _UAV_Videos/Flight Test 1/FT1_segments_of_interest/f2_dji_mavic_2/ir/9_dji2_range_medium.mp4,390,1,264,240,313,269,propagated:0.927
/Users/bround/Desktop/Датасеты/Dataset_Mendeley_data/Unlabelled _UAV_Videos/Flight Test 1/FT1_segments_of_interest/f2_dji_mavic_2/ir/9_dji2_range_medium.mp4,391,1,264,240,313,269,propagated:0.935
/Users/bround/Desktop/Датасеты/Dataset_Mendeley_data/Unlabelled _UAV_Videos/Flight Test 1/FT1_segments_of_interest/f2_dji_mavic_2/ir/9_dji2_range_medium.mp4,392,1,261,238,310,267,propagated:0.925
/Users/bround/Desktop/Датасеты/Dataset_Mendeley_data/Unlabelled _UAV_Videos/Flight Test 1/FT1_segments_of_interest/f2_dji_mavic_2/ir/9_dji2_range_medium.mp4,393,1,256,231,305,260,propagated:0.917
/Users/bround/Desktop/Датасеты/Dataset_Mendeley_data/Unlabelled _UAV_Videos/Flight Test 1/FT1_segments_of_interest/f2_dji_mavic_2/ir/9_dji2_range_medium.mp4,394,1,253,226,302,255,propagated:0.921
/Users/bround/Desktop/Датасеты/Dataset_Mendeley_data/Unlabelled _UAV_Videos/Flight Test 1/FT1_segments_of_interest/f2_dji_mavic_2/ir/9_dji2_range_medium.mp4,395,1,250,223,299,252,propagated:0.929
/Users/bround/Desktop/Датасеты/Dataset_Mendeley_data/Unlabelled _UAV_Videos/Flight Test 1/FT1_segments_of_interest/f2_dji_mavic_2/ir/9_dji2_range_medium.mp4,396,1,244,223,293,252,propagated:0.951
/Users/bround/Desktop/Датасеты/Dataset_Mendeley_data/Unlabelled _UAV_Videos/Flight Test 1/FT1_segments_of_interest/f2_dji_mavic_2/ir/9_dji2_range_medium.mp4,397,1,244,223,293,252,propagated:0.967
/Users/bround/Desktop/Датасеты/Dataset_Mendeley_data/Unlabelled _UAV_Videos/Flight Test 1/FT1_segments_of_interest/f2_dji_mavic_2/ir/9_dji2_range_medium.mp4,398,1,240,227,289,256,propagated:0.955
/Users/bround/Desktop/Датасеты/Dataset_Mendeley_data/Unlabelled _UAV_Videos/Flight Test 1/FT1_segments_of_interest/f2_dji_mavic_2/ir/9_dji2_range_medium.mp4,399,1,236,231,285,260,propagated:0.972
/Users/bround/Desktop/Датасеты/Dataset_Mendeley_data/Unlabelled _UAV_Videos/Flight Test 1/FT1_segments_of_interest/f2_dji_mavic_2/ir/9_dji2_range_medium.mp4,400,1,233,235,282,264,propagated:0.960
/Users/bround/Desktop/Датасеты/Dataset_Mendeley_data/Unlabelled _UAV_Videos/Flight Test 1/FT1_segments_of_interest/f2_dji_mavic_2/ir/9_dji2_range_medium.mp4,401,1,233,237,282,266,propagated:0.973
/Users/bround/Desktop/Датасеты/Dataset_Mendeley_data/Unlabelled _UAV_Videos/Flight Test 1/FT1_segments_of_interest/f2_dji_mavic_2/ir/9_dji2_range_medium.mp4,402,1,232,239,281,268,propagated:0.972
/Users/bround/Desktop/Датасеты/Dataset_Mendeley_data/Unlabelled _UAV_Videos/Flight Test 1/FT1_segments_of_interest/f2_dji_mavic_2/ir/9_dji2_range_medium.mp4,403,1,232,239,281,268,propagated:1.000
/Users/bround/Desktop/Датасеты/Dataset_Mendeley_data/Unlabelled _UAV_Videos/Flight Test 1/FT1_segments_of_interest/f2_dji_mavic_2/ir/9_dji2_range_medium.mp4,404,1,234,243,283,272,propagated:0.972
/Users/bround/Desktop/Датасеты/Dataset_Mendeley_data/Unlabelled _UAV_Videos/Flight Test 1/FT1_segments_of_interest/f2_dji_mavic_2/ir/9_dji2_range_medium.mp4,405,1,236,248,285,277,propagated:0.979
/Users/bround/Desktop/Датасеты/Dataset_Mendeley_data/Unlabelled _UAV_Videos/Flight Test 1/FT1_segments_of_interest/f2_dji_mavic_2/ir/9_dji2_range_medium.mp4,406,1,234,253,283,282,propagated:0.978
/Users/bround/Desktop/Датасеты/Dataset_Mendeley_data/Unlabelled _UAV_Videos/Flight Test 1/FT1_segments_of_interest/f2_dji_mavic_2/ir/9_dji2_range_medium.mp4,407,1,230,261,279,290,propagated:0.976
/Users/bround/Desktop/Датасеты/Dataset_Mendeley_data/Unlabelled _UAV_Videos/Flight Test 1/FT1_segments_of_interest/f2_dji_mavic_2/ir/9_dji2_range_medium.mp4,408,1,227,267,276,296,propagated:0.976
/Users/bround/Desktop/Датасеты/Dataset_Mendeley_data/Unlabelled _UAV_Videos/Flight Test 1/FT1_segments_of_interest/f2_dji_mavic_2/ir/9_dji2_range_medium.mp4,409,1,227,267,276,296,propagated:0.982
/Users/bround/Desktop/Датасеты/Dataset_Mendeley_data/Unlabelled _UAV_Videos/Flight Test 1/FT1_segments_of_interest/f2_dji_mavic_2/ir/9_dji2_range_medium.mp4,410,1,223,277,272,306,propagated:0.977
/Users/bround/Desktop/Датасеты/Dataset_Mendeley_data/Unlabelled _UAV_Videos/Flight Test 1/FT1_segments_of_interest/f2_dji_mavic_2/ir/9_dji2_range_medium.mp4,411,1,225,288,274,317,propagated:0.980
/Users/bround/Desktop/Датасеты/Dataset_Mendeley_data/Unlabelled _UAV_Videos/Flight Test 1/FT1_segments_of_interest/f2_dji_mavic_2/ir/9_dji2_range_medium.mp4,412,1,226,296,275,325,propagated:0.978
/Users/bround/Desktop/Датасеты/Dataset_Mendeley_data/Unlabelled _UAV_Videos/Flight Test 1/FT1_segments_of_interest/f2_dji_mavic_2/ir/9_dji2_range_medium.mp4,413,1,230,295,279,324,propagated:0.981
/Users/bround/Desktop/Датасеты/Dataset_Mendeley_data/Unlabelled _UAV_Videos/Flight Test 1/FT1_segments_of_interest/f2_dji_mavic_2/ir/9_dji2_range_medium.mp4,414,1,232,295,281,324,propagated:0.978
/Users/bround/Desktop/Датасеты/Dataset_Mendeley_data/Unlabelled _UAV_Videos/Flight Test 1/FT1_segments_of_interest/f2_dji_mavic_2/ir/9_dji2_range_medium.mp4,415,1,232,295,281,324,propagated:0.980
/Users/bround/Desktop/Датасеты/Dataset_Mendeley_data/Unlabelled _UAV_Videos/Flight Test 1/FT1_segments_of_interest/f2_dji_mavic_2/ir/9_dji2_range_medium.mp4,416,1,230,292,279,321,propagated:0.962
/Users/bround/Desktop/Датасеты/Dataset_Mendeley_data/Unlabelled _UAV_Videos/Flight Test 1/FT1_segments_of_interest/f2_dji_mavic_2/ir/9_dji2_range_medium.mp4,417,1,219,288,268,317,propagated:0.963
/Users/bround/Desktop/Датасеты/Dataset_Mendeley_data/Unlabelled _UAV_Videos/Flight Test 1/FT1_segments_of_interest/f2_dji_mavic_2/ir/9_dji2_range_medium.mp4,418,1,214,285,263,314,propagated:0.979
/Users/bround/Desktop/Датасеты/Dataset_Mendeley_data/Unlabelled _UAV_Videos/Flight Test 1/FT1_segments_of_interest/f2_dji_mavic_2/ir/9_dji2_range_medium.mp4,419,1,220,283,269,312,propagated:0.974
/Users/bround/Desktop/Датасеты/Dataset_Mendeley_data/Unlabelled _UAV_Videos/Flight Test 1/FT1_segments_of_interest/f2_dji_mavic_2/ir/9_dji2_range_medium.mp4,420,1,220,285,269,314,propagated:0.984
/Users/bround/Desktop/Датасеты/Dataset_Mendeley_data/Unlabelled _UAV_Videos/Flight Test 1/FT1_segments_of_interest/f2_dji_mavic_2/ir/9_dji2_range_medium.mp4,421,1,220,285,269,314,propagated:0.984
/Users/bround/Desktop/Датасеты/Dataset_Mendeley_data/Unlabelled _UAV_Videos/Flight Test 1/FT1_segments_of_interest/f2_dji_mavic_2/ir/9_dji2_range_medium.mp4,422,1,221,286,270,315,propagated:0.985
/Users/bround/Desktop/Датасеты/Dataset_Mendeley_data/Unlabelled _UAV_Videos/Flight Test 1/FT1_segments_of_interest/f2_dji_mavic_2/ir/9_dji2_range_medium.mp4,423,1,225,292,274,321,propagated:0.963
/Users/bround/Desktop/Датасеты/Dataset_Mendeley_data/Unlabelled _UAV_Videos/Flight Test 1/FT1_segments_of_interest/f2_dji_mavic_2/ir/9_dji2_range_medium.mp4,424,1,231,300,280,329,propagated:0.963
/Users/bround/Desktop/Датасеты/Dataset_Mendeley_data/Unlabelled _UAV_Videos/Flight Test 1/FT1_segments_of_interest/f2_dji_mavic_2/ir/9_dji2_range_medium.mp4,425,1,235,303,284,332,propagated:0.973
/Users/bround/Desktop/Датасеты/Dataset_Mendeley_data/Unlabelled _UAV_Videos/Flight Test 1/FT1_segments_of_interest/f2_dji_mavic_2/ir/9_dji2_range_medium.mp4,426,1,236,304,285,333,propagated:0.974
/Users/bround/Desktop/Датасеты/Dataset_Mendeley_data/Unlabelled _UAV_Videos/Flight Test 1/FT1_segments_of_interest/f2_dji_mavic_2/ir/9_dji2_range_medium.mp4,427,1,236,304,285,333,propagated:0.976
/Users/bround/Desktop/Датасеты/Dataset_Mendeley_data/Unlabelled _UAV_Videos/Flight Test 1/FT1_segments_of_interest/f2_dji_mavic_2/ir/9_dji2_range_medium.mp4,428,1,239,303,288,332,propagated:0.979
/Users/bround/Desktop/Датасеты/Dataset_Mendeley_data/Unlabelled _UAV_Videos/Flight Test 1/FT1_segments_of_interest/f2_dji_mavic_2/ir/9_dji2_range_medium.mp4,429,1,245,298,294,327,propagated:0.951
/Users/bround/Desktop/Датасеты/Dataset_Mendeley_data/Unlabelled _UAV_Videos/Flight Test 1/FT1_segments_of_interest/f2_dji_mavic_2/ir/9_dji2_range_medium.mp4,430,1,251,293,300,322,propagated:0.954
/Users/bround/Desktop/Датасеты/Dataset_Mendeley_data/Unlabelled _UAV_Videos/Flight Test 1/FT1_segments_of_interest/f2_dji_mavic_2/ir/9_dji2_range_medium.mp4,431,1,254,288,303,317,propagated:0.914
/Users/bround/Desktop/Датасеты/Dataset_Mendeley_data/Unlabelled _UAV_Videos/Flight Test 1/FT1_segments_of_interest/f2_dji_mavic_2/ir/9_dji2_range_medium.mp4,432,1,255,285,304,314,propagated:0.932
/Users/bround/Desktop/Датасеты/Dataset_Mendeley_data/Unlabelled _UAV_Videos/Flight Test 1/FT1_segments_of_interest/f2_dji_mavic_2/ir/9_dji2_range_medium.mp4,433,1,255,285,304,314,propagated:0.975
/Users/bround/Desktop/Датасеты/Dataset_Mendeley_data/Unlabelled _UAV_Videos/Flight Test 1/FT1_segments_of_interest/f2_dji_mavic_2/ir/9_dji2_range_medium.mp4,434,1,256,283,305,312,propagated:0.969
/Users/bround/Desktop/Датасеты/Dataset_Mendeley_data/Unlabelled _UAV_Videos/Flight Test 1/FT1_segments_of_interest/f2_dji_mavic_2/ir/9_dji2_range_medium.mp4,435,1,258,283,307,312,propagated:0.932
/Users/bround/Desktop/Датасеты/Dataset_Mendeley_data/Unlabelled _UAV_Videos/Flight Test 1/FT1_segments_of_interest/f2_dji_mavic_2/ir/9_dji2_range_medium.mp4,436,1,261,289,310,318,propagated:0.899
/Users/bround/Desktop/Датасеты/Dataset_Mendeley_data/Unlabelled _UAV_Videos/Flight Test 1/FT1_segments_of_interest/f2_dji_mavic_2/ir/9_dji2_range_medium.mp4,437,1,263,289,312,318,propagated:0.902
/Users/bround/Desktop/Датасеты/Dataset_Mendeley_data/Unlabelled _UAV_Videos/Flight Test 1/FT1_segments_of_interest/f2_dji_mavic_2/ir/9_dji2_range_medium.mp4,438,1,266,284,315,313,propagated:0.890
/Users/bround/Desktop/Датасеты/Dataset_Mendeley_data/Unlabelled _UAV_Videos/Flight Test 1/FT1_segments_of_interest/f2_dji_mavic_2/ir/9_dji2_range_medium.mp4,439,1,266,284,315,313,propagated:0.910
/Users/bround/Desktop/Датасеты/Dataset_Mendeley_data/Unlabelled _UAV_Videos/Flight Test 1/FT1_segments_of_interest/f2_dji_mavic_2/ir/9_dji2_range_medium.mp4,440,1,269,273,318,302,propagated:0.921
/Users/bround/Desktop/Датасеты/Dataset_Mendeley_data/Unlabelled _UAV_Videos/Flight Test 1/FT1_segments_of_interest/f2_dji_mavic_2/ir/9_dji2_range_medium.mp4,441,1,269,266,318,295,propagated:0.920
/Users/bround/Desktop/Датасеты/Dataset_Mendeley_data/Unlabelled _UAV_Videos/Flight Test 1/FT1_segments_of_interest/f2_dji_mavic_2/ir/9_dji2_range_medium.mp4,442,1,270,259,319,288,propagated:0.949
/Users/bround/Desktop/Датасеты/Dataset_Mendeley_data/Unlabelled _UAV_Videos/Flight Test 1/FT1_segments_of_interest/f2_dji_mavic_2/ir/9_dji2_range_medium.mp4,443,1,270,258,319,287,propagated:0.961
/Users/bround/Desktop/Датасеты/Dataset_Mendeley_data/Unlabelled _UAV_Videos/Flight Test 1/FT1_segments_of_interest/f2_dji_mavic_2/ir/9_dji2_range_medium.mp4,444,1,271,254,320,283,propagated:0.941
/Users/bround/Desktop/Датасеты/Dataset_Mendeley_data/Unlabelled _UAV_Videos/Flight Test 1/FT1_segments_of_interest/f2_dji_mavic_2/ir/9_dji2_range_medium.mp4,445,1,270,254,319,283,propagated:0.941
/Users/bround/Desktop/Датасеты/Dataset_Mendeley_data/Unlabelled _UAV_Videos/Flight Test 1/FT1_segments_of_interest/f2_dji_mavic_2/ir/9_dji2_range_medium.mp4,446,1,268,252,317,281,propagated:0.944
/Users/bround/Desktop/Датасеты/Dataset_Mendeley_data/Unlabelled _UAV_Videos/Flight Test 1/FT1_segments_of_interest/f2_dji_mavic_2/ir/9_dji2_range_medium.mp4,447,1,261,258,310,287,propagated:0.922
/Users/bround/Desktop/Датасеты/Dataset_Mendeley_data/Unlabelled _UAV_Videos/Flight Test 1/FT1_segments_of_interest/f2_dji_mavic_2/ir/9_dji2_range_medium.mp4,448,1,262,267,311,296,propagated:0.925
/Users/bround/Desktop/Датасеты/Dataset_Mendeley_data/Unlabelled _UAV_Videos/Flight Test 1/FT1_segments_of_interest/f2_dji_mavic_2/ir/9_dji2_range_medium.mp4,449,1,265,270,314,299,propagated:0.909
/Users/bround/Desktop/Датасеты/Dataset_Mendeley_data/Unlabelled _UAV_Videos/Flight Test 1/FT1_segments_of_interest/f2_dji_mavic_2/ir/9_dji2_range_medium.mp4,450,1,268,265,317,294,propagated:0.907
/Users/bround/Desktop/Датасеты/Dataset_Mendeley_data/Unlabelled _UAV_Videos/Flight Test 1/FT1_segments_of_interest/f2_dji_mavic_2/ir/9_dji2_range_medium.mp4,451,1,268,265,317,294,propagated:0.912
/Users/bround/Desktop/Датасеты/Dataset_Mendeley_data/Unlabelled _UAV_Videos/Flight Test 1/FT1_segments_of_interest/f2_dji_mavic_2/ir/9_dji2_range_medium.mp4,452,1,262,248,311,277,propagated:0.907
/Users/bround/Desktop/Датасеты/Dataset_Mendeley_data/Unlabelled _UAV_Videos/Flight Test 1/FT1_segments_of_interest/f2_dji_mavic_2/ir/9_dji2_range_medium.mp4,453,1,238,230,287,259,propagated:0.906
/Users/bround/Desktop/Датасеты/Dataset_Mendeley_data/Unlabelled _UAV_Videos/Flight Test 1/FT1_segments_of_interest/f2_dji_mavic_2/ir/9_dji2_range_medium.mp4,454,1,227,221,276,250,propagated:0.913
/Users/bround/Desktop/Датасеты/Dataset_Mendeley_data/Unlabelled _UAV_Videos/Flight Test 1/FT1_segments_of_interest/f2_dji_mavic_2/ir/9_dji2_range_medium.mp4,455,1,222,220,271,249,propagated:0.923
/Users/bround/Desktop/Датасеты/Dataset_Mendeley_data/Unlabelled _UAV_Videos/Flight Test 1/FT1_segments_of_interest/f2_dji_mavic_2/ir/9_dji2_range_medium.mp4,456,1,224,221,273,250,propagated:0.951
/Users/bround/Desktop/Датасеты/Dataset_Mendeley_data/Unlabelled _UAV_Videos/Flight Test 1/FT1_segments_of_interest/f2_dji_mavic_2/ir/9_dji2_range_medium.mp4,457,1,224,221,273,250,propagated:0.968
/Users/bround/Desktop/Датасеты/Dataset_Mendeley_data/Unlabelled _UAV_Videos/Flight Test 1/FT1_segments_of_interest/f2_dji_mavic_2/ir/9_dji2_range_medium.mp4,458,1,228,221,277,250,propagated:0.967
/Users/bround/Desktop/Датасеты/Dataset_Mendeley_data/Unlabelled _UAV_Videos/Flight Test 1/FT1_segments_of_interest/f2_dji_mavic_2/ir/9_dji2_range_medium.mp4,459,1,232,221,281,250,propagated:0.964
/Users/bround/Desktop/Датасеты/Dataset_Mendeley_data/Unlabelled _UAV_Videos/Flight Test 1/FT1_segments_of_interest/f2_dji_mavic_2/ir/9_dji2_range_medium.mp4,460,1,234,221,283,250,propagated:0.971
/Users/bround/Desktop/Датасеты/Dataset_Mendeley_data/Unlabelled _UAV_Videos/Flight Test 1/FT1_segments_of_interest/f2_dji_mavic_2/ir/9_dji2_range_medium.mp4,461,1,238,220,287,249,propagated:0.972
/Users/bround/Desktop/Датасеты/Dataset_Mendeley_data/Unlabelled _UAV_Videos/Flight Test 1/FT1_segments_of_interest/f2_dji_mavic_2/ir/9_dji2_range_medium.mp4,462,1,243,216,292,245,propagated:0.970
/Users/bround/Desktop/Датасеты/Dataset_Mendeley_data/Unlabelled _UAV_Videos/Flight Test 1/FT1_segments_of_interest/f2_dji_mavic_2/ir/9_dji2_range_medium.mp4,463,1,243,216,292,245,propagated:0.999
/Users/bround/Desktop/Датасеты/Dataset_Mendeley_data/Unlabelled _UAV_Videos/Flight Test 1/FT1_segments_of_interest/f2_dji_mavic_2/ir/9_dji2_range_medium.mp4,464,1,247,213,296,242,propagated:0.971
/Users/bround/Desktop/Датасеты/Dataset_Mendeley_data/Unlabelled _UAV_Videos/Flight Test 1/FT1_segments_of_interest/f2_dji_mavic_2/ir/9_dji2_range_medium.mp4,465,1,252,211,301,240,propagated:0.974
/Users/bround/Desktop/Датасеты/Dataset_Mendeley_data/Unlabelled _UAV_Videos/Flight Test 1/FT1_segments_of_interest/f2_dji_mavic_2/ir/9_dji2_range_medium.mp4,466,1,254,212,303,241,propagated:0.967
/Users/bround/Desktop/Датасеты/Dataset_Mendeley_data/Unlabelled _UAV_Videos/Flight Test 1/FT1_segments_of_interest/f2_dji_mavic_2/ir/9_dji2_range_medium.mp4,467,1,258,215,307,244,propagated:0.966
/Users/bround/Desktop/Датасеты/Dataset_Mendeley_data/Unlabelled _UAV_Videos/Flight Test 1/FT1_segments_of_interest/f2_dji_mavic_2/ir/9_dji2_range_medium.mp4,468,1,258,215,307,244,propagated:0.971
/Users/bround/Desktop/Датасеты/Dataset_Mendeley_data/Unlabelled _UAV_Videos/Flight Test 1/FT1_segments_of_interest/f2_dji_mavic_2/ir/9_dji2_range_medium.mp4,469,1,262,218,311,247,propagated:0.970
/Users/bround/Desktop/Датасеты/Dataset_Mendeley_data/Unlabelled _UAV_Videos/Flight Test 1/FT1_segments_of_interest/f2_dji_mavic_2/ir/9_dji2_range_medium.mp4,470,1,266,220,315,249,propagated:0.975
/Users/bround/Desktop/Датасеты/Dataset_Mendeley_data/Unlabelled _UAV_Videos/Flight Test 1/FT1_segments_of_interest/f2_dji_mavic_2/ir/9_dji2_range_medium.mp4,471,1,270,222,319,251,propagated:0.954
/Users/bround/Desktop/Датасеты/Dataset_Mendeley_data/Unlabelled _UAV_Videos/Flight Test 1/FT1_segments_of_interest/f2_dji_mavic_2/ir/9_dji2_range_medium.mp4,472,1,276,222,325,251,propagated:0.955
/Users/bround/Desktop/Датасеты/Dataset_Mendeley_data/Unlabelled _UAV_Videos/Flight Test 1/FT1_segments_of_interest/f2_dji_mavic_2/ir/9_dji2_range_medium.mp4,473,1,281,222,330,251,propagated:0.976
/Users/bround/Desktop/Датасеты/Dataset_Mendeley_data/Unlabelled _UAV_Videos/Flight Test 1/FT1_segments_of_interest/f2_dji_mavic_2/ir/9_dji2_range_medium.mp4,474,1,285,222,334,251,propagated:0.961
/Users/bround/Desktop/Датасеты/Dataset_Mendeley_data/Unlabelled _UAV_Videos/Flight Test 1/FT1_segments_of_interest/f2_dji_mavic_2/ir/9_dji2_range_medium.mp4,475,1,285,222,334,251,propagated:0.967
/Users/bround/Desktop/Датасеты/Dataset_Mendeley_data/Unlabelled _UAV_Videos/Flight Test 1/FT1_segments_of_interest/f2_dji_mavic_2/ir/9_dji2_range_medium.mp4,476,1,289,222,338,251,propagated:0.965
/Users/bround/Desktop/Датасеты/Dataset_Mendeley_data/Unlabelled _UAV_Videos/Flight Test 1/FT1_segments_of_interest/f2_dji_mavic_2/ir/9_dji2_range_medium.mp4,477,1,294,223,343,252,propagated:0.953
/Users/bround/Desktop/Датасеты/Dataset_Mendeley_data/Unlabelled _UAV_Videos/Flight Test 1/FT1_segments_of_interest/f2_dji_mavic_2/ir/9_dji2_range_medium.mp4,478,1,297,223,346,252,propagated:0.948
/Users/bround/Desktop/Датасеты/Dataset_Mendeley_data/Unlabelled _UAV_Videos/Flight Test 1/FT1_segments_of_interest/f2_dji_mavic_2/ir/9_dji2_range_medium.mp4,479,1,301,219,350,248,propagated:0.917
/Users/bround/Desktop/Датасеты/Dataset_Mendeley_data/Unlabelled _UAV_Videos/Flight Test 1/FT1_segments_of_interest/f2_dji_mavic_2/ir/9_dji2_range_medium.mp4,480,1,301,219,350,248,propagated:0.932
/Users/bround/Desktop/Датасеты/Dataset_Mendeley_data/Unlabelled _UAV_Videos/Flight Test 1/FT1_segments_of_interest/f2_dji_mavic_2/ir/9_dji2_range_medium.mp4,481,1,304,215,353,244,propagated:0.946
/Users/bround/Desktop/Датасеты/Dataset_Mendeley_data/Unlabelled _UAV_Videos/Flight Test 1/FT1_segments_of_interest/f2_dji_mavic_2/ir/9_dji2_range_medium.mp4,482,1,306,215,355,244,propagated:0.950
/Users/bround/Desktop/Датасеты/Dataset_Mendeley_data/Unlabelled _UAV_Videos/Flight Test 1/FT1_segments_of_interest/f2_dji_mavic_2/ir/9_dji2_range_medium.mp4,483,1,309,215,358,244,propagated:0.972
/Users/bround/Desktop/Датасеты/Dataset_Mendeley_data/Unlabelled _UAV_Videos/Flight Test 1/FT1_segments_of_interest/f2_dji_mavic_2/ir/9_dji2_range_medium.mp4,484,1,314,216,363,245,propagated:0.968
/Users/bround/Desktop/Датасеты/Dataset_Mendeley_data/Unlabelled _UAV_Videos/Flight Test 1/FT1_segments_of_interest/f2_dji_mavic_2/ir/9_dji2_range_medium.mp4,485,1,318,218,367,247,propagated:0.962
/Users/bround/Desktop/Датасеты/Dataset_Mendeley_data/Unlabelled _UAV_Videos/Flight Test 1/FT1_segments_of_interest/f2_dji_mavic_2/ir/9_dji2_range_medium.mp4,486,1,320,218,369,247,propagated:0.970
/Users/bround/Desktop/Датасеты/Dataset_Mendeley_data/Unlabelled _UAV_Videos/Flight Test 1/FT1_segments_of_interest/f2_dji_mavic_2/ir/9_dji2_range_medium.mp4,487,1,320,218,369,247,propagated:0.974
/Users/bround/Desktop/Датасеты/Dataset_Mendeley_data/Unlabelled _UAV_Videos/Flight Test 1/FT1_segments_of_interest/f2_dji_mavic_2/ir/9_dji2_range_medium.mp4,488,1,319,217,368,246,propagated:0.968
/Users/bround/Desktop/Датасеты/Dataset_Mendeley_data/Unlabelled _UAV_Videos/Flight Test 1/FT1_segments_of_interest/f2_dji_mavic_2/ir/9_dji2_range_medium.mp4,489,1,307,211,356,240,propagated:0.855
/Users/bround/Desktop/Датасеты/Dataset_Mendeley_data/Unlabelled _UAV_Videos/Flight Test 1/FT1_segments_of_interest/f2_dji_mavic_2/ir/9_dji2_range_medium.mp4,490,1,292,205,341,234,propagated:0.850
/Users/bround/Desktop/Датасеты/Dataset_Mendeley_data/Unlabelled _UAV_Videos/Flight Test 1/FT1_segments_of_interest/f2_dji_mavic_2/ir/9_dji2_range_medium.mp4,491,1,279,208,328,237,propagated:0.877
/Users/bround/Desktop/Датасеты/Dataset_Mendeley_data/Unlabelled _UAV_Videos/Flight Test 1/FT1_segments_of_interest/f2_dji_mavic_2/ir/9_dji2_range_medium.mp4,492,1,279,208,328,237,propagated:0.910
/Users/bround/Desktop/Датасеты/Dataset_Mendeley_data/Unlabelled _UAV_Videos/Flight Test 1/FT1_segments_of_interest/f2_dji_mavic_2/ir/9_dji2_range_medium.mp4,493,1,271,214,320,243,propagated:0.964
/Users/bround/Desktop/Датасеты/Dataset_Mendeley_data/Unlabelled _UAV_Videos/Flight Test 1/FT1_segments_of_interest/f2_dji_mavic_2/ir/9_dji2_range_medium.mp4,494,1,270,216,319,245,propagated:0.966
/Users/bround/Desktop/Датасеты/Dataset_Mendeley_data/Unlabelled _UAV_Videos/Flight Test 1/FT1_segments_of_interest/f2_dji_mavic_2/ir/9_dji2_range_medium.mp4,495,1,266,216,315,245,propagated:0.966
/Users/bround/Desktop/Датасеты/Dataset_Mendeley_data/Unlabelled _UAV_Videos/Flight Test 1/FT1_segments_of_interest/f2_dji_mavic_2/ir/9_dji2_range_medium.mp4,496,1,261,219,310,248,propagated:0.962
/Users/bround/Desktop/Датасеты/Dataset_Mendeley_data/Unlabelled _UAV_Videos/Flight Test 1/FT1_segments_of_interest/f2_dji_mavic_2/ir/9_dji2_range_medium.mp4,497,1,266,227,315,256,propagated:0.904
/Users/bround/Desktop/Датасеты/Dataset_Mendeley_data/Unlabelled _UAV_Videos/Flight Test 1/FT1_segments_of_interest/f2_dji_mavic_2/ir/9_dji2_range_medium.mp4,498,1,277,235,326,264,propagated:0.869
/Users/bround/Desktop/Датасеты/Dataset_Mendeley_data/Unlabelled _UAV_Videos/Flight Test 1/FT1_segments_of_interest/f2_dji_mavic_2/ir/9_dji2_range_medium.mp4,499,1,277,235,326,264,propagated:0.892
/Users/bround/Desktop/Датасеты/Dataset_Mendeley_data/Unlabelled _UAV_Videos/Flight Test 1/FT1_segments_of_interest/f2_dji_mavic_2/ir/9_dji2_range_medium.mp4,500,1,284,240,333,269,propagated:0.915
/Users/bround/Desktop/Датасеты/Dataset_Mendeley_data/Unlabelled _UAV_Videos/Flight Test 1/FT1_segments_of_interest/f2_dji_mavic_2/ir/9_dji2_range_medium.mp4,501,1,286,238,335,267,propagated:0.904
/Users/bround/Desktop/Датасеты/Dataset_Mendeley_data/Unlabelled _UAV_Videos/Flight Test 1/FT1_segments_of_interest/f2_dji_mavic_2/ir/9_dji2_range_medium.mp4,502,1,287,229,336,258,propagated:0.893
/Users/bround/Desktop/Датасеты/Dataset_Mendeley_data/Unlabelled _UAV_Videos/Flight Test 1/FT1_segments_of_interest/f2_dji_mavic_2/ir/9_dji2_range_medium.mp4,503,1,282,219,331,248,propagated:0.931
/Users/bround/Desktop/Датасеты/Dataset_Mendeley_data/Unlabelled _UAV_Videos/Flight Test 1/FT1_segments_of_interest/f2_dji_mavic_2/ir/9_dji2_range_medium.mp4,504,1,280,212,329,241,propagated:0.941
/Users/bround/Desktop/Датасеты/Dataset_Mendeley_data/Unlabelled _UAV_Videos/Flight Test 1/FT1_segments_of_interest/f2_dji_mavic_2/ir/9_dji2_range_medium.mp4,505,1,280,212,329,241,propagated:0.949
/Users/bround/Desktop/Датасеты/Dataset_Mendeley_data/Unlabelled _UAV_Videos/Flight Test 1/FT1_segments_of_interest/f2_dji_mavic_2/ir/9_dji2_range_medium.mp4,506,1,280,212,329,241,propagated:0.938
/Users/bround/Desktop/Датасеты/Dataset_Mendeley_data/Unlabelled _UAV_Videos/Flight Test 1/FT1_segments_of_interest/f2_dji_mavic_2/ir/9_dji2_range_medium.mp4,507,1,282,212,331,241,propagated:0.937
/Users/bround/Desktop/Датасеты/Dataset_Mendeley_data/Unlabelled _UAV_Videos/Flight Test 1/FT1_segments_of_interest/f2_dji_mavic_2/ir/9_dji2_range_medium.mp4,508,1,286,216,335,245,propagated:0.929
/Users/bround/Desktop/Датасеты/Dataset_Mendeley_data/Unlabelled _UAV_Videos/Flight Test 1/FT1_segments_of_interest/f2_dji_mavic_2/ir/9_dji2_range_medium.mp4,509,1,284,215,333,244,propagated:0.920
/Users/bround/Desktop/Датасеты/Dataset_Mendeley_data/Unlabelled _UAV_Videos/Flight Test 1/FT1_segments_of_interest/f2_dji_mavic_2/ir/9_dji2_range_medium.mp4,510,1,270,205,319,234,propagated:0.885
/Users/bround/Desktop/Датасеты/Dataset_Mendeley_data/Unlabelled _UAV_Videos/Flight Test 1/FT1_segments_of_interest/f2_dji_mavic_2/ir/9_dji2_range_medium.mp4,511,1,270,205,319,234,propagated:0.916
/Users/bround/Desktop/Датасеты/Dataset_Mendeley_data/Unlabelled _UAV_Videos/Flight Test 1/FT1_segments_of_interest/f2_dji_mavic_2/ir/9_dji2_range_medium.mp4,512,1,249,190,298,219,propagated:0.872
/Users/bround/Desktop/Датасеты/Dataset_Mendeley_data/Unlabelled _UAV_Videos/Flight Test 1/FT1_segments_of_interest/f2_dji_mavic_2/ir/9_dji2_range_medium.mp4,513,1,237,173,286,202,propagated:0.954
/Users/bround/Desktop/Датасеты/Dataset_Mendeley_data/Unlabelled _UAV_Videos/Flight Test 1/FT1_segments_of_interest/f2_dji_mavic_2/ir/9_dji2_range_medium.mp4,514,1,238,160,287,189,propagated:0.936
/Users/bround/Desktop/Датасеты/Dataset_Mendeley_data/Unlabelled _UAV_Videos/Flight Test 1/FT1_segments_of_interest/f2_dji_mavic_2/ir/9_dji2_range_medium.mp4,515,1,242,152,291,181,propagated:0.925
/Users/bround/Desktop/Датасеты/Dataset_Mendeley_data/Unlabelled _UAV_Videos/Flight Test 1/FT1_segments_of_interest/f2_dji_mavic_2/ir/9_dji2_range_medium.mp4,516,1,246,147,295,176,propagated:0.940
/Users/bround/Desktop/Датасеты/Dataset_Mendeley_data/Unlabelled _UAV_Videos/Flight Test 1/FT1_segments_of_interest/f2_dji_mavic_2/ir/9_dji2_range_medium.mp4,517,1,246,147,295,176,propagated:0.963
/Users/bround/Desktop/Датасеты/Dataset_Mendeley_data/Unlabelled _UAV_Videos/Flight Test 1/FT1_segments_of_interest/f2_dji_mavic_2/ir/9_dji2_range_medium.mp4,518,1,249,146,298,175,propagated:0.957
/Users/bround/Desktop/Датасеты/Dataset_Mendeley_data/Unlabelled _UAV_Videos/Flight Test 1/FT1_segments_of_interest/f2_dji_mavic_2/ir/9_dji2_range_medium.mp4,519,1,253,145,302,174,propagated:0.956
/Users/bround/Desktop/Датасеты/Dataset_Mendeley_data/Unlabelled _UAV_Videos/Flight Test 1/FT1_segments_of_interest/f2_dji_mavic_2/ir/9_dji2_range_medium.mp4,520,1,259,145,308,174,propagated:0.965
/Users/bround/Desktop/Датасеты/Dataset_Mendeley_data/Unlabelled _UAV_Videos/Flight Test 1/FT1_segments_of_interest/f2_dji_mavic_2/ir/9_dji2_range_medium.mp4,521,1,264,142,313,171,propagated:0.967
/Users/bround/Desktop/Датасеты/Dataset_Mendeley_data/Unlabelled _UAV_Videos/Flight Test 1/FT1_segments_of_interest/f2_dji_mavic_2/ir/9_dji2_range_medium.mp4,522,1,264,138,313,167,propagated:0.970
/Users/bround/Desktop/Датасеты/Dataset_Mendeley_data/Unlabelled _UAV_Videos/Flight Test 1/FT1_segments_of_interest/f2_dji_mavic_2/ir/9_dji2_range_medium.mp4,523,1,264,138,313,167,propagated:1.000
/Users/bround/Desktop/Датасеты/Dataset_Mendeley_data/Unlabelled _UAV_Videos/Flight Test 1/FT1_segments_of_interest/f2_dji_mavic_2/ir/9_dji2_range_medium.mp4,524,1,267,133,316,162,propagated:0.985
/Users/bround/Desktop/Датасеты/Dataset_Mendeley_data/Unlabelled _UAV_Videos/Flight Test 1/FT1_segments_of_interest/f2_dji_mavic_2/ir/9_dji2_range_medium.mp4,525,1,272,133,321,162,propagated:0.980
/Users/bround/Desktop/Датасеты/Dataset_Mendeley_data/Unlabelled _UAV_Videos/Flight Test 1/FT1_segments_of_interest/f2_dji_mavic_2/ir/9_dji2_range_medium.mp4,526,1,278,137,327,166,propagated:0.973
/Users/bround/Desktop/Датасеты/Dataset_Mendeley_data/Unlabelled _UAV_Videos/Flight Test 1/FT1_segments_of_interest/f2_dji_mavic_2/ir/9_dji2_range_medium.mp4,527,1,282,140,331,169,propagated:0.971
/Users/bround/Desktop/Датасеты/Dataset_Mendeley_data/Unlabelled _UAV_Videos/Flight Test 1/FT1_segments_of_interest/f2_dji_mavic_2/ir/9_dji2_range_medium.mp4,528,1,285,140,334,169,propagated:0.976
/Users/bround/Desktop/Датасеты/Dataset_Mendeley_data/Unlabelled _UAV_Videos/Flight Test 1/FT1_segments_of_interest/f2_dji_mavic_2/ir/9_dji2_range_medium.mp4,529,1,285,140,334,169,propagated:0.980
/Users/bround/Desktop/Датасеты/Dataset_Mendeley_data/Unlabelled _UAV_Videos/Flight Test 1/FT1_segments_of_interest/f2_dji_mavic_2/ir/9_dji2_range_medium.mp4,530,1,293,143,342,172,propagated:0.971
/Users/bround/Desktop/Датасеты/Dataset_Mendeley_data/Unlabelled _UAV_Videos/Flight Test 1/FT1_segments_of_interest/f2_dji_mavic_2/ir/9_dji2_range_medium.mp4,531,1,301,148,350,177,propagated:0.959
/Users/bround/Desktop/Датасеты/Dataset_Mendeley_data/Unlabelled _UAV_Videos/Flight Test 1/FT1_segments_of_interest/f2_dji_mavic_2/ir/9_dji2_range_medium.mp4,532,1,307,159,356,188,propagated:0.945
/Users/bround/Desktop/Датасеты/Dataset_Mendeley_data/Unlabelled _UAV_Videos/Flight Test 1/FT1_segments_of_interest/f2_dji_mavic_2/ir/9_dji2_range_medium.mp4,533,1,312,170,361,199,propagated:0.977
/Users/bround/Desktop/Датасеты/Dataset_Mendeley_data/Unlabelled _UAV_Videos/Flight Test 1/FT1_segments_of_interest/f2_dji_mavic_2/ir/9_dji2_range_medium.mp4,534,1,316,186,365,215,propagated:0.971
/Users/bround/Desktop/Датасеты/Dataset_Mendeley_data/Unlabelled _UAV_Videos/Flight Test 1/FT1_segments_of_interest/f2_dji_mavic_2/ir/9_dji2_range_medium.mp4,535,1,316,186,365,215,propagated:0.978
/Users/bround/Desktop/Датасеты/Dataset_Mendeley_data/Unlabelled _UAV_Videos/Flight Test 1/FT1_segments_of_interest/f2_dji_mavic_2/ir/9_dji2_range_medium.mp4,536,1,314,203,363,232,propagated:0.939
/Users/bround/Desktop/Датасеты/Dataset_Mendeley_data/Unlabelled _UAV_Videos/Flight Test 1/FT1_segments_of_interest/f2_dji_mavic_2/ir/9_dji2_range_medium.mp4,537,1,304,221,353,250,propagated:0.890
/Users/bround/Desktop/Датасеты/Dataset_Mendeley_data/Unlabelled _UAV_Videos/Flight Test 1/FT1_segments_of_interest/f2_dji_mavic_2/ir/9_dji2_range_medium.mp4,538,1,289,236,338,265,propagated:0.897
/Users/bround/Desktop/Датасеты/Dataset_Mendeley_data/Unlabelled _UAV_Videos/Flight Test 1/FT1_segments_of_interest/f2_dji_mavic_2/ir/9_dji2_range_medium.mp4,539,1,281,251,330,280,propagated:0.935
/Users/bround/Desktop/Датасеты/Dataset_Mendeley_data/Unlabelled _UAV_Videos/Flight Test 1/FT1_segments_of_interest/f2_dji_mavic_2/ir/9_dji2_range_medium.mp4,540,1,277,265,326,294,propagated:0.937
/Users/bround/Desktop/Датасеты/Dataset_Mendeley_data/Unlabelled _UAV_Videos/Flight Test 1/FT1_segments_of_interest/f2_dji_mavic_2/ir/9_dji2_range_medium.mp4,541,1,277,265,326,294,propagated:0.945
/Users/bround/Desktop/Датасеты/Dataset_Mendeley_data/Unlabelled _UAV_Videos/Flight Test 1/FT1_segments_of_interest/f2_dji_mavic_2/ir/9_dji2_range_medium.mp4,542,1,279,276,328,305,propagated:0.946
/Users/bround/Desktop/Датасеты/Dataset_Mendeley_data/Unlabelled _UAV_Videos/Flight Test 1/FT1_segments_of_interest/f2_dji_mavic_2/ir/9_dji2_range_medium.mp4,543,1,285,284,334,313,propagated:0.932
/Users/bround/Desktop/Датасеты/Dataset_Mendeley_data/Unlabelled _UAV_Videos/Flight Test 1/FT1_segments_of_interest/f2_dji_mavic_2/ir/9_dji2_range_medium.mp4,544,1,289,288,338,317,propagated:0.907
/Users/bround/Desktop/Датасеты/Dataset_Mendeley_data/Unlabelled _UAV_Videos/Flight Test 1/FT1_segments_of_interest/f2_dji_mavic_2/ir/9_dji2_range_medium.mp4,545,1,295,283,344,312,propagated:0.916
/Users/bround/Desktop/Датасеты/Dataset_Mendeley_data/Unlabelled _UAV_Videos/Flight Test 1/FT1_segments_of_interest/f2_dji_mavic_2/ir/9_dji2_range_medium.mp4,546,1,301,274,350,303,propagated:0.859
/Users/bround/Desktop/Датасеты/Dataset_Mendeley_data/Unlabelled _UAV_Videos/Flight Test 1/FT1_segments_of_interest/f2_dji_mavic_2/ir/9_dji2_range_medium.mp4,547,1,301,274,350,303,propagated:0.884
/Users/bround/Desktop/Датасеты/Dataset_Mendeley_data/Unlabelled _UAV_Videos/Flight Test 1/FT1_segments_of_interest/f2_dji_mavic_2/ir/9_dji2_range_medium.mp4,548,1,306,268,355,297,propagated:0.913
/Users/bround/Desktop/Датасеты/Dataset_Mendeley_data/Unlabelled _UAV_Videos/Flight Test 1/FT1_segments_of_interest/f2_dji_mavic_2/ir/9_dji2_range_medium.mp4,549,1,307,267,356,296,propagated:0.924
/Users/bround/Desktop/Датасеты/Dataset_Mendeley_data/Unlabelled _UAV_Videos/Flight Test 1/FT1_segments_of_interest/f2_dji_mavic_2/ir/9_dji2_range_medium.mp4,550,1,309,263,358,292,propagated:0.912
/Users/bround/Desktop/Датасеты/Dataset_Mendeley_data/Unlabelled _UAV_Videos/Flight Test 1/FT1_segments_of_interest/f2_dji_mavic_2/ir/9_dji2_range_medium.mp4,551,1,308,262,357,291,propagated:0.913
/Users/bround/Desktop/Датасеты/Dataset_Mendeley_data/Unlabelled _UAV_Videos/Flight Test 1/FT1_segments_of_interest/f2_dji_mavic_2/ir/9_dji2_range_medium.mp4,552,1,303,258,352,287,propagated:0.926
/Users/bround/Desktop/Датасеты/Dataset_Mendeley_data/Unlabelled _UAV_Videos/Flight Test 1/FT1_segments_of_interest/f2_dji_mavic_2/ir/9_dji2_range_medium.mp4,553,1,303,258,352,287,propagated:1.000
/Users/bround/Desktop/Датасеты/Dataset_Mendeley_data/Unlabelled _UAV_Videos/Flight Test 1/FT1_segments_of_interest/f2_dji_mavic_2/ir/9_dji2_range_medium.mp4,554,1,298,255,347,284,propagated:0.956
/Users/bround/Desktop/Датасеты/Dataset_Mendeley_data/Unlabelled _UAV_Videos/Flight Test 1/FT1_segments_of_interest/f2_dji_mavic_2/ir/9_dji2_range_medium.mp4,555,1,288,257,337,286,propagated:0.920
/Users/bround/Desktop/Датасеты/Dataset_Mendeley_data/Unlabelled _UAV_Videos/Flight Test 1/FT1_segments_of_interest/f2_dji_mavic_2/ir/9_dji2_range_medium.mp4,556,1,281,252,330,281,propagated:0.921
/Users/bround/Desktop/Датасеты/Dataset_Mendeley_data/Unlabelled _UAV_Videos/Flight Test 1/FT1_segments_of_interest/f2_dji_mavic_2/ir/9_dji2_range_medium.mp4,557,1,276,245,325,274,propagated:0.939
/Users/bround/Desktop/Датасеты/Dataset_Mendeley_data/Unlabelled _UAV_Videos/Flight Test 1/FT1_segments_of_interest/f2_dji_mavic_2/ir/9_dji2_range_medium.mp4,558,1,270,242,319,271,propagated:0.916
/Users/bround/Desktop/Датасеты/Dataset_Mendeley_data/Unlabelled _UAV_Videos/Flight Test 1/FT1_segments_of_interest/f2_dji_mavic_2/ir/9_dji2_range_medium.mp4,559,1,270,242,319,271,propagated:0.934
/Users/bround/Desktop/Датасеты/Dataset_Mendeley_data/Unlabelled _UAV_Videos/Flight Test 1/FT1_segments_of_interest/f2_dji_mavic_2/ir/9_dji2_range_medium.mp4,560,1,269,248,318,277,propagated:0.940
/Users/bround/Desktop/Датасеты/Dataset_Mendeley_data/Unlabelled _UAV_Videos/Flight Test 1/FT1_segments_of_interest/f2_dji_mavic_2/ir/9_dji2_range_medium.mp4,561,1,271,256,320,285,propagated:0.944
/Users/bround/Desktop/Датасеты/Dataset_Mendeley_data/Unlabelled _UAV_Videos/Flight Test 1/FT1_segments_of_interest/f2_dji_mavic_2/ir/9_dji2_range_medium.mp4,562,1,273,269,322,298,propagated:0.933
/Users/bround/Desktop/Датасеты/Dataset_Mendeley_data/Unlabelled _UAV_Videos/Flight Test 1/FT1_segments_of_interest/f2_dji_mavic_2/ir/9_dji2_range_medium.mp4,563,1,274,276,323,305,propagated:0.968
/Users/bround/Desktop/Датасеты/Dataset_Mendeley_data/Unlabelled _UAV_Videos/Flight Test 1/FT1_segments_of_interest/f2_dji_mavic_2/ir/9_dji2_range_medium.mp4,564,1,266,269,315,298,propagated:0.917
/Users/bround/Desktop/Датасеты/Dataset_Mendeley_data/Unlabelled _UAV_Videos/Flight Test 1/FT1_segments_of_interest/f2_dji_mavic_2/ir/9_dji2_range_medium.mp4,565,1,266,269,315,298,propagated:0.931
/Users/bround/Desktop/Датасеты/Dataset_Mendeley_data/Unlabelled _UAV_Videos/Flight Test 1/FT1_segments_of_interest/f2_dji_mavic_2/ir/9_dji2_range_medium.mp4,566,1,255,257,304,286,propagated:0.923
/Users/bround/Desktop/Датасеты/Dataset_Mendeley_data/Unlabelled _UAV_Videos/Flight Test 1/FT1_segments_of_interest/f2_dji_mavic_2/ir/9_dji2_range_medium.mp4,567,1,253,250,302,279,propagated:0.935
/Users/bround/Desktop/Датасеты/Dataset_Mendeley_data/Unlabelled _UAV_Videos/Flight Test 1/FT1_segments_of_interest/f2_dji_mavic_2/ir/9_dji2_range_medium.mp4,568,1,257,238,306,267,propagated:0.930
/Users/bround/Desktop/Датасеты/Dataset_Mendeley_data/Unlabelled _UAV_Videos/Flight Test 1/FT1_segments_of_interest/f2_dji_mavic_2/ir/9_dji2_range_medium.mp4,569,1,257,217,306,246,propagated:0.937
/Users/bround/Desktop/Датасеты/Dataset_Mendeley_data/Unlabelled _UAV_Videos/Flight Test 1/FT1_segments_of_interest/f2_dji_mavic_2/ir/9_dji2_range_medium.mp4,570,1,251,186,300,215,propagated:0.956
/Users/bround/Desktop/Датасеты/Dataset_Mendeley_data/Unlabelled _UAV_Videos/Flight Test 1/FT1_segments_of_interest/f2_dji_mavic_2/ir/9_dji2_range_medium.mp4,571,1,251,186,300,215,propagated:0.974
/Users/bround/Desktop/Датасеты/Dataset_Mendeley_data/Unlabelled _UAV_Videos/Flight Test 1/FT1_segments_of_interest/f2_dji_mavic_2/ir/9_dji2_range_medium.mp4,572,1,247,167,296,196,propagated:0.978
/Users/bround/Desktop/Датасеты/Dataset_Mendeley_data/Unlabelled _UAV_Videos/Flight Test 1/FT1_segments_of_interest/f2_dji_mavic_2/ir/9_dji2_range_medium.mp4,573,1,251,163,300,192,propagated:0.970
/Users/bround/Desktop/Датасеты/Dataset_Mendeley_data/Unlabelled _UAV_Videos/Flight Test 1/FT1_segments_of_interest/f2_dji_mavic_2/ir/9_dji2_range_medium.mp4,574,1,252,177,301,206,propagated:0.962
/Users/bround/Desktop/Датасеты/Dataset_Mendeley_data/Unlabelled _UAV_Videos/Flight Test 1/FT1_segments_of_interest/f2_dji_mavic_2/ir/9_dji2_range_medium.mp4,575,1,243,195,292,224,propagated:0.952
/Users/bround/Desktop/Датасеты/Dataset_Mendeley_data/Unlabelled _UAV_Videos/Flight Test 1/FT1_segments_of_interest/f2_dji_mavic_2/ir/9_dji2_range_medium.mp4,576,1,226,204,275,233,propagated:0.968
/Users/bround/Desktop/Датасеты/Dataset_Mendeley_data/Unlabelled _UAV_Videos/Flight Test 1/FT1_segments_of_interest/f2_dji_mavic_2/ir/9_dji2_range_medium.mp4,577,1,226,204,275,233,propagated:0.974
/Users/bround/Desktop/Датасеты/Dataset_Mendeley_data/Unlabelled _UAV_Videos/Flight Test 1/FT1_segments_of_interest/f2_dji_mavic_2/ir/9_dji2_range_medium.mp4,578,1,220,208,269,237,propagated:0.981
/Users/bround/Desktop/Датасеты/Dataset_Mendeley_data/Unlabelled _UAV_Videos/Flight Test 1/FT1_segments_of_interest/f2_dji_mavic_2/ir/9_dji2_range_medium.mp4,579,1,220,216,269,245,propagated:0.985
/Users/bround/Desktop/Датасеты/Dataset_Mendeley_data/Unlabelled _UAV_Videos/Flight Test 1/FT1_segments_of_interest/f2_dji_mavic_2/ir/9_dji2_range_medium.mp4,580,1,227,222,276,251,propagated:0.981
/Users/bround/Desktop/Датасеты/Dataset_Mendeley_data/Unlabelled _UAV_Videos/Flight Test 1/FT1_segments_of_interest/f2_dji_mavic_2/ir/9_dji2_range_medium.mp4,581,1,238,224,287,253,propagated:0.972
/Users/bround/Desktop/Датасеты/Dataset_Mendeley_data/Unlabelled _UAV_Videos/Flight Test 1/FT1_segments_of_interest/f2_dji_mavic_2/ir/9_dji2_range_medium.mp4,582,1,252,218,301,247,propagated:0.959
/Users/bround/Desktop/Датасеты/Dataset_Mendeley_data/Unlabelled _UAV_Videos/Flight Test 1/FT1_segments_of_interest/f2_dji_mavic_2/ir/9_dji2_range_medium.mp4,583,1,252,218,301,247,propagated:1.000
/Users/bround/Desktop/Датасеты/Dataset_Mendeley_data/Unlabelled _UAV_Videos/Flight Test 1/FT1_segments_of_interest/f2_dji_mavic_2/ir/9_dji2_range_medium.mp4,584,1,262,207,311,236,propagated:0.951
/Users/bround/Desktop/Датасеты/Dataset_Mendeley_data/Unlabelled _UAV_Videos/Flight Test 1/FT1_segments_of_interest/f2_dji_mavic_2/ir/9_dji2_range_medium.mp4,585,1,264,190,313,219,propagated:0.962
/Users/bround/Desktop/Датасеты/Dataset_Mendeley_data/Unlabelled _UAV_Videos/Flight Test 1/FT1_segments_of_interest/f2_dji_mavic_2/ir/9_dji2_range_medium.mp4,586,1,263,178,312,207,propagated:0.963
/Users/bround/Desktop/Датасеты/Dataset_Mendeley_data/Unlabelled _UAV_Videos/Flight Test 1/FT1_segments_of_interest/f2_dji_mavic_2/ir/9_dji2_range_medium.mp4,587,1,262,175,311,204,propagated:0.966
/Users/bround/Desktop/Датасеты/Dataset_Mendeley_data/Unlabelled _UAV_Videos/Flight Test 1/FT1_segments_of_interest/f2_dji_mavic_2/ir/9_dji2_range_medium.mp4,588,1,264,179,313,208,propagated:0.978
/Users/bround/Desktop/Датасеты/Dataset_Mendeley_data/Unlabelled _UAV_Videos/Flight Test 1/FT1_segments_of_interest/f2_dji_mavic_2/ir/9_dji2_range_medium.mp4,589,1,264,179,313,208,propagated:0.982
/Users/bround/Desktop/Датасеты/Dataset_Mendeley_data/Unlabelled _UAV_Videos/Flight Test 1/FT1_segments_of_interest/f2_dji_mavic_2/ir/9_dji2_range_medium.mp4,590,1,268,186,317,215,propagated:0.966
/Users/bround/Desktop/Датасеты/Dataset_Mendeley_data/Unlabelled _UAV_Videos/Flight Test 1/FT1_segments_of_interest/f2_dji_mavic_2/ir/9_dji2_range_medium.mp4,591,1,268,185,317,214,propagated:0.975
/Users/bround/Desktop/Датасеты/Dataset_Mendeley_data/Unlabelled _UAV_Videos/Flight Test 1/FT1_segments_of_interest/f2_dji_mavic_2/ir/9_dji2_range_medium.mp4,592,1,271,183,320,212,propagated:0.975
/Users/bround/Desktop/Датасеты/Dataset_Mendeley_data/Unlabelled _UAV_Videos/Flight Test 1/FT1_segments_of_interest/f2_dji_mavic_2/ir/9_dji2_range_medium.mp4,593,1,277,175,326,204,propagated:0.977
/Users/bround/Desktop/Датасеты/Dataset_Mendeley_data/Unlabelled _UAV_Videos/Flight Test 1/FT1_segments_of_interest/f2_dji_mavic_2/ir/9_dji2_range_medium.mp4,594,1,279,176,328,205,propagated:0.973
/Users/bround/Desktop/Датасеты/Dataset_Mendeley_data/Unlabelled _UAV_Videos/Flight Test 1/FT1_segments_of_interest/f2_dji_mavic_2/ir/9_dji2_range_medium.mp4,595,1,279,176,328,205,propagated:0.977
/Users/bround/Desktop/Датасеты/Dataset_Mendeley_data/Unlabelled _UAV_Videos/Flight Test 1/FT1_segments_of_interest/f2_dji_mavic_2/ir/9_dji2_range_medium.mp4,596,1,279,178,328,207,propagated:0.978
/Users/bround/Desktop/Датасеты/Dataset_Mendeley_data/Unlabelled _UAV_Videos/Flight Test 1/FT1_segments_of_interest/f2_dji_mavic_2/ir/9_dji2_range_medium.mp4,597,1,281,182,330,211,propagated:0.970
/Users/bround/Desktop/Датасеты/Dataset_Mendeley_data/Unlabelled _UAV_Videos/Flight Test 1/FT1_segments_of_interest/f2_dji_mavic_2/ir/9_dji2_range_medium.mp4,598,1,281,186,330,215,propagated:0.961
/Users/bround/Desktop/Датасеты/Dataset_Mendeley_data/Unlabelled _UAV_Videos/Flight Test 1/FT1_segments_of_interest/f2_dji_mavic_2/ir/9_dji2_range_medium.mp4,599,1,280,189,329,218,propagated:0.969
/Users/bround/Desktop/Датасеты/Dataset_Mendeley_data/Unlabelled _UAV_Videos/Flight Test 1/FT1_segments_of_interest/f2_dji_mavic_2/ir/9_dji2_range_medium.mp4,600,1,280,189,329,218,propagated:0.971
/Users/bround/Desktop/Датасеты/Dataset_Mendeley_data/Unlabelled _UAV_Videos/Flight Test 1/FT1_segments_of_interest/f2_dji_mavic_2/ir/9_dji2_range_medium.mp4,601,1,282,192,331,221,propagated:0.971
/Users/bround/Desktop/Датасеты/Dataset_Mendeley_data/Unlabelled _UAV_Videos/Flight Test 1/FT1_segments_of_interest/f2_dji_mavic_2/ir/9_dji2_range_medium.mp4,602,1,283,193,332,222,propagated:0.971
/Users/bround/Desktop/Датасеты/Dataset_Mendeley_data/Unlabelled _UAV_Videos/Flight Test 1/FT1_segments_of_interest/f2_dji_mavic_2/ir/9_dji2_range_medium.mp4,603,1,285,195,334,224,propagated:0.989
/Users/bround/Desktop/Датасеты/Dataset_Mendeley_data/Unlabelled _UAV_Videos/Flight Test 1/FT1_segments_of_interest/f2_dji_mavic_2/ir/9_dji2_range_medium.mp4,604,1,288,197,337,226,propagated:0.959
/Users/bround/Desktop/Датасеты/Dataset_Mendeley_data/Unlabelled _UAV_Videos/Flight Test 1/FT1_segments_of_interest/f2_dji_mavic_2/ir/9_dji2_range_medium.mp4,605,1,291,197,340,226,propagated:0.965
/Users/bround/Desktop/Датасеты/Dataset_Mendeley_data/Unlabelled _UAV_Videos/Flight Test 1/FT1_segments_of_interest/f2_dji_mavic_2/ir/9_dji2_range_medium.mp4,606,1,295,194,344,223,propagated:0.969
/Users/bround/Desktop/Датасеты/Dataset_Mendeley_data/Unlabelled _UAV_Videos/Flight Test 1/FT1_segments_of_interest/f2_dji_mavic_2/ir/9_dji2_range_medium.mp4,607,1,295,194,344,223,propagated:0.970
/Users/bround/Desktop/Датасеты/Dataset_Mendeley_data/Unlabelled _UAV_Videos/Flight Test 1/FT1_segments_of_interest/f2_dji_mavic_2/ir/9_dji2_range_medium.mp4,608,1,296,198,345,227,propagated:0.954
/Users/bround/Desktop/Датасеты/Dataset_Mendeley_data/Unlabelled _UAV_Videos/Flight Test 1/FT1_segments_of_interest/f2_dji_mavic_2/ir/9_dji2_range_medium.mp4,609,1,296,206,345,235,propagated:0.955
/Users/bround/Desktop/Датасеты/Dataset_Mendeley_data/Unlabelled _UAV_Videos/Flight Test 1/FT1_segments_of_interest/f2_dji_mavic_2/ir/9_dji2_range_medium.mp4,610,1,298,211,347,240,propagated:0.948
/Users/bround/Desktop/Датасеты/Dataset_Mendeley_data/Unlabelled _UAV_Videos/Flight Test 1/FT1_segments_of_interest/f2_dji_mavic_2/ir/9_dji2_range_medium.mp4,611,1,296,214,345,243,propagated:0.954
/Users/bround/Desktop/Датасеты/Dataset_Mendeley_data/Unlabelled _UAV_Videos/Flight Test 1/FT1_segments_of_interest/f2_dji_mavic_2/ir/9_dji2_range_medium.mp4,612,1,290,215,339,244,propagated:0.959
/Users/bround/Desktop/Датасеты/Dataset_Mendeley_data/Unlabelled _UAV_Videos/Flight Test 1/FT1_segments_of_interest/f2_dji_mavic_2/ir/9_dji2_range_medium.mp4,613,1,290,215,339,244,propagated:0.999
/Users/bround/Desktop/Датасеты/Dataset_Mendeley_data/Unlabelled _UAV_Videos/Flight Test 1/FT1_segments_of_interest/f2_dji_mavic_2/ir/9_dji2_range_medium.mp4,614,1,285,216,334,245,propagated:0.965
/Users/bround/Desktop/Датасеты/Dataset_Mendeley_data/Unlabelled _UAV_Videos/Flight Test 1/FT1_segments_of_interest/f2_dji_mavic_2/ir/9_dji2_range_medium.mp4,615,1,281,216,330,245,propagated:0.958
/Users/bround/Desktop/Датасеты/Dataset_Mendeley_data/Unlabelled _UAV_Videos/Flight Test 1/FT1_segments_of_interest/f2_dji_mavic_2/ir/9_dji2_range_medium.mp4,616,1,279,220,328,249,propagated:0.953
/Users/bround/Desktop/Датасеты/Dataset_Mendeley_data/Unlabelled _UAV_Videos/Flight Test 1/FT1_segments_of_interest/f2_dji_mavic_2/ir/9_dji2_range_medium.mp4,617,1,278,224,327,253,propagated:0.949
/Users/bround/Desktop/Датасеты/Dataset_Mendeley_data/Unlabelled _UAV_Videos/Flight Test 1/FT1_segments_of_interest/f2_dji_mavic_2/ir/9_dji2_range_medium.mp4,618,1,279,229,328,258,propagated:0.949
/Users/bround/Desktop/Датасеты/Dataset_Mendeley_data/Unlabelled _UAV_Videos/Flight Test 1/FT1_segments_of_interest/f2_dji_mavic_2/ir/9_dji2_range_medium.mp4,619,1,279,229,328,258,propagated:0.952
/Users/bround/Desktop/Датасеты/Dataset_Mendeley_data/Unlabelled _UAV_Videos/Flight Test 1/FT1_segments_of_interest/f2_dji_mavic_2/ir/9_dji2_range_medium.mp4,620,1,281,233,330,262,propagated:0.947
/Users/bround/Desktop/Датасеты/Dataset_Mendeley_data/Unlabelled _UAV_Videos/Flight Test 1/FT1_segments_of_interest/f2_dji_mavic_2/ir/9_dji2_range_medium.mp4,621,1,282,236,331,265,propagated:0.944
/Users/bround/Desktop/Датасеты/Dataset_Mendeley_data/Unlabelled _UAV_Videos/Flight Test 1/FT1_segments_of_interest/f2_dji_mavic_2/ir/9_dji2_range_medium.mp4,622,1,282,236,331,265,propagated:0.946
/Users/bround/Desktop/Датасеты/Dataset_Mendeley_data/Unlabelled _UAV_Videos/Flight Test 1/FT1_segments_of_interest/f2_dji_mavic_2/ir/9_dji2_range_medium.mp4,623,1,277,235,326,264,propagated:0.957
/Users/bround/Desktop/Датасеты/Dataset_Mendeley_data/Unlabelled _UAV_Videos/Flight Test 1/FT1_segments_of_interest/f2_dji_mavic_2/ir/9_dji2_range_medium.mp4,624,1,271,232,320,261,propagated:0.940
/Users/bround/Desktop/Датасеты/Dataset_Mendeley_data/Unlabelled _UAV_Videos/Flight Test 1/FT1_segments_of_interest/f2_dji_mavic_2/ir/9_dji2_range_medium.mp4,625,1,271,232,320,261,propagated:0.950
/Users/bround/Desktop/Датасеты/Dataset_Mendeley_data/Unlabelled _UAV_Videos/Flight Test 1/FT1_segments_of_interest/f2_dji_mavic_2/ir/9_dji2_range_medium.mp4,626,1,265,229,314,258,propagated:0.952
/Users/bround/Desktop/Датасеты/Dataset_Mendeley_data/Unlabelled _UAV_Videos/Flight Test 1/FT1_segments_of_interest/f2_dji_mavic_2/ir/9_dji2_range_medium.mp4,627,1,262,230,311,259,propagated:0.965
/Users/bround/Desktop/Датасеты/Dataset_Mendeley_data/Unlabelled _UAV_Videos/Flight Test 1/FT1_segments_of_interest/f2_dji_mavic_2/ir/9_dji2_range_medium.mp4,628,1,262,231,311,260,propagated:0.973
/Users/bround/Desktop/Датасеты/Dataset_Mendeley_data/Unlabelled _UAV_Videos/Flight Test 1/FT1_segments_of_interest/f2_dji_mavic_2/ir/9_dji2_range_medium.mp4,629,1,262,231,311,260,propagated:0.977
/Users/bround/Desktop/Датасеты/Dataset_Mendeley_data/Unlabelled _UAV_Videos/Flight Test 1/FT1_segments_of_interest/f2_dji_mavic_2/ir/9_dji2_range_medium.mp4,630,1,262,231,311,260,propagated:0.974
/Users/bround/Desktop/Датасеты/Dataset_Mendeley_data/Unlabelled _UAV_Videos/Flight Test 1/FT1_segments_of_interest/f2_dji_mavic_2/ir/9_dji2_range_medium.mp4,631,1,262,231,311,260,propagated:0.978
/Users/bround/Desktop/Датасеты/Dataset_Mendeley_data/Unlabelled _UAV_Videos/Flight Test 1/FT1_segments_of_interest/f2_dji_mavic_2/ir/9_dji2_range_medium.mp4,632,1,260,226,309,255,propagated:0.968
/Users/bround/Desktop/Датасеты/Dataset_Mendeley_data/Unlabelled _UAV_Videos/Flight Test 1/FT1_segments_of_interest/f2_dji_mavic_2/ir/9_dji2_range_medium.mp4,633,1,260,225,309,254,propagated:0.989
/Users/bround/Desktop/Датасеты/Dataset_Mendeley_data/Unlabelled _UAV_Videos/Flight Test 1/FT1_segments_of_interest/f2_dji_mavic_2/ir/9_dji2_range_medium.mp4,634,1,256,222,305,251,propagated:0.985
/Users/bround/Desktop/Датасеты/Dataset_Mendeley_data/Unlabelled _UAV_Videos/Flight Test 1/FT1_segments_of_interest/f2_dji_mavic_2/ir/9_dji2_range_medium.mp4,635,1,254,218,303,247,propagated:0.980
/Users/bround/Desktop/Датасеты/Dataset_Mendeley_data/Unlabelled _UAV_Videos/Flight Test 1/FT1_segments_of_interest/f2_dji_mavic_2/ir/9_dji2_range_medium.mp4,636,1,253,218,302,247,propagated:0.988
/Users/bround/Desktop/Датасеты/Dataset_Mendeley_data/Unlabelled _UAV_Videos/Flight Test 1/FT1_segments_of_interest/f2_dji_mavic_2/ir/9_dji2_range_medium.mp4,637,1,253,218,302,247,propagated:0.989
/Users/bround/Desktop/Датасеты/Dataset_Mendeley_data/Unlabelled _UAV_Videos/Flight Test 1/FT1_segments_of_interest/f2_dji_mavic_2/ir/9_dji2_range_medium.mp4,638,1,254,222,303,251,propagated:0.980
/Users/bround/Desktop/Датасеты/Dataset_Mendeley_data/Unlabelled _UAV_Videos/Flight Test 1/FT1_segments_of_interest/f2_dji_mavic_2/ir/9_dji2_range_medium.mp4,639,1,256,224,305,253,propagated:0.980
/Users/bround/Desktop/Датасеты/Dataset_Mendeley_data/Unlabelled _UAV_Videos/Flight Test 1/FT1_segments_of_interest/f2_dji_mavic_2/ir/9_dji2_range_medium.mp4,640,1,256,223,305,252,propagated:0.980
/Users/bround/Desktop/Датасеты/Dataset_Mendeley_data/Unlabelled _UAV_Videos/Flight Test 1/FT1_segments_of_interest/f2_dji_mavic_2/ir/9_dji2_range_medium.mp4,641,1,257,223,306,252,propagated:0.983
/Users/bround/Desktop/Датасеты/Dataset_Mendeley_data/Unlabelled _UAV_Videos/Flight Test 1/FT1_segments_of_interest/f2_dji_mavic_2/ir/9_dji2_range_medium.mp4,642,1,257,223,306,252,propagated:0.983
/Users/bround/Desktop/Датасеты/Dataset_Mendeley_data/Unlabelled _UAV_Videos/Flight Test 1/FT1_segments_of_interest/f2_dji_mavic_2/ir/9_dji2_range_medium.mp4,643,1,257,223,306,252,propagated:0.994
/Users/bround/Desktop/Датасеты/Dataset_Mendeley_data/Unlabelled _UAV_Videos/Flight Test 1/FT1_segments_of_interest/f2_dji_mavic_2/ir/9_dji2_range_medium.mp4,644,1,257,223,306,252,propagated:0.988
/Users/bround/Desktop/Датасеты/Dataset_Mendeley_data/Unlabelled _UAV_Videos/Flight Test 1/FT1_segments_of_interest/f2_dji_mavic_2/ir/9_dji2_range_medium.mp4,645,1,258,223,307,252,propagated:0.984
/Users/bround/Desktop/Датасеты/Dataset_Mendeley_data/Unlabelled _UAV_Videos/Flight Test 1/FT1_segments_of_interest/f2_dji_mavic_2/ir/9_dji2_range_medium.mp4,646,1,259,223,308,252,propagated:0.984
/Users/bround/Desktop/Датасеты/Dataset_Mendeley_data/Unlabelled _UAV_Videos/Flight Test 1/FT1_segments_of_interest/f2_dji_mavic_2/ir/9_dji2_range_medium.mp4,647,1,263,223,312,252,propagated:0.976
/Users/bround/Desktop/Датасеты/Dataset_Mendeley_data/Unlabelled _UAV_Videos/Flight Test 1/FT1_segments_of_interest/f2_dji_mavic_2/ir/9_dji2_range_medium.mp4,648,1,263,223,312,252,propagated:0.979
/Users/bround/Desktop/Датасеты/Dataset_Mendeley_data/Unlabelled _UAV_Videos/Flight Test 1/FT1_segments_of_interest/f2_dji_mavic_2/ir/9_dji2_range_medium.mp4,649,1,266,224,315,253,propagated:0.970
/Users/bround/Desktop/Датасеты/Dataset_Mendeley_data/Unlabelled _UAV_Videos/Flight Test 1/FT1_segments_of_interest/f2_dji_mavic_2/ir/9_dji2_range_medium.mp4,650,1,269,226,318,255,propagated:0.973
/Users/bround/Desktop/Датасеты/Dataset_Mendeley_data/Unlabelled _UAV_Videos/Flight Test 1/FT1_segments_of_interest/f2_dji_mavic_2/ir/9_dji2_range_medium.mp4,651,1,271,226,320,255,propagated:0.976
/Users/bround/Desktop/Датасеты/Dataset_Mendeley_data/Unlabelled _UAV_Videos/Flight Test 1/FT1_segments_of_interest/f2_dji_mavic_2/ir/9_dji2_range_medium.mp4,652,1,275,227,324,256,propagated:0.970
/Users/bround/Desktop/Датасеты/Dataset_Mendeley_data/Unlabelled _UAV_Videos/Flight Test 1/FT1_segments_of_interest/f2_dji_mavic_2/ir/9_dji2_range_medium.mp4,653,1,276,227,325,256,propagated:0.971
/Users/bround/Desktop/Датасеты/Dataset_Mendeley_data/Unlabelled _UAV_Videos/Flight Test 1/FT1_segments_of_interest/f2_dji_mavic_2/ir/9_dji2_range_medium.mp4,654,1,280,230,329,259,propagated:0.963
/Users/bround/Desktop/Датасеты/Dataset_Mendeley_data/Unlabelled _UAV_Videos/Flight Test 1/FT1_segments_of_interest/f2_dji_mavic_2/ir/9_dji2_range_medium.mp4,655,1,280,230,329,259,propagated:0.966
/Users/bround/Desktop/Датасеты/Dataset_Mendeley_data/Unlabelled _UAV_Videos/Flight Test 1/FT1_segments_of_interest/f2_dji_mavic_2/ir/9_dji2_range_medium.mp4,656,1,282,236,331,265,propagated:0.951
/Users/bround/Desktop/Датасеты/Dataset_Mendeley_data/Unlabelled _UAV_Videos/Flight Test 1/FT1_segments_of_interest/f2_dji_mavic_2/ir/9_dji2_range_medium.mp4,657,1,284,242,333,271,propagated:0.955
/Users/bround/Desktop/Датасеты/Dataset_Mendeley_data/Unlabelled _UAV_Videos/Flight Test 1/FT1_segments_of_interest/f2_dji_mavic_2/ir/9_dji2_range_medium.mp4,658,1,287,249,336,278,propagated:0.954
/Users/bround/Desktop/Датасеты/Dataset_Mendeley_data/Unlabelled _UAV_Videos/Flight Test 1/FT1_segments_of_interest/f2_dji_mavic_2/ir/9_dji2_range_medium.mp4,659,1,290,253,339,282,propagated:0.959
/Users/bround/Desktop/Датасеты/Dataset_Mendeley_data/Unlabelled _UAV_Videos/Flight Test 1/FT1_segments_of_interest/f2_dji_mavic_2/ir/9_dji2_range_medium.mp4,660,1,291,255,340,284,propagated:0.955
/Users/bround/Desktop/Датасеты/Dataset_Mendeley_data/Unlabelled _UAV_Videos/Flight Test 1/FT1_segments_of_interest/f2_dji_mavic_2/ir/9_dji2_range_medium.mp4,661,1,292,255,341,284,propagated:0.959
/Users/bround/Desktop/Датасеты/Dataset_Mendeley_data/Unlabelled _UAV_Videos/Flight Test 1/FT1_segments_of_interest/f2_dji_mavic_2/ir/9_dji2_range_medium.mp4,662,1,293,256,342,285,propagated:0.961
/Users/bround/Desktop/Датасеты/Dataset_Mendeley_data/Unlabelled _UAV_Videos/Flight Test 1/FT1_segments_of_interest/f2_dji_mavic_2/ir/9_dji2_range_medium.mp4,663,1,295,256,344,285,propagated:0.966
/Users/bround/Desktop/Датасеты/Dataset_Mendeley_data/Unlabelled _UAV_Videos/Flight Test 1/FT1_segments_of_interest/f2_dji_mavic_2/ir/9_dji2_range_medium.mp4,664,1,298,259,347,288,propagated:0.956
/Users/bround/Desktop/Датасеты/Dataset_Mendeley_data/Unlabelled _UAV_Videos/Flight Test 1/FT1_segments_of_interest/f2_dji_mavic_2/ir/9_dji2_range_medium.mp4,665,1,299,262,348,291,propagated:0.947
/Users/bround/Desktop/Датасеты/Dataset_Mendeley_data/Unlabelled _UAV_Videos/Flight Test 1/FT1_segments_of_interest/f2_dji_mavic_2/ir/9_dji2_range_medium.mp4,666,1,300,264,349,293,propagated:0.939
/Users/bround/Desktop/Датасеты/Dataset_Mendeley_data/Unlabelled _UAV_Videos/Flight Test 1/FT1_segments_of_interest/f2_dji_mavic_2/ir/9_dji2_range_medium.mp4,667,1,300,264,349,293,propagated:0.943
/Users/bround/Desktop/Датасеты/Dataset_Mendeley_data/Unlabelled _UAV_Videos/Flight Test 1/FT1_segments_of_interest/f2_dji_mavic_2/ir/9_dji2_range_medium.mp4,668,1,300,268,349,297,propagated:0.928
/Users/bround/Desktop/Датасеты/Dataset_Mendeley_data/Unlabelled _UAV_Videos/Flight Test 1/FT1_segments_of_interest/f2_dji_mavic_2/ir/9_dji2_range_medium.mp4,669,1,301,270,350,299,propagated:0.934
/Users/bround/Desktop/Датасеты/Dataset_Mendeley_data/Unlabelled _UAV_Videos/Flight Test 1/FT1_segments_of_interest/f2_dji_mavic_2/ir/9_dji2_range_medium.mp4,670,1,300,274,349,303,propagated:0.931
/Users/bround/Desktop/Датасеты/Dataset_Mendeley_data/Unlabelled _UAV_Videos/Flight Test 1/FT1_segments_of_interest/f2_dji_mavic_2/ir/9_dji2_range_medium.mp4,671,1,301,276,350,305,propagated:0.932
/Users/bround/Desktop/Датасеты/Dataset_Mendeley_data/Unlabelled _UAV_Videos/Flight Test 1/FT1_segments_of_interest/f2_dji_mavic_2/ir/9_dji2_range_medium.mp4,672,1,302,276,351,305,propagated:0.930
/Users/bround/Desktop/Датасеты/Dataset_Mendeley_data/Unlabelled _UAV_Videos/Flight Test 1/FT1_segments_of_interest/f2_dji_mavic_2/ir/9_dji2_range_medium.mp4,673,1,304,280,353,309,propagated:0.948
/Users/bround/Desktop/Датасеты/Dataset_Mendeley_data/Unlabelled _UAV_Videos/Flight Test 1/FT1_segments_of_interest/f2_dji_mavic_2/ir/9_dji2_range_medium.mp4,674,1,304,285,353,314,propagated:0.924
/Users/bround/Desktop/Датасеты/Dataset_Mendeley_data/Unlabelled _UAV_Videos/Flight Test 1/FT1_segments_of_interest/f2_dji_mavic_2/ir/9_dji2_range_medium.mp4,675,1,306,286,355,315,propagated:0.929
/Users/bround/Desktop/Датасеты/Dataset_Mendeley_data/Unlabelled _UAV_Videos/Flight Test 1/FT1_segments_of_interest/f2_dji_mavic_2/ir/9_dji2_range_medium.mp4,676,1,306,286,355,315,propagated:0.907
/Users/bround/Desktop/Датасеты/Dataset_Mendeley_data/Unlabelled _UAV_Videos/Flight Test 1/FT1_segments_of_interest/f2_dji_mavic_2/ir/9_dji2_range_medium.mp4,677,1,306,284,355,313,propagated:0.933
/Users/bround/Desktop/Датасеты/Dataset_Mendeley_data/Unlabelled _UAV_Videos/Flight Test 1/FT1_segments_of_interest/f2_dji_mavic_2/ir/9_dji2_range_medium.mp4,678,1,306,284,355,313,propagated:0.922
/Users/bround/Desktop/Датасеты/Dataset_Mendeley_data/Unlabelled _UAV_Videos/Flight Test 1/FT1_segments_of_interest/f2_dji_mavic_2/ir/9_dji2_range_medium.mp4,679,1,306,284,355,313,propagated:0.931
/Users/bround/Desktop/Датасеты/Dataset_Mendeley_data/Unlabelled _UAV_Videos/Flight Test 1/FT1_segments_of_interest/f2_dji_mavic_2/ir/9_dji2_range_medium.mp4,680,1,307,282,356,311,propagated:0.923
/Users/bround/Desktop/Датасеты/Dataset_Mendeley_data/Unlabelled _UAV_Videos/Flight Test 1/FT1_segments_of_interest/f2_dji_mavic_2/ir/9_dji2_range_medium.mp4,681,1,308,284,357,313,propagated:0.916
/Users/bround/Desktop/Датасеты/Dataset_Mendeley_data/Unlabelled _UAV_Videos/Flight Test 1/FT1_segments_of_interest/f2_dji_mavic_2/ir/9_dji2_range_medium.mp4,682,1,309,282,358,311,propagated:0.914
/Users/bround/Desktop/Датасеты/Dataset_Mendeley_data/Unlabelled _UAV_Videos/Flight Test 1/FT1_segments_of_interest/f2_dji_mavic_2/ir/9_dji2_range_medium.mp4,683,1,309,282,358,311,propagated:0.989
/Users/bround/Desktop/Датасеты/Dataset_Mendeley_data/Unlabelled _UAV_Videos/Flight Test 1/FT1_segments_of_interest/f2_dji_mavic_2/ir/9_dji2_range_medium.mp4,684,1,309,281,358,310,propagated:0.942
/Users/bround/Desktop/Датасеты/Dataset_Mendeley_data/Unlabelled _UAV_Videos/Flight Test 1/FT1_segments_of_interest/f2_dji_mavic_2/ir/9_dji2_range_medium.mp4,685,1,309,281,358,310,propagated:0.946
/Users/bround/Desktop/Датасеты/Dataset_Mendeley_data/Unlabelled _UAV_Videos/Flight Test 1/FT1_segments_of_interest/f2_dji_mavic_2/ir/9_dji2_range_medium.mp4,686,1,309,280,358,309,propagated:0.946
/Users/bround/Desktop/Датасеты/Dataset_Mendeley_data/Unlabelled _UAV_Videos/Flight Test 1/FT1_segments_of_interest/f2_dji_mavic_2/ir/9_dji2_range_medium.mp4,687,1,307,279,356,308,propagated:0.944
/Users/bround/Desktop/Датасеты/Dataset_Mendeley_data/Unlabelled _UAV_Videos/Flight Test 1/FT1_segments_of_interest/f2_dji_mavic_2/ir/9_dji2_range_medium.mp4,688,1,308,280,357,309,propagated:0.916
/Users/bround/Desktop/Датасеты/Dataset_Mendeley_data/Unlabelled _UAV_Videos/Flight Test 1/FT1_segments_of_interest/f2_dji_mavic_2/ir/9_dji2_range_medium.mp4,689,1,306,282,355,311,propagated:0.928
/Users/bround/Desktop/Датасеты/Dataset_Mendeley_data/Unlabelled _UAV_Videos/Flight Test 1/FT1_segments_of_interest/f2_dji_mavic_2/ir/9_dji2_range_medium.mp4,690,1,306,288,355,317,propagated:0.906
/Users/bround/Desktop/Датасеты/Dataset_Mendeley_data/Unlabelled _UAV_Videos/Flight Test 1/FT1_segments_of_interest/f2_dji_mavic_2/ir/9_dji2_range_medium.mp4,691,1,306,288,355,317,propagated:0.909
/Users/bround/Desktop/Датасеты/Dataset_Mendeley_data/Unlabelled _UAV_Videos/Flight Test 1/FT1_segments_of_interest/f2_dji_mavic_2/ir/9_dji2_range_medium.mp4,692,1,307,294,356,323,propagated:0.903
/Users/bround/Desktop/Датасеты/Dataset_Mendeley_data/Unlabelled _UAV_Videos/Flight Test 1/FT1_segments_of_interest/f2_dji_mavic_2/ir/9_dji2_range_medium.mp4,693,1,305,299,354,328,propagated:0.941
/Users/bround/Desktop/Датасеты/Dataset_Mendeley_data/Unlabelled _UAV_Videos/Flight Test 1/FT1_segments_of_interest/f2_dji_mavic_2/ir/9_dji2_range_medium.mp4,694,1,305,300,354,329,propagated:0.952
/Users/bround/Desktop/Датасеты/Dataset_Mendeley_data/Unlabelled _UAV_Videos/Flight Test 1/FT1_segments_of_interest/f2_dji_mavic_2/ir/9_dji2_range_medium.mp4,695,1,304,300,353,329,propagated:0.953
/Users/bround/Desktop/Датасеты/Dataset_Mendeley_data/Unlabelled _UAV_Videos/Flight Test 1/FT1_segments_of_interest/f2_dji_mavic_2/ir/9_dji2_range_medium.mp4,696,1,305,300,354,329,propagated:0.945
/Users/bround/Desktop/Датасеты/Dataset_Mendeley_data/Unlabelled _UAV_Videos/Flight Test 1/FT1_segments_of_interest/f2_dji_mavic_2/ir/9_dji2_range_medium.mp4,697,1,305,300,354,329,propagated:0.949
/Users/bround/Desktop/Датасеты/Dataset_Mendeley_data/Unlabelled _UAV_Videos/Flight Test 1/FT1_segments_of_interest/f2_dji_mavic_2/ir/9_dji2_range_medium.mp4,698,1,304,301,353,330,propagated:0.948
/Users/bround/Desktop/Датасеты/Dataset_Mendeley_data/Unlabelled _UAV_Videos/Flight Test 1/FT1_segments_of_interest/f2_dji_mavic_2/ir/9_dji2_range_medium.mp4,699,1,304,304,353,333,propagated:0.956
/Users/bround/Desktop/Датасеты/Dataset_Mendeley_data/Unlabelled _UAV_Videos/Flight Test 1/FT1_segments_of_interest/f2_dji_mavic_2/ir/9_dji2_range_medium.mp4,700,1,304,305,353,334,propagated:0.956
/Users/bround/Desktop/Датасеты/Dataset_Mendeley_data/Unlabelled _UAV_Videos/Flight Test 1/FT1_segments_of_interest/f2_dji_mavic_2/ir/9_dji2_range_medium.mp4,701,1,304,305,353,334,propagated:0.953
/Users/bround/Desktop/Датасеты/Dataset_Mendeley_data/Unlabelled _UAV_Videos/Flight Test 1/FT1_segments_of_interest/f2_dji_mavic_2/ir/9_dji2_range_medium.mp4,702,1,302,305,351,334,propagated:0.932
/Users/bround/Desktop/Датасеты/Dataset_Mendeley_data/Unlabelled _UAV_Videos/Flight Test 1/FT1_segments_of_interest/f2_dji_mavic_2/ir/9_dji2_range_medium.mp4,703,1,302,305,351,334,propagated:0.985
/Users/bround/Desktop/Датасеты/Dataset_Mendeley_data/Unlabelled _UAV_Videos/Flight Test 1/FT1_segments_of_interest/f2_dji_mavic_2/ir/9_dji2_range_medium.mp4,704,1,301,304,350,333,propagated:0.948
/Users/bround/Desktop/Датасеты/Dataset_Mendeley_data/Unlabelled _UAV_Videos/Flight Test 1/FT1_segments_of_interest/f2_dji_mavic_2/ir/9_dji2_range_medium.mp4,705,1,299,305,348,334,propagated:0.950
/Users/bround/Desktop/Датасеты/Dataset_Mendeley_data/Unlabelled _UAV_Videos/Flight Test 1/FT1_segments_of_interest/f2_dji_mavic_2/ir/9_dji2_range_medium.mp4,706,1,295,305,344,334,propagated:0.936
/Users/bround/Desktop/Датасеты/Dataset_Mendeley_data/Unlabelled _UAV_Videos/Flight Test 1/FT1_segments_of_interest/f2_dji_mavic_2/ir/9_dji2_range_medium.mp4,707,1,292,309,341,338,propagated:0.927
/Users/bround/Desktop/Датасеты/Dataset_Mendeley_data/Unlabelled _UAV_Videos/Flight Test 1/FT1_segments_of_interest/f2_dji_mavic_2/ir/9_dji2_range_medium.mp4,708,1,292,309,341,338,propagated:0.931
/Users/bround/Desktop/Датасеты/Dataset_Mendeley_data/Unlabelled _UAV_Videos/Flight Test 1/FT1_segments_of_interest/f2_dji_mavic_2/ir/9_dji2_range_medium.mp4,709,1,290,309,339,338,propagated:0.930
/Users/bround/Desktop/Датасеты/Dataset_Mendeley_data/Unlabelled _UAV_Videos/Flight Test 1/FT1_segments_of_interest/f2_dji_mavic_2/ir/9_dji2_range_medium.mp4,710,1,286,309,335,338,propagated:0.930
/Users/bround/Desktop/Датасеты/Dataset_Mendeley_data/Unlabelled _UAV_Videos/Flight Test 1/FT1_segments_of_interest/f2_dji_mavic_2/ir/9_dji2_range_medium.mp4,711,1,283,309,332,338,propagated:0.919
/Users/bround/Desktop/Датасеты/Dataset_Mendeley_data/Unlabelled _UAV_Videos/Flight Test 1/FT1_segments_of_interest/f2_dji_mavic_2/ir/9_dji2_range_medium.mp4,712,1,277,309,326,338,propagated:0.939
/Users/bround/Desktop/Датасеты/Dataset_Mendeley_data/Unlabelled _UAV_Videos/Flight Test 1/FT1_segments_of_interest/f2_dji_mavic_2/ir/9_dji2_range_medium.mp4,713,1,274,309,323,338,propagated:0.956
/Users/bround/Desktop/Датасеты/Dataset_Mendeley_data/Unlabelled _UAV_Videos/Flight Test 1/FT1_segments_of_interest/f2_dji_mavic_2/ir/9_dji2_range_medium.mp4,714,1,272,309,321,338,propagated:0.961
/Users/bround/Desktop/Датасеты/Dataset_Mendeley_data/Unlabelled _UAV_Videos/Flight Test 1/FT1_segments_of_interest/f2_dji_mavic_2/ir/9_dji2_range_medium.mp4,715,1,271,309,320,338,propagated:0.955
/Users/bround/Desktop/Датасеты/Dataset_Mendeley_data/Unlabelled _UAV_Videos/Flight Test 1/FT1_segments_of_interest/f2_dji_mavic_2/ir/9_dji2_range_medium.mp4,716,1,270,309,319,338,propagated:0.939
/Users/bround/Desktop/Датасеты/Dataset_Mendeley_data/Unlabelled _UAV_Videos/Flight Test 1/FT1_segments_of_interest/f2_dji_mavic_2/ir/9_dji2_range_medium.mp4,717,1,268,309,317,338,propagated:0.951
/Users/bround/Desktop/Датасеты/Dataset_Mendeley_data/Unlabelled _UAV_Videos/Flight Test 1/FT1_segments_of_interest/f2_dji_mavic_2/ir/9_dji2_range_medium.mp4,718,1,267,309,316,338,propagated:0.953
/Users/bround/Desktop/Датасеты/Dataset_Mendeley_data/Unlabelled _UAV_Videos/Flight Test 1/FT1_segments_of_interest/f2_dji_mavic_2/ir/9_dji2_range_medium.mp4,719,1,264,309,313,338,propagated:0.951
/Users/bround/Desktop/Датасеты/Dataset_Mendeley_data/Unlabelled _UAV_Videos/Flight Test 1/FT1_segments_of_interest/f2_dji_mavic_2/ir/9_dji2_range_medium.mp4,720,1,263,309,312,338,propagated:0.953
/Users/bround/Desktop/Датасеты/Dataset_Mendeley_data/Unlabelled _UAV_Videos/Flight Test 1/FT1_segments_of_interest/f2_dji_mavic_2/ir/9_dji2_range_medium.mp4,721,1,263,309,312,338,propagated:0.960
/Users/bround/Desktop/Датасеты/Dataset_Mendeley_data/Unlabelled _UAV_Videos/Flight Test 1/FT1_segments_of_interest/f2_dji_mavic_2/ir/9_dji2_range_medium.mp4,722,1,261,311,310,340,propagated:0.955
/Users/bround/Desktop/Датасеты/Dataset_Mendeley_data/Unlabelled _UAV_Videos/Flight Test 1/FT1_segments_of_interest/f2_dji_mavic_2/ir/9_dji2_range_medium.mp4,723,1,260,310,309,339,propagated:0.968
/Users/bround/Desktop/Датасеты/Dataset_Mendeley_data/Unlabelled _UAV_Videos/Flight Test 1/FT1_segments_of_interest/f2_dji_mavic_2/ir/9_dji2_range_medium.mp4,724,1,258,307,307,336,propagated:0.956
/Users/bround/Desktop/Датасеты/Dataset_Mendeley_data/Unlabelled _UAV_Videos/Flight Test 1/FT1_segments_of_interest/f2_dji_mavic_2/ir/9_dji2_range_medium.mp4,725,1,257,302,306,331,propagated:0.962
/Users/bround/Desktop/Датасеты/Dataset_Mendeley_data/Unlabelled _UAV_Videos/Flight Test 1/FT1_segments_of_interest/f2_dji_mavic_2/ir/9_dji2_range_medium.mp4,726,1,255,301,304,330,propagated:0.949
/Users/bround/Desktop/Датасеты/Dataset_Mendeley_data/Unlabelled _UAV_Videos/Flight Test 1/FT1_segments_of_interest/f2_dji_mavic_2/ir/9_dji2_range_medium.mp4,727,1,255,301,304,330,propagated:0.951
/Users/bround/Desktop/Датасеты/Dataset_Mendeley_data/Unlabelled _UAV_Videos/Flight Test 1/FT1_segments_of_interest/f2_dji_mavic_2/ir/9_dji2_range_medium.mp4,728,1,254,296,303,325,propagated:0.952
/Users/bround/Desktop/Датасеты/Dataset_Mendeley_data/Unlabelled _UAV_Videos/Flight Test 1/FT1_segments_of_interest/f2_dji_mavic_2/ir/9_dji2_range_medium.mp4,729,1,254,296,303,325,propagated:0.961
/Users/bround/Desktop/Датасеты/Dataset_Mendeley_data/Unlabelled _UAV_Videos/Flight Test 1/FT1_segments_of_interest/f2_dji_mavic_2/ir/9_dji2_range_medium.mp4,730,1,254,296,303,325,propagated:0.961
/Users/bround/Desktop/Датасеты/Dataset_Mendeley_data/Unlabelled _UAV_Videos/Flight Test 1/FT1_segments_of_interest/f2_dji_mavic_2/ir/9_dji2_range_medium.mp4,731,1,254,295,303,324,propagated:0.961
/Users/bround/Desktop/Датасеты/Dataset_Mendeley_data/Unlabelled _UAV_Videos/Flight Test 1/FT1_segments_of_interest/f2_dji_mavic_2/ir/9_dji2_range_medium.mp4,732,1,253,291,302,320,propagated:0.954
/Users/bround/Desktop/Датасеты/Dataset_Mendeley_data/Unlabelled _UAV_Videos/Flight Test 1/FT1_segments_of_interest/f2_dji_mavic_2/ir/9_dji2_range_medium.mp4,733,1,253,291,302,320,propagated:0.995
/Users/bround/Desktop/Датасеты/Dataset_Mendeley_data/Unlabelled _UAV_Videos/Flight Test 1/FT1_segments_of_interest/f2_dji_mavic_2/ir/9_dji2_range_medium.mp4,734,1,253,291,302,320,propagated:0.978
/Users/bround/Desktop/Датасеты/Dataset_Mendeley_data/Unlabelled _UAV_Videos/Flight Test 1/FT1_segments_of_interest/f2_dji_mavic_2/ir/9_dji2_range_medium.mp4,735,1,256,287,305,316,propagated:0.969
/Users/bround/Desktop/Датасеты/Dataset_Mendeley_data/Unlabelled _UAV_Videos/Flight Test 1/FT1_segments_of_interest/f2_dji_mavic_2/ir/9_dji2_range_medium.mp4,736,1,192,368,241,397,propagated:0.920
/Users/bround/Desktop/Датасеты/Dataset_Mendeley_data/Unlabelled _UAV_Videos/Flight Test 1/FT1_segments_of_interest/f2_dji_mavic_2/ir/9_dji2_range_medium.mp4,737,1,192,368,241,397,propagated:0.934
/Users/bround/Desktop/Датасеты/Dataset_Mendeley_data/Unlabelled _UAV_Videos/Flight Test 1/FT1_segments_of_interest/f2_dji_mavic_2/ir/9_dji2_range_medium.mp4,738,1,192,368,241,397,propagated:0.953
/Users/bround/Desktop/Датасеты/Dataset_Mendeley_data/Unlabelled _UAV_Videos/Flight Test 1/FT1_segments_of_interest/f2_dji_mavic_2/ir/9_dji2_range_medium.mp4,739,1,192,368,241,397,propagated:0.970
/Users/bround/Desktop/Датасеты/Dataset_Mendeley_data/Unlabelled _UAV_Videos/Flight Test 1/FT1_segments_of_interest/f2_dji_mavic_2/ir/9_dji2_range_medium.mp4,740,1,191,397,240,426,propagated:0.970
/Users/bround/Desktop/Датасеты/Dataset_Mendeley_data/Unlabelled _UAV_Videos/Flight Test 1/FT1_segments_of_interest/f2_dji_mavic_2/ir/9_dji2_range_medium.mp4,741,1,190,396,239,425,propagated:0.980
/Users/bround/Desktop/Датасеты/Dataset_Mendeley_data/Unlabelled _UAV_Videos/Flight Test 1/FT1_segments_of_interest/f2_dji_mavic_2/ir/9_dji2_range_medium.mp4,742,1,298,251,355,287,manual
/Users/bround/Desktop/Датасеты/Dataset_Mendeley_data/Unlabelled _UAV_Videos/Flight Test 1/FT1_segments_of_interest/f2_dji_mavic_2/ir/9_dji2_range_medium.mp4,744,1,299,252,356,288,propagated:0.968
/Users/bround/Desktop/Датасеты/Dataset_Mendeley_data/Unlabelled _UAV_Videos/Flight Test 1/FT1_segments_of_interest/f2_dji_mavic_2/ir/9_dji2_range_medium.mp4,745,1,299,253,356,289,propagated:0.968
/Users/bround/Desktop/Датасеты/Dataset_Mendeley_data/Unlabelled _UAV_Videos/Flight Test 1/FT1_segments_of_interest/f2_dji_mavic_2/ir/9_dji2_range_medium.mp4,746,1,298,255,355,291,propagated:0.958
/Users/bround/Desktop/Датасеты/Dataset_Mendeley_data/Unlabelled _UAV_Videos/Flight Test 1/FT1_segments_of_interest/f2_dji_mavic_2/ir/9_dji2_range_medium.mp4,747,1,297,255,354,291,propagated:0.959
/Users/bround/Desktop/Датасеты/Dataset_Mendeley_data/Unlabelled _UAV_Videos/Flight Test 1/FT1_segments_of_interest/f2_dji_mavic_2/ir/9_dji2_range_medium.mp4,748,1,297,255,354,291,propagated:0.959
/Users/bround/Desktop/Датасеты/Dataset_Mendeley_data/Unlabelled _UAV_Videos/Flight Test 1/FT1_segments_of_interest/f2_dji_mavic_2/ir/9_dji2_range_medium.mp4,749,1,297,254,354,290,propagated:0.959
/Users/bround/Desktop/Датасеты/Dataset_Mendeley_data/Unlabelled _UAV_Videos/Flight Test 1/FT1_segments_of_interest/f2_dji_mavic_2/ir/9_dji2_range_medium.mp4,750,1,297,255,354,291,propagated:0.960
/Users/bround/Desktop/Датасеты/Dataset_Mendeley_data/Unlabelled _UAV_Videos/Flight Test 1/FT1_segments_of_interest/f2_dji_mavic_2/ir/9_dji2_range_medium.mp4,751,1,297,255,354,291,propagated:0.962
/Users/bround/Desktop/Датасеты/Dataset_Mendeley_data/Unlabelled _UAV_Videos/Flight Test 1/FT1_segments_of_interest/f2_dji_mavic_2/ir/9_dji2_range_medium.mp4,752,1,297,256,354,292,propagated:0.951
/Users/bround/Desktop/Датасеты/Dataset_Mendeley_data/Unlabelled _UAV_Videos/Flight Test 1/FT1_segments_of_interest/f2_dji_mavic_2/ir/9_dji2_range_medium.mp4,753,1,297,257,354,293,propagated:0.959
/Users/bround/Desktop/Датасеты/Dataset_Mendeley_data/Unlabelled _UAV_Videos/Flight Test 1/FT1_segments_of_interest/f2_dji_mavic_2/ir/9_dji2_range_medium.mp4,754,1,295,257,352,293,propagated:0.963
/Users/bround/Desktop/Датасеты/Dataset_Mendeley_data/Unlabelled _UAV_Videos/Flight Test 1/FT1_segments_of_interest/f2_dji_mavic_2/ir/9_dji2_range_medium.mp4,755,1,294,255,351,291,propagated:0.962
/Users/bround/Desktop/Датасеты/Dataset_Mendeley_data/Unlabelled _UAV_Videos/Flight Test 1/FT1_segments_of_interest/f2_dji_mavic_2/ir/9_dji2_range_medium.mp4,756,1,295,254,352,290,propagated:0.962
/Users/bround/Desktop/Датасеты/Dataset_Mendeley_data/Unlabelled _UAV_Videos/Flight Test 1/FT1_segments_of_interest/f2_dji_mavic_2/ir/9_dji2_range_medium.mp4,757,1,296,254,353,290,propagated:0.962
/Users/bround/Desktop/Датасеты/Dataset_Mendeley_data/Unlabelled _UAV_Videos/Flight Test 1/FT1_segments_of_interest/f2_dji_mavic_2/ir/9_dji2_range_medium.mp4,758,1,298,255,355,291,propagated:0.950
