source,frame_index,visible,x1,y1,x2,y2,note
/Users/bround/Documents/Projects/GimbalProject/test_videos/antiuav_rgbt_20190925_200805_1_2_infrared.mp4,1,1,373,267,400,278,manual
/Users/bround/Documents/Projects/GimbalProject/test_videos/antiuav_rgbt_20190925_200805_1_2_infrared.mp4,2,1,375,267,402,278,propagated:0.996
/Users/bround/Documents/Projects/GimbalProject/test_videos/antiuav_rgbt_20190925_200805_1_2_infrared.mp4,3,1,377,267,404,278,propagated:0.978
/Users/bround/Documents/Projects/GimbalProject/test_videos/antiuav_rgbt_20190925_200805_1_2_infrared.mp4,4,1,379,267,406,278,propagated:0.957
/Users/bround/Documents/Projects/GimbalProject/test_videos/antiuav_rgbt_20190925_200805_1_2_infrared.mp4,5,1,380,267,407,278,propagated:0.935
/Users/bround/Documents/Projects/GimbalProject/test_videos/antiuav_rgbt_20190925_200805_1_2_infrared.mp4,6,1,393,245,420,256,propagated:0.791
/Users/bround/Documents/Projects/GimbalProject/test_videos/antiuav_rgbt_20190925_200805_1_2_infrared.mp4,7,1,397,245,424,256,propagated:0.816
/Users/bround/Documents/Projects/GimbalProject/test_videos/antiuav_rgbt_20190925_200805_1_2_infrared.mp4,8,1,399,245,426,256,propagated:0.829
/Users/bround/Documents/Projects/GimbalProject/test_videos/antiuav_rgbt_20190925_200805_1_2_infrared.mp4,9,1,396,245,423,256,propagated:0.842
/Users/bround/Documents/Projects/GimbalProject/test_videos/antiuav_rgbt_20190925_200805_1_2_infrared.mp4,10,1,395,245,422,256,propagated:0.854
/Users/bround/Documents/Projects/GimbalProject/test_videos/antiuav_rgbt_20190925_200805_1_2_infrared.mp4,11,1,395,245,422,256,propagated:0.861
/Users/bround/Documents/Projects/GimbalProject/test_videos/antiuav_rgbt_20190925_200805_1_2_infrared.mp4,12,1,394,245,421,256,propagated:0.853
/Users/bround/Documents/Projects/GimbalProject/test_videos/antiuav_rgbt_20190925_200805_1_2_infrared.mp4,13,1,394,245,421,256,propagated:0.870
/Users/bround/Documents/Projects/GimbalProject/test_videos/antiuav_rgbt_20190925_200805_1_2_infrared.mp4,14,1,394,245,421,256,propagated:0.882
/Users/bround/Documents/Projects/GimbalProject/test_videos/antiuav_rgbt_20190925_200805_1_2_infrared.mp4,15,1,394,245,421,256,propagated:0.897
/Users/bround/Documents/Projects/GimbalProject/test_videos/antiuav_rgbt_20190925_200805_1_2_infrared.mp4,16,1,394,245,421,256,propagated:0.912
/Users/bround/Documents/Projects/GimbalProject/test_videos/antiuav_rgbt_20190925_200805_1_2_infrared.mp4,17,1,394,245,421,256,propagated:0.923
/Users/bround/Documents/Projects/GimbalProject/test_videos/antiuav_rgbt_20190925_200805_1_2_infrared.mp4,18,1,394,245,421,256,propagated:0.942
/Users/bround/Documents/Projects/GimbalProject/test_videos/antiuav_rgbt_20190925_200805_1_2_infrared.mp4,19,1,394,244,421,255,propagated:0.936
/Users/bround/Documents/Projects/GimbalProject/test_videos/antiuav_rgbt_20190925_200805_1_2_infrared.mp4,20,1,394,245,421,256,propagated:0.952
/Users/bround/Documents/Projects/GimbalProject/test_videos/antiuav_rgbt_20190925_200805_1_2_infrared.mp4,21,1,394,245,421,256,propagated:0.965
/Users/bround/Documents/Projects/GimbalProject/test_videos/antiuav_rgbt_20190925_200805_1_2_infrared.mp4,22,1,394,245,421,256,propagated:0.971
/Users/bround/Documents/Projects/GimbalProject/test_videos/antiuav_rgbt_20190925_200805_1_2_infrared.mp4,23,1,394,245,421,256,propagated:0.976
/Users/bround/Documents/Projects/GimbalProject/test_videos/antiuav_rgbt_20190925_200805_1_2_infrared.mp4,24,1,394,245,421,256,propagated:0.965
/Users/bround/Documents/Projects/GimbalProject/test_videos/antiuav_rgbt_20190925_200805_1_2_infrared.mp4,25,1,394,245,421,256,propagated:0.973
/Users/bround/Documents/Projects/GimbalProject/test_videos/antiuav_rgbt_20190925_200805_1_2_infrared.mp4,26,1,394,245,421,256,propagated:0.977
/Users/bround/Documents/Projects/GimbalProject/test_videos/antiuav_rgbt_20190925_200805_1_2_infrared.mp4,27,1,394,245,421,256,propagated:0.979
/Users/bround/Documents/Projects/GimbalProject/test_videos/antiuav_rgbt_20190925_200805_1_2_infrared.mp4,28,1,394,244,421,255,propagated:0.971
/Users/bround/Documents/Projects/GimbalProject/test_videos/antiuav_rgbt_20190925_200805_1_2_infrared.mp4,29,1,394,244,421,255,propagated:0.978
/Users/bround/Documents/Projects/GimbalProject/test_videos/antiuav_rgbt_20190925_200805_1_2_infrared.mp4,30,1,394,244,421,255,propagated:0.983
/Users/bround/Documents/Projects/GimbalProject/test_videos/antiuav_rgbt_20190925_200805_1_2_infrared.mp4,31,1,394,244,421,255,propagated:0.987
/Users/bround/Documents/Projects/GimbalProject/test_videos/antiuav_rgbt_20190925_200805_1_2_infrared.mp4,32,1,394,244,421,255,propagated:0.989
/Users/bround/Documents/Projects/GimbalProject/test_videos/antiuav_rgbt_20190925_200805_1_2_infrared.mp4,33,1,394,244,421,255,propagated:0.981
/Users/bround/Documents/Projects/GimbalProject/test_videos/antiuav_rgbt_20190925_200805_1_2_infrared.mp4,34,1,394,244,421,255,propagated:0.983
/Users/bround/Documents/Projects/GimbalProject/test_videos/antiuav_rgbt_20190925_200805_1_2_infrared.mp4,35,1,394,244,421,255,propagated:0.985
/Users/bround/Documents/Projects/GimbalProject/test_videos/antiuav_rgbt_20190925_200805_1_2_infrared.mp4,36,1,394,244,421,255,propagated:0.981
/Users/bround/Documents/Projects/GimbalProject/test_videos/antiuav_rgbt_20190925_200805_1_2_infrared.mp4,37,1,394,244,421,255,propagated:0.983
/Users/bround/Documents/Projects/GimbalProject/test_videos/antiuav_rgbt_20190925_200805_1_2_infrared.mp4,38,1,394,244,421,255,propagated:0.984
/Users/bround/Documents/Projects/GimbalProject/test_videos/antiuav_rgbt_20190925_200805_1_2_infrared.mp4,39,1,394,244,421,255,propagated:0.984
/Users/bround/Documents/Projects/GimbalProject/test_videos/antiuav_rgbt_20190925_200805_1_2_infrared.mp4,40,1,394,244,421,255,propagated:0.984
/Users/bround/Documents/Projects/GimbalProject/test_videos/antiuav_rgbt_20190925_200805_1_2_infrared.mp4,41,1,394,244,421,255,propagated:0.983
/Users/bround/Documents/Projects/GimbalProject/test_videos/antiuav_rgbt_20190925_200805_1_2_infrared.mp4,42,1,394,244,421,255,propagated:0.984
/Users/bround/Documents/Projects/GimbalProject/test_videos/antiuav_rgbt_20190925_200805_1_2_infrared.mp4,43,1,394,244,421,255,propagated:0.984
/Users/bround/Documents/Projects/GimbalProject/test_videos/antiuav_rgbt_20190925_200805_1_2_infrared.mp4,44,1,394,244,421,255,propagated:0.984
/Users/bround/Documents/Projects/GimbalProject/test_videos/antiuav_rgbt_20190925_200805_1_2_infrared.mp4,45,1,394,244,421,255,propagated:0.985
/Users/bround/Documents/Projects/GimbalProject/test_videos/antiuav_rgbt_20190925_200805_1_2_infrared.mp4,46,1,394,244,421,255,propagated:0.985
/Users/bround/Documents/Projects/GimbalProject/test_videos/antiuav_rgbt_20190925_200805_1_2_infrared.mp4,47,1,394,244,421,255,propagated:0.985
/Users/bround/Documents/Projects/GimbalProject/test_videos/antiuav_rgbt_20190925_200805_1_2_infrared.mp4,48,1,394,244,421,255,propagated:0.985
/Users/bround/Documents/Projects/GimbalProject/test_videos/antiuav_rgbt_20190925_200805_1_2_infrared.mp4,49,1,394,244,421,255,propagated:0.986
/Users/bround/Documents/Projects/GimbalProject/test_videos/antiuav_rgbt_20190925_200805_1_2_infrared.mp4,50,1,394,244,421,255,propagated:0.986
/Users/bround/Documents/Projects/GimbalProject/test_videos/antiuav_rgbt_20190925_200805_1_2_infrared.mp4,51,1,394,244,421,255,propagated:0.986
/Users/bround/Documents/Projects/GimbalProject/test_videos/antiuav_rgbt_20190925_200805_1_2_infrared.mp4,52,1,394,244,421,255,propagated:0.986
/Users/bround/Documents/Projects/GimbalProject/test_videos/antiuav_rgbt_20190925_200805_1_2_infrared.mp4,53,1,394,244,421,255,propagated:0.985
/Users/bround/Documents/Projects/GimbalProject/test_videos/antiuav_rgbt_20190925_200805_1_2_infrared.mp4,54,1,394,244,421,255,propagated:0.986
/Users/bround/Documents/Projects/GimbalProject/test_videos/antiuav_rgbt_20190925_200805_1_2_infrared.mp4,55,1,394,244,421,255,propagated:0.981
/Users/bround/Documents/Projects/GimbalProject/test_videos/antiuav_rgbt_20190925_200805_1_2_infrared.mp4,56,1,394,244,421,255,propagated:0.984
/Users/bround/Documents/Projects/GimbalProject/test_videos/antiuav_rgbt_20190925_200805_1_2_infrared.mp4,57,1,394,244,421,255,propagated:0.983
/Users/bround/Documents/Projects/GimbalProject/test_videos/antiuav_rgbt_20190925_200805_1_2_infrared.mp4,58,1,394,244,421,255,propagated:0.985
/Users/bround/Documents/Projects/GimbalProject/test_videos/antiuav_rgbt_20190925_200805_1_2_infrared.mp4,59,1,394,244,421,255,propagated:0.985
/Users/bround/Documents/Projects/GimbalProject/test_videos/antiuav_rgbt_20190925_200805_1_2_infrared.mp4,60,1,394,244,421,255,propagated:0.984
/Users/bround/Documents/Projects/GimbalProject/test_videos/antiuav_rgbt_20190925_200805_1_2_infrared.mp4,61,1,394,244,421,255,propagated:0.974
/Users/bround/Documents/Projects/GimbalProject/test_videos/antiuav_rgbt_20190925_200805_1_2_infrared.mp4,62,1,394,244,421,255,propagated:0.976
/Users/bround/Documents/Projects/GimbalProject/test_videos/antiuav_rgbt_20190925_200805_1_2_infrared.mp4,63,1,394,244,421,255,propagated:0.976
/Users/bround/Documents/Projects/GimbalProject/test_videos/antiuav_rgbt_20190925_200805_1_2_infrared.mp4,64,1,394,244,421,255,propagated:0.976
/Users/bround/Documents/Projects/GimbalProject/test_videos/antiuav_rgbt_20190925_200805_1_2_infrared.mp4,65,1,394,244,421,255,propagated:0.968
/Users/bround/Documents/Projects/GimbalProject/test_videos/antiuav_rgbt_20190925_200805_1_2_infrared.mp4,66,1,394,244,421,255,propagated:0.977
/Users/bround/Documents/Projects/GimbalProject/test_videos/antiuav_rgbt_20190925_200805_1_2_infrared.mp4,67,1,394,244,421,255,propagated:0.979
/Users/bround/Documents/Projects/GimbalProject/test_videos/antiuav_rgbt_20190925_200805_1_2_infrared.mp4,68,1,394,244,421,255,propagated:0.980
/Users/bround/Documents/Projects/GimbalProject/test_videos/antiuav_rgbt_20190925_200805_1_2_infrared.mp4,69,1,394,244,421,255,propagated:0.975
/Users/bround/Documents/Projects/GimbalProject/test_videos/antiuav_rgbt_20190925_200805_1_2_infrared.mp4,70,1,394,244,421,255,propagated:0.979
/Users/bround/Documents/Projects/GimbalProject/test_videos/antiuav_rgbt_20190925_200805_1_2_infrared.mp4,71,1,394,244,421,255,propagated:0.976
/Users/bround/Documents/Projects/GimbalProject/test_videos/antiuav_rgbt_20190925_200805_1_2_infrared.mp4,72,1,394,244,421,255,propagated:0.975
/Users/bround/Documents/Projects/GimbalProject/test_videos/antiuav_rgbt_20190925_200805_1_2_infrared.mp4,73,1,394,244,421,255,propagated:0.976
/Users/bround/Documents/Projects/GimbalProject/test_videos/antiuav_rgbt_20190925_200805_1_2_infrared.mp4,74,1,394,244,421,255,propagated:0.977
/Users/bround/Documents/Projects/GimbalProject/test_videos/antiuav_rgbt_20190925_200805_1_2_infrared.mp4,75,1,394,244,421,255,propagated:0.980
/Users/bround/Documents/Projects/GimbalProject/test_videos/antiuav_rgbt_20190925_200805_1_2_infrared.mp4,76,1,394,244,421,255,propagated:0.981
/Users/bround/Documents/Projects/GimbalProject/test_videos/antiuav_rgbt_20190925_200805_1_2_infrared.mp4,77,1,394,244,421,255,propagated:0.971
/Users/bround/Documents/Projects/GimbalProject/test_videos/antiuav_rgbt_20190925_200805_1_2_infrared.mp4,78,1,394,244,421,255,propagated:0.976
/Users/bround/Documents/Projects/GimbalProject/test_videos/antiuav_rgbt_20190925_200805_1_2_infrared.mp4,79,1,394,244,421,255,propagated:0.978
/Users/bround/Documents/Projects/GimbalProject/test_videos/antiuav_rgbt_20190925_200805_1_2_infrared.mp4,80,1,394,244,421,255,propagated:0.979
/Users/bround/Documents/Projects/GimbalProject/test_videos/antiuav_rgbt_20190925_200805_1_2_infrared.mp4,81,1,394,244,421,255,propagated:0.976
/Users/bround/Documents/Projects/GimbalProject/test_videos/antiuav_rgbt_20190925_200805_1_2_infrared.mp4,82,1,394,244,421,255,propagated:0.982
/Users/bround/Documents/Projects/GimbalProject/test_videos/antiuav_rgbt_20190925_200805_1_2_infrared.mp4,83,1,394,244,421,255,propagated:0.982
/Users/bround/Documents/Projects/GimbalProject/test_videos/antiuav_rgbt_20190925_200805_1_2_infrared.mp4,84,1,394,244,421,255,propagated:0.984
/Users/bround/Documents/Projects/GimbalProject/test_videos/antiuav_rgbt_20190925_200805_1_2_infrared.mp4,85,1,394,244,421,255,propagated:0.986
/Users/bround/Documents/Projects/GimbalProject/test_videos/antiuav_rgbt_20190925_200805_1_2_infrared.mp4,86,1,394,244,421,255,propagated:0.988
/Users/bround/Documents/Projects/GimbalProject/test_videos/antiuav_rgbt_20190925_200805_1_2_infrared.mp4,87,1,394,244,421,255,propagated:0.986
/Users/bround/Documents/Projects/GimbalProject/test_videos/antiuav_rgbt_20190925_200805_1_2_infrared.mp4,88,1,394,244,421,255,propagated:0.988
/Users/bround/Documents/Projects/GimbalProject/test_videos/antiuav_rgbt_20190925_200805_1_2_infrared.mp4,89,1,394,244,421,255,propagated:0.982
/Users/bround/Documents/Projects/GimbalProject/test_videos/antiuav_rgbt_20190925_200805_1_2_infrared.mp4,90,1,394,244,421,255,propagated:0.983
/Users/bround/Documents/Projects/GimbalProject/test_videos/antiuav_rgbt_20190925_200805_1_2_infrared.mp4,91,1,394,244,421,255,propagated:0.983
/Users/bround/Documents/Projects/GimbalProject/test_videos/antiuav_rgbt_20190925_200805_1_2_infrared.mp4,92,1,394,244,421,255,propagated:0.976
/Users/bround/Documents/Projects/GimbalProject/test_videos/antiuav_rgbt_20190925_200805_1_2_infrared.mp4,93,1,394,244,421,255,propagated:0.985
/Users/bround/Documents/Projects/GimbalProject/test_videos/antiuav_rgbt_20190925_200805_1_2_infrared.mp4,94,1,394,244,421,255,propagated:0.985
/Users/bround/Documents/Projects/GimbalProject/test_videos/antiuav_rgbt_20190925_200805_1_2_infrared.mp4,95,1,394,244,421,255,propagated:0.985
/Users/bround/Documents/Projects/GimbalProject/test_videos/antiuav_rgbt_20190925_200805_1_2_infrared.mp4,96,1,350,277,377,288,propagated:0.814
/Users/bround/Documents/Projects/GimbalProject/test_videos/antiuav_rgbt_20190925_200805_1_2_infrared.mp4,97,1,343,285,370,296,propagated:0.816
/Users/bround/Documents/Projects/GimbalProject/test_videos/antiuav_rgbt_20190925_200805_1_2_infrared.mp4,98,1,392,309,419,320,propagated:0.838
/Users/bround/Documents/Projects/GimbalProject/test_videos/antiuav_rgbt_20190925_200805_1_2_infrared.mp4,99,1,392,309,419,320,propagated:0.849
/Users/bround/Documents/Projects/GimbalProject/test_videos/antiuav_rgbt_20190925_200805_1_2_infrared.mp4,100,1,392,309,419,320,propagated:0.858
/Users/bround/Documents/Projects/GimbalProject/test_videos/antiuav_rgbt_20190925_200805_1_2_infrared.mp4,101,1,329,297,356,308,propagated:0.870
/Users/bround/Documents/Projects/GimbalProject/test_videos/antiuav_rgbt_20190925_200805_1_2_infrared.mp4,102,1,376,301,403,312,propagated:0.894
/Users/bround/Documents/Projects/GimbalProject/test_videos/antiuav_rgbt_20190925_200805_1_2_infrared.mp4,103,1,416,293,443,304,propagated:0.804
/Users/bround/Documents/Projects/GimbalProject/test_videos/antiuav_rgbt_20190925_200805_1_2_infrared.mp4,104,1,417,293,444,304,propagated:0.813
/Users/bround/Documents/Projects/GimbalProject/test_videos/antiuav_rgbt_20190925_200805_1_2_infrared.mp4,105,1,471,295,498,306,propagated:0.783
/Users/bround/Documents/Projects/GimbalProject/test_videos/antiuav_rgbt_20190925_200805_1_2_infrared.mp4,106,1,471,295,498,306,propagated:0.928
/Users/bround/Documents/Projects/GimbalProject/test_videos/antiuav_rgbt_20190925_200805_1_2_infrared.mp4,107,1,471,295,498,306,propagated:0.962
/Users/bround/Documents/Projects/GimbalProject/test_videos/antiuav_rgbt_20190925_200805_1_2_infrared.mp4,108,1,471,295,498,306,propagated:0.960
/Users/bround/Documents/Projects/GimbalProject/test_videos/antiuav_rgbt_20190925_200805_1_2_infrared.mp4,109,1,471,295,498,306,propagated:0.970
/Users/bround/Documents/Projects/GimbalProject/test_videos/antiuav_rgbt_20190925_200805_1_2_infrared.mp4,110,1,471,295,498,306,propagated:0.972
/Users/bround/Documents/Projects/GimbalProject/test_videos/antiuav_rgbt_20190925_200805_1_2_infrared.mp4,111,1,471,295,498,306,propagated:0.981
/Users/bround/Documents/Projects/GimbalProject/test_videos/antiuav_rgbt_20190925_200805_1_2_infrared.mp4,112,1,471,295,498,306,propagated:0.984
/Users/bround/Documents/Projects/GimbalProject/test_videos/antiuav_rgbt_20190925_200805_1_2_infrared.mp4,113,1,471,295,498,306,propagated:0.976
/Users/bround/Documents/Projects/GimbalProject/test_videos/antiuav_rgbt_20190925_200805_1_2_infrared.mp4,114,1,471,295,498,306,propagated:0.983
/Users/bround/Documents/Projects/GimbalProject/test_videos/antiuav_rgbt_20190925_200805_1_2_infrared.mp4,115,1,471,295,498,306,propagated:0.984
/Users/bround/Documents/Projects/GimbalProject/test_videos/antiuav_rgbt_20190925_200805_1_2_infrared.mp4,116,1,471,295,498,306,propagated:0.986
/Users/bround/Documents/Projects/GimbalProject/test_videos/antiuav_rgbt_20190925_200805_1_2_infrared.mp4,117,1,471,295,498,306,propagated:0.987
/Users/bround/Documents/Projects/GimbalProject/test_videos/antiuav_rgbt_20190925_200805_1_2_infrared.mp4,118,1,471,295,498,306,propagated:0.988
/Users/bround/Documents/Projects/GimbalProject/test_videos/antiuav_rgbt_20190925_200805_1_2_infrared.mp4,119,1,471,295,498,306,propagated:0.988
/Users/bround/Documents/Projects/GimbalProject/test_videos/antiuav_rgbt_20190925_200805_1_2_infrared.mp4,120,1,471,295,498,306,propagated:0.979
/Users/bround/Documents/Projects/GimbalProject/test_videos/antiuav_rgbt_20190925_200805_1_2_infrared.mp4,121,1,338,278,362,291,manual
/Users/bround/Documents/Projects/GimbalProject/test_videos/antiuav_rgbt_20190925_200805_1_2_infrared.mp4,122,1,342,278,366,291,propagated:0.981
/Users/bround/Documents/Projects/GimbalProject/test_videos/antiuav_rgbt_20190925_200805_1_2_infrared.mp4,123,1,345,278,369,291,propagated:0.983
/Users/bround/Documents/Projects/GimbalProject/test_videos/antiuav_rgbt_20190925_200805_1_2_infrared.mp4,124,1,349,278,373,291,propagated:0.982
/Users/bround/Documents/Projects/GimbalProject/test_videos/antiuav_rgbt_20190925_200805_1_2_infrared.mp4,125,1,352,278,376,291,propagated:0.968
/Users/bround/Documents/Projects/GimbalProject/test_videos/antiuav_rgbt_20190925_200805_1_2_infrared.mp4,126,1,356,278,380,291,propagated:0.981
/Users/bround/Documents/Projects/GimbalProject/test_videos/antiuav_rgbt_20190925_200805_1_2_infrared.mp4,127,1,360,278,384,291,propagated:0.958
/Users/bround/Documents/Projects/GimbalProject/test_videos/antiuav_rgbt_20190925_200805_1_2_infrared.mp4,128,1,363,278,387,291,propagated:0.960
/Users/bround/Documents/Projects/GimbalProject/test_videos/antiuav_rgbt_20190925_200805_1_2_infrared.mp4,129,1,367,278,391,291,propagated:0.974
/Users/bround/Documents/Projects/GimbalProject/test_videos/antiuav_rgbt_20190925_200805_1_2_infrared.mp4,130,1,371,278,395,291,propagated:0.965
/Users/bround/Documents/Projects/GimbalProject/test_videos/antiuav_rgbt_20190925_200805_1_2_infrared.mp4,131,1,374,278,398,291,propagated:0.955
/Users/bround/Documents/Projects/GimbalProject/test_videos/antiuav_rgbt_20190925_200805_1_2_infrared.mp4,132,1,378,278,402,291,propagated:0.966
/Users/bround/Documents/Projects/GimbalProject/test_videos/antiuav_rgbt_20190925_200805_1_2_infrared.mp4,133,1,382,278,406,291,propagated:0.975
/Users/bround/Documents/Projects/GimbalProject/test_videos/antiuav_rgbt_20190925_200805_1_2_infrared.mp4,134,1,386,278,410,291,propagated:0.967
/Users/bround/Documents/Projects/GimbalProject/test_videos/antiuav_rgbt_20190925_200805_1_2_infrared.mp4,135,1,390,278,414,291,propagated:0.961
/Users/bround/Documents/Projects/GimbalProject/test_videos/antiuav_rgbt_20190925_200805_1_2_infrared.mp4,136,1,394,278,418,291,propagated:0.966
/Users/bround/Documents/Projects/GimbalProject/test_videos/antiuav_rgbt_20190925_200805_1_2_infrared.mp4,137,1,396,278,420,291,propagated:0.961
/Users/bround/Documents/Projects/GimbalProject/test_videos/antiuav_rgbt_20190925_200805_1_2_infrared.mp4,138,1,353,299,377,312,propagated:0.675
/Users/bround/Documents/Projects/GimbalProject/test_videos/antiuav_rgbt_20190925_200805_1_2_infrared.mp4,139,1,349,321,373,334,propagated:0.765
/Users/bround/Documents/Projects/GimbalProject/test_videos/antiuav_rgbt_20190925_200805_1_2_infrared.mp4,140,1,349,321,373,334,propagated:0.786
/Users/bround/Documents/Projects/GimbalProject/test_videos/antiuav_rgbt_20190925_200805_1_2_infrared.mp4,141,1,346,321,370,334,propagated:0.813
/Users/bround/Documents/Projects/GimbalProject/test_videos/antiuav_rgbt_20190925_200805_1_2_infrared.mp4,142,1,345,321,369,334,propagated:0.851
/Users/bround/Documents/Projects/GimbalProject/test_videos/antiuav_rgbt_20190925_200805_1_2_infrared.mp4,143,1,345,321,369,334,propagated:0.867
/Users/bround/Documents/Projects/GimbalProject/test_videos/antiuav_rgbt_20190925_200805_1_2_infrared.mp4,144,1,345,321,369,334,propagated:0.892
/Users/bround/Documents/Projects/GimbalProject/test_videos/antiuav_rgbt_20190925_200805_1_2_infrared.mp4,145,1,345,321,369,334,propagated:0.906
/Users/bround/Documents/Projects/GimbalProject/test_videos/antiuav_rgbt_20190925_200805_1_2_infrared.mp4,146,1,345,321,369,334,propagated:0.932
/Users/bround/Documents/Projects/GimbalProject/test_videos/antiuav_rgbt_20190925_200805_1_2_infrared.mp4,147,1,345,321,369,334,propagated:0.947
/Users/bround/Documents/Projects/GimbalProject/test_videos/antiuav_rgbt_20190925_200805_1_2_infrared.mp4,148,1,345,321,369,334,propagated:0.960
/Users/bround/Documents/Projects/GimbalProject/test_videos/antiuav_rgbt_20190925_200805_1_2_infrared.mp4,149,1,345,321,369,334,propagated:0.971
/Users/bround/Documents/Projects/GimbalProject/test_videos/antiuav_rgbt_20190925_200805_1_2_infrared.mp4,150,1,345,321,369,334,propagated:0.977
/Users/bround/Documents/Projects/GimbalProject/test_videos/antiuav_rgbt_20190925_200805_1_2_infrared.mp4,151,1,345,321,369,334,propagated:0.983
/Users/bround/Documents/Projects/GimbalProject/test_videos/antiuav_rgbt_20190925_200805_1_2_infrared.mp4,152,1,345,321,369,334,propagated:0.985
/Users/bround/Documents/Projects/GimbalProject/test_videos/antiuav_rgbt_20190925_200805_1_2_infrared.mp4,153,1,345,321,369,334,propagated:0.989
/Users/bround/Documents/Projects/GimbalProject/test_videos/antiuav_rgbt_20190925_200805_1_2_infrared.mp4,154,1,345,321,369,334,propagated:0.991
/Users/bround/Documents/Projects/GimbalProject/test_videos/antiuav_rgbt_20190925_200805_1_2_infrared.mp4,155,1,345,321,369,334,propagated:0.993
/Users/bround/Documents/Projects/GimbalProject/test_videos/antiuav_rgbt_20190925_200805_1_2_infrared.mp4,156,1,345,321,369,334,propagated:0.989
/Users/bround/Documents/Projects/GimbalProject/test_videos/antiuav_rgbt_20190925_200805_1_2_infrared.mp4,157,1,345,321,369,334,propagated:0.992
/Users/bround/Documents/Projects/GimbalProject/test_videos/antiuav_rgbt_20190925_200805_1_2_infrared.mp4,158,1,345,321,369,334,propagated:0.991
/Users/bround/Documents/Projects/GimbalProject/test_videos/antiuav_rgbt_20190925_200805_1_2_infrared.mp4,159,1,345,321,369,334,propagated:0.994
/Users/bround/Documents/Projects/GimbalProject/test_videos/antiuav_rgbt_20190925_200805_1_2_infrared.mp4,160,1,345,321,369,334,propagated:0.996
/Users/bround/Documents/Projects/GimbalProject/test_videos/antiuav_rgbt_20190925_200805_1_2_infrared.mp4,161,1,345,321,369,334,propagated:0.997
/Users/bround/Documents/Projects/GimbalProject/test_videos/antiuav_rgbt_20190925_200805_1_2_infrared.mp4,162,1,345,321,369,334,propagated:0.998
/Users/bround/Documents/Projects/GimbalProject/test_videos/antiuav_rgbt_20190925_200805_1_2_infrared.mp4,163,1,345,321,369,334,propagated:0.998
/Users/bround/Documents/Projects/GimbalProject/test_videos/antiuav_rgbt_20190925_200805_1_2_infrared.mp4,164,1,345,321,369,334,propagated:0.996
/Users/bround/Documents/Projects/GimbalProject/test_videos/antiuav_rgbt_20190925_200805_1_2_infrared.mp4,165,1,345,321,369,334,propagated:0.998
/Users/bround/Documents/Projects/GimbalProject/test_videos/antiuav_rgbt_20190925_200805_1_2_infrared.mp4,166,1,345,321,369,334,propagated:0.992
/Users/bround/Documents/Projects/GimbalProject/test_videos/antiuav_rgbt_20190925_200805_1_2_infrared.mp4,167,1,345,321,369,334,propagated:0.995
/Users/bround/Documents/Projects/GimbalProject/test_videos/antiuav_rgbt_20190925_200805_1_2_infrared.mp4,168,1,345,321,369,334,propagated:0.993
/Users/bround/Documents/Projects/GimbalProject/test_videos/antiuav_rgbt_20190925_200805_1_2_infrared.mp4,169,1,345,321,369,334,propagated:0.994
/Users/bround/Documents/Projects/GimbalProject/test_videos/antiuav_rgbt_20190925_200805_1_2_infrared.mp4,170,1,345,321,369,334,propagated:0.994
/Users/bround/Documents/Projects/GimbalProject/test_videos/antiuav_rgbt_20190925_200805_1_2_infrared.mp4,171,1,345,321,369,334,propagated:0.995
/Users/bround/Documents/Projects/GimbalProject/test_videos/antiuav_rgbt_20190925_200805_1_2_infrared.mp4,172,1,345,321,369,334,propagated:0.995
/Users/bround/Documents/Projects/GimbalProject/test_videos/antiuav_rgbt_20190925_200805_1_2_infrared.mp4,173,1,345,321,369,334,propagated:0.996
/Users/bround/Documents/Projects/GimbalProject/test_videos/antiuav_rgbt_20190925_200805_1_2_infrared.mp4,174,1,345,321,369,334,propagated:0.996
/Users/bround/Documents/Projects/GimbalProject/test_videos/antiuav_rgbt_20190925_200805_1_2_infrared.mp4,175,1,345,321,369,334,propagated:0.996
/Users/bround/Documents/Projects/GimbalProject/test_videos/antiuav_rgbt_20190925_200805_1_2_infrared.mp4,176,1,345,321,369,334,propagated:0.996
/Users/bround/Documents/Projects/GimbalProject/test_videos/antiuav_rgbt_20190925_200805_1_2_infrared.mp4,177,1,345,321,369,334,propagated:0.996
/Users/bround/Documents/Projects/GimbalProject/test_videos/antiuav_rgbt_20190925_200805_1_2_infrared.mp4,178,1,345,321,369,334,propagated:0.995
/Users/bround/Documents/Projects/GimbalProject/test_videos/antiuav_rgbt_20190925_200805_1_2_infrared.mp4,179,1,345,321,369,334,propagated:0.996
/Users/bround/Documents/Projects/GimbalProject/test_videos/antiuav_rgbt_20190925_200805_1_2_infrared.mp4,180,1,345,321,369,334,propagated:0.994
/Users/bround/Documents/Projects/GimbalProject/test_videos/antiuav_rgbt_20190925_200805_1_2_infrared.mp4,181,1,345,321,369,334,propagated:0.994
/Users/bround/Documents/Projects/GimbalProject/test_videos/antiuav_rgbt_20190925_200805_1_2_infrared.mp4,182,1,345,321,369,334,propagated:0.996
/Users/bround/Documents/Projects/GimbalProject/test_videos/antiuav_rgbt_20190925_200805_1_2_infrared.mp4,183,1,343,321,367,334,propagated:0.990
/Users/bround/Documents/Projects/GimbalProject/test_videos/antiuav_rgbt_20190925_200805_1_2_infrared.mp4,184,1,415,297,439,310,propagated:0.871
/Users/bround/Documents/Projects/GimbalProject/test_videos/antiuav_rgbt_20190925_200805_1_2_infrared.mp4,185,1,421,298,445,311,propagated:0.936
/Users/bround/Documents/Projects/GimbalProject/test_videos/antiuav_rgbt_20190925_200805_1_2_infrared.mp4,186,1,419,297,443,310,propagated:0.942
/Users/bround/Documents/Projects/GimbalProject/test_videos/antiuav_rgbt_20190925_200805_1_2_infrared.mp4,187,1,416,297,440,310,propagated:0.964
/Users/bround/Documents/Projects/GimbalProject/test_videos/antiuav_rgbt_20190925_200805_1_2_infrared.mp4,188,1,416,297,440,310,propagated:0.974
/Users/bround/Documents/Projects/GimbalProject/test_videos/antiuav_rgbt_20190925_200805_1_2_infrared.mp4,189,1,416,297,440,310,propagated:0.965
/Users/bround/Documents/Projects/GimbalProject/test_videos/antiuav_rgbt_20190925_200805_1_2_infrared.mp4,190,1,416,297,440,310,propagated:0.980
/Users/bround/Documents/Projects/GimbalProject/test_videos/antiuav_rgbt_20190925_200805_1_2_infrared.mp4,191,1,416,297,440,310,propagated:0.976
/Users/bround/Documents/Projects/GimbalProject/test_videos/antiuav_rgbt_20190925_200805_1_2_infrared.mp4,192,1,416,297,440,310,propagated:0.973
/Users/bround/Documents/Projects/GimbalProject/test_videos/antiuav_rgbt_20190925_200805_1_2_infrared.mp4,193,1,416,297,440,310,propagated:0.980
/Users/bround/Documents/Projects/GimbalProject/test_videos/antiuav_rgbt_20190925_200805_1_2_infrared.mp4,194,1,416,297,440,310,propagated:0.986
/Users/bround/Documents/Projects/GimbalProject/test_videos/antiuav_rgbt_20190925_200805_1_2_infrared.mp4,195,1,416,297,440,310,propagated:0.988
/Users/bround/Documents/Projects/GimbalProject/test_videos/antiuav_rgbt_20190925_200805_1_2_infrared.mp4,196,1,416,297,440,310,propagated:0.991
/Users/bround/Documents/Projects/GimbalProject/test_videos/antiuav_rgbt_20190925_200805_1_2_infrared.mp4,197,1,416,297,440,310,propagated:0.993
/Users/bround/Documents/Projects/GimbalProject/test_videos/antiuav_rgbt_20190925_200805_1_2_infrared.mp4,198,1,416,297,440,310,propagated:0.990
/Users/bround/Documents/Projects/GimbalProject/test_videos/antiuav_rgbt_20190925_200805_1_2_infrared.mp4,199,1,416,297,440,310,propagated:0.990
/Users/bround/Documents/Projects/GimbalProject/test_videos/antiuav_rgbt_20190925_200805_1_2_infrared.mp4,200,1,416,297,440,310,propagated:0.992
/Users/bround/Documents/Projects/GimbalProject/test_videos/antiuav_rgbt_20190925_200805_1_2_infrared.mp4,201,1,416,297,440,310,propagated:0.992
/Users/bround/Documents/Projects/GimbalProject/test_videos/antiuav_rgbt_20190925_200805_1_2_infrared.mp4,202,1,416,297,440,310,propagated:0.993
/Users/bround/Documents/Projects/GimbalProject/test_videos/antiuav_rgbt_20190925_200805_1_2_infrared.mp4,203,1,416,297,440,310,propagated:0.993
/Users/bround/Documents/Projects/GimbalProject/test_videos/antiuav_rgbt_20190925_200805_1_2_infrared.mp4,204,1,416,297,440,310,propagated:0.993
/Users/bround/Documents/Projects/GimbalProject/test_videos/antiuav_rgbt_20190925_200805_1_2_infrared.mp4,205,1,416,297,440,310,propagated:0.994
/Users/bround/Documents/Projects/GimbalProject/test_videos/antiuav_rgbt_20190925_200805_1_2_infrared.mp4,206,1,416,297,440,310,propagated:0.995
/Users/bround/Documents/Projects/GimbalProject/test_videos/antiuav_rgbt_20190925_200805_1_2_infrared.mp4,207,1,416,297,440,310,propagated:0.996
/Users/bround/Documents/Projects/GimbalProject/test_videos/antiuav_rgbt_20190925_200805_1_2_infrared.mp4,208,1,416,297,440,310,propagated:0.996
/Users/bround/Documents/Projects/GimbalProject/test_videos/antiuav_rgbt_20190925_200805_1_2_infrared.mp4,209,1,416,297,440,310,propagated:0.996
/Users/bround/Documents/Projects/GimbalProject/test_videos/antiuav_rgbt_20190925_200805_1_2_infrared.mp4,210,1,416,297,440,310,propagated:0.995
/Users/bround/Documents/Projects/GimbalProject/test_videos/antiuav_rgbt_20190925_200805_1_2_infrared.mp4,211,1,416,297,440,310,propagated:0.993
/Users/bround/Documents/Projects/GimbalProject/test_videos/antiuav_rgbt_20190925_200805_1_2_infrared.mp4,212,1,416,297,440,310,propagated:0.994
/Users/bround/Documents/Projects/GimbalProject/test_videos/antiuav_rgbt_20190925_200805_1_2_infrared.mp4,213,1,416,297,440,310,propagated:0.995
/Users/bround/Documents/Projects/GimbalProject/test_videos/antiuav_rgbt_20190925_200805_1_2_infrared.mp4,214,1,416,297,440,310,propagated:0.995
/Users/bround/Documents/Projects/GimbalProject/test_videos/antiuav_rgbt_20190925_200805_1_2_infrared.mp4,215,1,442,283,466,296,propagated:0.817
/Users/bround/Documents/Projects/GimbalProject/test_videos/antiuav_rgbt_20190925_200805_1_2_infrared.mp4,216,1,409,244,433,257,propagated:0.669
/Users/bround/Documents/Projects/GimbalProject/test_videos/antiuav_rgbt_20190925_200805_1_2_infrared.mp4,217,1,385,274,409,287,propagated:0.821
/Users/bround/Documents/Projects/GimbalProject/test_videos/antiuav_rgbt_20190925_200805_1_2_infrared.mp4,218,1,385,275,409,288,propagated:0.834
/Users/bround/Documents/Projects/GimbalProject/test_videos/antiuav_rgbt_20190925_200805_1_2_infrared.mp4,219,1,350,301,374,314,propagated:0.821
/Users/bround/Documents/Projects/GimbalProject/test_videos/antiuav_rgbt_20190925_200805_1_2_infrared.mp4,220,1,350,301,374,314,propagated:0.923
/Users/bround/Documents/Projects/GimbalProject/test_videos/antiuav_rgbt_20190925_200805_1_2_infrared.mp4,221,1,350,301,374,314,propagated:0.958
/Users/bround/Documents/Projects/GimbalProject/test_videos/antiuav_rgbt_20190925_200805_1_2_infrared.mp4,222,1,350,301,374,314,propagated:0.970
/Users/bround/Documents/Projects/GimbalProject/test_videos/antiuav_rgbt_20190925_200805_1_2_infrared.mp4,223,1,350,301,374,314,propagated:0.978
/Users/bround/Documents/Projects/GimbalProject/test_videos/antiuav_rgbt_20190925_200805_1_2_infrared.mp4,224,1,350,301,374,314,propagated:0.986
/Users/bround/Documents/Projects/GimbalProject/test_videos/antiuav_rgbt_20190925_200805_1_2_infrared.mp4,225,1,349,301,373,314,propagated:0.981
/Users/bround/Documents/Projects/GimbalProject/test_videos/antiuav_rgbt_20190925_200805_1_2_infrared.mp4,226,1,349,301,373,314,propagated:0.985
/Users/bround/Documents/Projects/GimbalProject/test_videos/antiuav_rgbt_20190925_200805_1_2_infrared.mp4,227,1,349,301,373,314,propagated:0.989
/Users/bround/Documents/Projects/GimbalProject/test_videos/antiuav_rgbt_20190925_200805_1_2_infrared.mp4,228,1,349,301,373,314,propagated:0.989
/Users/bround/Documents/Projects/GimbalProject/test_videos/antiuav_rgbt_20190925_200805_1_2_infrared.mp4,229,1,349,301,373,314,propagated:0.992
/Users/bround/Documents/Projects/GimbalProject/test_videos/antiuav_rgbt_20190925_200805_1_2_infrared.mp4,230,1,349,301,373,314,propagated:0.996
/Users/bround/Documents/Projects/GimbalProject/test_videos/antiuav_rgbt_20190925_200805_1_2_infrared.mp4,231,1,349,301,373,314,propagated:0.997
/Users/bround/Documents/Projects/GimbalProject/test_videos/antiuav_rgbt_20190925_200805_1_2_infrared.mp4,232,1,349,301,373,314,propagated:0.997
/Users/bround/Documents/Projects/GimbalProject/test_videos/antiuav_rgbt_20190925_200805_1_2_infrared.mp4,233,1,349,301,373,314,propagated:0.998
/Users/bround/Documents/Projects/GimbalProject/test_videos/antiuav_rgbt_20190925_200805_1_2_infrared.mp4,234,1,349,301,373,314,propagated:0.998
/Users/bround/Documents/Projects/GimbalProject/test_videos/antiuav_rgbt_20190925_200805_1_2_infrared.mp4,235,1,349,301,373,314,propagated:0.996
/Users/bround/Documents/Projects/GimbalProject/test_videos/antiuav_rgbt_20190925_200805_1_2_infrared.mp4,236,1,349,301,373,314,propagated:0.996
/Users/bround/Documents/Projects/GimbalProject/test_videos/antiuav_rgbt_20190925_200805_1_2_infrared.mp4,237,1,349,301,373,314,propagated:0.995
/Users/bround/Documents/Projects/GimbalProject/test_videos/antiuav_rgbt_20190925_200805_1_2_infrared.mp4,238,1,349,301,373,314,propagated:0.996
/Users/bround/Documents/Projects/GimbalProject/test_videos/antiuav_rgbt_20190925_200805_1_2_infrared.mp4,239,1,349,301,373,314,propagated:0.997
/Users/bround/Documents/Projects/GimbalProject/test_videos/antiuav_rgbt_20190925_200805_1_2_infrared.mp4,240,1,349,301,373,314,propagated:0.995
/Users/bround/Documents/Projects/GimbalProject/test_videos/antiuav_rgbt_20190925_200805_1_2_infrared.mp4,241,1,327,280,356,297,manual
/Users/bround/Documents/Projects/GimbalProject/test_videos/antiuav_rgbt_20190925_200805_1_2_infrared.mp4,242,1,331,280,360,297,propagated:0.991
/Users/bround/Documents/Projects/GimbalProject/test_videos/antiuav_rgbt_20190925_200805_1_2_infrared.mp4,243,1,335,280,364,297,propagated:0.986
/Users/bround/Documents/Projects/GimbalProject/test_videos/antiuav_rgbt_20190925_200805_1_2_infrared.mp4,244,1,339,280,368,297,propagated:0.974
/Users/bround/Documents/Projects/GimbalProject/test_videos/antiuav_rgbt_20190925_200805_1_2_infrared.mp4,245,1,343,280,372,297,propagated:0.971
/Users/bround/Documents/Projects/GimbalProject/test_videos/antiuav_rgbt_20190925_200805_1_2_infrared.mp4,246,1,347,280,376,297,propagated:0.966
/Users/bround/Documents/Projects/GimbalProject/test_videos/antiuav_rgbt_20190925_200805_1_2_infrared.mp4,247,1,351,280,380,297,propagated:0.962
/Users/bround/Documents/Projects/GimbalProject/test_videos/antiuav_rgbt_20190925_200805_1_2_infrared.mp4,248,1,354,280,383,297,propagated:0.935
/Users/bround/Documents/Projects/GimbalProject/test_videos/antiuav_rgbt_20190925_200805_1_2_infrared.mp4,249,1,358,281,387,298,propagated:0.931
/Users/bround/Documents/Projects/GimbalProject/test_videos/antiuav_rgbt_20190925_200805_1_2_infrared.mp4,250,1,362,281,391,298,propagated:0.938
/Users/bround/Documents/Projects/GimbalProject/test_videos/antiuav_rgbt_20190925_200805_1_2_infrared.mp4,251,1,366,281,395,298,propagated:0.980
/Users/bround/Documents/Projects/GimbalProject/test_videos/antiuav_rgbt_20190925_200805_1_2_infrared.mp4,252,1,370,281,399,298,propagated:0.975
/Users/bround/Documents/Projects/GimbalProject/test_videos/antiuav_rgbt_20190925_200805_1_2_infrared.mp4,253,1,374,281,403,298,propagated:0.962
/Users/bround/Documents/Projects/GimbalProject/test_videos/antiuav_rgbt_20190925_200805_1_2_infrared.mp4,254,1,378,281,407,298,propagated:0.947
/Users/bround/Documents/Projects/GimbalProject/test_videos/antiuav_rgbt_20190925_200805_1_2_infrared.mp4,255,1,382,281,411,298,propagated:0.919
/Users/bround/Documents/Projects/GimbalProject/test_videos/antiuav_rgbt_20190925_200805_1_2_infrared.mp4,256,1,386,281,415,298,propagated:0.933
/Users/bround/Documents/Projects/GimbalProject/test_videos/antiuav_rgbt_20190925_200805_1_2_infrared.mp4,257,1,389,281,418,298,propagated:0.958
/Users/bround/Documents/Projects/GimbalProject/test_videos/antiuav_rgbt_20190925_200805_1_2_infrared.mp4,258,1,393,282,422,299,propagated:0.923
/Users/bround/Documents/Projects/GimbalProject/test_videos/antiuav_rgbt_20190925_200805_1_2_infrared.mp4,259,1,397,282,426,299,propagated:0.939
/Users/bround/Documents/Projects/GimbalProject/test_videos/antiuav_rgbt_20190925_200805_1_2_infrared.mp4,260,1,401,282,430,299,propagated:0.936
/Users/bround/Documents/Projects/GimbalProject/test_videos/antiuav_rgbt_20190925_200805_1_2_infrared.mp4,261,1,405,282,434,299,propagated:0.937
/Users/bround/Documents/Projects/GimbalProject/test_videos/antiuav_rgbt_20190925_200805_1_2_infrared.mp4,262,1,406,282,435,299,propagated:0.956
/Users/bround/Documents/Projects/GimbalProject/test_videos/antiuav_rgbt_20190925_200805_1_2_infrared.mp4,263,1,405,294,434,311,propagated:0.742
/Users/bround/Documents/Projects/GimbalProject/test_videos/antiuav_rgbt_20190925_200805_1_2_infrared.mp4,264,1,410,293,439,310,propagated:0.766
/Users/bround/Documents/Projects/GimbalProject/test_videos/antiuav_rgbt_20190925_200805_1_2_infrared.mp4,265,1,407,293,436,310,propagated:0.807
/Users/bround/Documents/Projects/GimbalProject/test_videos/antiuav_rgbt_20190925_200805_1_2_infrared.mp4,266,1,405,294,434,311,propagated:0.830
/Users/bround/Documents/Projects/GimbalProject/test_videos/antiuav_rgbt_20190925_200805_1_2_infrared.mp4,267,1,405,293,434,310,propagated:0.864
/Users/bround/Documents/Projects/GimbalProject/test_videos/antiuav_rgbt_20190925_200805_1_2_infrared.mp4,268,1,405,293,434,310,propagated:0.883
/Users/bround/Documents/Projects/GimbalProject/test_videos/antiuav_rgbt_20190925_200805_1_2_infrared.mp4,269,1,405,293,434,310,propagated:0.898
/Users/bround/Documents/Projects/GimbalProject/test_videos/antiuav_rgbt_20190925_200805_1_2_infrared.mp4,270,1,404,293,433,310,propagated:0.915
/Users/bround/Documents/Projects/GimbalProject/test_videos/antiuav_rgbt_20190925_200805_1_2_infrared.mp4,271,1,404,293,433,310,propagated:0.936
/Users/bround/Documents/Projects/GimbalProject/test_videos/antiuav_rgbt_20190925_200805_1_2_infrared.mp4,272,1,404,293,433,310,propagated:0.949
/Users/bround/Documents/Projects/GimbalProject/test_videos/antiuav_rgbt_20190925_200805_1_2_infrared.mp4,273,1,404,293,433,310,propagated:0.956
/Users/bround/Documents/Projects/GimbalProject/test_videos/antiuav_rgbt_20190925_200805_1_2_infrared.mp4,274,1,404,293,433,310,propagated:0.969
/Users/bround/Documents/Projects/GimbalProject/test_videos/antiuav_rgbt_20190925_200805_1_2_infrared.mp4,275,1,404,293,433,310,propagated:0.976
/Users/bround/Documents/Projects/GimbalProject/test_videos/antiuav_rgbt_20190925_200805_1_2_infrared.mp4,276,1,404,293,433,310,propagated:0.978
/Users/bround/Documents/Projects/GimbalProject/test_videos/antiuav_rgbt_20190925_200805_1_2_infrared.mp4,277,1,404,293,433,310,propagated:0.984
/Users/bround/Documents/Projects/GimbalProject/test_videos/antiuav_rgbt_20190925_200805_1_2_infrared.mp4,278,1,404,293,433,310,propagated:0.988
/Users/bround/Documents/Projects/GimbalProject/test_videos/antiuav_rgbt_20190925_200805_1_2_infrared.mp4,279,1,404,293,433,310,propagated:0.991
/Users/bround/Documents/Projects/GimbalProject/test_videos/antiuav_rgbt_20190925_200805_1_2_infrared.mp4,280,1,404,293,433,310,propagated:0.993
/Users/bround/Documents/Projects/GimbalProject/test_videos/antiuav_rgbt_20190925_200805_1_2_infrared.mp4,281,1,404,293,433,310,propagated:0.994
/Users/bround/Documents/Projects/GimbalProject/test_videos/antiuav_rgbt_20190925_200805_1_2_infrared.mp4,282,1,404,293,433,310,propagated:0.994
/Users/bround/Documents/Projects/GimbalProject/test_videos/antiuav_rgbt_20190925_200805_1_2_infrared.mp4,283,1,404,293,433,310,propagated:0.994
/Users/bround/Documents/Projects/GimbalProject/test_videos/antiuav_rgbt_20190925_200805_1_2_infrared.mp4,284,1,404,293,433,310,propagated:0.995
/Users/bround/Documents/Projects/GimbalProject/test_videos/antiuav_rgbt_20190925_200805_1_2_infrared.mp4,285,1,404,293,433,310,propagated:0.995
/Users/bround/Documents/Projects/GimbalProject/test_videos/antiuav_rgbt_20190925_200805_1_2_infrared.mp4,286,1,404,293,433,310,propagated:0.995
/Users/bround/Documents/Projects/GimbalProject/test_videos/antiuav_rgbt_20190925_200805_1_2_infrared.mp4,287,1,404,293,433,310,propagated:0.991
/Users/bround/Documents/Projects/GimbalProject/test_videos/antiuav_rgbt_20190925_200805_1_2_infrared.mp4,288,1,404,293,433,310,propagated:0.992
/Users/bround/Documents/Projects/GimbalProject/test_videos/antiuav_rgbt_20190925_200805_1_2_infrared.mp4,289,1,404,293,433,310,propagated:0.994
/Users/bround/Documents/Projects/GimbalProject/test_videos/antiuav_rgbt_20190925_200805_1_2_infrared.mp4,290,1,404,293,433,310,propagated:0.995
/Users/bround/Documents/Projects/GimbalProject/test_videos/antiuav_rgbt_20190925_200805_1_2_infrared.mp4,291,1,404,293,433,310,propagated:0.995
/Users/bround/Documents/Projects/GimbalProject/test_videos/antiuav_rgbt_20190925_200805_1_2_infrared.mp4,292,1,404,293,433,310,propagated:0.996
/Users/bround/Documents/Projects/GimbalProject/test_videos/antiuav_rgbt_20190925_200805_1_2_infrared.mp4,293,1,404,293,433,310,propagated:0.996
/Users/bround/Documents/Projects/GimbalProject/test_videos/antiuav_rgbt_20190925_200805_1_2_infrared.mp4,294,1,404,293,433,310,propagated:0.996
/Users/bround/Documents/Projects/GimbalProject/test_videos/antiuav_rgbt_20190925_200805_1_2_infrared.mp4,295,1,404,293,433,310,propagated:0.996
/Users/bround/Documents/Projects/GimbalProject/test_videos/antiuav_rgbt_20190925_200805_1_2_infrared.mp4,296,1,404,293,433,310,propagated:0.996
/Users/bround/Documents/Projects/GimbalProject/test_videos/antiuav_rgbt_20190925_200805_1_2_infrared.mp4,297,1,404,293,433,310,propagated:0.996
/Users/bround/Documents/Projects/GimbalProject/test_videos/antiuav_rgbt_20190925_200805_1_2_infrared.mp4,298,1,404,293,433,310,propagated:0.996
/Users/bround/Documents/Projects/GimbalProject/test_videos/antiuav_rgbt_20190925_200805_1_2_infrared.mp4,299,1,404,293,433,310,propagated:0.995
/Users/bround/Documents/Projects/GimbalProject/test_videos/antiuav_rgbt_20190925_200805_1_2_infrared.mp4,300,1,404,293,433,310,propagated:0.995
/Users/bround/Documents/Projects/GimbalProject/test_videos/antiuav_rgbt_20190925_200805_1_2_infrared.mp4,301,1,404,293,433,310,propagated:0.996
/Users/bround/Documents/Projects/GimbalProject/test_videos/antiuav_rgbt_20190925_200805_1_2_infrared.mp4,302,1,404,293,433,310,propagated:0.996
/Users/bround/Documents/Projects/GimbalProject/test_videos/antiuav_rgbt_20190925_200805_1_2_infrared.mp4,303,1,404,293,433,310,propagated:0.996
/Users/bround/Documents/Projects/GimbalProject/test_videos/antiuav_rgbt_20190925_200805_1_2_infrared.mp4,304,1,404,293,433,310,propagated:0.996
/Users/bround/Documents/Projects/GimbalProject/test_videos/antiuav_rgbt_20190925_200805_1_2_infrared.mp4,305,1,404,293,433,310,propagated:0.996
/Users/bround/Documents/Projects/GimbalProject/test_videos/antiuav_rgbt_20190925_200805_1_2_infrared.mp4,306,1,404,293,433,310,propagated:0.994
/Users/bround/Documents/Projects/GimbalProject/test_videos/antiuav_rgbt_20190925_200805_1_2_infrared.mp4,307,1,404,293,433,310,propagated:0.991
/Users/bround/Documents/Projects/GimbalProject/test_videos/antiuav_rgbt_20190925_200805_1_2_infrared.mp4,308,1,404,313,433,330,propagated:0.906
/Users/bround/Documents/Projects/GimbalProject/test_videos/antiuav_rgbt_20190925_200805_1_2_infrared.mp4,309,1,404,333,433,350,propagated:0.931
/Users/bround/Documents/Projects/GimbalProject/test_videos/antiuav_rgbt_20190925_200805_1_2_infrared.mp4,310,1,353,299,382,316,propagated:0.744
/Users/bround/Documents/Projects/GimbalProject/test_videos/antiuav_rgbt_20190925_200805_1_2_infrared.mp4,311,1,356,299,385,316,propagated:0.900
/Users/bround/Documents/Projects/GimbalProject/test_videos/antiuav_rgbt_20190925_200805_1_2_infrared.mp4,312,1,358,299,387,316,propagated:0.950
/Users/bround/Documents/Projects/GimbalProject/test_videos/antiuav_rgbt_20190925_200805_1_2_infrared.mp4,313,1,355,299,384,316,propagated:0.969
/Users/bround/Documents/Projects/GimbalProject/test_videos/antiuav_rgbt_20190925_200805_1_2_infrared.mp4,314,1,354,299,383,316,propagated:0.980
/Users/bround/Documents/Projects/GimbalProject/test_videos/antiuav_rgbt_20190925_200805_1_2_infrared.mp4,315,1,354,299,383,316,propagated:0.979
/Users/bround/Documents/Projects/GimbalProject/test_videos/antiuav_rgbt_20190925_200805_1_2_infrared.mp4,316,1,353,299,382,316,propagated:0.986
/Users/bround/Documents/Projects/GimbalProject/test_videos/antiuav_rgbt_20190925_200805_1_2_infrared.mp4,317,1,353,299,382,316,propagated:0.990
/Users/bround/Documents/Projects/GimbalProject/test_videos/antiuav_rgbt_20190925_200805_1_2_infrared.mp4,318,1,353,299,382,316,propagated:0.994
/Users/bround/Documents/Projects/GimbalProject/test_videos/antiuav_rgbt_20190925_200805_1_2_infrared.mp4,319,1,353,299,382,316,propagated:0.993
/Users/bround/Documents/Projects/GimbalProject/test_videos/antiuav_rgbt_20190925_200805_1_2_infrared.mp4,320,1,353,299,382,316,propagated:0.994
/Users/bround/Documents/Projects/GimbalProject/test_videos/antiuav_rgbt_20190925_200805_1_2_infrared.mp4,321,1,353,299,382,316,propagated:0.997
/Users/bround/Documents/Projects/GimbalProject/test_videos/antiuav_rgbt_20190925_200805_1_2_infrared.mp4,322,1,353,299,382,316,propagated:0.997
/Users/bround/Documents/Projects/GimbalProject/test_videos/antiuav_rgbt_20190925_200805_1_2_infrared.mp4,323,1,353,299,382,316,propagated:0.998
/Users/bround/Documents/Projects/GimbalProject/test_videos/antiuav_rgbt_20190925_200805_1_2_infrared.mp4,324,1,353,299,382,316,propagated:0.998
/Users/bround/Documents/Projects/GimbalProject/test_videos/antiuav_rgbt_20190925_200805_1_2_infrared.mp4,325,1,353,299,382,316,propagated:0.998
/Users/bround/Documents/Projects/GimbalProject/test_videos/antiuav_rgbt_20190925_200805_1_2_infrared.mp4,326,1,353,299,382,316,propagated:0.997
/Users/bround/Documents/Projects/GimbalProject/test_videos/antiuav_rgbt_20190925_200805_1_2_infrared.mp4,327,1,353,299,382,316,propagated:0.997
/Users/bround/Documents/Projects/GimbalProject/test_videos/antiuav_rgbt_20190925_200805_1_2_infrared.mp4,328,1,353,299,382,316,propagated:0.998
/Users/bround/Documents/Projects/GimbalProject/test_videos/antiuav_rgbt_20190925_200805_1_2_infrared.mp4,329,1,353,299,382,316,propagated:0.999
/Users/bround/Documents/Projects/GimbalProject/test_videos/antiuav_rgbt_20190925_200805_1_2_infrared.mp4,330,1,353,299,382,316,propagated:0.999
/Users/bround/Documents/Projects/GimbalProject/test_videos/antiuav_rgbt_20190925_200805_1_2_infrared.mp4,331,1,353,299,382,316,propagated:0.999
/Users/bround/Documents/Projects/GimbalProject/test_videos/antiuav_rgbt_20190925_200805_1_2_infrared.mp4,332,1,353,299,382,316,propagated:0.998
/Users/bround/Documents/Projects/GimbalProject/test_videos/antiuav_rgbt_20190925_200805_1_2_infrared.mp4,333,1,353,299,382,316,propagated:0.996
/Users/bround/Documents/Projects/GimbalProject/test_videos/antiuav_rgbt_20190925_200805_1_2_infrared.mp4,334,1,353,299,382,316,propagated:0.998
/Users/bround/Documents/Projects/GimbalProject/test_videos/antiuav_rgbt_20190925_200805_1_2_infrared.mp4,335,1,353,299,382,316,propagated:0.999
/Users/bround/Documents/Projects/GimbalProject/test_videos/antiuav_rgbt_20190925_200805_1_2_infrared.mp4,336,1,353,299,382,316,propagated:0.998
/Users/bround/Documents/Projects/GimbalProject/test_videos/antiuav_rgbt_20190925_200805_1_2_infrared.mp4,337,1,353,299,382,316,propagated:0.995
/Users/bround/Documents/Projects/GimbalProject/test_videos/antiuav_rgbt_20190925_200805_1_2_infrared.mp4,338,1,353,299,382,316,propagated:0.986
/Users/bround/Documents/Projects/GimbalProject/test_videos/antiuav_rgbt_20190925_200805_1_2_infrared.mp4,339,1,353,299,382,316,propagated:0.990
/Users/bround/Documents/Projects/GimbalProject/test_videos/antiuav_rgbt_20190925_200805_1_2_infrared.mp4,340,1,353,299,382,316,propagated:0.994
/Users/bround/Documents/Projects/GimbalProject/test_videos/antiuav_rgbt_20190925_200805_1_2_infrared.mp4,341,1,353,299,382,316,propagated:0.991
/Users/bround/Documents/Projects/GimbalProject/test_videos/antiuav_rgbt_20190925_200805_1_2_infrared.mp4,342,1,353,299,382,316,propagated:0.991
/Users/bround/Documents/Projects/GimbalProject/test_videos/antiuav_rgbt_20190925_200805_1_2_infrared.mp4,343,1,353,299,382,316,propagated:0.975
/Users/bround/Documents/Projects/GimbalProject/test_videos/antiuav_rgbt_20190925_200805_1_2_infrared.mp4,344,1,353,299,382,316,propagated:0.974
/Users/bround/Documents/Projects/GimbalProject/test_videos/antiuav_rgbt_20190925_200805_1_2_infrared.mp4,345,1,353,299,382,316,propagated:0.992
/Users/bround/Documents/Projects/GimbalProject/test_videos/antiuav_rgbt_20190925_200805_1_2_infrared.mp4,346,1,353,299,382,316,propagated:0.996
/Users/bround/Documents/Projects/GimbalProject/test_videos/antiuav_rgbt_20190925_200805_1_2_infrared.mp4,347,1,353,299,382,316,propagated:0.997
/Users/bround/Documents/Projects/GimbalProject/test_videos/antiuav_rgbt_20190925_200805_1_2_infrared.mp4,348,1,353,299,382,316,propagated:0.997
/Users/bround/Documents/Projects/GimbalProject/test_videos/antiuav_rgbt_20190925_200805_1_2_infrared.mp4,349,1,353,299,382,316,propagated:0.998
/Users/bround/Documents/Projects/GimbalProject/test_videos/antiuav_rgbt_20190925_200805_1_2_infrared.mp4,350,1,353,299,382,316,propagated:0.998
/Users/bround/Documents/Projects/GimbalProject/test_videos/antiuav_rgbt_20190925_200805_1_2_infrared.mp4,351,1,353,299,382,316,propagated:0.999
/Users/bround/Documents/Projects/GimbalProject/test_videos/antiuav_rgbt_20190925_200805_1_2_infrared.mp4,352,1,353,299,382,316,propagated:0.999
/Users/bround/Documents/Projects/GimbalProject/test_videos/antiuav_rgbt_20190925_200805_1_2_infrared.mp4,353,1,353,299,382,316,propagated:0.999
/Users/bround/Documents/Projects/GimbalProject/test_videos/antiuav_rgbt_20190925_200805_1_2_infrared.mp4,354,1,353,299,382,316,propagated:0.998
/Users/bround/Documents/Projects/GimbalProject/test_videos/antiuav_rgbt_20190925_200805_1_2_infrared.mp4,355,1,353,299,382,316,propagated:0.998
/Users/bround/Documents/Projects/GimbalProject/test_videos/antiuav_rgbt_20190925_200805_1_2_infrared.mp4,356,1,353,299,382,316,propagated:0.998
/Users/bround/Documents/Projects/GimbalProject/test_videos/antiuav_rgbt_20190925_200805_1_2_infrared.mp4,357,1,353,299,382,316,propagated:0.998
/Users/bround/Documents/Projects/GimbalProject/test_videos/antiuav_rgbt_20190925_200805_1_2_infrared.mp4,358,1,353,299,382,316,propagated:0.998
/Users/bround/Documents/Projects/GimbalProject/test_videos/antiuav_rgbt_20190925_200805_1_2_infrared.mp4,359,1,353,299,382,316,propagated:0.999
/Users/bround/Documents/Projects/GimbalProject/test_videos/antiuav_rgbt_20190925_200805_1_2_infrared.mp4,360,1,353,299,382,316,propagated:0.997
/Users/bround/Documents/Projects/GimbalProject/test_videos/antiuav_rgbt_20190925_200805_1_2_infrared.mp4,361,1,235,290,257,299,manual
/Users/bround/Documents/Projects/GimbalProject/test_videos/antiuav_rgbt_20190925_200805_1_2_infrared.mp4,362,1,242,290,264,299,propagated:0.968
/Users/bround/Documents/Projects/GimbalProject/test_videos/antiuav_rgbt_20190925_200805_1_2_infrared.mp4,363,1,243,290,265,299,propagated:0.949
/Users/bround/Documents/Projects/GimbalProject/test_videos/antiuav_rgbt_20190925_200805_1_2_infrared.mp4,364,1,245,290,267,299,propagated:0.965
/Users/bround/Documents/Projects/GimbalProject/test_videos/antiuav_rgbt_20190925_200805_1_2_infrared.mp4,365,1,249,290,271,299,propagated:0.971
/Users/bround/Documents/Projects/GimbalProject/test_videos/antiuav_rgbt_20190925_200805_1_2_infrared.mp4,366,1,252,290,274,299,propagated:0.885
/Users/bround/Documents/Projects/GimbalProject/test_videos/antiuav_rgbt_20190925_200805_1_2_infrared.mp4,367,1,256,290,278,299,propagated:0.827
/Users/bround/Documents/Projects/GimbalProject/test_videos/antiuav_rgbt_20190925_200805_1_2_infrared.mp4,368,1,260,290,282,299,propagated:0.879
/Users/bround/Documents/Projects/GimbalProject/test_videos/antiuav_rgbt_20190925_200805_1_2_infrared.mp4,369,1,263,290,285,299,propagated:0.905
/Users/bround/Documents/Projects/GimbalProject/test_videos/antiuav_rgbt_20190925_200805_1_2_infrared.mp4,370,1,266,290,288,299,propagated:0.836
/Users/bround/Documents/Projects/GimbalProject/test_videos/antiuav_rgbt_20190925_200805_1_2_infrared.mp4,371,1,269,290,291,299,propagated:0.777
/Users/bround/Documents/Projects/GimbalProject/test_videos/antiuav_rgbt_20190925_200805_1_2_infrared.mp4,372,1,273,290,295,299,propagated:0.782
/Users/bround/Documents/Projects/GimbalProject/test_videos/antiuav_rgbt_20190925_200805_1_2_infrared.mp4,373,1,277,290,299,299,propagated:0.888
/Users/bround/Documents/Projects/GimbalProject/test_videos/antiuav_rgbt_20190925_200805_1_2_infrared.mp4,374,1,280,290,302,299,propagated:0.917
/Users/bround/Documents/Projects/GimbalProject/test_videos/antiuav_rgbt_20190925_200805_1_2_infrared.mp4,375,1,284,290,306,299,propagated:0.921
/Users/bround/Documents/Projects/GimbalProject/test_videos/antiuav_rgbt_20190925_200805_1_2_infrared.mp4,376,1,287,290,309,299,propagated:0.895
/Users/bround/Documents/Projects/GimbalProject/test_videos/antiuav_rgbt_20190925_200805_1_2_infrared.mp4,377,1,291,290,313,299,propagated:0.891
/Users/bround/Documents/Projects/GimbalProject/test_videos/antiuav_rgbt_20190925_200805_1_2_infrared.mp4,378,1,294,290,316,299,propagated:0.929
/Users/bround/Documents/Projects/GimbalProject/test_videos/antiuav_rgbt_20190925_200805_1_2_infrared.mp4,379,1,298,290,320,299,propagated:0.957
/Users/bround/Documents/Projects/GimbalProject/test_videos/antiuav_rgbt_20190925_200805_1_2_infrared.mp4,380,1,301,290,323,299,propagated:0.968
/Users/bround/Documents/Projects/GimbalProject/test_videos/antiuav_rgbt_20190925_200805_1_2_infrared.mp4,381,1,304,290,326,299,propagated:0.907
/Users/bround/Documents/Projects/GimbalProject/test_videos/antiuav_rgbt_20190925_200805_1_2_infrared.mp4,382,1,308,290,330,299,propagated:0.947
/Users/bround/Documents/Projects/GimbalProject/test_videos/antiuav_rgbt_20190925_200805_1_2_infrared.mp4,383,1,311,290,333,299,propagated:0.964
/Users/bround/Documents/Projects/GimbalProject/test_videos/antiuav_rgbt_20190925_200805_1_2_infrared.mp4,384,1,314,290,336,299,propagated:0.938
/Users/bround/Documents/Projects/GimbalProject/test_videos/antiuav_rgbt_20190925_200805_1_2_infrared.mp4,385,1,318,290,340,299,propagated:0.937
/Users/bround/Documents/Projects/GimbalProject/test_videos/antiuav_rgbt_20190925_200805_1_2_infrared.mp4,386,1,321,290,343,299,propagated:0.969
/Users/bround/Documents/Projects/GimbalProject/test_videos/antiuav_rgbt_20190925_200805_1_2_infrared.mp4,387,1,323,290,345,299,propagated:0.978
/Users/bround/Documents/Projects/GimbalProject/test_videos/antiuav_rgbt_20190925_200805_1_2_infrared.mp4,388,1,306,280,328,289,propagated:0.764
/Users/bround/Documents/Projects/GimbalProject/test_videos/antiuav_rgbt_20190925_200805_1_2_infrared.mp4,389,1,308,279,330,288,propagated:0.780
/Users/bround/Documents/Projects/GimbalProject/test_videos/antiuav_rgbt_20190925_200805_1_2_infrared.mp4,390,1,309,279,331,288,propagated:0.782
/Users/bround/Documents/Projects/GimbalProject/test_videos/antiuav_rgbt_20190925_200805_1_2_infrared.mp4,391,1,306,279,328,288,propagated:0.800
/Users/bround/Documents/Projects/GimbalProject/test_videos/antiuav_rgbt_20190925_200805_1_2_infrared.mp4,392,1,304,279,326,288,propagated:0.838
/Users/bround/Documents/Projects/GimbalProject/test_videos/antiuav_rgbt_20190925_200805_1_2_infrared.mp4,393,1,304,279,326,288,propagated:0.867
/Users/bround/Documents/Projects/GimbalProject/test_videos/antiuav_rgbt_20190925_200805_1_2_infrared.mp4,394,1,304,279,326,288,propagated:0.829
/Users/bround/Documents/Projects/GimbalProject/test_videos/antiuav_rgbt_20190925_200805_1_2_infrared.mp4,395,1,304,279,326,288,propagated:0.863
/Users/bround/Documents/Projects/GimbalProject/test_videos/antiuav_rgbt_20190925_200805_1_2_infrared.mp4,396,1,303,279,325,288,propagated:0.835
/Users/bround/Documents/Projects/GimbalProject/test_videos/antiuav_rgbt_20190925_200805_1_2_infrared.mp4,397,1,303,279,325,288,propagated:0.866
/Users/bround/Documents/Projects/GimbalProject/test_videos/antiuav_rgbt_20190925_200805_1_2_infrared.mp4,398,1,303,279,325,288,propagated:0.830
/Users/bround/Documents/Projects/GimbalProject/test_videos/antiuav_rgbt_20190925_200805_1_2_infrared.mp4,399,1,303,279,325,288,propagated:0.856
/Users/bround/Documents/Projects/GimbalProject/test_videos/antiuav_rgbt_20190925_200805_1_2_infrared.mp4,400,1,303,279,325,288,propagated:0.880
/Users/bround/Documents/Projects/GimbalProject/test_videos/antiuav_rgbt_20190925_200805_1_2_infrared.mp4,401,1,303,279,325,288,propagated:0.887
/Users/bround/Documents/Projects/GimbalProject/test_videos/antiuav_rgbt_20190925_200805_1_2_infrared.mp4,402,1,303,279,325,288,propagated:0.905
/Users/bround/Documents/Projects/GimbalProject/test_videos/antiuav_rgbt_20190925_200805_1_2_infrared.mp4,403,1,303,279,325,288,propagated:0.885
/Users/bround/Documents/Projects/GimbalProject/test_videos/antiuav_rgbt_20190925_200805_1_2_infrared.mp4,404,1,303,279,325,288,propagated:0.905
/Users/bround/Documents/Projects/GimbalProject/test_videos/antiuav_rgbt_20190925_200805_1_2_infrared.mp4,405,1,303,279,325,288,propagated:0.926
/Users/bround/Documents/Projects/GimbalProject/test_videos/antiuav_rgbt_20190925_200805_1_2_infrared.mp4,406,1,303,279,325,288,propagated:0.936
/Users/bround/Documents/Projects/GimbalProject/test_videos/antiuav_rgbt_20190925_200805_1_2_infrared.mp4,407,1,303,279,325,288,propagated:0.938
/Users/bround/Documents/Projects/GimbalProject/test_videos/antiuav_rgbt_20190925_200805_1_2_infrared.mp4,408,1,303,279,325,288,propagated:0.947
/Users/bround/Documents/Projects/GimbalProject/test_videos/antiuav_rgbt_20190925_200805_1_2_infrared.mp4,409,1,303,279,325,288,propagated:0.959
/Users/bround/Documents/Projects/GimbalProject/test_videos/antiuav_rgbt_20190925_200805_1_2_infrared.mp4,410,1,303,279,325,288,propagated:0.961
/Users/bround/Documents/Projects/GimbalProject/test_videos/antiuav_rgbt_20190925_200805_1_2_infrared.mp4,411,1,303,279,325,288,propagated:0.958
/Users/bround/Documents/Projects/GimbalProject/test_videos/antiuav_rgbt_20190925_200805_1_2_infrared.mp4,412,1,303,279,325,288,propagated:0.963
/Users/bround/Documents/Projects/GimbalProject/test_videos/antiuav_rgbt_20190925_200805_1_2_infrared.mp4,413,1,303,279,325,288,propagated:0.969
/Users/bround/Documents/Projects/GimbalProject/test_videos/antiuav_rgbt_20190925_200805_1_2_infrared.mp4,414,1,303,279,325,288,propagated:0.969
/Users/bround/Documents/Projects/GimbalProject/test_videos/antiuav_rgbt_20190925_200805_1_2_infrared.mp4,415,1,303,279,325,288,propagated:0.969
/Users/bround/Documents/Projects/GimbalProject/test_videos/antiuav_rgbt_20190925_200805_1_2_infrared.mp4,416,1,303,279,325,288,propagated:0.969
/Users/bround/Documents/Projects/GimbalProject/test_videos/antiuav_rgbt_20190925_200805_1_2_infrared.mp4,417,1,303,279,325,288,propagated:0.966
/Users/bround/Documents/Projects/GimbalProject/test_videos/antiuav_rgbt_20190925_200805_1_2_infrared.mp4,418,1,303,279,325,288,propagated:0.967
/Users/bround/Documents/Projects/GimbalProject/test_videos/antiuav_rgbt_20190925_200805_1_2_infrared.mp4,419,1,303,279,325,288,propagated:0.969
/Users/bround/Documents/Projects/GimbalProject/test_videos/antiuav_rgbt_20190925_200805_1_2_infrared.mp4,420,1,303,279,325,288,propagated:0.973
/Users/bround/Documents/Projects/GimbalProject/test_videos/antiuav_rgbt_20190925_200805_1_2_infrared.mp4,421,1,303,279,325,288,propagated:0.975
/Users/bround/Documents/Projects/GimbalProject/test_videos/antiuav_rgbt_20190925_200805_1_2_infrared.mp4,422,1,303,279,325,288,propagated:0.975
/Users/bround/Documents/Projects/GimbalProject/test_videos/antiuav_rgbt_20190925_200805_1_2_infrared.mp4,423,1,303,279,325,288,propagated:0.974
/Users/bround/Documents/Projects/GimbalProject/test_videos/antiuav_rgbt_20190925_200805_1_2_infrared.mp4,424,1,303,279,325,288,propagated:0.975
/Users/bround/Documents/Projects/GimbalProject/test_videos/antiuav_rgbt_20190925_200805_1_2_infrared.mp4,425,1,303,279,325,288,propagated:0.973
/Users/bround/Documents/Projects/GimbalProject/test_videos/antiuav_rgbt_20190925_200805_1_2_infrared.mp4,426,1,303,279,325,288,propagated:0.976
/Users/bround/Documents/Projects/GimbalProject/test_videos/antiuav_rgbt_20190925_200805_1_2_infrared.mp4,427,1,303,279,325,288,propagated:0.974
/Users/bround/Documents/Projects/GimbalProject/test_videos/antiuav_rgbt_20190925_200805_1_2_infrared.mp4,428,1,303,279,325,288,propagated:0.977
/Users/bround/Documents/Projects/GimbalProject/test_videos/antiuav_rgbt_20190925_200805_1_2_infrared.mp4,429,1,303,279,325,288,propagated:0.978
/Users/bround/Documents/Projects/GimbalProject/test_videos/antiuav_rgbt_20190925_200805_1_2_infrared.mp4,430,1,303,279,325,288,propagated:0.978
/Users/bround/Documents/Projects/GimbalProject/test_videos/antiuav_rgbt_20190925_200805_1_2_infrared.mp4,431,1,303,279,325,288,propagated:0.978
/Users/bround/Documents/Projects/GimbalProject/test_videos/antiuav_rgbt_20190925_200805_1_2_infrared.mp4,432,1,303,279,325,288,propagated:0.972
/Users/bround/Documents/Projects/GimbalProject/test_videos/antiuav_rgbt_20190925_200805_1_2_infrared.mp4,433,1,303,279,325,288,propagated:0.972
/Users/bround/Documents/Projects/GimbalProject/test_videos/antiuav_rgbt_20190925_200805_1_2_infrared.mp4,434,1,303,279,325,288,propagated:0.975
/Users/bround/Documents/Projects/GimbalProject/test_videos/antiuav_rgbt_20190925_200805_1_2_infrared.mp4,435,1,303,279,325,288,propagated:0.978
/Users/bround/Documents/Projects/GimbalProject/test_videos/antiuav_rgbt_20190925_200805_1_2_infrared.mp4,436,1,303,279,325,288,propagated:0.982
/Users/bround/Documents/Projects/GimbalProject/test_videos/antiuav_rgbt_20190925_200805_1_2_infrared.mp4,437,1,303,279,325,288,propagated:0.983
/Users/bround/Documents/Projects/GimbalProject/test_videos/antiuav_rgbt_20190925_200805_1_2_infrared.mp4,438,1,303,279,325,288,propagated:0.984
/Users/bround/Documents/Projects/GimbalProject/test_videos/antiuav_rgbt_20190925_200805_1_2_infrared.mp4,439,1,303,279,325,288,propagated:0.981
/Users/bround/Documents/Projects/GimbalProject/test_videos/antiuav_rgbt_20190925_200805_1_2_infrared.mp4,440,1,303,279,325,288,propagated:0.981
/Users/bround/Documents/Projects/GimbalProject/test_videos/antiuav_rgbt_20190925_200805_1_2_infrared.mp4,441,1,303,279,325,288,propagated:0.979
/Users/bround/Documents/Projects/GimbalProject/test_videos/antiuav_rgbt_20190925_200805_1_2_infrared.mp4,442,1,303,279,325,288,propagated:0.984
/Users/bround/Documents/Projects/GimbalProject/test_videos/antiuav_rgbt_20190925_200805_1_2_infrared.mp4,443,1,303,279,325,288,propagated:0.982
/Users/bround/Documents/Projects/GimbalProject/test_videos/antiuav_rgbt_20190925_200805_1_2_infrared.mp4,444,1,303,279,325,288,propagated:0.972
/Users/bround/Documents/Projects/GimbalProject/test_videos/antiuav_rgbt_20190925_200805_1_2_infrared.mp4,445,1,303,279,325,288,propagated:0.974
/Users/bround/Documents/Projects/GimbalProject/test_videos/antiuav_rgbt_20190925_200805_1_2_infrared.mp4,446,1,303,279,325,288,propagated:0.975
/Users/bround/Documents/Projects/GimbalProject/test_videos/antiuav_rgbt_20190925_200805_1_2_infrared.mp4,447,1,303,279,325,288,propagated:0.972
/Users/bround/Documents/Projects/GimbalProject/test_videos/antiuav_rgbt_20190925_200805_1_2_infrared.mp4,448,1,303,279,325,288,propagated:0.960
/Users/bround/Documents/Projects/GimbalProject/test_videos/antiuav_rgbt_20190925_200805_1_2_infrared.mp4,449,1,303,279,325,288,propagated:0.971
/Users/bround/Documents/Projects/GimbalProject/test_videos/antiuav_rgbt_20190925_200805_1_2_infrared.mp4,450,1,303,279,325,288,propagated:0.973
/Users/bround/Documents/Projects/GimbalProject/test_videos/antiuav_rgbt_20190925_200805_1_2_infrared.mp4,451,1,303,279,325,288,propagated:0.966
/Users/bround/Documents/Projects/GimbalProject/test_videos/antiuav_rgbt_20190925_200805_1_2_infrared.mp4,452,1,303,279,325,288,propagated:0.969
/Users/bround/Documents/Projects/GimbalProject/test_videos/antiuav_rgbt_20190925_200805_1_2_infrared.mp4,453,1,303,279,325,288,propagated:0.969
/Users/bround/Documents/Projects/GimbalProject/test_videos/antiuav_rgbt_20190925_200805_1_2_infrared.mp4,454,1,303,279,325,288,propagated:0.964
/Users/bround/Documents/Projects/GimbalProject/test_videos/antiuav_rgbt_20190925_200805_1_2_infrared.mp4,455,1,303,279,325,288,propagated:0.937
/Users/bround/Documents/Projects/GimbalProject/test_videos/antiuav_rgbt_20190925_200805_1_2_infrared.mp4,456,1,303,279,325,288,propagated:0.961
/Users/bround/Documents/Projects/GimbalProject/test_videos/antiuav_rgbt_20190925_200805_1_2_infrared.mp4,457,1,303,279,325,288,propagated:0.959
/Users/bround/Documents/Projects/GimbalProject/test_videos/antiuav_rgbt_20190925_200805_1_2_infrared.mp4,458,1,303,279,325,288,propagated:0.972
/Users/bround/Documents/Projects/GimbalProject/test_videos/antiuav_rgbt_20190925_200805_1_2_infrared.mp4,459,1,303,279,325,288,propagated:0.975
/Users/bround/Documents/Projects/GimbalProject/test_videos/antiuav_rgbt_20190925_200805_1_2_infrared.mp4,460,1,303,279,325,288,propagated:0.977
/Users/bround/Documents/Projects/GimbalProject/test_videos/antiuav_rgbt_20190925_200805_1_2_infrared.mp4,461,1,303,279,325,288,propagated:0.923
/Users/bround/Documents/Projects/GimbalProject/test_videos/antiuav_rgbt_20190925_200805_1_2_infrared.mp4,462,1,303,279,325,288,propagated:0.940
/Users/bround/Documents/Projects/GimbalProject/test_videos/antiuav_rgbt_20190925_200805_1_2_infrared.mp4,463,1,303,279,325,288,propagated:0.949
/Users/bround/Documents/Projects/GimbalProject/test_videos/antiuav_rgbt_20190925_200805_1_2_infrared.mp4,464,1,303,279,325,288,propagated:0.958
/Users/bround/Documents/Projects/GimbalProject/test_videos/antiuav_rgbt_20190925_200805_1_2_infrared.mp4,465,1,303,279,325,288,propagated:0.962
/Users/bround/Documents/Projects/GimbalProject/test_videos/antiuav_rgbt_20190925_200805_1_2_infrared.mp4,466,1,303,279,325,288,propagated:0.957
/Users/bround/Documents/Projects/GimbalProject/test_videos/antiuav_rgbt_20190925_200805_1_2_infrared.mp4,467,1,303,279,325,288,propagated:0.969
/Users/bround/Documents/Projects/GimbalProject/test_videos/antiuav_rgbt_20190925_200805_1_2_infrared.mp4,468,1,303,279,325,288,propagated:0.960
/Users/bround/Documents/Projects/GimbalProject/test_videos/antiuav_rgbt_20190925_200805_1_2_infrared.mp4,469,1,303,279,325,288,propagated:0.953
/Users/bround/Documents/Projects/GimbalProject/test_videos/antiuav_rgbt_20190925_200805_1_2_infrared.mp4,470,1,237,302,259,311,propagated:0.841
/Users/bround/Documents/Projects/GimbalProject/test_videos/antiuav_rgbt_20190925_200805_1_2_infrared.mp4,471,1,241,303,263,312,propagated:0.940
/Users/bround/Documents/Projects/GimbalProject/test_videos/antiuav_rgbt_20190925_200805_1_2_infrared.mp4,472,1,238,302,260,311,propagated:0.976
/Users/bround/Documents/Projects/GimbalProject/test_videos/antiuav_rgbt_20190925_200805_1_2_infrared.mp4,473,1,236,302,258,311,propagated:0.989
/Users/bround/Documents/Projects/GimbalProject/test_videos/antiuav_rgbt_20190925_200805_1_2_infrared.mp4,474,1,236,302,258,311,propagated:0.994
/Users/bround/Documents/Projects/GimbalProject/test_videos/antiuav_rgbt_20190925_200805_1_2_infrared.mp4,475,1,235,302,257,311,propagated:0.976
/Users/bround/Documents/Projects/GimbalProject/test_videos/antiuav_rgbt_20190925_200805_1_2_infrared.mp4,476,1,235,302,257,311,propagated:0.996
/Users/bround/Documents/Projects/GimbalProject/test_videos/antiuav_rgbt_20190925_200805_1_2_infrared.mp4,477,1,235,302,257,311,propagated:0.996
/Users/bround/Documents/Projects/GimbalProject/test_videos/antiuav_rgbt_20190925_200805_1_2_infrared.mp4,478,1,235,302,257,311,propagated:0.988
/Users/bround/Documents/Projects/GimbalProject/test_videos/antiuav_rgbt_20190925_200805_1_2_infrared.mp4,479,1,235,302,257,311,propagated:0.997
/Users/bround/Documents/Projects/GimbalProject/test_videos/antiuav_rgbt_20190925_200805_1_2_infrared.mp4,480,1,235,302,257,311,propagated:0.998
/Users/bround/Documents/Projects/GimbalProject/test_videos/antiuav_rgbt_20190925_200805_1_2_infrared.mp4,481,1,198,296,219,305,manual
/Users/bround/Documents/Projects/GimbalProject/test_videos/antiuav_rgbt_20190925_200805_1_2_infrared.mp4,482,1,201,296,222,305,propagated:0.952
/Users/bround/Documents/Projects/GimbalProject/test_videos/antiuav_rgbt_20190925_200805_1_2_infrared.mp4,483,1,203,296,224,305,propagated:0.955
/Users/bround/Documents/Projects/GimbalProject/test_videos/antiuav_rgbt_20190925_200805_1_2_infrared.mp4,484,1,205,296,226,305,propagated:0.955
/Users/bround/Documents/Projects/GimbalProject/test_videos/antiuav_rgbt_20190925_200805_1_2_infrared.mp4,485,1,208,296,229,305,propagated:0.914
/Users/bround/Documents/Projects/GimbalProject/test_videos/antiuav_rgbt_20190925_200805_1_2_infrared.mp4,486,1,210,296,231,305,propagated:0.929
/Users/bround/Documents/Projects/GimbalProject/test_videos/antiuav_rgbt_20190925_200805_1_2_infrared.mp4,487,1,212,296,233,305,propagated:0.941
/Users/bround/Documents/Projects/GimbalProject/test_videos/antiuav_rgbt_20190925_200805_1_2_infrared.mp4,488,1,213,296,234,305,propagated:0.957
/Users/bround/Documents/Projects/GimbalProject/test_videos/antiuav_rgbt_20190925_200805_1_2_infrared.mp4,489,1,215,296,236,305,propagated:0.910
/Users/bround/Documents/Projects/GimbalProject/test_videos/antiuav_rgbt_20190925_200805_1_2_infrared.mp4,490,1,217,296,238,305,propagated:0.945
/Users/bround/Documents/Projects/GimbalProject/test_videos/antiuav_rgbt_20190925_200805_1_2_infrared.mp4,491,1,218,296,239,305,propagated:0.973
/Users/bround/Documents/Projects/GimbalProject/test_videos/antiuav_rgbt_20190925_200805_1_2_infrared.mp4,492,1,219,296,240,305,propagated:0.954
/Users/bround/Documents/Projects/GimbalProject/test_videos/antiuav_rgbt_20190925_200805_1_2_infrared.mp4,493,1,220,296,241,305,propagated:0.964
/Users/bround/Documents/Projects/GimbalProject/test_videos/antiuav_rgbt_20190925_200805_1_2_infrared.mp4,494,1,221,296,242,305,propagated:0.969
/Users/bround/Documents/Projects/GimbalProject/test_videos/antiuav_rgbt_20190925_200805_1_2_infrared.mp4,495,1,222,296,243,305,propagated:0.969
/Users/bround/Documents/Projects/GimbalProject/test_videos/antiuav_rgbt_20190925_200805_1_2_infrared.mp4,496,1,223,296,244,305,propagated:0.950
/Users/bround/Documents/Projects/GimbalProject/test_videos/antiuav_rgbt_20190925_200805_1_2_infrared.mp4,497,1,224,296,245,305,propagated:0.961
/Users/bround/Documents/Projects/GimbalProject/test_videos/antiuav_rgbt_20190925_200805_1_2_infrared.mp4,498,1,224,296,245,305,propagated:0.944
/Users/bround/Documents/Projects/GimbalProject/test_videos/antiuav_rgbt_20190925_200805_1_2_infrared.mp4,499,1,225,296,246,305,propagated:0.958
/Users/bround/Documents/Projects/GimbalProject/test_videos/antiuav_rgbt_20190925_200805_1_2_infrared.mp4,500,1,226,296,247,305,propagated:0.966
/Users/bround/Documents/Projects/GimbalProject/test_videos/antiuav_rgbt_20190925_200805_1_2_infrared.mp4,501,1,227,296,248,305,propagated:0.947
/Users/bround/Documents/Projects/GimbalProject/test_videos/antiuav_rgbt_20190925_200805_1_2_infrared.mp4,502,1,227,296,248,305,propagated:0.946
/Users/bround/Documents/Projects/GimbalProject/test_videos/antiuav_rgbt_20190925_200805_1_2_infrared.mp4,503,1,228,296,249,305,propagated:0.961
/Users/bround/Documents/Projects/GimbalProject/test_videos/antiuav_rgbt_20190925_200805_1_2_infrared.mp4,504,1,228,296,249,305,propagated:0.940
/Users/bround/Documents/Projects/GimbalProject/test_videos/antiuav_rgbt_20190925_200805_1_2_infrared.mp4,505,1,229,296,250,305,propagated:0.910
/Users/bround/Documents/Projects/GimbalProject/test_videos/antiuav_rgbt_20190925_200805_1_2_infrared.mp4,506,1,229,296,250,305,propagated:0.931
/Users/bround/Documents/Projects/GimbalProject/test_videos/antiuav_rgbt_20190925_200805_1_2_infrared.mp4,507,1,230,296,251,305,propagated:0.899
/Users/bround/Documents/Projects/GimbalProject/test_videos/antiuav_rgbt_20190925_200805_1_2_infrared.mp4,508,1,230,295,251,304,propagated:0.924
/Users/bround/Documents/Projects/GimbalProject/test_videos/antiuav_rgbt_20190925_200805_1_2_infrared.mp4,509,1,231,295,252,304,propagated:0.967
/Users/bround/Documents/Projects/GimbalProject/test_videos/antiuav_rgbt_20190925_200805_1_2_infrared.mp4,510,1,231,295,252,304,propagated:0.975
/Users/bround/Documents/Projects/GimbalProject/test_videos/antiuav_rgbt_20190925_200805_1_2_infrared.mp4,511,1,231,295,252,304,propagated:0.939
/Users/bround/Documents/Projects/GimbalProject/test_videos/antiuav_rgbt_20190925_200805_1_2_infrared.mp4,512,1,232,295,253,304,propagated:0.905
/Users/bround/Documents/Projects/GimbalProject/test_videos/antiuav_rgbt_20190925_200805_1_2_infrared.mp4,513,1,232,295,253,304,propagated:0.935
/Users/bround/Documents/Projects/GimbalProject/test_videos/antiuav_rgbt_20190925_200805_1_2_infrared.mp4,514,1,232,295,253,304,propagated:0.918
/Users/bround/Documents/Projects/GimbalProject/test_videos/antiuav_rgbt_20190925_200805_1_2_infrared.mp4,515,1,233,294,254,303,propagated:0.948
/Users/bround/Documents/Projects/GimbalProject/test_videos/antiuav_rgbt_20190925_200805_1_2_infrared.mp4,516,1,233,294,254,303,propagated:0.967
/Users/bround/Documents/Projects/GimbalProject/test_videos/antiuav_rgbt_20190925_200805_1_2_infrared.mp4,517,1,233,294,254,303,propagated:0.967
/Users/bround/Documents/Projects/GimbalProject/test_videos/antiuav_rgbt_20190925_200805_1_2_infrared.mp4,518,1,233,294,254,303,propagated:0.930
/Users/bround/Documents/Projects/GimbalProject/test_videos/antiuav_rgbt_20190925_200805_1_2_infrared.mp4,519,1,233,293,254,302,propagated:0.926
/Users/bround/Documents/Projects/GimbalProject/test_videos/antiuav_rgbt_20190925_200805_1_2_infrared.mp4,520,1,233,293,254,302,propagated:0.939
/Users/bround/Documents/Projects/GimbalProject/test_videos/antiuav_rgbt_20190925_200805_1_2_infrared.mp4,521,1,233,293,254,302,propagated:0.953
/Users/bround/Documents/Projects/GimbalProject/test_videos/antiuav_rgbt_20190925_200805_1_2_infrared.mp4,522,1,234,293,255,302,propagated:0.947
/Users/bround/Documents/Projects/GimbalProject/test_videos/antiuav_rgbt_20190925_200805_1_2_infrared.mp4,523,1,234,292,255,301,propagated:0.914
/Users/bround/Documents/Projects/GimbalProject/test_videos/antiuav_rgbt_20190925_200805_1_2_infrared.mp4,524,1,234,292,255,301,propagated:0.936
/Users/bround/Documents/Projects/GimbalProject/test_videos/antiuav_rgbt_20190925_200805_1_2_infrared.mp4,525,1,234,292,255,301,propagated:0.970
/Users/bround/Documents/Projects/GimbalProject/test_videos/antiuav_rgbt_20190925_200805_1_2_infrared.mp4,526,1,234,292,255,301,propagated:0.983
/Users/bround/Documents/Projects/GimbalProject/test_videos/antiuav_rgbt_20190925_200805_1_2_infrared.mp4,527,1,234,292,255,301,propagated:0.986
/Users/bround/Documents/Projects/GimbalProject/test_videos/antiuav_rgbt_20190925_200805_1_2_infrared.mp4,528,1,234,292,255,301,propagated:0.980
/Users/bround/Documents/Projects/GimbalProject/test_videos/antiuav_rgbt_20190925_200805_1_2_infrared.mp4,529,1,234,292,255,301,propagated:0.958
/Users/bround/Documents/Projects/GimbalProject/test_videos/antiuav_rgbt_20190925_200805_1_2_infrared.mp4,530,1,234,291,255,300,propagated:0.964
/Users/bround/Documents/Projects/GimbalProject/test_videos/antiuav_rgbt_20190925_200805_1_2_infrared.mp4,531,1,234,291,255,300,propagated:0.960
/Users/bround/Documents/Projects/GimbalProject/test_videos/antiuav_rgbt_20190925_200805_1_2_infrared.mp4,532,1,234,291,255,300,propagated:0.986
/Users/bround/Documents/Projects/GimbalProject/test_videos/antiuav_rgbt_20190925_200805_1_2_infrared.mp4,533,1,234,291,255,300,propagated:0.984
/Users/bround/Documents/Projects/GimbalProject/test_videos/antiuav_rgbt_20190925_200805_1_2_infrared.mp4,534,1,234,291,255,300,propagated:0.980
/Users/bround/Documents/Projects/GimbalProject/test_videos/antiuav_rgbt_20190925_200805_1_2_infrared.mp4,535,1,233,291,254,300,propagated:0.960
/Users/bround/Documents/Projects/GimbalProject/test_videos/antiuav_rgbt_20190925_200805_1_2_infrared.mp4,536,1,233,291,254,300,propagated:0.954
/Users/bround/Documents/Projects/GimbalProject/test_videos/antiuav_rgbt_20190925_200805_1_2_infrared.mp4,537,1,233,290,254,299,propagated:0.940
/Users/bround/Documents/Projects/GimbalProject/test_videos/antiuav_rgbt_20190925_200805_1_2_infrared.mp4,538,1,233,290,254,299,propagated:0.944
/Users/bround/Documents/Projects/GimbalProject/test_videos/antiuav_rgbt_20190925_200805_1_2_infrared.mp4,539,1,232,290,253,299,propagated:0.960
/Users/bround/Documents/Projects/GimbalProject/test_videos/antiuav_rgbt_20190925_200805_1_2_infrared.mp4,540,1,232,290,253,299,propagated:0.969
/Users/bround/Documents/Projects/GimbalProject/test_videos/antiuav_rgbt_20190925_200805_1_2_infrared.mp4,541,1,232,290,253,299,propagated:0.964
/Users/bround/Documents/Projects/GimbalProject/test_videos/antiuav_rgbt_20190925_200805_1_2_infrared.mp4,542,1,232,290,253,299,propagated:0.962
/Users/bround/Documents/Projects/GimbalProject/test_videos/antiuav_rgbt_20190925_200805_1_2_infrared.mp4,543,1,232,290,253,299,propagated:0.938
/Users/bround/Documents/Projects/GimbalProject/test_videos/antiuav_rgbt_20190925_200805_1_2_infrared.mp4,544,1,231,289,252,298,propagated:0.922
/Users/bround/Documents/Projects/GimbalProject/test_videos/antiuav_rgbt_20190925_200805_1_2_infrared.mp4,545,1,231,289,252,298,propagated:0.942
/Users/bround/Documents/Projects/GimbalProject/test_videos/antiuav_rgbt_20190925_200805_1_2_infrared.mp4,546,1,231,289,252,298,propagated:0.960
/Users/bround/Documents/Projects/GimbalProject/test_videos/antiuav_rgbt_20190925_200805_1_2_infrared.mp4,547,1,231,289,252,298,propagated:0.956
/Users/bround/Documents/Projects/GimbalProject/test_videos/antiuav_rgbt_20190925_200805_1_2_infrared.mp4,548,1,230,289,251,298,propagated:0.955
/Users/bround/Documents/Projects/GimbalProject/test_videos/antiuav_rgbt_20190925_200805_1_2_infrared.mp4,549,1,230,289,251,298,propagated:0.973
/Users/bround/Documents/Projects/GimbalProject/test_videos/antiuav_rgbt_20190925_200805_1_2_infrared.mp4,550,1,230,289,251,298,propagated:0.963
/Users/bround/Documents/Projects/GimbalProject/test_videos/antiuav_rgbt_20190925_200805_1_2_infrared.mp4,551,1,230,288,251,297,propagated:0.902
/Users/bround/Documents/Projects/GimbalProject/test_videos/antiuav_rgbt_20190925_200805_1_2_infrared.mp4,552,1,230,288,251,297,propagated:0.914
/Users/bround/Documents/Projects/GimbalProject/test_videos/antiuav_rgbt_20190925_200805_1_2_infrared.mp4,553,1,229,288,250,297,propagated:0.946
/Users/bround/Documents/Projects/GimbalProject/test_videos/antiuav_rgbt_20190925_200805_1_2_infrared.mp4,554,1,229,288,250,297,propagated:0.971
/Users/bround/Documents/Projects/GimbalProject/test_videos/antiuav_rgbt_20190925_200805_1_2_infrared.mp4,555,1,229,288,250,297,propagated:0.979
/Users/bround/Documents/Projects/GimbalProject/test_videos/antiuav_rgbt_20190925_200805_1_2_infrared.mp4,556,1,229,288,250,297,propagated:0.966
/Users/bround/Documents/Projects/GimbalProject/test_videos/antiuav_rgbt_20190925_200805_1_2_infrared.mp4,557,1,228,288,249,297,propagated:0.968
/Users/bround/Documents/Projects/GimbalProject/test_videos/antiuav_rgbt_20190925_200805_1_2_infrared.mp4,558,1,228,288,249,297,propagated:0.952
/Users/bround/Documents/Projects/GimbalProject/test_videos/antiuav_rgbt_20190925_200805_1_2_infrared.mp4,559,1,228,288,249,297,propagated:0.961
/Users/bround/Documents/Projects/GimbalProject/test_videos/antiuav_rgbt_20190925_200805_1_2_infrared.mp4,560,1,228,288,249,297,propagated:0.959
/Users/bround/Documents/Projects/GimbalProject/test_videos/antiuav_rgbt_20190925_200805_1_2_infrared.mp4,561,1,228,288,249,297,propagated:0.943
/Users/bround/Documents/Projects/GimbalProject/test_videos/antiuav_rgbt_20190925_200805_1_2_infrared.mp4,562,1,227,288,248,297,propagated:0.944
/Users/bround/Documents/Projects/GimbalProject/test_videos/antiuav_rgbt_20190925_200805_1_2_infrared.mp4,563,1,227,288,248,297,propagated:0.960
/Users/bround/Documents/Projects/GimbalProject/test_videos/antiuav_rgbt_20190925_200805_1_2_infrared.mp4,564,1,227,288,248,297,propagated:0.957
/Users/bround/Documents/Projects/GimbalProject/test_videos/antiuav_rgbt_20190925_200805_1_2_infrared.mp4,565,1,227,288,248,297,propagated:0.929
/Users/bround/Documents/Projects/GimbalProject/test_videos/antiuav_rgbt_20190925_200805_1_2_infrared.mp4,566,1,226,288,247,297,propagated:0.939
/Users/bround/Documents/Projects/GimbalProject/test_videos/antiuav_rgbt_20190925_200805_1_2_infrared.mp4,567,1,226,288,247,297,propagated:0.961
/Users/bround/Documents/Projects/GimbalProject/test_videos/antiuav_rgbt_20190925_200805_1_2_infrared.mp4,568,1,226,288,247,297,propagated:0.958
/Users/bround/Documents/Projects/GimbalProject/test_videos/antiuav_rgbt_20190925_200805_1_2_infrared.mp4,569,1,226,288,247,297,propagated:0.920
/Users/bround/Documents/Projects/GimbalProject/test_videos/antiuav_rgbt_20190925_200805_1_2_infrared.mp4,570,1,225,288,246,297,propagated:0.937
/Users/bround/Documents/Projects/GimbalProject/test_videos/antiuav_rgbt_20190925_200805_1_2_infrared.mp4,571,1,225,288,246,297,propagated:0.956
/Users/bround/Documents/Projects/GimbalProject/test_videos/antiuav_rgbt_20190925_200805_1_2_infrared.mp4,572,1,225,288,246,297,propagated:0.934
/Users/bround/Documents/Projects/GimbalProject/test_videos/antiuav_rgbt_20190925_200805_1_2_infrared.mp4,573,1,225,288,246,297,propagated:0.946
/Users/bround/Documents/Projects/GimbalProject/test_videos/antiuav_rgbt_20190925_200805_1_2_infrared.mp4,574,1,225,288,246,297,propagated:0.946
/Users/bround/Documents/Projects/GimbalProject/test_videos/antiuav_rgbt_20190925_200805_1_2_infrared.mp4,575,1,225,288,246,297,propagated:0.958
/Users/bround/Documents/Projects/GimbalProject/test_videos/antiuav_rgbt_20190925_200805_1_2_infrared.mp4,576,1,225,288,246,297,propagated:0.950
/Users/bround/Documents/Projects/GimbalProject/test_videos/antiuav_rgbt_20190925_200805_1_2_infrared.mp4,577,1,224,288,245,297,propagated:0.960
/Users/bround/Documents/Projects/GimbalProject/test_videos/antiuav_rgbt_20190925_200805_1_2_infrared.mp4,578,1,224,288,245,297,propagated:0.973
/Users/bround/Documents/Projects/GimbalProject/test_videos/antiuav_rgbt_20190925_200805_1_2_infrared.mp4,579,1,224,288,245,297,propagated:0.970
/Users/bround/Documents/Projects/GimbalProject/test_videos/antiuav_rgbt_20190925_200805_1_2_infrared.mp4,580,1,224,288,245,297,propagated:0.965
/Users/bround/Documents/Projects/GimbalProject/test_videos/antiuav_rgbt_20190925_200805_1_2_infrared.mp4,581,1,224,288,245,297,propagated:0.963
/Users/bround/Documents/Projects/GimbalProject/test_videos/antiuav_rgbt_20190925_200805_1_2_infrared.mp4,582,1,224,288,245,297,propagated:0.945
/Users/bround/Documents/Projects/GimbalProject/test_videos/antiuav_rgbt_20190925_200805_1_2_infrared.mp4,583,1,225,288,246,297,propagated:0.939
/Users/bround/Documents/Projects/GimbalProject/test_videos/antiuav_rgbt_20190925_200805_1_2_infrared.mp4,584,1,225,288,246,297,propagated:0.946
/Users/bround/Documents/Projects/GimbalProject/test_videos/antiuav_rgbt_20190925_200805_1_2_infrared.mp4,585,1,226,288,247,297,propagated:0.929
/Users/bround/Documents/Projects/GimbalProject/test_videos/antiuav_rgbt_20190925_200805_1_2_infrared.mp4,586,1,226,288,247,297,propagated:0.954
/Users/bround/Documents/Projects/GimbalProject/test_videos/antiuav_rgbt_20190925_200805_1_2_infrared.mp4,587,1,227,288,248,297,propagated:0.953
/Users/bround/Documents/Projects/GimbalProject/test_videos/antiuav_rgbt_20190925_200805_1_2_infrared.mp4,588,1,228,288,249,297,propagated:0.949
/Users/bround/Documents/Projects/GimbalProject/test_videos/antiuav_rgbt_20190925_200805_1_2_infrared.mp4,589,1,229,288,250,297,propagated:0.960
/Users/bround/Documents/Projects/GimbalProject/test_videos/antiuav_rgbt_20190925_200805_1_2_infrared.mp4,590,1,230,288,251,297,propagated:0.968
/Users/bround/Documents/Projects/GimbalProject/test_videos/antiuav_rgbt_20190925_200805_1_2_infrared.mp4,591,1,231,288,252,297,propagated:0.959
/Users/bround/Documents/Projects/GimbalProject/test_videos/antiuav_rgbt_20190925_200805_1_2_infrared.mp4,592,1,232,288,253,297,propagated:0.944
/Users/bround/Documents/Projects/GimbalProject/test_videos/antiuav_rgbt_20190925_200805_1_2_infrared.mp4,593,1,234,288,255,297,propagated:0.968
/Users/bround/Documents/Projects/GimbalProject/test_videos/antiuav_rgbt_20190925_200805_1_2_infrared.mp4,594,1,235,288,256,297,propagated:0.960
/Users/bround/Documents/Projects/GimbalProject/test_videos/antiuav_rgbt_20190925_200805_1_2_infrared.mp4,595,1,237,288,258,297,propagated:0.961
/Users/bround/Documents/Projects/GimbalProject/test_videos/antiuav_rgbt_20190925_200805_1_2_infrared.mp4,596,1,239,288,260,297,propagated:0.971
/Users/bround/Documents/Projects/GimbalProject/test_videos/antiuav_rgbt_20190925_200805_1_2_infrared.mp4,597,1,241,288,262,297,propagated:0.980
/Users/bround/Documents/Projects/GimbalProject/test_videos/antiuav_rgbt_20190925_200805_1_2_infrared.mp4,598,1,243,288,264,297,propagated:0.974
/Users/bround/Documents/Projects/GimbalProject/test_videos/antiuav_rgbt_20190925_200805_1_2_infrared.mp4,599,1,245,288,266,297,propagated:0.972
/Users/bround/Documents/Projects/GimbalProject/test_videos/antiuav_rgbt_20190925_200805_1_2_infrared.mp4,600,1,247,288,268,297,propagated:0.981
/Users/bround/Documents/Projects/GimbalProject/test_videos/antiuav_rgbt_20190925_200805_1_2_infrared.mp4,601,1,249,288,270,297,propagated:0.967
/Users/bround/Documents/Projects/GimbalProject/test_videos/antiuav_rgbt_20190925_200805_1_2_infrared.mp4,602,1,251,288,272,297,propagated:0.978
/Users/bround/Documents/Projects/GimbalProject/test_videos/antiuav_rgbt_20190925_200805_1_2_infrared.mp4,603,1,254,288,275,297,propagated:0.975
/Users/bround/Documents/Projects/GimbalProject/test_videos/antiuav_rgbt_20190925_200805_1_2_infrared.mp4,604,1,256,288,277,297,propagated:0.982
/Users/bround/Documents/Projects/GimbalProject/test_videos/antiuav_rgbt_20190925_200805_1_2_infrared.mp4,605,1,259,288,280,297,propagated:0.991
/Users/bround/Documents/Projects/GimbalProject/test_videos/antiuav_rgbt_20190925_200805_1_2_infrared.mp4,606,1,262,288,283,297,propagated:0.975
/Users/bround/Documents/Projects/GimbalProject/test_videos/antiuav_rgbt_20190925_200805_1_2_infrared.mp4,607,1,265,288,286,297,propagated:0.976
/Users/bround/Documents/Projects/GimbalProject/test_videos/antiuav_rgbt_20190925_200805_1_2_infrared.mp4,608,1,268,288,289,297,propagated:0.978
/Users/bround/Documents/Projects/GimbalProject/test_videos/antiuav_rgbt_20190925_200805_1_2_infrared.mp4,609,1,271,288,292,297,propagated:0.984
/Users/bround/Documents/Projects/GimbalProject/test_videos/antiuav_rgbt_20190925_200805_1_2_infrared.mp4,610,1,274,288,295,297,propagated:0.989
/Users/bround/Documents/Projects/GimbalProject/test_videos/antiuav_rgbt_20190925_200805_1_2_infrared.mp4,611,1,277,288,298,297,propagated:0.993
/Users/bround/Documents/Projects/GimbalProject/test_videos/antiuav_rgbt_20190925_200805_1_2_infrared.mp4,612,1,280,288,301,297,propagated:0.993
/Users/bround/Documents/Projects/GimbalProject/test_videos/antiuav_rgbt_20190925_200805_1_2_infrared.mp4,613,1,283,288,304,297,propagated:0.979
/Users/bround/Documents/Projects/GimbalProject/test_videos/antiuav_rgbt_20190925_200805_1_2_infrared.mp4,614,1,286,288,307,297,propagated:0.973
/Users/bround/Documents/Projects/GimbalProject/test_videos/antiuav_rgbt_20190925_200805_1_2_infrared.mp4,615,1,290,288,311,297,propagated:0.993
/Users/bround/Documents/Projects/GimbalProject/test_videos/antiuav_rgbt_20190925_200805_1_2_infrared.mp4,616,1,247,270,268,279,propagated:0.720
/Users/bround/Documents/Projects/GimbalProject/test_videos/antiuav_rgbt_20190925_200805_1_2_infrared.mp4,617,1,253,270,274,279,propagated:0.742
/Users/bround/Documents/Projects/GimbalProject/test_videos/antiuav_rgbt_20190925_200805_1_2_infrared.mp4,618,1,252,270,273,279,propagated:0.758
/Users/bround/Documents/Projects/GimbalProject/test_videos/antiuav_rgbt_20190925_200805_1_2_infrared.mp4,619,1,249,270,270,279,propagated:0.752
/Users/bround/Documents/Projects/GimbalProject/test_videos/antiuav_rgbt_20190925_200805_1_2_infrared.mp4,620,1,249,270,270,279,propagated:0.767
/Users/bround/Documents/Projects/GimbalProject/test_videos/antiuav_rgbt_20190925_200805_1_2_infrared.mp4,621,1,248,270,269,279,propagated:0.779
/Users/bround/Documents/Projects/GimbalProject/test_videos/antiuav_rgbt_20190925_200805_1_2_infrared.mp4,622,1,248,270,269,279,propagated:0.823
/Users/bround/Documents/Projects/GimbalProject/test_videos/antiuav_rgbt_20190925_200805_1_2_infrared.mp4,623,1,248,270,269,279,propagated:0.843
/Users/bround/Documents/Projects/GimbalProject/test_videos/antiuav_rgbt_20190925_200805_1_2_infrared.mp4,624,1,248,270,269,279,propagated:0.864
/Users/bround/Documents/Projects/GimbalProject/test_videos/antiuav_rgbt_20190925_200805_1_2_infrared.mp4,625,1,248,270,269,279,propagated:0.891
/Users/bround/Documents/Projects/GimbalProject/test_videos/antiuav_rgbt_20190925_200805_1_2_infrared.mp4,626,1,248,270,269,279,propagated:0.904
/Users/bround/Documents/Projects/GimbalProject/test_videos/antiuav_rgbt_20190925_200805_1_2_infrared.mp4,627,1,248,270,269,279,propagated:0.927
/Users/bround/Documents/Projects/GimbalProject/test_videos/antiuav_rgbt_20190925_200805_1_2_infrared.mp4,628,1,248,270,269,279,propagated:0.935
/Users/bround/Documents/Projects/GimbalProject/test_videos/antiuav_rgbt_20190925_200805_1_2_infrared.mp4,629,1,248,270,269,279,propagated:0.946
/Users/bround/Documents/Projects/GimbalProject/test_videos/antiuav_rgbt_20190925_200805_1_2_infrared.mp4,630,1,248,270,269,279,propagated:0.952
/Users/bround/Documents/Projects/GimbalProject/test_videos/antiuav_rgbt_20190925_200805_1_2_infrared.mp4,631,1,248,270,269,279,propagated:0.964
/Users/bround/Documents/Projects/GimbalProject/test_videos/antiuav_rgbt_20190925_200805_1_2_infrared.mp4,632,1,248,270,269,279,propagated:0.972
/Users/bround/Documents/Projects/GimbalProject/test_videos/antiuav_rgbt_20190925_200805_1_2_infrared.mp4,633,1,248,270,269,279,propagated:0.976
/Users/bround/Documents/Projects/GimbalProject/test_videos/antiuav_rgbt_20190925_200805_1_2_infrared.mp4,634,1,248,270,269,279,propagated:0.978
/Users/bround/Documents/Projects/GimbalProject/test_videos/antiuav_rgbt_20190925_200805_1_2_infrared.mp4,635,1,248,270,269,279,propagated:0.980
/Users/bround/Documents/Projects/GimbalProject/test_videos/antiuav_rgbt_20190925_200805_1_2_infrared.mp4,636,1,248,270,269,279,propagated:0.966
/Users/bround/Documents/Projects/GimbalProject/test_videos/antiuav_rgbt_20190925_200805_1_2_infrared.mp4,637,1,248,270,269,279,propagated:0.975
/Users/bround/Documents/Projects/GimbalProject/test_videos/antiuav_rgbt_20190925_200805_1_2_infrared.mp4,638,1,248,270,269,279,propagated:0.971
/Users/bround/Documents/Projects/GimbalProject/test_videos/antiuav_rgbt_20190925_200805_1_2_infrared.mp4,639,1,248,270,269,279,propagated:0.977
/Users/bround/Documents/Projects/GimbalProject/test_videos/antiuav_rgbt_20190925_200805_1_2_infrared.mp4,640,1,248,270,269,279,propagated:0.980
/Users/bround/Documents/Projects/GimbalProject/test_videos/antiuav_rgbt_20190925_200805_1_2_infrared.mp4,641,1,248,270,269,279,propagated:0.983
/Users/bround/Documents/Projects/GimbalProject/test_videos/antiuav_rgbt_20190925_200805_1_2_infrared.mp4,642,1,248,270,269,279,propagated:0.977
/Users/bround/Documents/Projects/GimbalProject/test_videos/antiuav_rgbt_20190925_200805_1_2_infrared.mp4,643,1,248,270,269,279,propagated:0.985
/Users/bround/Documents/Projects/GimbalProject/test_videos/antiuav_rgbt_20190925_200805_1_2_infrared.mp4,644,1,248,270,269,279,propagated:0.985
/Users/bround/Documents/Projects/GimbalProject/test_videos/antiuav_rgbt_20190925_200805_1_2_infrared.mp4,645,1,248,270,269,279,propagated:0.985
/Users/bround/Documents/Projects/GimbalProject/test_videos/antiuav_rgbt_20190925_200805_1_2_infrared.mp4,646,1,248,270,269,279,propagated:0.985
/Users/bround/Documents/Projects/GimbalProject/test_videos/antiuav_rgbt_20190925_200805_1_2_infrared.mp4,647,1,248,270,269,279,propagated:0.928
/Users/bround/Documents/Projects/GimbalProject/test_videos/antiuav_rgbt_20190925_200805_1_2_infrared.mp4,648,1,248,270,269,279,propagated:0.965
/Users/bround/Documents/Projects/GimbalProject/test_videos/antiuav_rgbt_20190925_200805_1_2_infrared.mp4,649,1,248,270,269,279,propagated:0.973
/Users/bround/Documents/Projects/GimbalProject/test_videos/antiuav_rgbt_20190925_200805_1_2_infrared.mp4,650,1,248,270,269,279,propagated:0.971
/Users/bround/Documents/Projects/GimbalProject/test_videos/antiuav_rgbt_20190925_200805_1_2_infrared.mp4,651,1,248,270,269,279,propagated:0.980
/Users/bround/Documents/Projects/GimbalProject/test_videos/antiuav_rgbt_20190925_200805_1_2_infrared.mp4,652,1,248,270,269,279,propagated:0.979
/Users/bround/Documents/Projects/GimbalProject/test_videos/antiuav_rgbt_20190925_200805_1_2_infrared.mp4,653,1,248,270,269,279,propagated:0.976
/Users/bround/Documents/Projects/GimbalProject/test_videos/antiuav_rgbt_20190925_200805_1_2_infrared.mp4,654,1,248,270,269,279,propagated:0.969
/Users/bround/Documents/Projects/GimbalProject/test_videos/antiuav_rgbt_20190925_200805_1_2_infrared.mp4,655,1,248,270,269,279,propagated:0.973
/Users/bround/Documents/Projects/GimbalProject/test_videos/antiuav_rgbt_20190925_200805_1_2_infrared.mp4,656,1,248,270,269,279,propagated:0.975
/Users/bround/Documents/Projects/GimbalProject/test_videos/antiuav_rgbt_20190925_200805_1_2_infrared.mp4,657,1,248,270,269,279,propagated:0.956
/Users/bround/Documents/Projects/GimbalProject/test_videos/antiuav_rgbt_20190925_200805_1_2_infrared.mp4,658,1,248,270,269,279,propagated:0.967
/Users/bround/Documents/Projects/GimbalProject/test_videos/antiuav_rgbt_20190925_200805_1_2_infrared.mp4,659,1,248,270,269,279,propagated:0.971
/Users/bround/Documents/Projects/GimbalProject/test_videos/antiuav_rgbt_20190925_200805_1_2_infrared.mp4,660,1,248,270,269,279,propagated:0.965
/Users/bround/Documents/Projects/GimbalProject/test_videos/antiuav_rgbt_20190925_200805_1_2_infrared.mp4,661,1,248,270,269,279,propagated:0.974
/Users/bround/Documents/Projects/GimbalProject/test_videos/antiuav_rgbt_20190925_200805_1_2_infrared.mp4,662,1,248,270,269,279,propagated:0.972
/Users/bround/Documents/Projects/GimbalProject/test_videos/antiuav_rgbt_20190925_200805_1_2_infrared.mp4,663,1,248,270,269,279,propagated:0.977
/Users/bround/Documents/Projects/GimbalProject/test_videos/antiuav_rgbt_20190925_200805_1_2_infrared.mp4,664,1,248,270,269,279,propagated:0.978
/Users/bround/Documents/Projects/GimbalProject/test_videos/antiuav_rgbt_20190925_200805_1_2_infrared.mp4,665,1,248,270,269,279,propagated:0.978
/Users/bround/Documents/Projects/GimbalProject/test_videos/antiuav_rgbt_20190925_200805_1_2_infrared.mp4,666,1,248,270,269,279,propagated:0.979
/Users/bround/Documents/Projects/GimbalProject/test_videos/antiuav_rgbt_20190925_200805_1_2_infrared.mp4,667,1,248,270,269,279,propagated:0.981
/Users/bround/Documents/Projects/GimbalProject/test_videos/antiuav_rgbt_20190925_200805_1_2_infrared.mp4,668,1,248,270,269,279,propagated:0.982
/Users/bround/Documents/Projects/GimbalProject/test_videos/antiuav_rgbt_20190925_200805_1_2_infrared.mp4,669,1,248,270,269,279,propagated:0.982
/Users/bround/Documents/Projects/GimbalProject/test_videos/antiuav_rgbt_20190925_200805_1_2_infrared.mp4,670,1,248,270,269,279,propagated:0.982
/Users/bround/Documents/Projects/GimbalProject/test_videos/antiuav_rgbt_20190925_200805_1_2_infrared.mp4,671,1,248,270,269,279,propagated:0.982
/Users/bround/Documents/Projects/GimbalProject/test_videos/antiuav_rgbt_20190925_200805_1_2_infrared.mp4,672,1,248,270,269,279,propagated:0.984
/Users/bround/Documents/Projects/GimbalProject/test_videos/antiuav_rgbt_20190925_200805_1_2_infrared.mp4,673,1,248,270,269,279,propagated:0.985
/Users/bround/Documents/Projects/GimbalProject/test_videos/antiuav_rgbt_20190925_200805_1_2_infrared.mp4,674,1,248,270,269,279,propagated:0.984
/Users/bround/Documents/Projects/GimbalProject/test_videos/antiuav_rgbt_20190925_200805_1_2_infrared.mp4,675,1,248,270,269,279,propagated:0.985
/Users/bround/Documents/Projects/GimbalProject/test_videos/antiuav_rgbt_20190925_200805_1_2_infrared.mp4,676,1,248,270,269,279,propagated:0.985
/Users/bround/Documents/Projects/GimbalProject/test_videos/antiuav_rgbt_20190925_200805_1_2_infrared.mp4,677,1,248,270,269,279,propagated:0.985
/Users/bround/Documents/Projects/GimbalProject/test_videos/antiuav_rgbt_20190925_200805_1_2_infrared.mp4,678,1,248,270,269,279,propagated:0.983
/Users/bround/Documents/Projects/GimbalProject/test_videos/antiuav_rgbt_20190925_200805_1_2_infrared.mp4,679,1,353,275,373,289,manual
/Users/bround/Documents/Projects/GimbalProject/test_videos/antiuav_rgbt_20190925_200805_1_2_infrared.mp4,680,1,354,272,378,289,manual
/Users/bround/Documents/Projects/GimbalProject/test_videos/antiuav_rgbt_20190925_200805_1_2_infrared.mp4,681,1,362,276,383,288,manual
/Users/bround/Documents/Projects/GimbalProject/test_videos/antiuav_rgbt_20190925_200805_1_2_infrared.mp4,682,1,365,274,388,287,manual
/Users/bround/Documents/Projects/GimbalProject/test_videos/antiuav_rgbt_20190925_200805_1_2_infrared.mp4,683,1,368,275,394,287,manual
/Users/bround/Documents/Projects/GimbalProject/test_videos/antiuav_rgbt_20190925_200805_1_2_infrared.mp4,684,1,375,272,399,286,manual
/Users/bround/Documents/Projects/GimbalProject/test_videos/antiuav_rgbt_20190925_200805_1_2_infrared.mp4,685,1,383,274,399,287,manual
/Users/bround/Documents/Projects/GimbalProject/test_videos/antiuav_rgbt_20190925_200805_1_2_infrared.mp4,686,1,237,276,258,285,propagated:0.734
/Users/bround/Documents/Projects/GimbalProject/test_videos/antiuav_rgbt_20190925_200805_1_2_infrared.mp4,687,1,239,276,260,285,propagated:0.873
/Users/bround/Documents/Projects/GimbalProject/test_videos/antiuav_rgbt_20190925_200805_1_2_infrared.mp4,688,1,242,276,263,285,propagated:0.957
/Users/bround/Documents/Projects/GimbalProject/test_videos/antiuav_rgbt_20190925_200805_1_2_infrared.mp4,689,1,246,276,267,285,propagated:0.967
/Users/bround/Documents/Projects/GimbalProject/test_videos/antiuav_rgbt_20190925_200805_1_2_infrared.mp4,690,1,251,276,272,285,propagated:0.977
/Users/bround/Documents/Projects/GimbalProject/test_videos/antiuav_rgbt_20190925_200805_1_2_infrared.mp4,691,1,255,276,276,285,propagated:0.979
/Users/bround/Documents/Projects/GimbalProject/test_videos/antiuav_rgbt_20190925_200805_1_2_infrared.mp4,692,1,260,276,281,285,propagated:0.975
/Users/bround/Documents/Projects/GimbalProject/test_videos/antiuav_rgbt_20190925_200805_1_2_infrared.mp4,693,1,265,276,286,285,propagated:0.979
/Users/bround/Documents/Projects/GimbalProject/test_videos/antiuav_rgbt_20190925_200805_1_2_infrared.mp4,694,1,269,276,290,285,propagated:0.981
/Users/bround/Documents/Projects/GimbalProject/test_videos/antiuav_rgbt_20190925_200805_1_2_infrared.mp4,695,1,274,276,295,285,propagated:0.988
/Users/bround/Documents/Projects/GimbalProject/test_videos/antiuav_rgbt_20190925_200805_1_2_infrared.mp4,696,1,279,276,300,285,propagated:0.947
/Users/bround/Documents/Projects/GimbalProject/test_videos/antiuav_rgbt_20190925_200805_1_2_infrared.mp4,697,1,284,276,305,285,propagated:0.918
/Users/bround/Documents/Projects/GimbalProject/test_videos/antiuav_rgbt_20190925_200805_1_2_infrared.mp4,698,1,288,276,309,285,propagated:0.962
/Users/bround/Documents/Projects/GimbalProject/test_videos/antiuav_rgbt_20190925_200805_1_2_infrared.mp4,699,1,293,276,314,285,propagated:0.970
/Users/bround/Documents/Projects/GimbalProject/test_videos/antiuav_rgbt_20190925_200805_1_2_infrared.mp4,700,1,297,276,318,285,propagated:0.931
/Users/bround/Documents/Projects/GimbalProject/test_videos/antiuav_rgbt_20190925_200805_1_2_infrared.mp4,701,1,302,276,323,285,propagated:0.927
/Users/bround/Documents/Projects/GimbalProject/test_videos/antiuav_rgbt_20190925_200805_1_2_infrared.mp4,702,1,307,276,328,285,propagated:0.962
/Users/bround/Documents/Projects/GimbalProject/test_videos/antiuav_rgbt_20190925_200805_1_2_infrared.mp4,703,1,311,276,332,285,propagated:0.957
/Users/bround/Documents/Projects/GimbalProject/test_videos/antiuav_rgbt_20190925_200805_1_2_infrared.mp4,704,1,316,276,337,285,propagated:0.964
/Users/bround/Documents/Projects/GimbalProject/test_videos/antiuav_rgbt_20190925_200805_1_2_infrared.mp4,705,1,320,276,341,285,propagated:0.934
/Users/bround/Documents/Projects/GimbalProject/test_videos/antiuav_rgbt_20190925_200805_1_2_infrared.mp4,706,1,325,276,346,285,propagated:0.947
/Users/bround/Documents/Projects/GimbalProject/test_videos/antiuav_rgbt_20190925_200805_1_2_infrared.mp4,707,1,330,276,351,285,propagated:0.922
/Users/bround/Documents/Projects/GimbalProject/test_videos/antiuav_rgbt_20190925_200805_1_2_infrared.mp4,708,1,334,276,355,285,propagated:0.881
/Users/bround/Documents/Projects/GimbalProject/test_videos/antiuav_rgbt_20190925_200805_1_2_infrared.mp4,709,1,339,276,360,285,propagated:0.829
/Users/bround/Documents/Projects/GimbalProject/test_videos/antiuav_rgbt_20190925_200805_1_2_infrared.mp4,710,1,343,276,364,285,propagated:0.842
/Users/bround/Documents/Projects/GimbalProject/test_videos/antiuav_rgbt_20190925_200805_1_2_infrared.mp4,711,1,370,281,391,290,propagated:0.829
/Users/bround/Documents/Projects/GimbalProject/test_videos/antiuav_rgbt_20190925_200805_1_2_infrared.mp4,712,1,370,281,391,290,propagated:0.860
/Users/bround/Documents/Projects/GimbalProject/test_videos/antiuav_rgbt_20190925_200805_1_2_infrared.mp4,713,1,357,276,378,285,propagated:0.894
/Users/bround/Documents/Projects/GimbalProject/test_videos/antiuav_rgbt_20190925_200805_1_2_infrared.mp4,714,1,361,276,382,285,propagated:0.884
/Users/bround/Documents/Projects/GimbalProject/test_videos/antiuav_rgbt_20190925_200805_1_2_infrared.mp4,715,1,305,269,326,278,propagated:0.701
/Users/bround/Documents/Projects/GimbalProject/test_videos/antiuav_rgbt_20190925_200805_1_2_infrared.mp4,716,1,308,269,329,278,propagated:0.723
/Users/bround/Documents/Projects/GimbalProject/test_videos/antiuav_rgbt_20190925_200805_1_2_infrared.mp4,717,1,274,249,295,258,propagated:0.700
/Users/bround/Documents/Projects/GimbalProject/test_videos/antiuav_rgbt_20190925_200805_1_2_infrared.mp4,718,1,211,276,232,285,propagated:0.776
/Users/bround/Documents/Projects/GimbalProject/test_videos/antiuav_rgbt_20190925_200805_1_2_infrared.mp4,719,1,213,276,234,285,propagated:0.948
/Users/bround/Documents/Projects/GimbalProject/test_videos/antiuav_rgbt_20190925_200805_1_2_infrared.mp4,720,1,217,276,238,285,propagated:0.973
/Users/bround/Documents/Projects/GimbalProject/test_videos/antiuav_rgbt_20190925_200805_1_2_infrared.mp4,721,1,221,276,242,285,propagated:0.970
/Users/bround/Documents/Projects/GimbalProject/test_videos/antiuav_rgbt_20190925_200805_1_2_infrared.mp4,722,1,225,276,246,285,propagated:0.959
/Users/bround/Documents/Projects/GimbalProject/test_videos/antiuav_rgbt_20190925_200805_1_2_infrared.mp4,723,1,229,276,250,285,propagated:0.935
/Users/bround/Documents/Projects/GimbalProject/test_videos/antiuav_rgbt_20190925_200805_1_2_infrared.mp4,724,1,233,276,254,285,propagated:0.915
/Users/bround/Documents/Projects/GimbalProject/test_videos/antiuav_rgbt_20190925_200805_1_2_infrared.mp4,725,1,238,276,259,285,propagated:0.863
/Users/bround/Documents/Projects/GimbalProject/test_videos/antiuav_rgbt_20190925_200805_1_2_infrared.mp4,726,1,242,276,263,285,propagated:0.860
/Users/bround/Documents/Projects/GimbalProject/test_videos/antiuav_rgbt_20190925_200805_1_2_infrared.mp4,727,1,246,276,267,285,propagated:0.891
/Users/bround/Documents/Projects/GimbalProject/test_videos/antiuav_rgbt_20190925_200805_1_2_infrared.mp4,728,1,251,276,272,285,propagated:0.836
/Users/bround/Documents/Projects/GimbalProject/test_videos/antiuav_rgbt_20190925_200805_1_2_infrared.mp4,729,1,255,275,276,284,propagated:0.843
/Users/bround/Documents/Projects/GimbalProject/test_videos/antiuav_rgbt_20190925_200805_1_2_infrared.mp4,730,1,259,275,280,284,propagated:0.879
/Users/bround/Documents/Projects/GimbalProject/test_videos/antiuav_rgbt_20190925_200805_1_2_infrared.mp4,731,1,263,275,284,284,propagated:0.934
/Users/bround/Documents/Projects/GimbalProject/test_videos/antiuav_rgbt_20190925_200805_1_2_infrared.mp4,732,1,267,275,288,284,propagated:0.941
/Users/bround/Documents/Projects/GimbalProject/test_videos/antiuav_rgbt_20190925_200805_1_2_infrared.mp4,733,1,271,275,292,284,propagated:0.946
/Users/bround/Documents/Projects/GimbalProject/test_videos/antiuav_rgbt_20190925_200805_1_2_infrared.mp4,734,1,275,275,296,284,propagated:0.953
/Users/bround/Documents/Projects/GimbalProject/test_videos/antiuav_rgbt_20190925_200805_1_2_infrared.mp4,735,1,280,275,301,284,propagated:0.927
/Users/bround/Documents/Projects/GimbalProject/test_videos/antiuav_rgbt_20190925_200805_1_2_infrared.mp4,736,1,284,275,305,284,propagated:0.913
/Users/bround/Documents/Projects/GimbalProject/test_videos/antiuav_rgbt_20190925_200805_1_2_infrared.mp4,737,1,288,275,309,284,propagated:0.921
/Users/bround/Documents/Projects/GimbalProject/test_videos/antiuav_rgbt_20190925_200805_1_2_infrared.mp4,738,1,292,274,313,283,propagated:0.890
/Users/bround/Documents/Projects/GimbalProject/test_videos/antiuav_rgbt_20190925_200805_1_2_infrared.mp4,739,1,296,274,317,283,propagated:0.953
/Users/bround/Documents/Projects/GimbalProject/test_videos/antiuav_rgbt_20190925_200805_1_2_infrared.mp4,740,1,300,274,321,283,propagated:0.969
/Users/bround/Documents/Projects/GimbalProject/test_videos/antiuav_rgbt_20190925_200805_1_2_infrared.mp4,741,1,304,274,325,283,propagated:0.960
/Users/bround/Documents/Projects/GimbalProject/test_videos/antiuav_rgbt_20190925_200805_1_2_infrared.mp4,742,1,308,274,329,283,propagated:0.938
/Users/bround/Documents/Projects/GimbalProject/test_videos/antiuav_rgbt_20190925_200805_1_2_infrared.mp4,743,1,352,251,373,260,propagated:0.596
/Users/bround/Documents/Projects/GimbalProject/test_videos/antiuav_rgbt_20190925_200805_1_2_infrared.mp4,744,1,363,251,384,260,propagated:0.573
/Users/bround/Documents/Projects/GimbalProject/test_videos/antiuav_rgbt_20190925_200805_1_2_infrared.mp4,745,1,364,235,385,244,propagated:0.614
/Users/bround/Documents/Projects/GimbalProject/test_videos/antiuav_rgbt_20190925_200805_1_2_infrared.mp4,746,1,316,227,337,236,propagated:0.596
/Users/bround/Documents/Projects/GimbalProject/test_videos/antiuav_rgbt_20190925_200805_1_2_infrared.mp4,747,1,316,220,337,229,propagated:0.597
/Users/bround/Documents/Projects/GimbalProject/test_videos/antiuav_rgbt_20190925_200805_1_2_infrared.mp4,748,1,316,220,337,229,propagated:0.605
/Users/bround/Documents/Projects/GimbalProject/test_videos/antiuav_rgbt_20190925_200805_1_2_infrared.mp4,749,1,272,220,293,229,propagated:0.673
/Users/bround/Documents/Projects/GimbalProject/test_videos/antiuav_rgbt_20190925_200805_1_2_infrared.mp4,750,1,239,196,260,205,propagated:0.765
/Users/bround/Documents/Projects/GimbalProject/test_videos/antiuav_rgbt_20190925_200805_1_2_infrared.mp4,751,1,239,189,260,198,propagated:0.799
/Users/bround/Documents/Projects/GimbalProject/test_videos/antiuav_rgbt_20190925_200805_1_2_infrared.mp4,752,1,239,189,260,198,propagated:0.841
/Users/bround/Documents/Projects/GimbalProject/test_videos/antiuav_rgbt_20190925_200805_1_2_infrared.mp4,753,1,239,189,260,198,propagated:0.875
/Users/bround/Documents/Projects/GimbalProject/test_videos/antiuav_rgbt_20190925_200805_1_2_infrared.mp4,754,1,239,189,260,198,propagated:0.894
/Users/bround/Documents/Projects/GimbalProject/test_videos/antiuav_rgbt_20190925_200805_1_2_infrared.mp4,755,1,239,189,260,198,propagated:0.920
/Users/bround/Documents/Projects/GimbalProject/test_videos/antiuav_rgbt_20190925_200805_1_2_infrared.mp4,756,1,239,189,260,198,propagated:0.937
/Users/bround/Documents/Projects/GimbalProject/test_videos/antiuav_rgbt_20190925_200805_1_2_infrared.mp4,757,1,239,189,260,198,propagated:0.953
/Users/bround/Documents/Projects/GimbalProject/test_videos/antiuav_rgbt_20190925_200805_1_2_infrared.mp4,758,1,239,189,260,198,propagated:0.952
/Users/bround/Documents/Projects/GimbalProject/test_videos/antiuav_rgbt_20190925_200805_1_2_infrared.mp4,759,1,239,189,260,198,propagated:0.961
/Users/bround/Documents/Projects/GimbalProject/test_videos/antiuav_rgbt_20190925_200805_1_2_infrared.mp4,760,1,239,189,260,198,propagated:0.974
/Users/bround/Documents/Projects/GimbalProject/test_videos/antiuav_rgbt_20190925_200805_1_2_infrared.mp4,761,1,239,189,260,198,propagated:0.972
/Users/bround/Documents/Projects/GimbalProject/test_videos/antiuav_rgbt_20190925_200805_1_2_infrared.mp4,762,1,239,189,260,198,propagated:0.976
/Users/bround/Documents/Projects/GimbalProject/test_videos/antiuav_rgbt_20190925_200805_1_2_infrared.mp4,763,1,239,189,260,198,propagated:0.981
/Users/bround/Documents/Projects/GimbalProject/test_videos/antiuav_rgbt_20190925_200805_1_2_infrared.mp4,764,1,239,189,260,198,propagated:0.988
/Users/bround/Documents/Projects/GimbalProject/test_videos/antiuav_rgbt_20190925_200805_1_2_infrared.mp4,765,1,239,189,260,198,propagated:0.990
/Users/bround/Documents/Projects/GimbalProject/test_videos/antiuav_rgbt_20190925_200805_1_2_infrared.mp4,766,1,239,189,260,198,propagated:0.985
/Users/bround/Documents/Projects/GimbalProject/test_videos/antiuav_rgbt_20190925_200805_1_2_infrared.mp4,767,1,239,189,260,198,propagated:0.992
/Users/bround/Documents/Projects/GimbalProject/test_videos/antiuav_rgbt_20190925_200805_1_2_infrared.mp4,768,1,239,189,260,198,propagated:0.974
/Users/bround/Documents/Projects/GimbalProject/test_videos/antiuav_rgbt_20190925_200805_1_2_infrared.mp4,769,1,239,189,260,198,propagated:0.970
/Users/bround/Documents/Projects/GimbalProject/test_videos/antiuav_rgbt_20190925_200805_1_2_infrared.mp4,770,1,239,189,260,198,propagated:0.975
/Users/bround/Documents/Projects/GimbalProject/test_videos/antiuav_rgbt_20190925_200805_1_2_infrared.mp4,771,1,239,189,260,198,propagated:0.976
/Users/bround/Documents/Projects/GimbalProject/test_videos/antiuav_rgbt_20190925_200805_1_2_infrared.mp4,772,1,239,189,260,198,propagated:0.981
/Users/bround/Documents/Projects/GimbalProject/test_videos/antiuav_rgbt_20190925_200805_1_2_infrared.mp4,773,1,239,189,260,198,propagated:0.983
/Users/bround/Documents/Projects/GimbalProject/test_videos/antiuav_rgbt_20190925_200805_1_2_infrared.mp4,774,1,239,189,260,198,propagated:0.991
/Users/bround/Documents/Projects/GimbalProject/test_videos/antiuav_rgbt_20190925_200805_1_2_infrared.mp4,775,1,239,189,260,198,propagated:0.992
/Users/bround/Documents/Projects/GimbalProject/test_videos/antiuav_rgbt_20190925_200805_1_2_infrared.mp4,776,1,239,189,260,198,propagated:0.992
/Users/bround/Documents/Projects/GimbalProject/test_videos/antiuav_rgbt_20190925_200805_1_2_infrared.mp4,777,1,239,189,260,198,propagated:0.992
/Users/bround/Documents/Projects/GimbalProject/test_videos/antiuav_rgbt_20190925_200805_1_2_infrared.mp4,778,1,239,189,260,198,propagated:0.992
/Users/bround/Documents/Projects/GimbalProject/test_videos/antiuav_rgbt_20190925_200805_1_2_infrared.mp4,779,1,239,189,260,198,propagated:0.992
/Users/bround/Documents/Projects/GimbalProject/test_videos/antiuav_rgbt_20190925_200805_1_2_infrared.mp4,780,1,239,189,260,198,propagated:0.971
/Users/bround/Documents/Projects/GimbalProject/test_videos/antiuav_rgbt_20190925_200805_1_2_infrared.mp4,781,1,239,189,260,198,propagated:0.976
/Users/bround/Documents/Projects/GimbalProject/test_videos/antiuav_rgbt_20190925_200805_1_2_infrared.mp4,782,1,239,189,260,198,propagated:0.985
/Users/bround/Documents/Projects/GimbalProject/test_videos/antiuav_rgbt_20190925_200805_1_2_infrared.mp4,783,1,239,189,260,198,propagated:0.989
/Users/bround/Documents/Projects/GimbalProject/test_videos/antiuav_rgbt_20190925_200805_1_2_infrared.mp4,784,1,239,189,260,198,propagated:0.992
/Users/bround/Documents/Projects/GimbalProject/test_videos/antiuav_rgbt_20190925_200805_1_2_infrared.mp4,785,1,239,189,260,198,propagated:0.989
/Users/bround/Documents/Projects/GimbalProject/test_videos/antiuav_rgbt_20190925_200805_1_2_infrared.mp4,786,1,239,189,260,198,propagated:0.991
/Users/bround/Documents/Projects/GimbalProject/test_videos/antiuav_rgbt_20190925_200805_1_2_infrared.mp4,787,1,239,189,260,198,propagated:0.993
/Users/bround/Documents/Projects/GimbalProject/test_videos/antiuav_rgbt_20190925_200805_1_2_infrared.mp4,788,1,239,189,260,198,propagated:0.993
/Users/bround/Documents/Projects/GimbalProject/test_videos/antiuav_rgbt_20190925_200805_1_2_infrared.mp4,789,1,239,189,260,198,propagated:0.993
/Users/bround/Documents/Projects/GimbalProject/test_videos/antiuav_rgbt_20190925_200805_1_2_infrared.mp4,790,1,239,189,260,198,propagated:0.993
/Users/bround/Documents/Projects/GimbalProject/test_videos/antiuav_rgbt_20190925_200805_1_2_infrared.mp4,791,1,239,189,260,198,propagated:0.993
/Users/bround/Documents/Projects/GimbalProject/test_videos/antiuav_rgbt_20190925_200805_1_2_infrared.mp4,792,1,239,189,260,198,propagated:0.986
/Users/bround/Documents/Projects/GimbalProject/test_videos/antiuav_rgbt_20190925_200805_1_2_infrared.mp4,793,1,210,167,231,176,propagated:0.593
/Users/bround/Documents/Projects/GimbalProject/test_videos/antiuav_rgbt_20190925_200805_1_2_infrared.mp4,794,1,210,167,231,176,propagated:0.609
/Users/bround/Documents/Projects/GimbalProject/test_videos/antiuav_rgbt_20190925_200805_1_2_infrared.mp4,795,1,226,167,247,176,propagated:0.463
/Users/bround/Documents/Projects/GimbalProject/test_videos/antiuav_rgbt_20190925_200805_1_2_infrared.mp4,796,1,248,192,269,201,propagated:0.529
/Users/bround/Documents/Projects/GimbalProject/test_videos/antiuav_rgbt_20190925_200805_1_2_infrared.mp4,797,1,210,215,231,224,propagated:0.565
/Users/bround/Documents/Projects/GimbalProject/test_videos/antiuav_rgbt_20190925_200805_1_2_infrared.mp4,798,1,251,236,272,245,propagated:0.651
/Users/bround/Documents/Projects/GimbalProject/test_videos/antiuav_rgbt_20190925_200805_1_2_infrared.mp4,799,1,314,247,335,256,propagated:0.676
/Users/bround/Documents/Projects/GimbalProject/test_videos/antiuav_rgbt_20190925_200805_1_2_infrared.mp4,800,1,273,220,294,229,propagated:0.599
/Users/bround/Documents/Projects/GimbalProject/test_videos/antiuav_rgbt_20190925_200805_1_2_infrared.mp4,801,1,273,223,294,232,propagated:0.662
/Users/bround/Documents/Projects/GimbalProject/test_videos/antiuav_rgbt_20190925_200805_1_2_infrared.mp4,802,1,273,219,294,228,propagated:0.645
/Users/bround/Documents/Projects/GimbalProject/test_videos/antiuav_rgbt_20190925_200805_1_2_infrared.mp4,803,1,274,218,295,227,propagated:0.659
/Users/bround/Documents/Projects/GimbalProject/test_videos/antiuav_rgbt_20190925_200805_1_2_infrared.mp4,804,1,258,231,279,240,propagated:0.668
/Users/bround/Documents/Projects/GimbalProject/test_videos/antiuav_rgbt_20190925_200805_1_2_infrared.mp4,805,1,274,219,295,228,propagated:0.655
/Users/bround/Documents/Projects/GimbalProject/test_videos/antiuav_rgbt_20190925_200805_1_2_infrared.mp4,806,1,282,219,303,228,propagated:0.694
/Users/bround/Documents/Projects/GimbalProject/test_videos/antiuav_rgbt_20190925_200805_1_2_infrared.mp4,807,1,275,220,296,229,propagated:0.768
/Users/bround/Documents/Projects/GimbalProject/test_videos/antiuav_rgbt_20190925_200805_1_2_infrared.mp4,808,1,275,219,296,228,propagated:0.819
/Users/bround/Documents/Projects/GimbalProject/test_videos/antiuav_rgbt_20190925_200805_1_2_infrared.mp4,809,1,275,219,296,228,propagated:0.870
/Users/bround/Documents/Projects/GimbalProject/test_videos/antiuav_rgbt_20190925_200805_1_2_infrared.mp4,810,1,276,219,297,228,propagated:0.857
/Users/bround/Documents/Projects/GimbalProject/test_videos/antiuav_rgbt_20190925_200805_1_2_infrared.mp4,811,1,276,219,297,228,propagated:0.925
/Users/bround/Documents/Projects/GimbalProject/test_videos/antiuav_rgbt_20190925_200805_1_2_infrared.mp4,812,1,276,220,297,229,propagated:0.926
/Users/bround/Documents/Projects/GimbalProject/test_videos/antiuav_rgbt_20190925_200805_1_2_infrared.mp4,813,1,276,220,297,229,propagated:0.868
/Users/bround/Documents/Projects/GimbalProject/test_videos/antiuav_rgbt_20190925_200805_1_2_infrared.mp4,814,1,276,219,297,228,propagated:0.906
/Users/bround/Documents/Projects/GimbalProject/test_videos/antiuav_rgbt_20190925_200805_1_2_infrared.mp4,815,1,276,219,297,228,propagated:0.947
/Users/bround/Documents/Projects/GimbalProject/test_videos/antiuav_rgbt_20190925_200805_1_2_infrared.mp4,816,1,276,219,297,228,propagated:0.880
/Users/bround/Documents/Projects/GimbalProject/test_videos/antiuav_rgbt_20190925_200805_1_2_infrared.mp4,817,1,276,219,297,228,propagated:0.895
/Users/bround/Documents/Projects/GimbalProject/test_videos/antiuav_rgbt_20190925_200805_1_2_infrared.mp4,818,1,275,219,296,228,propagated:0.924
/Users/bround/Documents/Projects/GimbalProject/test_videos/antiuav_rgbt_20190925_200805_1_2_infrared.mp4,819,1,276,218,297,227,propagated:0.913
/Users/bround/Documents/Projects/GimbalProject/test_videos/antiuav_rgbt_20190925_200805_1_2_infrared.mp4,820,1,276,219,297,228,propagated:0.858
/Users/bround/Documents/Projects/GimbalProject/test_videos/antiuav_rgbt_20190925_200805_1_2_infrared.mp4,821,1,276,219,297,228,propagated:0.920
/Users/bround/Documents/Projects/GimbalProject/test_videos/antiuav_rgbt_20190925_200805_1_2_infrared.mp4,822,1,276,219,297,228,propagated:0.975
/Users/bround/Documents/Projects/GimbalProject/test_videos/antiuav_rgbt_20190925_200805_1_2_infrared.mp4,823,1,276,219,297,228,propagated:0.966
/Users/bround/Documents/Projects/GimbalProject/test_videos/antiuav_rgbt_20190925_200805_1_2_infrared.mp4,824,1,276,219,297,228,propagated:0.984
/Users/bround/Documents/Projects/GimbalProject/test_videos/antiuav_rgbt_20190925_200805_1_2_infrared.mp4,825,1,289,222,310,231,propagated:0.841
/Users/bround/Documents/Projects/GimbalProject/test_videos/antiuav_rgbt_20190925_200805_1_2_infrared.mp4,826,1,291,222,312,231,propagated:0.876
/Users/bround/Documents/Projects/GimbalProject/test_videos/antiuav_rgbt_20190925_200805_1_2_infrared.mp4,827,1,291,222,312,231,propagated:0.890
/Users/bround/Documents/Projects/GimbalProject/test_videos/antiuav_rgbt_20190925_200805_1_2_infrared.mp4,828,1,292,222,313,231,propagated:0.902
/Users/bround/Documents/Projects/GimbalProject/test_videos/antiuav_rgbt_20190925_200805_1_2_infrared.mp4,829,1,248,265,270,277,manual
/Users/bround/Documents/Projects/GimbalProject/test_videos/antiuav_rgbt_20190925_200805_1_2_infrared.mp4,830,1,250,265,272,276,manual
/Users/bround/Documents/Projects/GimbalProject/test_videos/antiuav_rgbt_20190925_200805_1_2_infrared.mp4,831,1,254,264,279,278,manual
/Users/bround/Documents/Projects/GimbalProject/test_videos/antiuav_rgbt_20190925_200805_1_2_infrared.mp4,832,1,252,264,286,281,manual
/Users/bround/Documents/Projects/GimbalProject/test_videos/antiuav_rgbt_20190925_200805_1_2_infrared.mp4,833,1,262,266,284,277,manual
/Users/bround/Documents/Projects/GimbalProject/test_videos/antiuav_rgbt_20190925_200805_1_2_infrared.mp4,834,1,260,266,292,279,manual
/Users/bround/Documents/Projects/GimbalProject/test_videos/antiuav_rgbt_20190925_200805_1_2_infrared.mp4,835,1,268,265,292,277,manual
/Users/bround/Documents/Projects/GimbalProject/test_videos/antiuav_rgbt_20190925_200805_1_2_infrared.mp4,836,1,270,264,296,278,manual
/Users/bround/Documents/Projects/GimbalProject/test_videos/antiuav_rgbt_20190925_200805_1_2_infrared.mp4,837,1,274,264,302,278,manual
/Users/bround/Documents/Projects/GimbalProject/test_videos/antiuav_rgbt_20190925_200805_1_2_infrared.mp4,838,1,279,265,303,278,manual
/Users/bround/Documents/Projects/GimbalProject/test_videos/antiuav_rgbt_20190925_200805_1_2_infrared.mp4,839,1,282,264,308,280,manual
/Users/bround/Documents/Projects/GimbalProject/test_videos/antiuav_rgbt_20190925_200805_1_2_infrared.mp4,840,1,285,261,306,278,manual
/Users/bround/Documents/Projects/GimbalProject/test_videos/antiuav_rgbt_20190925_200805_1_2_infrared.mp4,841,1,111,263,139,279,manual
/Users/bround/Documents/Projects/GimbalProject/test_videos/antiuav_rgbt_20190925_200805_1_2_infrared.mp4,842,1,118,263,146,279,propagated:0.986
/Users/bround/Documents/Projects/GimbalProject/test_videos/antiuav_rgbt_20190925_200805_1_2_infrared.mp4,843,1,123,263,151,279,propagated:0.990
/Users/bround/Documents/Projects/GimbalProject/test_videos/antiuav_rgbt_20190925_200805_1_2_infrared.mp4,844,1,123,263,151,279,propagated:0.982
/Users/bround/Documents/Projects/GimbalProject/test_videos/antiuav_rgbt_20190925_200805_1_2_infrared.mp4,845,1,126,263,154,279,propagated:0.994
/Users/bround/Documents/Projects/GimbalProject/test_videos/antiuav_rgbt_20190925_200805_1_2_infrared.mp4,846,1,129,263,157,279,propagated:0.992
/Users/bround/Documents/Projects/GimbalProject/test_videos/antiuav_rgbt_20190925_200805_1_2_infrared.mp4,847,1,133,263,161,279,propagated:0.985
/Users/bround/Documents/Projects/GimbalProject/test_videos/antiuav_rgbt_20190925_200805_1_2_infrared.mp4,848,1,136,263,164,279,propagated:0.993
/Users/bround/Documents/Projects/GimbalProject/test_videos/antiuav_rgbt_20190925_200805_1_2_infrared.mp4,849,1,139,263,167,279,propagated:0.991
/Users/bround/Documents/Projects/GimbalProject/test_videos/antiuav_rgbt_20190925_200805_1_2_infrared.mp4,850,1,143,263,171,279,propagated:0.992
/Users/bround/Documents/Projects/GimbalProject/test_videos/antiuav_rgbt_20190925_200805_1_2_infrared.mp4,851,1,146,263,174,279,propagated:0.994
/Users/bround/Documents/Projects/GimbalProject/test_videos/antiuav_rgbt_20190925_200805_1_2_infrared.mp4,852,1,150,263,178,279,propagated:0.992
/Users/bround/Documents/Projects/GimbalProject/test_videos/antiuav_rgbt_20190925_200805_1_2_infrared.mp4,853,1,153,263,181,279,propagated:0.993
/Users/bround/Documents/Projects/GimbalProject/test_videos/antiuav_rgbt_20190925_200805_1_2_infrared.mp4,854,1,157,263,185,279,propagated:0.992
/Users/bround/Documents/Projects/GimbalProject/test_videos/antiuav_rgbt_20190925_200805_1_2_infrared.mp4,855,1,160,263,188,279,propagated:0.991
/Users/bround/Documents/Projects/GimbalProject/test_videos/antiuav_rgbt_20190925_200805_1_2_infrared.mp4,856,1,164,263,192,279,propagated:0.992
/Users/bround/Documents/Projects/GimbalProject/test_videos/antiuav_rgbt_20190925_200805_1_2_infrared.mp4,857,1,167,263,195,279,propagated:0.988
/Users/bround/Documents/Projects/GimbalProject/test_videos/antiuav_rgbt_20190925_200805_1_2_infrared.mp4,858,1,171,263,199,279,propagated:0.993
/Users/bround/Documents/Projects/GimbalProject/test_videos/antiuav_rgbt_20190925_200805_1_2_infrared.mp4,859,1,174,263,202,279,propagated:0.985
/Users/bround/Documents/Projects/GimbalProject/test_videos/antiuav_rgbt_20190925_200805_1_2_infrared.mp4,860,1,178,263,206,279,propagated:0.995
/Users/bround/Documents/Projects/GimbalProject/test_videos/antiuav_rgbt_20190925_200805_1_2_infrared.mp4,861,1,181,263,209,279,propagated:0.981
/Users/bround/Documents/Projects/GimbalProject/test_videos/antiuav_rgbt_20190925_200805_1_2_infrared.mp4,862,1,185,263,213,279,propagated:0.996
/Users/bround/Documents/Projects/GimbalProject/test_videos/antiuav_rgbt_20190925_200805_1_2_infrared.mp4,863,1,188,263,216,279,propagated:0.985
/Users/bround/Documents/Projects/GimbalProject/test_videos/antiuav_rgbt_20190925_200805_1_2_infrared.mp4,864,1,192,263,220,279,propagated:0.993
/Users/bround/Documents/Projects/GimbalProject/test_videos/antiuav_rgbt_20190925_200805_1_2_infrared.mp4,865,1,195,263,223,279,propagated:0.986
/Users/bround/Documents/Projects/GimbalProject/test_videos/antiuav_rgbt_20190925_200805_1_2_infrared.mp4,866,1,199,263,227,279,propagated:0.995
/Users/bround/Documents/Projects/GimbalProject/test_videos/antiuav_rgbt_20190925_200805_1_2_infrared.mp4,867,1,202,263,230,279,propagated:0.987
/Users/bround/Documents/Projects/GimbalProject/test_videos/antiuav_rgbt_20190925_200805_1_2_infrared.mp4,868,1,206,263,234,279,propagated:0.985
/Users/bround/Documents/Projects/GimbalProject/test_videos/antiuav_rgbt_20190925_200805_1_2_infrared.mp4,869,1,209,263,237,279,propagated:0.983
/Users/bround/Documents/Projects/GimbalProject/test_videos/antiuav_rgbt_20190925_200805_1_2_infrared.mp4,870,1,213,263,241,279,propagated:0.987
/Users/bround/Documents/Projects/GimbalProject/test_videos/antiuav_rgbt_20190925_200805_1_2_infrared.mp4,871,1,216,263,244,279,propagated:0.983
/Users/bround/Documents/Projects/GimbalProject/test_videos/antiuav_rgbt_20190925_200805_1_2_infrared.mp4,872,1,220,263,248,279,propagated:0.994
/Users/bround/Documents/Projects/GimbalProject/test_videos/antiuav_rgbt_20190925_200805_1_2_infrared.mp4,873,1,223,263,251,279,propagated:0.983
/Users/bround/Documents/Projects/GimbalProject/test_videos/antiuav_rgbt_20190925_200805_1_2_infrared.mp4,874,1,227,263,255,279,propagated:0.996
/Users/bround/Documents/Projects/GimbalProject/test_videos/antiuav_rgbt_20190925_200805_1_2_infrared.mp4,875,1,230,263,258,279,propagated:0.986
/Users/bround/Documents/Projects/GimbalProject/test_videos/antiuav_rgbt_20190925_200805_1_2_infrared.mp4,876,1,234,263,262,279,propagated:0.995
/Users/bround/Documents/Projects/GimbalProject/test_videos/antiuav_rgbt_20190925_200805_1_2_infrared.mp4,877,1,237,263,265,279,propagated:0.984
/Users/bround/Documents/Projects/GimbalProject/test_videos/antiuav_rgbt_20190925_200805_1_2_infrared.mp4,878,1,241,263,269,279,propagated:0.993
/Users/bround/Documents/Projects/GimbalProject/test_videos/antiuav_rgbt_20190925_200805_1_2_infrared.mp4,879,1,244,263,272,279,propagated:0.988
/Users/bround/Documents/Projects/GimbalProject/test_videos/antiuav_rgbt_20190925_200805_1_2_infrared.mp4,880,1,248,263,276,279,propagated:0.993
/Users/bround/Documents/Projects/GimbalProject/test_videos/antiuav_rgbt_20190925_200805_1_2_infrared.mp4,881,1,251,263,279,279,propagated:0.989
/Users/bround/Documents/Projects/GimbalProject/test_videos/antiuav_rgbt_20190925_200805_1_2_infrared.mp4,882,1,255,263,283,279,propagated:0.987
/Users/bround/Documents/Projects/GimbalProject/test_videos/antiuav_rgbt_20190925_200805_1_2_infrared.mp4,883,1,258,263,286,279,propagated:0.988
/Users/bround/Documents/Projects/GimbalProject/test_videos/antiuav_rgbt_20190925_200805_1_2_infrared.mp4,884,1,262,263,290,279,propagated:0.989
/Users/bround/Documents/Projects/GimbalProject/test_videos/antiuav_rgbt_20190925_200805_1_2_infrared.mp4,885,1,265,263,293,279,propagated:0.988
/Users/bround/Documents/Projects/GimbalProject/test_videos/antiuav_rgbt_20190925_200805_1_2_infrared.mp4,886,1,269,263,297,279,propagated:0.989
/Users/bround/Documents/Projects/GimbalProject/test_videos/antiuav_rgbt_20190925_200805_1_2_infrared.mp4,887,1,272,263,300,279,propagated:0.986
/Users/bround/Documents/Projects/GimbalProject/test_videos/antiuav_rgbt_20190925_200805_1_2_infrared.mp4,888,1,276,263,304,279,propagated:0.987
/Users/bround/Documents/Projects/GimbalProject/test_videos/antiuav_rgbt_20190925_200805_1_2_infrared.mp4,889,1,279,263,307,279,propagated:0.980
/Users/bround/Documents/Projects/GimbalProject/test_videos/antiuav_rgbt_20190925_200805_1_2_infrared.mp4,890,1,283,263,311,279,propagated:0.982
/Users/bround/Documents/Projects/GimbalProject/test_videos/antiuav_rgbt_20190925_200805_1_2_infrared.mp4,891,1,286,263,314,279,propagated:0.984
/Users/bround/Documents/Projects/GimbalProject/test_videos/antiuav_rgbt_20190925_200805_1_2_infrared.mp4,892,1,290,263,318,279,propagated:0.980
/Users/bround/Documents/Projects/GimbalProject/test_videos/antiuav_rgbt_20190925_200805_1_2_infrared.mp4,893,1,293,263,321,279,propagated:0.977
/Users/bround/Documents/Projects/GimbalProject/test_videos/antiuav_rgbt_20190925_200805_1_2_infrared.mp4,894,1,297,263,325,279,propagated:0.979
/Users/bround/Documents/Projects/GimbalProject/test_videos/antiuav_rgbt_20190925_200805_1_2_infrared.mp4,895,1,300,263,328,279,propagated:0.984
/Users/bround/Documents/Projects/GimbalProject/test_videos/antiuav_rgbt_20190925_200805_1_2_infrared.mp4,896,1,304,263,332,279,propagated:0.970
/Users/bround/Documents/Projects/GimbalProject/test_videos/antiuav_rgbt_20190925_200805_1_2_infrared.mp4,897,1,307,263,335,279,propagated:0.980
/Users/bround/Documents/Projects/GimbalProject/test_videos/antiuav_rgbt_20190925_200805_1_2_infrared.mp4,898,1,311,263,339,279,propagated:0.967
/Users/bround/Documents/Projects/GimbalProject/test_videos/antiuav_rgbt_20190925_200805_1_2_infrared.mp4,899,1,314,263,342,279,propagated:0.982
/Users/bround/Documents/Projects/GimbalProject/test_videos/antiuav_rgbt_20190925_200805_1_2_infrared.mp4,900,1,318,263,346,279,propagated:0.969
/Users/bround/Documents/Projects/GimbalProject/test_videos/antiuav_rgbt_20190925_200805_1_2_infrared.mp4,901,1,321,263,349,279,propagated:0.985
/Users/bround/Documents/Projects/GimbalProject/test_videos/antiuav_rgbt_20190925_200805_1_2_infrared.mp4,902,1,324,263,352,279,propagated:0.986
/Users/bround/Documents/Projects/GimbalProject/test_videos/antiuav_rgbt_20190925_200805_1_2_infrared.mp4,903,1,328,263,356,279,propagated:0.984
/Users/bround/Documents/Projects/GimbalProject/test_videos/antiuav_rgbt_20190925_200805_1_2_infrared.mp4,904,1,331,263,359,279,propagated:0.988
/Users/bround/Documents/Projects/GimbalProject/test_videos/antiuav_rgbt_20190925_200805_1_2_infrared.mp4,905,1,335,263,363,279,propagated:0.984
/Users/bround/Documents/Projects/GimbalProject/test_videos/antiuav_rgbt_20190925_200805_1_2_infrared.mp4,906,1,338,263,366,279,propagated:0.987
/Users/bround/Documents/Projects/GimbalProject/test_videos/antiuav_rgbt_20190925_200805_1_2_infrared.mp4,907,1,342,263,370,279,propagated:0.978
/Users/bround/Documents/Projects/GimbalProject/test_videos/antiuav_rgbt_20190925_200805_1_2_infrared.mp4,908,1,345,263,373,279,propagated:0.988
/Users/bround/Documents/Projects/GimbalProject/test_videos/antiuav_rgbt_20190925_200805_1_2_infrared.mp4,909,1,348,263,376,279,propagated:0.977
/Users/bround/Documents/Projects/GimbalProject/test_videos/antiuav_rgbt_20190925_200805_1_2_infrared.mp4,910,1,352,263,380,279,propagated:0.989
/Users/bround/Documents/Projects/GimbalProject/test_videos/antiuav_rgbt_20190925_200805_1_2_infrared.mp4,911,1,355,263,383,279,propagated:0.988
/Users/bround/Documents/Projects/GimbalProject/test_videos/antiuav_rgbt_20190925_200805_1_2_infrared.mp4,912,1,359,263,387,279,propagated:0.989
/Users/bround/Documents/Projects/GimbalProject/test_videos/antiuav_rgbt_20190925_200805_1_2_infrared.mp4,913,1,384,274,412,290,propagated:0.523
/Users/bround/Documents/Projects/GimbalProject/test_videos/antiuav_rgbt_20190925_200805_1_2_infrared.mp4,914,1,317,306,345,322,propagated:0.545
/Users/bround/Documents/Projects/GimbalProject/test_videos/antiuav_rgbt_20190925_200805_1_2_infrared.mp4,915,1,392,332,420,348,propagated:0.590
/Users/bround/Documents/Projects/GimbalProject/test_videos/antiuav_rgbt_20190925_200805_1_2_infrared.mp4,916,1,389,332,417,348,propagated:0.680
/Users/bround/Documents/Projects/GimbalProject/test_videos/antiuav_rgbt_20190925_200805_1_2_infrared.mp4,917,1,388,332,416,348,propagated:0.746
/Users/bround/Documents/Projects/GimbalProject/test_videos/antiuav_rgbt_20190925_200805_1_2_infrared.mp4,918,1,388,332,416,348,propagated:0.813
/Users/bround/Documents/Projects/GimbalProject/test_videos/antiuav_rgbt_20190925_200805_1_2_infrared.mp4,919,1,387,332,415,348,propagated:0.859
/Users/bround/Documents/Projects/GimbalProject/test_videos/antiuav_rgbt_20190925_200805_1_2_infrared.mp4,920,1,387,332,415,348,propagated:0.900
/Users/bround/Documents/Projects/GimbalProject/test_videos/antiuav_rgbt_20190925_200805_1_2_infrared.mp4,921,1,387,332,415,348,propagated:0.931
/Users/bround/Documents/Projects/GimbalProject/test_videos/antiuav_rgbt_20190925_200805_1_2_infrared.mp4,922,1,387,332,415,348,propagated:0.948
/Users/bround/Documents/Projects/GimbalProject/test_videos/antiuav_rgbt_20190925_200805_1_2_infrared.mp4,923,1,387,332,415,348,propagated:0.962
/Users/bround/Documents/Projects/GimbalProject/test_videos/antiuav_rgbt_20190925_200805_1_2_infrared.mp4,924,1,387,332,415,348,propagated:0.972
/Users/bround/Documents/Projects/GimbalProject/test_videos/antiuav_rgbt_20190925_200805_1_2_infrared.mp4,925,1,387,332,415,348,propagated:0.981
/Users/bround/Documents/Projects/GimbalProject/test_videos/antiuav_rgbt_20190925_200805_1_2_infrared.mp4,926,1,387,332,415,348,propagated:0.986
/Users/bround/Documents/Projects/GimbalProject/test_videos/antiuav_rgbt_20190925_200805_1_2_infrared.mp4,927,1,225,267,250,281,manual
/Users/bround/Documents/Projects/GimbalProject/test_videos/antiuav_rgbt_20190925_200805_1_2_infrared.mp4,928,1,228,267,255,281,manual
/Users/bround/Documents/Projects/GimbalProject/test_videos/antiuav_rgbt_20190925_200805_1_2_infrared.mp4,929,1,234,268,256,280,manual
/Users/bround/Documents/Projects/GimbalProject/test_videos/antiuav_rgbt_20190925_200805_1_2_infrared.mp4,930,1,237,268,256,279,manual
/Users/bround/Documents/Projects/GimbalProject/test_videos/antiuav_rgbt_20190925_200805_1_2_infrared.mp4,931,1,240,269,264,281,manual
/Users/bround/Documents/Projects/GimbalProject/test_videos/antiuav_rgbt_20190925_200805_1_2_infrared.mp4,932,1,237,267,270,280,manual
/Users/bround/Documents/Projects/GimbalProject/test_videos/antiuav_rgbt_20190925_200805_1_2_infrared.mp4,933,1,245,268,272,280,manual
