source,frame_index,visible,x1,y1,x2,y2,note
/Users/bround/Documents/Projects/GimbalProject/test_videos/antiuav_rgbt_train_20190925_205804_1_2_infrared.mp4,0,1,390,359,460,407,manual
/Users/bround/Documents/Projects/GimbalProject/test_videos/antiuav_rgbt_train_20190925_205804_1_2_infrared.mp4,1,1,228,359,289,408,manual
/Users/bround/Documents/Projects/GimbalProject/test_videos/antiuav_rgbt_train_20190925_205804_1_2_infrared.mp4,14,1,308,349,370,397,manual
/Users/bround/Documents/Projects/GimbalProject/test_videos/antiuav_rgbt_train_20190925_205804_1_2_infrared.mp4,16,1,315,348,377,396,propagated:0.979
/Users/bround/Documents/Projects/GimbalProject/test_videos/antiuav_rgbt_train_20190925_205804_1_2_infrared.mp4,17,1,321,348,383,396,propagated:0.983
/Users/bround/Documents/Projects/GimbalProject/test_videos/antiuav_rgbt_train_20190925_205804_1_2_infrared.mp4,18,1,328,347,390,395,propagated:0.985
/Users/bround/Documents/Projects/GimbalProject/test_videos/antiuav_rgbt_train_20190925_205804_1_2_infrared.mp4,19,1,334,347,396,395,propagated:0.992
/Users/bround/Documents/Projects/GimbalProject/test_videos/antiuav_rgbt_train_20190925_205804_1_2_infrared.mp4,20,1,341,346,403,394,propagated:0.990
/Users/bround/Documents/Projects/GimbalProject/test_videos/antiuav_rgbt_train_20190925_205804_1_2_infrared.mp4,21,1,347,346,409,394,propagated:0.992
/Users/bround/Documents/Projects/GimbalProject/test_videos/antiuav_rgbt_train_20190925_205804_1_2_infrared.mp4,22,1,354,346,416,394,propagated:0.982
/Users/bround/Documents/Projects/GimbalProject/test_videos/antiuav_rgbt_train_20190925_205804_1_2_infrared.mp4,23,1,360,345,422,393,propagated:0.995
/Users/bround/Documents/Projects/GimbalProject/test_videos/antiuav_rgbt_train_20190925_205804_1_2_infrared.mp4,24,1,367,345,429,393,propagated:0.986
/Users/bround/Documents/Projects/GimbalProject/test_videos/antiuav_rgbt_train_20190925_205804_1_2_infrared.mp4,25,1,373,345,435,393,propagated:0.994
/Users/bround/Documents/Projects/GimbalProject/test_videos/antiuav_rgbt_train_20190925_205804_1_2_infrared.mp4,26,1,379,345,441,393,propagated:0.979
/Users/bround/Documents/Projects/GimbalProject/test_videos/antiuav_rgbt_train_20190925_205804_1_2_infrared.mp4,27,1,386,344,448,392,propagated:0.984
/Users/bround/Documents/Projects/GimbalProject/test_videos/antiuav_rgbt_train_20190925_205804_1_2_infrared.mp4,28,1,392,344,454,392,propagated:0.983
/Users/bround/Documents/Projects/GimbalProject/test_videos/antiuav_rgbt_train_20190925_205804_1_2_infrared.mp4,29,1,399,344,461,392,propagated:0.996
/Users/bround/Documents/Projects/GimbalProject/test_videos/antiuav_rgbt_train_20190925_205804_1_2_infrared.mp4,30,1,405,344,467,392,propagated:0.986
/Users/bround/Documents/Projects/GimbalProject/test_videos/antiuav_rgbt_train_20190925_205804_1_2_infrared.mp4,31,1,412,344,474,392,propagated:0.988
/Users/bround/Documents/Projects/GimbalProject/test_videos/antiuav_rgbt_train_20190925_205804_1_2_infrared.mp4,32,1,418,344,480,392,propagated:0.988
/Users/bround/Documents/Projects/GimbalProject/test_videos/antiuav_rgbt_train_20190925_205804_1_2_infrared.mp4,33,1,425,343,487,391,propagated:0.984
/Users/bround/Documents/Projects/GimbalProject/test_videos/antiuav_rgbt_train_20190925_205804_1_2_infrared.mp4,34,1,431,343,493,391,propagated:0.992
/Users/bround/Documents/Projects/GimbalProject/test_videos/antiuav_rgbt_train_20190925_205804_1_2_infrared.mp4,35,1,438,343,500,391,propagated:0.991
/Users/bround/Documents/Projects/GimbalProject/test_videos/antiuav_rgbt_train_20190925_205804_1_2_infrared.mp4,36,1,436,343,498,391,propagated:0.929
/Users/bround/Documents/Projects/GimbalProject/test_videos/antiuav_rgbt_train_20190925_205804_1_2_infrared.mp4,37,1,382,343,444,391,propagated:0.750
/Users/bround/Documents/Projects/GimbalProject/test_videos/antiuav_rgbt_train_20190925_205804_1_2_infrared.mp4,38,1,304,343,366,391,propagated:0.974
/Users/bround/Documents/Projects/GimbalProject/test_videos/antiuav_rgbt_train_20190925_205804_1_2_infrared.mp4,39,1,310,343,372,391,propagated:0.971
/Users/bround/Documents/Projects/GimbalProject/test_videos/antiuav_rgbt_train_20190925_205804_1_2_infrared.mp4,40,1,312,342,374,390,propagated:0.977
/Users/bround/Documents/Projects/GimbalProject/test_videos/antiuav_rgbt_train_20190925_205804_1_2_infrared.mp4,41,1,317,342,379,390,propagated:0.988
/Users/bround/Documents/Projects/GimbalProject/test_videos/antiuav_rgbt_train_20190925_205804_1_2_infrared.mp4,42,1,323,342,385,390,propagated:0.985
/Users/bround/Documents/Projects/GimbalProject/test_videos/antiuav_rgbt_train_20190925_205804_1_2_infrared.mp4,43,1,329,342,391,390,propagated:0.990
/Users/bround/Documents/Projects/GimbalProject/test_videos/antiuav_rgbt_train_20190925_205804_1_2_infrared.mp4,44,1,335,342,397,390,propagated:0.992
/Users/bround/Documents/Projects/GimbalProject/test_videos/antiuav_rgbt_train_20190925_205804_1_2_infrared.mp4,45,1,342,342,404,390,propagated:0.991
/Users/bround/Documents/Projects/GimbalProject/test_videos/antiuav_rgbt_train_20190925_205804_1_2_infrared.mp4,46,1,348,342,410,390,propagated:0.993
/Users/bround/Documents/Projects/GimbalProject/test_videos/antiuav_rgbt_train_20190925_205804_1_2_infrared.mp4,47,1,355,342,417,390,propagated:0.988
/Users/bround/Documents/Projects/GimbalProject/test_videos/antiuav_rgbt_train_20190925_205804_1_2_infrared.mp4,48,1,361,342,423,390,propagated:0.994
/Users/bround/Documents/Projects/GimbalProject/test_videos/antiuav_rgbt_train_20190925_205804_1_2_infrared.mp4,49,1,367,342,429,390,propagated:0.992
/Users/bround/Documents/Projects/GimbalProject/test_videos/antiuav_rgbt_train_20190925_205804_1_2_infrared.mp4,50,1,374,342,436,390,propagated:0.983
/Users/bround/Documents/Projects/GimbalProject/test_videos/antiuav_rgbt_train_20190925_205804_1_2_infrared.mp4,51,1,380,342,442,390,propagated:0.990
/Users/bround/Documents/Projects/GimbalProject/test_videos/antiuav_rgbt_train_20190925_205804_1_2_infrared.mp4,52,1,386,342,448,390,propagated:0.986
/Users/bround/Documents/Projects/GimbalProject/test_videos/antiuav_rgbt_train_20190925_205804_1_2_infrared.mp4,53,1,393,342,455,390,propagated:0.990
/Users/bround/Documents/Projects/GimbalProject/test_videos/antiuav_rgbt_train_20190925_205804_1_2_infrared.mp4,54,1,399,342,461,390,propagated:0.994
/Users/bround/Documents/Projects/GimbalProject/test_videos/antiuav_rgbt_train_20190925_205804_1_2_infrared.mp4,55,1,406,342,468,390,propagated:0.988
/Users/bround/Documents/Projects/GimbalProject/test_videos/antiuav_rgbt_train_20190925_205804_1_2_infrared.mp4,56,1,412,342,474,390,propagated:0.994
/Users/bround/Documents/Projects/GimbalProject/test_videos/antiuav_rgbt_train_20190925_205804_1_2_infrared.mp4,57,1,418,342,480,390,propagated:0.997
/Users/bround/Documents/Projects/GimbalProject/test_videos/antiuav_rgbt_train_20190925_205804_1_2_infrared.mp4,58,1,424,342,486,390,propagated:0.995
/Users/bround/Documents/Projects/GimbalProject/test_videos/antiuav_rgbt_train_20190925_205804_1_2_infrared.mp4,59,1,431,342,493,390,propagated:0.987
/Users/bround/Documents/Projects/GimbalProject/test_videos/antiuav_rgbt_train_20190925_205804_1_2_infrared.mp4,60,1,437,342,499,390,propagated:0.994
/Users/bround/Documents/Projects/GimbalProject/test_videos/antiuav_rgbt_train_20190925_205804_1_2_infrared.mp4,61,1,440,342,502,390,propagated:0.991
/Users/bround/Documents/Projects/GimbalProject/test_videos/antiuav_rgbt_train_20190925_205804_1_2_infrared.mp4,62,1,397,342,459,390,propagated:0.742
/Users/bround/Documents/Projects/GimbalProject/test_videos/antiuav_rgbt_train_20190925_205804_1_2_infrared.mp4,63,1,196,345,255,394,manual
/Users/bround/Documents/Projects/GimbalProject/test_videos/antiuav_rgbt_train_20190925_205804_1_2_infrared.mp4,65,1,198,345,257,394,propagated:0.993
/Users/bround/Documents/Projects/GimbalProject/test_videos/antiuav_rgbt_train_20190925_205804_1_2_infrared.mp4,66,1,203,345,262,394,propagated:0.987
/Users/bround/Documents/Projects/GimbalProject/test_videos/antiuav_rgbt_train_20190925_205804_1_2_infrared.mp4,67,1,209,345,268,394,propagated:0.993
/Users/bround/Documents/Projects/GimbalProject/test_videos/antiuav_rgbt_train_20190925_205804_1_2_infrared.mp4,68,1,215,345,274,394,propagated:0.994
/Users/bround/Documents/Projects/GimbalProject/test_videos/antiuav_rgbt_train_20190925_205804_1_2_infrared.mp4,69,1,221,345,280,394,propagated:0.997
/Users/bround/Documents/Projects/GimbalProject/test_videos/antiuav_rgbt_train_20190925_205804_1_2_infrared.mp4,70,1,227,345,286,394,propagated:0.997
/Users/bround/Documents/Projects/GimbalProject/test_videos/antiuav_rgbt_train_20190925_205804_1_2_infrared.mp4,71,1,233,345,292,394,propagated:0.986
/Users/bround/Documents/Projects/GimbalProject/test_videos/antiuav_rgbt_train_20190925_205804_1_2_infrared.mp4,72,1,239,345,298,394,propagated:0.989
/Users/bround/Documents/Projects/GimbalProject/test_videos/antiuav_rgbt_train_20190925_205804_1_2_infrared.mp4,73,1,245,345,304,394,propagated:0.988
/Users/bround/Documents/Projects/GimbalProject/test_videos/antiuav_rgbt_train_20190925_205804_1_2_infrared.mp4,74,1,251,345,310,394,propagated:0.980
/Users/bround/Documents/Projects/GimbalProject/test_videos/antiuav_rgbt_train_20190925_205804_1_2_infrared.mp4,75,1,257,345,316,394,propagated:0.998
/Users/bround/Documents/Projects/GimbalProject/test_videos/antiuav_rgbt_train_20190925_205804_1_2_infrared.mp4,76,1,263,345,322,394,propagated:0.995
/Users/bround/Documents/Projects/GimbalProject/test_videos/antiuav_rgbt_train_20190925_205804_1_2_infrared.mp4,77,1,269,331,328,380,propagated:0.841
/Users/bround/Documents/Projects/GimbalProject/test_videos/antiuav_rgbt_train_20190925_205804_1_2_infrared.mp4,78,1,300,235,359,284,propagated:0.985
/Users/bround/Documents/Projects/GimbalProject/test_videos/antiuav_rgbt_train_20190925_205804_1_2_infrared.mp4,79,1,306,235,365,284,propagated:0.994
/Users/bround/Documents/Projects/GimbalProject/test_videos/antiuav_rgbt_train_20190925_205804_1_2_infrared.mp4,80,1,312,236,371,285,propagated:0.990
/Users/bround/Documents/Projects/GimbalProject/test_videos/antiuav_rgbt_train_20190925_205804_1_2_infrared.mp4,81,1,318,235,377,284,propagated:0.976
/Users/bround/Documents/Projects/GimbalProject/test_videos/antiuav_rgbt_train_20190925_205804_1_2_infrared.mp4,82,1,324,235,383,284,propagated:0.983
/Users/bround/Documents/Projects/GimbalProject/test_videos/antiuav_rgbt_train_20190925_205804_1_2_infrared.mp4,83,1,330,235,389,284,propagated:0.984
/Users/bround/Documents/Projects/GimbalProject/test_videos/antiuav_rgbt_train_20190925_205804_1_2_infrared.mp4,84,1,337,235,396,284,propagated:0.983
/Users/bround/Documents/Projects/GimbalProject/test_videos/antiuav_rgbt_train_20190925_205804_1_2_infrared.mp4,85,1,343,235,402,284,propagated:0.993
/Users/bround/Documents/Projects/GimbalProject/test_videos/antiuav_rgbt_train_20190925_205804_1_2_infrared.mp4,86,1,349,235,408,284,propagated:0.982
/Users/bround/Documents/Projects/GimbalProject/test_videos/antiuav_rgbt_train_20190925_205804_1_2_infrared.mp4,87,1,355,235,414,284,propagated:0.995
/Users/bround/Documents/Projects/GimbalProject/test_videos/antiuav_rgbt_train_20190925_205804_1_2_infrared.mp4,88,1,361,235,420,284,propagated:0.977
/Users/bround/Documents/Projects/GimbalProject/test_videos/antiuav_rgbt_train_20190925_205804_1_2_infrared.mp4,89,1,367,235,426,284,propagated:0.983
/Users/bround/Documents/Projects/GimbalProject/test_videos/antiuav_rgbt_train_20190925_205804_1_2_infrared.mp4,90,1,374,235,433,284,propagated:0.984
/Users/bround/Documents/Projects/GimbalProject/test_videos/antiuav_rgbt_train_20190925_205804_1_2_infrared.mp4,91,1,380,235,439,284,propagated:0.990
/Users/bround/Documents/Projects/GimbalProject/test_videos/antiuav_rgbt_train_20190925_205804_1_2_infrared.mp4,92,1,386,234,445,283,propagated:0.989
/Users/bround/Documents/Projects/GimbalProject/test_videos/antiuav_rgbt_train_20190925_205804_1_2_infrared.mp4,93,1,392,234,451,283,propagated:0.990
/Users/bround/Documents/Projects/GimbalProject/test_videos/antiuav_rgbt_train_20190925_205804_1_2_infrared.mp4,94,1,398,234,457,283,propagated:0.985
/Users/bround/Documents/Projects/GimbalProject/test_videos/antiuav_rgbt_train_20190925_205804_1_2_infrared.mp4,95,1,396,233,455,282,propagated:0.925
/Users/bround/Documents/Projects/GimbalProject/test_videos/antiuav_rgbt_train_20190925_205804_1_2_infrared.mp4,96,1,283,296,342,345,propagated:0.434
/Users/bround/Documents/Projects/GimbalProject/test_videos/antiuav_rgbt_train_20190925_205804_1_2_infrared.mp4,97,1,207,234,266,283,propagated:0.977
/Users/bround/Documents/Projects/GimbalProject/test_videos/antiuav_rgbt_train_20190925_205804_1_2_infrared.mp4,98,1,209,233,268,282,propagated:0.994
/Users/bround/Documents/Projects/GimbalProject/test_videos/antiuav_rgbt_train_20190925_205804_1_2_infrared.mp4,99,1,214,233,273,282,propagated:0.986
/Users/bround/Documents/Projects/GimbalProject/test_videos/antiuav_rgbt_train_20190925_205804_1_2_infrared.mp4,100,1,221,233,280,282,propagated:0.990
/Users/bround/Documents/Projects/GimbalProject/test_videos/antiuav_rgbt_train_20190925_205804_1_2_infrared.mp4,101,1,227,233,286,282,propagated:0.994
/Users/bround/Documents/Projects/GimbalProject/test_videos/antiuav_rgbt_train_20190925_205804_1_2_infrared.mp4,102,1,233,233,292,282,propagated:0.995
/Users/bround/Documents/Projects/GimbalProject/test_videos/antiuav_rgbt_train_20190925_205804_1_2_infrared.mp4,103,1,239,233,298,282,propagated:0.996
/Users/bround/Documents/Projects/GimbalProject/test_videos/antiuav_rgbt_train_20190925_205804_1_2_infrared.mp4,104,1,246,233,305,282,propagated:0.990
/Users/bround/Documents/Projects/GimbalProject/test_videos/antiuav_rgbt_train_20190925_205804_1_2_infrared.mp4,105,1,252,233,311,282,propagated:0.988
/Users/bround/Documents/Projects/GimbalProject/test_videos/antiuav_rgbt_train_20190925_205804_1_2_infrared.mp4,106,1,259,233,318,282,propagated:0.989
/Users/bround/Documents/Projects/GimbalProject/test_videos/antiuav_rgbt_train_20190925_205804_1_2_infrared.mp4,107,1,265,233,324,282,propagated:0.995
/Users/bround/Documents/Projects/GimbalProject/test_videos/antiuav_rgbt_train_20190925_205804_1_2_infrared.mp4,108,1,272,233,331,282,propagated:0.987
/Users/bround/Documents/Projects/GimbalProject/test_videos/antiuav_rgbt_train_20190925_205804_1_2_infrared.mp4,109,1,278,233,337,282,propagated:0.996
/Users/bround/Documents/Projects/GimbalProject/test_videos/antiuav_rgbt_train_20190925_205804_1_2_infrared.mp4,110,1,284,233,343,282,propagated:0.989
/Users/bround/Documents/Projects/GimbalProject/test_videos/antiuav_rgbt_train_20190925_205804_1_2_infrared.mp4,111,1,291,233,350,282,propagated:0.996
/Users/bround/Documents/Projects/GimbalProject/test_videos/antiuav_rgbt_train_20190925_205804_1_2_infrared.mp4,112,1,297,233,356,282,propagated:0.992
/Users/bround/Documents/Projects/GimbalProject/test_videos/antiuav_rgbt_train_20190925_205804_1_2_infrared.mp4,113,1,304,233,363,282,propagated:0.990
/Users/bround/Documents/Projects/GimbalProject/test_videos/antiuav_rgbt_train_20190925_205804_1_2_infrared.mp4,114,1,310,233,369,282,propagated:0.993
/Users/bround/Documents/Projects/GimbalProject/test_videos/antiuav_rgbt_train_20190925_205804_1_2_infrared.mp4,115,1,317,233,376,282,propagated:0.991
/Users/bround/Documents/Projects/GimbalProject/test_videos/antiuav_rgbt_train_20190925_205804_1_2_infrared.mp4,116,1,323,233,382,282,propagated:0.994
/Users/bround/Documents/Projects/GimbalProject/test_videos/antiuav_rgbt_train_20190925_205804_1_2_infrared.mp4,117,1,326,233,385,282,propagated:0.989
/Users/bround/Documents/Projects/GimbalProject/test_videos/antiuav_rgbt_train_20190925_205804_1_2_infrared.mp4,118,1,63,234,131,284,manual
/Users/bround/Documents/Projects/GimbalProject/test_videos/antiuav_rgbt_train_20190925_205804_1_2_infrared.mp4,120,1,66,234,134,284,propagated:0.993
/Users/bround/Documents/Projects/GimbalProject/test_videos/antiuav_rgbt_train_20190925_205804_1_2_infrared.mp4,121,1,71,234,139,284,propagated:0.996
/Users/bround/Documents/Projects/GimbalProject/test_videos/antiuav_rgbt_train_20190925_205804_1_2_infrared.mp4,122,1,78,235,146,285,propagated:0.988
/Users/bround/Documents/Projects/GimbalProject/test_videos/antiuav_rgbt_train_20190925_205804_1_2_infrared.mp4,123,1,84,235,152,285,propagated:0.990
/Users/bround/Documents/Projects/GimbalProject/test_videos/antiuav_rgbt_train_20190925_205804_1_2_infrared.mp4,124,1,91,235,159,285,propagated:0.996
/Users/bround/Documents/Projects/GimbalProject/test_videos/antiuav_rgbt_train_20190925_205804_1_2_infrared.mp4,125,1,97,235,165,285,propagated:0.992
/Users/bround/Documents/Projects/GimbalProject/test_videos/antiuav_rgbt_train_20190925_205804_1_2_infrared.mp4,126,1,104,235,172,285,propagated:0.986
/Users/bround/Documents/Projects/GimbalProject/test_videos/antiuav_rgbt_train_20190925_205804_1_2_infrared.mp4,127,1,111,235,179,285,propagated:0.990
/Users/bround/Documents/Projects/GimbalProject/test_videos/antiuav_rgbt_train_20190925_205804_1_2_infrared.mp4,128,1,118,235,186,285,propagated:0.990
/Users/bround/Documents/Projects/GimbalProject/test_videos/antiuav_rgbt_train_20190925_205804_1_2_infrared.mp4,129,1,125,236,193,286,propagated:0.993
/Users/bround/Documents/Projects/GimbalProject/test_videos/antiuav_rgbt_train_20190925_205804_1_2_infrared.mp4,130,1,132,236,200,286,propagated:0.998
/Users/bround/Documents/Projects/GimbalProject/test_videos/antiuav_rgbt_train_20190925_205804_1_2_infrared.mp4,131,1,139,236,207,286,propagated:0.998
/Users/bround/Documents/Projects/GimbalProject/test_videos/antiuav_rgbt_train_20190925_205804_1_2_infrared.mp4,132,1,146,236,214,286,propagated:0.997
/Users/bround/Documents/Projects/GimbalProject/test_videos/antiuav_rgbt_train_20190925_205804_1_2_infrared.mp4,133,1,153,236,221,286,propagated:0.997
/Users/bround/Documents/Projects/GimbalProject/test_videos/antiuav_rgbt_train_20190925_205804_1_2_infrared.mp4,134,1,160,236,228,286,propagated:0.991
/Users/bround/Documents/Projects/GimbalProject/test_videos/antiuav_rgbt_train_20190925_205804_1_2_infrared.mp4,135,1,167,236,235,286,propagated:0.987
/Users/bround/Documents/Projects/GimbalProject/test_videos/antiuav_rgbt_train_20190925_205804_1_2_infrared.mp4,136,1,174,235,242,285,propagated:0.984
/Users/bround/Documents/Projects/GimbalProject/test_videos/antiuav_rgbt_train_20190925_205804_1_2_infrared.mp4,137,1,181,235,249,285,propagated:0.997
/Users/bround/Documents/Projects/GimbalProject/test_videos/antiuav_rgbt_train_20190925_205804_1_2_infrared.mp4,138,1,188,235,256,285,propagated:0.997
/Users/bround/Documents/Projects/GimbalProject/test_videos/antiuav_rgbt_train_20190925_205804_1_2_infrared.mp4,139,1,195,239,263,289,propagated:0.922
/Users/bround/Documents/Projects/GimbalProject/test_videos/antiuav_rgbt_train_20190925_205804_1_2_infrared.mp4,140,1,231,340,299,390,propagated:0.907
/Users/bround/Documents/Projects/GimbalProject/test_videos/antiuav_rgbt_train_20190925_205804_1_2_infrared.mp4,141,1,238,340,306,390,propagated:0.934
/Users/bround/Documents/Projects/GimbalProject/test_videos/antiuav_rgbt_train_20190925_205804_1_2_infrared.mp4,142,1,245,339,313,389,propagated:0.954
/Users/bround/Documents/Projects/GimbalProject/test_videos/antiuav_rgbt_train_20190925_205804_1_2_infrared.mp4,143,1,252,339,320,389,propagated:0.967
/Users/bround/Documents/Projects/GimbalProject/test_videos/antiuav_rgbt_train_20190925_205804_1_2_infrared.mp4,144,1,259,338,327,388,propagated:0.968
/Users/bround/Documents/Projects/GimbalProject/test_videos/antiuav_rgbt_train_20190925_205804_1_2_infrared.mp4,145,1,266,338,334,388,propagated:0.979
/Users/bround/Documents/Projects/GimbalProject/test_videos/antiuav_rgbt_train_20190925_205804_1_2_infrared.mp4,146,1,273,338,341,388,propagated:0.980
/Users/bround/Documents/Projects/GimbalProject/test_videos/antiuav_rgbt_train_20190925_205804_1_2_infrared.mp4,147,1,281,337,349,387,propagated:0.983
/Users/bround/Documents/Projects/GimbalProject/test_videos/antiuav_rgbt_train_20190925_205804_1_2_infrared.mp4,148,1,288,337,356,387,propagated:0.985
/Users/bround/Documents/Projects/GimbalProject/test_videos/antiuav_rgbt_train_20190925_205804_1_2_infrared.mp4,149,1,295,337,363,387,propagated:0.983
/Users/bround/Documents/Projects/GimbalProject/test_videos/antiuav_rgbt_train_20190925_205804_1_2_infrared.mp4,150,1,299,337,367,387,propagated:0.995
/Users/bround/Documents/Projects/GimbalProject/test_videos/antiuav_rgbt_train_20190925_205804_1_2_infrared.mp4,151,1,275,298,343,348,propagated:0.423
/Users/bround/Documents/Projects/GimbalProject/test_videos/antiuav_rgbt_train_20190925_205804_1_2_infrared.mp4,152,1,71,336,139,386,propagated:0.980
/Users/bround/Documents/Projects/GimbalProject/test_videos/antiuav_rgbt_train_20190925_205804_1_2_infrared.mp4,153,1,76,336,144,386,propagated:0.993
/Users/bround/Documents/Projects/GimbalProject/test_videos/antiuav_rgbt_train_20190925_205804_1_2_infrared.mp4,154,1,80,336,148,386,propagated:0.982
/Users/bround/Documents/Projects/GimbalProject/test_videos/antiuav_rgbt_train_20190925_205804_1_2_infrared.mp4,155,1,87,335,155,385,propagated:0.984
/Users/bround/Documents/Projects/GimbalProject/test_videos/antiuav_rgbt_train_20190925_205804_1_2_infrared.mp4,156,1,94,335,162,385,propagated:0.988
/Users/bround/Documents/Projects/GimbalProject/test_videos/antiuav_rgbt_train_20190925_205804_1_2_infrared.mp4,157,1,102,335,170,385,propagated:0.991
/Users/bround/Documents/Projects/GimbalProject/test_videos/antiuav_rgbt_train_20190925_205804_1_2_infrared.mp4,158,1,109,335,177,385,propagated:0.997
/Users/bround/Documents/Projects/GimbalProject/test_videos/antiuav_rgbt_train_20190925_205804_1_2_infrared.mp4,159,1,117,334,185,384,propagated:0.982
/Users/bround/Documents/Projects/GimbalProject/test_videos/antiuav_rgbt_train_20190925_205804_1_2_infrared.mp4,160,1,125,334,193,384,propagated:0.985
/Users/bround/Documents/Projects/GimbalProject/test_videos/antiuav_rgbt_train_20190925_205804_1_2_infrared.mp4,161,1,133,334,201,384,propagated:0.990
/Users/bround/Documents/Projects/GimbalProject/test_videos/antiuav_rgbt_train_20190925_205804_1_2_infrared.mp4,162,1,140,334,208,384,propagated:0.987
/Users/bround/Documents/Projects/GimbalProject/test_videos/antiuav_rgbt_train_20190925_205804_1_2_infrared.mp4,163,1,148,334,216,384,propagated:0.993
/Users/bround/Documents/Projects/GimbalProject/test_videos/antiuav_rgbt_train_20190925_205804_1_2_infrared.mp4,164,1,156,334,224,384,propagated:0.986
/Users/bround/Documents/Projects/GimbalProject/test_videos/antiuav_rgbt_train_20190925_205804_1_2_infrared.mp4,165,1,164,334,232,384,propagated:0.986
/Users/bround/Documents/Projects/GimbalProject/test_videos/antiuav_rgbt_train_20190925_205804_1_2_infrared.mp4,166,1,172,333,240,383,propagated:0.995
/Users/bround/Documents/Projects/GimbalProject/test_videos/antiuav_rgbt_train_20190925_205804_1_2_infrared.mp4,167,1,180,334,248,384,propagated:0.984
/Users/bround/Documents/Projects/GimbalProject/test_videos/antiuav_rgbt_train_20190925_205804_1_2_infrared.mp4,168,1,188,333,256,383,propagated:0.997
/Users/bround/Documents/Projects/GimbalProject/test_videos/antiuav_rgbt_train_20190925_205804_1_2_infrared.mp4,169,1,196,333,264,383,propagated:0.997
/Users/bround/Documents/Projects/GimbalProject/test_videos/antiuav_rgbt_train_20190925_205804_1_2_infrared.mp4,170,1,204,333,272,383,propagated:0.997
/Users/bround/Documents/Projects/GimbalProject/test_videos/antiuav_rgbt_train_20190925_205804_1_2_infrared.mp4,171,1,213,333,281,383,propagated:0.982
/Users/bround/Documents/Projects/GimbalProject/test_videos/antiuav_rgbt_train_20190925_205804_1_2_infrared.mp4,172,1,221,333,289,383,propagated:0.990
/Users/bround/Documents/Projects/GimbalProject/test_videos/antiuav_rgbt_train_20190925_205804_1_2_infrared.mp4,173,1,229,332,297,382,propagated:0.982
/Users/bround/Documents/Projects/GimbalProject/test_videos/antiuav_rgbt_train_20190925_205804_1_2_infrared.mp4,174,1,238,332,306,382,propagated:0.980
/Users/bround/Documents/Projects/GimbalProject/test_videos/antiuav_rgbt_train_20190925_205804_1_2_infrared.mp4,175,1,246,332,314,382,propagated:0.995
/Users/bround/Documents/Projects/GimbalProject/test_videos/antiuav_rgbt_train_20190925_205804_1_2_infrared.mp4,176,1,255,332,323,382,propagated:0.996
/Users/bround/Documents/Projects/GimbalProject/test_videos/antiuav_rgbt_train_20190925_205804_1_2_infrared.mp4,177,1,263,332,331,382,propagated:0.995
/Users/bround/Documents/Projects/GimbalProject/test_videos/antiuav_rgbt_train_20190925_205804_1_2_infrared.mp4,178,1,272,332,340,382,propagated:0.991
/Users/bround/Documents/Projects/GimbalProject/test_videos/antiuav_rgbt_train_20190925_205804_1_2_infrared.mp4,179,1,264,332,332,382,propagated:0.901
/Users/bround/Documents/Projects/GimbalProject/test_videos/antiuav_rgbt_train_20190925_205804_1_2_infrared.mp4,180,1,121,332,189,382,propagated:0.938
/Users/bround/Documents/Projects/GimbalProject/test_videos/antiuav_rgbt_train_20190925_205804_1_2_infrared.mp4,181,1,131,332,199,382,propagated:0.920
/Users/bround/Documents/Projects/GimbalProject/test_videos/antiuav_rgbt_train_20190925_205804_1_2_infrared.mp4,182,1,136,331,204,381,propagated:0.937
/Users/bround/Documents/Projects/GimbalProject/test_videos/antiuav_rgbt_train_20190925_205804_1_2_infrared.mp4,183,1,144,331,212,381,propagated:0.957
/Users/bround/Documents/Projects/GimbalProject/test_videos/antiuav_rgbt_train_20190925_205804_1_2_infrared.mp4,184,1,153,331,221,381,propagated:0.972
/Users/bround/Documents/Projects/GimbalProject/test_videos/antiuav_rgbt_train_20190925_205804_1_2_infrared.mp4,185,1,162,331,230,381,propagated:0.978
/Users/bround/Documents/Projects/GimbalProject/test_videos/antiuav_rgbt_train_20190925_205804_1_2_infrared.mp4,186,1,171,331,239,381,propagated:0.974
/Users/bround/Documents/Projects/GimbalProject/test_videos/antiuav_rgbt_train_20190925_205804_1_2_infrared.mp4,187,1,180,331,248,381,propagated:0.990
/Users/bround/Documents/Projects/GimbalProject/test_videos/antiuav_rgbt_train_20190925_205804_1_2_infrared.mp4,188,1,189,330,257,380,propagated:0.977
/Users/bround/Documents/Projects/GimbalProject/test_videos/antiuav_rgbt_train_20190925_205804_1_2_infrared.mp4,189,1,199,330,267,380,propagated:0.989
/Users/bround/Documents/Projects/GimbalProject/test_videos/antiuav_rgbt_train_20190925_205804_1_2_infrared.mp4,190,1,208,330,276,380,propagated:0.996
/Users/bround/Documents/Projects/GimbalProject/test_videos/antiuav_rgbt_train_20190925_205804_1_2_infrared.mp4,191,1,218,330,286,380,propagated:0.992
/Users/bround/Documents/Projects/GimbalProject/test_videos/antiuav_rgbt_train_20190925_205804_1_2_infrared.mp4,192,1,227,330,295,380,propagated:0.989
/Users/bround/Documents/Projects/GimbalProject/test_videos/antiuav_rgbt_train_20190925_205804_1_2_infrared.mp4,193,1,237,329,305,379,propagated:0.989
/Users/bround/Documents/Projects/GimbalProject/test_videos/antiuav_rgbt_train_20190925_205804_1_2_infrared.mp4,194,1,246,329,314,379,propagated:0.984
/Users/bround/Documents/Projects/GimbalProject/test_videos/antiuav_rgbt_train_20190925_205804_1_2_infrared.mp4,195,1,256,329,324,379,propagated:0.994
/Users/bround/Documents/Projects/GimbalProject/test_videos/antiuav_rgbt_train_20190925_205804_1_2_infrared.mp4,196,1,266,328,334,378,propagated:0.984
/Users/bround/Documents/Projects/GimbalProject/test_videos/antiuav_rgbt_train_20190925_205804_1_2_infrared.mp4,197,1,276,328,344,378,propagated:0.991
/Users/bround/Documents/Projects/GimbalProject/test_videos/antiuav_rgbt_train_20190925_205804_1_2_infrared.mp4,198,1,285,327,353,377,propagated:0.980
/Users/bround/Documents/Projects/GimbalProject/test_videos/antiuav_rgbt_train_20190925_205804_1_2_infrared.mp4,199,1,295,327,363,377,propagated:0.996
/Users/bround/Documents/Projects/GimbalProject/test_videos/antiuav_rgbt_train_20190925_205804_1_2_infrared.mp4,200,1,305,327,373,377,propagated:0.987
/Users/bround/Documents/Projects/GimbalProject/test_videos/antiuav_rgbt_train_20190925_205804_1_2_infrared.mp4,201,1,315,326,383,376,propagated:0.990
/Users/bround/Documents/Projects/GimbalProject/test_videos/antiuav_rgbt_train_20190925_205804_1_2_infrared.mp4,202,1,321,325,389,375,propagated:0.989
/Users/bround/Documents/Projects/GimbalProject/test_videos/antiuav_rgbt_train_20190925_205804_1_2_infrared.mp4,203,1,58,327,128,374,manual
/Users/bround/Documents/Projects/GimbalProject/test_videos/antiuav_rgbt_train_20190925_205804_1_2_infrared.mp4,205,1,65,327,135,374,propagated:0.995
/Users/bround/Documents/Projects/GimbalProject/test_videos/antiuav_rgbt_train_20190925_205804_1_2_infrared.mp4,206,1,72,326,142,373,propagated:0.996
/Users/bround/Documents/Projects/GimbalProject/test_videos/antiuav_rgbt_train_20190925_205804_1_2_infrared.mp4,207,1,82,325,152,372,propagated:0.989
/Users/bround/Documents/Projects/GimbalProject/test_videos/antiuav_rgbt_train_20190925_205804_1_2_infrared.mp4,208,1,92,325,162,372,propagated:0.993
/Users/bround/Documents/Projects/GimbalProject/test_videos/antiuav_rgbt_train_20190925_205804_1_2_infrared.mp4,209,1,102,324,172,371,propagated:0.990
/Users/bround/Documents/Projects/GimbalProject/test_videos/antiuav_rgbt_train_20190925_205804_1_2_infrared.mp4,210,1,112,324,182,371,propagated:0.992
/Users/bround/Documents/Projects/GimbalProject/test_videos/antiuav_rgbt_train_20190925_205804_1_2_infrared.mp4,211,1,122,323,192,370,propagated:0.991
/Users/bround/Documents/Projects/GimbalProject/test_videos/antiuav_rgbt_train_20190925_205804_1_2_infrared.mp4,212,1,132,323,202,370,propagated:0.993
/Users/bround/Documents/Projects/GimbalProject/test_videos/antiuav_rgbt_train_20190925_205804_1_2_infrared.mp4,213,1,143,322,213,369,propagated:0.994
/Users/bround/Documents/Projects/GimbalProject/test_videos/antiuav_rgbt_train_20190925_205804_1_2_infrared.mp4,214,1,153,322,223,369,propagated:0.988
/Users/bround/Documents/Projects/GimbalProject/test_videos/antiuav_rgbt_train_20190925_205804_1_2_infrared.mp4,215,1,163,322,233,369,propagated:0.997
/Users/bround/Documents/Projects/GimbalProject/test_videos/antiuav_rgbt_train_20190925_205804_1_2_infrared.mp4,216,1,174,321,244,368,propagated:0.996
/Users/bround/Documents/Projects/GimbalProject/test_videos/antiuav_rgbt_train_20190925_205804_1_2_infrared.mp4,217,1,184,321,254,368,propagated:0.985
/Users/bround/Documents/Projects/GimbalProject/test_videos/antiuav_rgbt_train_20190925_205804_1_2_infrared.mp4,218,1,194,320,264,367,propagated:0.995
/Users/bround/Documents/Projects/GimbalProject/test_videos/antiuav_rgbt_train_20190925_205804_1_2_infrared.mp4,219,1,204,320,274,367,propagated:0.984
/Users/bround/Documents/Projects/GimbalProject/test_videos/antiuav_rgbt_train_20190925_205804_1_2_infrared.mp4,220,1,215,319,285,366,propagated:0.989
/Users/bround/Documents/Projects/GimbalProject/test_videos/antiuav_rgbt_train_20190925_205804_1_2_infrared.mp4,221,1,225,318,295,365,propagated:0.995
/Users/bround/Documents/Projects/GimbalProject/test_videos/antiuav_rgbt_train_20190925_205804_1_2_infrared.mp4,222,1,236,318,306,365,propagated:0.986
/Users/bround/Documents/Projects/GimbalProject/test_videos/antiuav_rgbt_train_20190925_205804_1_2_infrared.mp4,223,1,246,317,316,364,propagated:0.991
/Users/bround/Documents/Projects/GimbalProject/test_videos/antiuav_rgbt_train_20190925_205804_1_2_infrared.mp4,224,1,256,316,326,363,propagated:0.992
/Users/bround/Documents/Projects/GimbalProject/test_videos/antiuav_rgbt_train_20190925_205804_1_2_infrared.mp4,225,1,266,315,336,362,propagated:0.987
/Users/bround/Documents/Projects/GimbalProject/test_videos/antiuav_rgbt_train_20190925_205804_1_2_infrared.mp4,226,1,273,314,343,361,propagated:0.986
/Users/bround/Documents/Projects/GimbalProject/test_videos/antiuav_rgbt_train_20190925_205804_1_2_infrared.mp4,227,1,273,301,343,348,propagated:0.575
/Users/bround/Documents/Projects/GimbalProject/test_videos/antiuav_rgbt_train_20190925_205804_1_2_infrared.mp4,228,1,270,301,340,348,propagated:0.573
/Users/bround/Documents/Projects/GimbalProject/test_videos/antiuav_rgbt_train_20190925_205804_1_2_infrared.mp4,229,1,267,301,337,348,propagated:0.578
/Users/bround/Documents/Projects/GimbalProject/test_videos/antiuav_rgbt_train_20190925_205804_1_2_infrared.mp4,230,1,57,310,127,357,propagated:0.716
/Users/bround/Documents/Projects/GimbalProject/test_videos/antiuav_rgbt_train_20190925_205804_1_2_infrared.mp4,231,1,62,309,132,356,propagated:0.976
/Users/bround/Documents/Projects/GimbalProject/test_videos/antiuav_rgbt_train_20190925_205804_1_2_infrared.mp4,232,1,73,309,143,356,propagated:0.987
/Users/bround/Documents/Projects/GimbalProject/test_videos/antiuav_rgbt_train_20190925_205804_1_2_infrared.mp4,233,1,83,308,153,355,propagated:0.988
/Users/bround/Documents/Projects/GimbalProject/test_videos/antiuav_rgbt_train_20190925_205804_1_2_infrared.mp4,234,1,93,308,163,355,propagated:0.993
/Users/bround/Documents/Projects/GimbalProject/test_videos/antiuav_rgbt_train_20190925_205804_1_2_infrared.mp4,235,1,103,307,173,354,propagated:0.991
/Users/bround/Documents/Projects/GimbalProject/test_videos/antiuav_rgbt_train_20190925_205804_1_2_infrared.mp4,236,1,114,307,184,354,propagated:0.997
/Users/bround/Documents/Projects/GimbalProject/test_videos/antiuav_rgbt_train_20190925_205804_1_2_infrared.mp4,237,1,124,306,194,353,propagated:0.987
/Users/bround/Documents/Projects/GimbalProject/test_videos/antiuav_rgbt_train_20190925_205804_1_2_infrared.mp4,238,1,135,306,205,353,propagated:0.996
/Users/bround/Documents/Projects/GimbalProject/test_videos/antiuav_rgbt_train_20190925_205804_1_2_infrared.mp4,239,1,145,305,215,352,propagated:0.991
/Users/bround/Documents/Projects/GimbalProject/test_videos/antiuav_rgbt_train_20190925_205804_1_2_infrared.mp4,240,1,156,305,226,352,propagated:0.995
/Users/bround/Documents/Projects/GimbalProject/test_videos/antiuav_rgbt_train_20190925_205804_1_2_infrared.mp4,241,1,166,304,236,351,propagated:0.987
/Users/bround/Documents/Projects/GimbalProject/test_videos/antiuav_rgbt_train_20190925_205804_1_2_infrared.mp4,242,1,177,304,247,351,propagated:0.988
/Users/bround/Documents/Projects/GimbalProject/test_videos/antiuav_rgbt_train_20190925_205804_1_2_infrared.mp4,243,1,187,303,257,350,propagated:0.989
/Users/bround/Documents/Projects/GimbalProject/test_videos/antiuav_rgbt_train_20190925_205804_1_2_infrared.mp4,244,1,198,303,268,350,propagated:0.993
/Users/bround/Documents/Projects/GimbalProject/test_videos/antiuav_rgbt_train_20190925_205804_1_2_infrared.mp4,245,1,209,302,279,349,propagated:0.982
/Users/bround/Documents/Projects/GimbalProject/test_videos/antiuav_rgbt_train_20190925_205804_1_2_infrared.mp4,246,1,219,302,289,349,propagated:0.996
/Users/bround/Documents/Projects/GimbalProject/test_videos/antiuav_rgbt_train_20190925_205804_1_2_infrared.mp4,247,1,230,301,300,348,propagated:0.991
/Users/bround/Documents/Projects/GimbalProject/test_videos/antiuav_rgbt_train_20190925_205804_1_2_infrared.mp4,248,1,240,301,310,348,propagated:0.994
/Users/bround/Documents/Projects/GimbalProject/test_videos/antiuav_rgbt_train_20190925_205804_1_2_infrared.mp4,249,1,251,300,321,347,propagated:0.994
/Users/bround/Documents/Projects/GimbalProject/test_videos/antiuav_rgbt_train_20190925_205804_1_2_infrared.mp4,250,1,261,300,331,347,propagated:0.995
/Users/bround/Documents/Projects/GimbalProject/test_videos/antiuav_rgbt_train_20190925_205804_1_2_infrared.mp4,251,1,54,298,124,345,propagated:0.976
/Users/bround/Documents/Projects/GimbalProject/test_videos/antiuav_rgbt_train_20190925_205804_1_2_infrared.mp4,252,1,72,297,142,344,propagated:0.994
/Users/bround/Documents/Projects/GimbalProject/test_videos/antiuav_rgbt_train_20190925_205804_1_2_infrared.mp4,253,1,80,297,150,344,propagated:0.991
/Users/bround/Documents/Projects/GimbalProject/test_videos/antiuav_rgbt_train_20190925_205804_1_2_infrared.mp4,254,1,87,296,157,343,propagated:0.990
/Users/bround/Documents/Projects/GimbalProject/test_videos/antiuav_rgbt_train_20190925_205804_1_2_infrared.mp4,255,1,97,296,167,343,propagated:0.992
/Users/bround/Documents/Projects/GimbalProject/test_videos/antiuav_rgbt_train_20190925_205804_1_2_infrared.mp4,256,1,107,296,177,343,propagated:0.988
/Users/bround/Documents/Projects/GimbalProject/test_videos/antiuav_rgbt_train_20190925_205804_1_2_infrared.mp4,257,1,117,295,187,342,propagated:0.988
/Users/bround/Documents/Projects/GimbalProject/test_videos/antiuav_rgbt_train_20190925_205804_1_2_infrared.mp4,258,1,127,295,197,342,propagated:0.995
/Users/bround/Documents/Projects/GimbalProject/test_videos/antiuav_rgbt_train_20190925_205804_1_2_infrared.mp4,259,1,138,295,208,342,propagated:0.993
/Users/bround/Documents/Projects/GimbalProject/test_videos/antiuav_rgbt_train_20190925_205804_1_2_infrared.mp4,260,1,148,295,218,342,propagated:0.996
/Users/bround/Documents/Projects/GimbalProject/test_videos/antiuav_rgbt_train_20190925_205804_1_2_infrared.mp4,261,1,159,294,229,341,propagated:0.987
/Users/bround/Documents/Projects/GimbalProject/test_videos/antiuav_rgbt_train_20190925_205804_1_2_infrared.mp4,262,1,169,294,239,341,propagated:0.993
/Users/bround/Documents/Projects/GimbalProject/test_videos/antiuav_rgbt_train_20190925_205804_1_2_infrared.mp4,263,1,179,294,249,341,propagated:0.991
/Users/bround/Documents/Projects/GimbalProject/test_videos/antiuav_rgbt_train_20190925_205804_1_2_infrared.mp4,264,1,190,294,260,341,propagated:0.995
/Users/bround/Documents/Projects/GimbalProject/test_videos/antiuav_rgbt_train_20190925_205804_1_2_infrared.mp4,265,1,200,294,270,341,propagated:0.996
/Users/bround/Documents/Projects/GimbalProject/test_videos/antiuav_rgbt_train_20190925_205804_1_2_infrared.mp4,266,1,211,294,281,341,propagated:0.996
/Users/bround/Documents/Projects/GimbalProject/test_videos/antiuav_rgbt_train_20190925_205804_1_2_infrared.mp4,267,1,221,294,291,341,propagated:0.997
/Users/bround/Documents/Projects/GimbalProject/test_videos/antiuav_rgbt_train_20190925_205804_1_2_infrared.mp4,268,1,231,294,301,341,propagated:0.992
/Users/bround/Documents/Projects/GimbalProject/test_videos/antiuav_rgbt_train_20190925_205804_1_2_infrared.mp4,269,1,241,294,311,341,propagated:0.992
/Users/bround/Documents/Projects/GimbalProject/test_videos/antiuav_rgbt_train_20190925_205804_1_2_infrared.mp4,270,1,235,294,305,341,propagated:0.931
/Users/bround/Documents/Projects/GimbalProject/test_videos/antiuav_rgbt_train_20190925_205804_1_2_infrared.mp4,271,1,37,295,107,342,propagated:0.977
/Users/bround/Documents/Projects/GimbalProject/test_videos/antiuav_rgbt_train_20190925_205804_1_2_infrared.mp4,272,1,54,295,124,342,propagated:0.981
/Users/bround/Documents/Projects/GimbalProject/test_videos/antiuav_rgbt_train_20190925_205804_1_2_infrared.mp4,273,1,63,295,133,342,propagated:0.992
/Users/bround/Documents/Projects/GimbalProject/test_videos/antiuav_rgbt_train_20190925_205804_1_2_infrared.mp4,274,1,69,295,139,342,propagated:0.990
/Users/bround/Documents/Projects/GimbalProject/test_videos/antiuav_rgbt_train_20190925_205804_1_2_infrared.mp4,275,1,78,295,148,342,propagated:0.994
/Users/bround/Documents/Projects/GimbalProject/test_videos/antiuav_rgbt_train_20190925_205804_1_2_infrared.mp4,276,1,87,296,157,343,propagated:0.987
/Users/bround/Documents/Projects/GimbalProject/test_videos/antiuav_rgbt_train_20190925_205804_1_2_infrared.mp4,277,1,97,296,167,343,propagated:0.996
/Users/bround/Documents/Projects/GimbalProject/test_videos/antiuav_rgbt_train_20190925_205804_1_2_infrared.mp4,278,1,106,296,176,343,propagated:0.992
/Users/bround/Documents/Projects/GimbalProject/test_videos/antiuav_rgbt_train_20190925_205804_1_2_infrared.mp4,279,1,116,296,186,343,propagated:0.994
/Users/bround/Documents/Projects/GimbalProject/test_videos/antiuav_rgbt_train_20190925_205804_1_2_infrared.mp4,280,1,125,297,195,344,propagated:0.990
/Users/bround/Documents/Projects/GimbalProject/test_videos/antiuav_rgbt_train_20190925_205804_1_2_infrared.mp4,281,1,135,297,205,344,propagated:0.996
/Users/bround/Documents/Projects/GimbalProject/test_videos/antiuav_rgbt_train_20190925_205804_1_2_infrared.mp4,282,1,144,297,214,344,propagated:0.991
/Users/bround/Documents/Projects/GimbalProject/test_videos/antiuav_rgbt_train_20190925_205804_1_2_infrared.mp4,283,1,154,298,224,345,propagated:0.988
/Users/bround/Documents/Projects/GimbalProject/test_videos/antiuav_rgbt_train_20190925_205804_1_2_infrared.mp4,284,1,163,298,233,345,propagated:0.993
/Users/bround/Documents/Projects/GimbalProject/test_videos/antiuav_rgbt_train_20190925_205804_1_2_infrared.mp4,285,1,172,298,242,345,propagated:0.995
/Users/bround/Documents/Projects/GimbalProject/test_videos/antiuav_rgbt_train_20190925_205804_1_2_infrared.mp4,286,1,181,298,251,345,propagated:0.984
/Users/bround/Documents/Projects/GimbalProject/test_videos/antiuav_rgbt_train_20190925_205804_1_2_infrared.mp4,287,1,190,299,260,346,propagated:0.992
/Users/bround/Documents/Projects/GimbalProject/test_videos/antiuav_rgbt_train_20190925_205804_1_2_infrared.mp4,288,1,200,299,270,346,propagated:0.992
/Users/bround/Documents/Projects/GimbalProject/test_videos/antiuav_rgbt_train_20190925_205804_1_2_infrared.mp4,289,1,209,299,279,346,propagated:0.991
/Users/bround/Documents/Projects/GimbalProject/test_videos/antiuav_rgbt_train_20190925_205804_1_2_infrared.mp4,290,1,218,299,288,346,propagated:0.985
/Users/bround/Documents/Projects/GimbalProject/test_videos/antiuav_rgbt_train_20190925_205804_1_2_infrared.mp4,291,1,227,299,297,346,propagated:0.985
/Users/bround/Documents/Projects/GimbalProject/test_videos/antiuav_rgbt_train_20190925_205804_1_2_infrared.mp4,292,1,236,300,306,347,propagated:0.994
/Users/bround/Documents/Projects/GimbalProject/test_videos/antiuav_rgbt_train_20190925_205804_1_2_infrared.mp4,293,1,245,300,315,347,propagated:0.995
/Users/bround/Documents/Projects/GimbalProject/test_videos/antiuav_rgbt_train_20190925_205804_1_2_infrared.mp4,294,1,254,300,324,347,propagated:0.990
/Users/bround/Documents/Projects/GimbalProject/test_videos/antiuav_rgbt_train_20190925_205804_1_2_infrared.mp4,295,1,263,300,333,347,propagated:0.997
/Users/bround/Documents/Projects/GimbalProject/test_videos/antiuav_rgbt_train_20190925_205804_1_2_infrared.mp4,296,1,271,300,341,347,propagated:0.986
/Users/bround/Documents/Projects/GimbalProject/test_videos/antiuav_rgbt_train_20190925_205804_1_2_infrared.mp4,297,1,280,300,350,347,propagated:0.991
/Users/bround/Documents/Projects/GimbalProject/test_videos/antiuav_rgbt_train_20190925_205804_1_2_infrared.mp4,298,1,90,301,160,348,propagated:0.956
/Users/bround/Documents/Projects/GimbalProject/test_videos/antiuav_rgbt_train_20190925_205804_1_2_infrared.mp4,299,1,93,301,163,348,propagated:0.987
/Users/bround/Documents/Projects/GimbalProject/test_videos/antiuav_rgbt_train_20190925_205804_1_2_infrared.mp4,300,1,107,301,177,348,propagated:0.981
/Users/bround/Documents/Projects/GimbalProject/test_videos/antiuav_rgbt_train_20190925_205804_1_2_infrared.mp4,301,1,112,301,182,348,propagated:0.978
/Users/bround/Documents/Projects/GimbalProject/test_videos/antiuav_rgbt_train_20190925_205804_1_2_infrared.mp4,302,1,118,300,188,347,propagated:0.983
/Users/bround/Documents/Projects/GimbalProject/test_videos/antiuav_rgbt_train_20190925_205804_1_2_infrared.mp4,303,1,126,300,196,347,propagated:0.994
/Users/bround/Documents/Projects/GimbalProject/test_videos/antiuav_rgbt_train_20190925_205804_1_2_infrared.mp4,304,1,134,300,204,347,propagated:0.992
/Users/bround/Documents/Projects/GimbalProject/test_videos/antiuav_rgbt_train_20190925_205804_1_2_infrared.mp4,305,1,142,300,212,347,propagated:0.992
/Users/bround/Documents/Projects/GimbalProject/test_videos/antiuav_rgbt_train_20190925_205804_1_2_infrared.mp4,306,1,150,300,220,347,propagated:0.991
/Users/bround/Documents/Projects/GimbalProject/test_videos/antiuav_rgbt_train_20190925_205804_1_2_infrared.mp4,307,1,158,299,228,346,propagated:0.992
/Users/bround/Documents/Projects/GimbalProject/test_videos/antiuav_rgbt_train_20190925_205804_1_2_infrared.mp4,308,1,166,299,236,346,propagated:0.993
/Users/bround/Documents/Projects/GimbalProject/test_videos/antiuav_rgbt_train_20190925_205804_1_2_infrared.mp4,309,1,175,299,245,346,propagated:0.996
/Users/bround/Documents/Projects/GimbalProject/test_videos/antiuav_rgbt_train_20190925_205804_1_2_infrared.mp4,310,1,183,299,253,346,propagated:0.989
/Users/bround/Documents/Projects/GimbalProject/test_videos/antiuav_rgbt_train_20190925_205804_1_2_infrared.mp4,311,1,191,299,261,346,propagated:0.985
/Users/bround/Documents/Projects/GimbalProject/test_videos/antiuav_rgbt_train_20190925_205804_1_2_infrared.mp4,312,1,200,298,270,345,propagated:0.981
/Users/bround/Documents/Projects/GimbalProject/test_videos/antiuav_rgbt_train_20190925_205804_1_2_infrared.mp4,313,1,208,298,278,345,propagated:0.989
/Users/bround/Documents/Projects/GimbalProject/test_videos/antiuav_rgbt_train_20190925_205804_1_2_infrared.mp4,314,1,216,298,286,345,propagated:0.997
/Users/bround/Documents/Projects/GimbalProject/test_videos/antiuav_rgbt_train_20190925_205804_1_2_infrared.mp4,315,1,224,298,294,345,propagated:0.999
/Users/bround/Documents/Projects/GimbalProject/test_videos/antiuav_rgbt_train_20190925_205804_1_2_infrared.mp4,316,1,232,298,302,345,propagated:0.996
/Users/bround/Documents/Projects/GimbalProject/test_videos/antiuav_rgbt_train_20190925_205804_1_2_infrared.mp4,317,1,240,298,310,345,propagated:0.994
/Users/bround/Documents/Projects/GimbalProject/test_videos/antiuav_rgbt_train_20190925_205804_1_2_infrared.mp4,318,1,249,298,319,345,propagated:0.993
/Users/bround/Documents/Projects/GimbalProject/test_videos/antiuav_rgbt_train_20190925_205804_1_2_infrared.mp4,319,1,257,298,327,345,propagated:0.997
/Users/bround/Documents/Projects/GimbalProject/test_videos/antiuav_rgbt_train_20190925_205804_1_2_infrared.mp4,320,1,265,298,335,345,propagated:0.997
/Users/bround/Documents/Projects/GimbalProject/test_videos/antiuav_rgbt_train_20190925_205804_1_2_infrared.mp4,321,1,273,298,343,345,propagated:0.996
/Users/bround/Documents/Projects/GimbalProject/test_videos/antiuav_rgbt_train_20190925_205804_1_2_infrared.mp4,322,1,266,303,336,350,propagated:0.558
/Users/bround/Documents/Projects/GimbalProject/test_videos/antiuav_rgbt_train_20190925_205804_1_2_infrared.mp4,323,1,57,298,127,345,propagated:0.981
/Users/bround/Documents/Projects/GimbalProject/test_videos/antiuav_rgbt_train_20190925_205804_1_2_infrared.mp4,324,1,70,298,140,345,propagated:0.987
/Users/bround/Documents/Projects/GimbalProject/test_videos/antiuav_rgbt_train_20190925_205804_1_2_infrared.mp4,325,1,75,298,145,345,propagated:0.997
/Users/bround/Documents/Projects/GimbalProject/test_videos/antiuav_rgbt_train_20190925_205804_1_2_infrared.mp4,326,1,81,298,151,345,propagated:0.986
/Users/bround/Documents/Projects/GimbalProject/test_videos/antiuav_rgbt_train_20190925_205804_1_2_infrared.mp4,327,1,88,298,158,345,propagated:0.982
/Users/bround/Documents/Projects/GimbalProject/test_videos/antiuav_rgbt_train_20190925_205804_1_2_infrared.mp4,328,1,96,297,166,344,propagated:0.990
/Users/bround/Documents/Projects/GimbalProject/test_videos/antiuav_rgbt_train_20190925_205804_1_2_infrared.mp4,329,1,104,297,174,344,propagated:0.996
/Users/bround/Documents/Projects/GimbalProject/test_videos/antiuav_rgbt_train_20190925_205804_1_2_infrared.mp4,330,1,112,297,182,344,propagated:0.983
/Users/bround/Documents/Projects/GimbalProject/test_videos/antiuav_rgbt_train_20190925_205804_1_2_infrared.mp4,331,1,120,296,190,343,propagated:0.990
/Users/bround/Documents/Projects/GimbalProject/test_videos/antiuav_rgbt_train_20190925_205804_1_2_infrared.mp4,332,1,128,296,198,343,propagated:0.993
/Users/bround/Documents/Projects/GimbalProject/test_videos/antiuav_rgbt_train_20190925_205804_1_2_infrared.mp4,333,1,136,295,206,342,propagated:0.985
/Users/bround/Documents/Projects/GimbalProject/test_videos/antiuav_rgbt_train_20190925_205804_1_2_infrared.mp4,334,1,162,288,227,342,manual
/Users/bround/Documents/Projects/GimbalProject/test_videos/antiuav_rgbt_train_20190925_205804_1_2_infrared.mp4,336,1,170,287,235,341,propagated:0.986
/Users/bround/Documents/Projects/GimbalProject/test_videos/antiuav_rgbt_train_20190925_205804_1_2_infrared.mp4,337,1,177,287,242,341,propagated:0.992
/Users/bround/Documents/Projects/GimbalProject/test_videos/antiuav_rgbt_train_20190925_205804_1_2_infrared.mp4,338,1,185,287,250,341,propagated:0.985
/Users/bround/Documents/Projects/GimbalProject/test_videos/antiuav_rgbt_train_20190925_205804_1_2_infrared.mp4,339,1,193,286,258,340,propagated:0.994
/Users/bround/Documents/Projects/GimbalProject/test_videos/antiuav_rgbt_train_20190925_205804_1_2_infrared.mp4,340,1,201,286,266,340,propagated:0.987
/Users/bround/Documents/Projects/GimbalProject/test_videos/antiuav_rgbt_train_20190925_205804_1_2_infrared.mp4,341,1,209,285,274,339,propagated:0.992
/Users/bround/Documents/Projects/GimbalProject/test_videos/antiuav_rgbt_train_20190925_205804_1_2_infrared.mp4,342,1,216,285,281,339,propagated:0.990
/Users/bround/Documents/Projects/GimbalProject/test_videos/antiuav_rgbt_train_20190925_205804_1_2_infrared.mp4,343,1,224,284,289,338,propagated:0.994
/Users/bround/Documents/Projects/GimbalProject/test_videos/antiuav_rgbt_train_20190925_205804_1_2_infrared.mp4,344,1,232,284,297,338,propagated:0.993
/Users/bround/Documents/Projects/GimbalProject/test_videos/antiuav_rgbt_train_20190925_205804_1_2_infrared.mp4,345,1,240,283,305,337,propagated:0.993
/Users/bround/Documents/Projects/GimbalProject/test_videos/antiuav_rgbt_train_20190925_205804_1_2_infrared.mp4,346,1,277,298,342,352,propagated:0.493
/Users/bround/Documents/Projects/GimbalProject/test_videos/antiuav_rgbt_train_20190925_205804_1_2_infrared.mp4,347,1,282,296,347,350,propagated:0.509
/Users/bround/Documents/Projects/GimbalProject/test_videos/antiuav_rgbt_train_20190925_205804_1_2_infrared.mp4,348,1,283,295,348,349,propagated:0.526
/Users/bround/Documents/Projects/GimbalProject/test_videos/antiuav_rgbt_train_20190925_205804_1_2_infrared.mp4,349,1,279,294,344,348,propagated:0.532
/Users/bround/Documents/Projects/GimbalProject/test_videos/antiuav_rgbt_train_20190925_205804_1_2_infrared.mp4,350,1,279,294,344,348,propagated:0.565
/Users/bround/Documents/Projects/GimbalProject/test_videos/antiuav_rgbt_train_20190925_205804_1_2_infrared.mp4,351,1,278,295,343,349,propagated:0.559
/Users/bround/Documents/Projects/GimbalProject/test_videos/antiuav_rgbt_train_20190925_205804_1_2_infrared.mp4,352,1,278,295,343,349,propagated:0.573
/Users/bround/Documents/Projects/GimbalProject/test_videos/antiuav_rgbt_train_20190925_205804_1_2_infrared.mp4,353,1,275,295,340,349,propagated:0.592
/Users/bround/Documents/Projects/GimbalProject/test_videos/antiuav_rgbt_train_20190925_205804_1_2_infrared.mp4,354,1,278,295,343,349,propagated:0.628
/Users/bround/Documents/Projects/GimbalProject/test_videos/antiuav_rgbt_train_20190925_205804_1_2_infrared.mp4,355,1,51,278,118,327,manual
/Users/bround/Documents/Projects/GimbalProject/test_videos/antiuav_rgbt_train_20190925_205804_1_2_infrared.mp4,357,1,58,278,125,327,propagated:0.985
/Users/bround/Documents/Projects/GimbalProject/test_videos/antiuav_rgbt_train_20190925_205804_1_2_infrared.mp4,358,1,66,277,133,326,propagated:0.991
/Users/bround/Documents/Projects/GimbalProject/test_videos/antiuav_rgbt_train_20190925_205804_1_2_infrared.mp4,359,1,73,277,140,326,propagated:0.995
/Users/bround/Documents/Projects/GimbalProject/test_videos/antiuav_rgbt_train_20190925_205804_1_2_infrared.mp4,360,1,81,277,148,326,propagated:0.984
/Users/bround/Documents/Projects/GimbalProject/test_videos/antiuav_rgbt_train_20190925_205804_1_2_infrared.mp4,361,1,88,276,155,325,propagated:0.995
/Users/bround/Documents/Projects/GimbalProject/test_videos/antiuav_rgbt_train_20190925_205804_1_2_infrared.mp4,362,1,95,276,162,325,propagated:0.992
/Users/bround/Documents/Projects/GimbalProject/test_videos/antiuav_rgbt_train_20190925_205804_1_2_infrared.mp4,363,1,103,276,170,325,propagated:0.987
/Users/bround/Documents/Projects/GimbalProject/test_videos/antiuav_rgbt_train_20190925_205804_1_2_infrared.mp4,364,1,110,275,177,324,propagated:0.994
/Users/bround/Documents/Projects/GimbalProject/test_videos/antiuav_rgbt_train_20190925_205804_1_2_infrared.mp4,365,1,118,275,185,324,propagated:0.991
/Users/bround/Documents/Projects/GimbalProject/test_videos/antiuav_rgbt_train_20190925_205804_1_2_infrared.mp4,366,1,125,274,192,323,propagated:0.988
/Users/bround/Documents/Projects/GimbalProject/test_videos/antiuav_rgbt_train_20190925_205804_1_2_infrared.mp4,367,1,132,273,199,322,propagated:0.985
/Users/bround/Documents/Projects/GimbalProject/test_videos/antiuav_rgbt_train_20190925_205804_1_2_infrared.mp4,368,1,140,273,207,322,propagated:0.995
/Users/bround/Documents/Projects/GimbalProject/test_videos/antiuav_rgbt_train_20190925_205804_1_2_infrared.mp4,369,1,147,273,214,322,propagated:0.994
/Users/bround/Documents/Projects/GimbalProject/test_videos/antiuav_rgbt_train_20190925_205804_1_2_infrared.mp4,370,1,154,272,221,321,propagated:0.994
/Users/bround/Documents/Projects/GimbalProject/test_videos/antiuav_rgbt_train_20190925_205804_1_2_infrared.mp4,371,1,161,272,228,321,propagated:0.991
/Users/bround/Documents/Projects/GimbalProject/test_videos/antiuav_rgbt_train_20190925_205804_1_2_infrared.mp4,372,1,0,273,45,319,manual
/Users/bround/Documents/Projects/GimbalProject/test_videos/antiuav_rgbt_train_20190925_205804_1_2_infrared.mp4,374,1,8,273,53,319,propagated:0.968
/Users/bround/Documents/Projects/GimbalProject/test_videos/antiuav_rgbt_train_20190925_205804_1_2_infrared.mp4,375,1,11,272,56,318,propagated:0.969
/Users/bround/Documents/Projects/GimbalProject/test_videos/antiuav_rgbt_train_20190925_205804_1_2_infrared.mp4,376,1,17,272,62,318,propagated:0.983
/Users/bround/Documents/Projects/GimbalProject/test_videos/antiuav_rgbt_train_20190925_205804_1_2_infrared.mp4,377,1,24,272,69,318,propagated:0.980
/Users/bround/Documents/Projects/GimbalProject/test_videos/antiuav_rgbt_train_20190925_205804_1_2_infrared.mp4,378,1,31,271,76,317,propagated:0.984
/Users/bround/Documents/Projects/GimbalProject/test_videos/antiuav_rgbt_train_20190925_205804_1_2_infrared.mp4,379,1,37,271,82,317,propagated:0.987
/Users/bround/Documents/Projects/GimbalProject/test_videos/antiuav_rgbt_train_20190925_205804_1_2_infrared.mp4,380,1,44,270,89,316,propagated:0.985
/Users/bround/Documents/Projects/GimbalProject/test_videos/antiuav_rgbt_train_20190925_205804_1_2_infrared.mp4,381,1,51,270,96,316,propagated:0.992
/Users/bround/Documents/Projects/GimbalProject/test_videos/antiuav_rgbt_train_20190925_205804_1_2_infrared.mp4,382,1,58,270,103,316,propagated:0.989
/Users/bround/Documents/Projects/GimbalProject/test_videos/antiuav_rgbt_train_20190925_205804_1_2_infrared.mp4,383,1,65,269,110,315,propagated:0.991
/Users/bround/Documents/Projects/GimbalProject/test_videos/antiuav_rgbt_train_20190925_205804_1_2_infrared.mp4,384,1,72,269,117,315,propagated:0.989
/Users/bround/Documents/Projects/GimbalProject/test_videos/antiuav_rgbt_train_20190925_205804_1_2_infrared.mp4,385,1,79,268,124,314,propagated:0.992
/Users/bround/Documents/Projects/GimbalProject/test_videos/antiuav_rgbt_train_20190925_205804_1_2_infrared.mp4,386,1,86,268,131,314,propagated:0.989
/Users/bround/Documents/Projects/GimbalProject/test_videos/antiuav_rgbt_train_20190925_205804_1_2_infrared.mp4,387,1,93,267,138,313,propagated:0.990
/Users/bround/Documents/Projects/GimbalProject/test_videos/antiuav_rgbt_train_20190925_205804_1_2_infrared.mp4,388,1,99,267,144,313,propagated:0.988
/Users/bround/Documents/Projects/GimbalProject/test_videos/antiuav_rgbt_train_20190925_205804_1_2_infrared.mp4,389,1,106,266,151,312,propagated:0.996
/Users/bround/Documents/Projects/GimbalProject/test_videos/antiuav_rgbt_train_20190925_205804_1_2_infrared.mp4,390,1,113,266,158,312,propagated:0.988
/Users/bround/Documents/Projects/GimbalProject/test_videos/antiuav_rgbt_train_20190925_205804_1_2_infrared.mp4,391,1,120,265,165,311,propagated:0.995
/Users/bround/Documents/Projects/GimbalProject/test_videos/antiuav_rgbt_train_20190925_205804_1_2_infrared.mp4,392,1,127,265,172,311,propagated:0.988
/Users/bround/Documents/Projects/GimbalProject/test_videos/antiuav_rgbt_train_20190925_205804_1_2_infrared.mp4,393,1,134,264,179,310,propagated:0.991
/Users/bround/Documents/Projects/GimbalProject/test_videos/antiuav_rgbt_train_20190925_205804_1_2_infrared.mp4,394,1,141,264,186,310,propagated:0.989
/Users/bround/Documents/Projects/GimbalProject/test_videos/antiuav_rgbt_train_20190925_205804_1_2_infrared.mp4,395,1,147,263,192,309,propagated:0.984
/Users/bround/Documents/Projects/GimbalProject/test_videos/antiuav_rgbt_train_20190925_205804_1_2_infrared.mp4,396,1,154,263,199,309,propagated:0.995
/Users/bround/Documents/Projects/GimbalProject/test_videos/antiuav_rgbt_train_20190925_205804_1_2_infrared.mp4,397,1,161,263,206,309,propagated:0.994
/Users/bround/Documents/Projects/GimbalProject/test_videos/antiuav_rgbt_train_20190925_205804_1_2_infrared.mp4,398,1,168,263,213,309,propagated:0.984
/Users/bround/Documents/Projects/GimbalProject/test_videos/antiuav_rgbt_train_20190925_205804_1_2_infrared.mp4,399,1,174,262,219,308,propagated:0.994
/Users/bround/Documents/Projects/GimbalProject/test_videos/antiuav_rgbt_train_20190925_205804_1_2_infrared.mp4,400,1,181,262,226,308,propagated:0.995
/Users/bround/Documents/Projects/GimbalProject/test_videos/antiuav_rgbt_train_20190925_205804_1_2_infrared.mp4,401,1,187,262,232,308,propagated:0.991
/Users/bround/Documents/Projects/GimbalProject/test_videos/antiuav_rgbt_train_20190925_205804_1_2_infrared.mp4,402,1,194,262,239,308,propagated:0.989
/Users/bround/Documents/Projects/GimbalProject/test_videos/antiuav_rgbt_train_20190925_205804_1_2_infrared.mp4,403,1,201,261,246,307,propagated:0.991
/Users/bround/Documents/Projects/GimbalProject/test_videos/antiuav_rgbt_train_20190925_205804_1_2_infrared.mp4,404,1,208,261,253,307,propagated:0.993
/Users/bround/Documents/Projects/GimbalProject/test_videos/antiuav_rgbt_train_20190925_205804_1_2_infrared.mp4,405,1,214,261,259,307,propagated:0.988
/Users/bround/Documents/Projects/GimbalProject/test_videos/antiuav_rgbt_train_20190925_205804_1_2_infrared.mp4,406,1,221,260,266,306,propagated:0.984
/Users/bround/Documents/Projects/GimbalProject/test_videos/antiuav_rgbt_train_20190925_205804_1_2_infrared.mp4,407,1,227,260,272,306,propagated:0.994
/Users/bround/Documents/Projects/GimbalProject/test_videos/antiuav_rgbt_train_20190925_205804_1_2_infrared.mp4,408,1,234,260,279,306,propagated:0.993
/Users/bround/Documents/Projects/GimbalProject/test_videos/antiuav_rgbt_train_20190925_205804_1_2_infrared.mp4,409,1,240,260,285,306,propagated:0.986
/Users/bround/Documents/Projects/GimbalProject/test_videos/antiuav_rgbt_train_20190925_205804_1_2_infrared.mp4,410,1,247,259,292,305,propagated:0.984
/Users/bround/Documents/Projects/GimbalProject/test_videos/antiuav_rgbt_train_20190925_205804_1_2_infrared.mp4,411,1,253,259,298,305,propagated:0.991
/Users/bround/Documents/Projects/GimbalProject/test_videos/antiuav_rgbt_train_20190925_205804_1_2_infrared.mp4,412,1,260,259,305,305,propagated:0.992
/Users/bround/Documents/Projects/GimbalProject/test_videos/antiuav_rgbt_train_20190925_205804_1_2_infrared.mp4,413,1,266,259,311,305,propagated:0.988
/Users/bround/Documents/Projects/GimbalProject/test_videos/antiuav_rgbt_train_20190925_205804_1_2_infrared.mp4,414,1,272,259,317,305,propagated:0.994
/Users/bround/Documents/Projects/GimbalProject/test_videos/antiuav_rgbt_train_20190925_205804_1_2_infrared.mp4,415,1,278,259,323,305,propagated:0.980
/Users/bround/Documents/Projects/GimbalProject/test_videos/antiuav_rgbt_train_20190925_205804_1_2_infrared.mp4,416,1,285,258,330,304,propagated:0.979
/Users/bround/Documents/Projects/GimbalProject/test_videos/antiuav_rgbt_train_20190925_205804_1_2_infrared.mp4,417,1,291,258,336,304,propagated:0.990
/Users/bround/Documents/Projects/GimbalProject/test_videos/antiuav_rgbt_train_20190925_205804_1_2_infrared.mp4,418,1,297,258,342,304,propagated:0.989
/Users/bround/Documents/Projects/GimbalProject/test_videos/antiuav_rgbt_train_20190925_205804_1_2_infrared.mp4,419,1,303,258,348,304,propagated:0.975
/Users/bround/Documents/Projects/GimbalProject/test_videos/antiuav_rgbt_train_20190925_205804_1_2_infrared.mp4,420,1,309,257,354,303,propagated:0.966
/Users/bround/Documents/Projects/GimbalProject/test_videos/antiuav_rgbt_train_20190925_205804_1_2_infrared.mp4,421,1,315,257,360,303,propagated:0.978
/Users/bround/Documents/Projects/GimbalProject/test_videos/antiuav_rgbt_train_20190925_205804_1_2_infrared.mp4,422,1,321,257,366,303,propagated:0.974
/Users/bround/Documents/Projects/GimbalProject/test_videos/antiuav_rgbt_train_20190925_205804_1_2_infrared.mp4,423,1,327,256,372,302,propagated:0.965
/Users/bround/Documents/Projects/GimbalProject/test_videos/antiuav_rgbt_train_20190925_205804_1_2_infrared.mp4,424,1,333,256,378,302,propagated:0.988
/Users/bround/Documents/Projects/GimbalProject/test_videos/antiuav_rgbt_train_20190925_205804_1_2_infrared.mp4,425,1,339,255,384,301,propagated:0.978
/Users/bround/Documents/Projects/GimbalProject/test_videos/antiuav_rgbt_train_20190925_205804_1_2_infrared.mp4,426,1,345,255,390,301,propagated:0.975
/Users/bround/Documents/Projects/GimbalProject/test_videos/antiuav_rgbt_train_20190925_205804_1_2_infrared.mp4,427,1,351,255,396,301,propagated:0.952
/Users/bround/Documents/Projects/GimbalProject/test_videos/antiuav_rgbt_train_20190925_205804_1_2_infrared.mp4,428,1,357,254,402,300,propagated:0.920
/Users/bround/Documents/Projects/GimbalProject/test_videos/antiuav_rgbt_train_20190925_205804_1_2_infrared.mp4,429,1,363,254,408,300,propagated:0.898
/Users/bround/Documents/Projects/GimbalProject/test_videos/antiuav_rgbt_train_20190925_205804_1_2_infrared.mp4,430,1,369,253,414,299,propagated:0.862
/Users/bround/Documents/Projects/GimbalProject/test_videos/antiuav_rgbt_train_20190925_205804_1_2_infrared.mp4,431,1,375,253,420,299,propagated:0.852
/Users/bround/Documents/Projects/GimbalProject/test_videos/antiuav_rgbt_train_20190925_205804_1_2_infrared.mp4,432,1,380,253,425,299,propagated:0.823
/Users/bround/Documents/Projects/GimbalProject/test_videos/antiuav_rgbt_train_20190925_205804_1_2_infrared.mp4,433,0,,,,,invisible
/Users/bround/Documents/Projects/GimbalProject/test_videos/antiuav_rgbt_train_20190925_205804_1_2_infrared.mp4,434,1,392,252,437,298,propagated:0.971
/Users/bround/Documents/Projects/GimbalProject/test_videos/antiuav_rgbt_train_20190925_205804_1_2_infrared.mp4,435,0,,,,,invisible
/Users/bround/Documents/Projects/GimbalProject/test_videos/antiuav_rgbt_train_20190925_205804_1_2_infrared.mp4,436,1,448,267,493,313,propagated:0.843
/Users/bround/Documents/Projects/GimbalProject/test_videos/antiuav_rgbt_train_20190925_205804_1_2_infrared.mp4,437,1,459,393,504,439,propagated:0.868
/Users/bround/Documents/Projects/GimbalProject/test_videos/antiuav_rgbt_train_20190925_205804_1_2_infrared.mp4,438,1,459,393,504,439,propagated:0.906
/Users/bround/Documents/Projects/GimbalProject/test_videos/antiuav_rgbt_train_20190925_205804_1_2_infrared.mp4,439,1,459,394,504,440,propagated:0.912
/Users/bround/Documents/Projects/GimbalProject/test_videos/antiuav_rgbt_train_20190925_205804_1_2_infrared.mp4,440,1,459,394,504,440,propagated:0.941
/Users/bround/Documents/Projects/GimbalProject/test_videos/antiuav_rgbt_train_20190925_205804_1_2_infrared.mp4,441,1,458,394,503,440,propagated:0.955
/Users/bround/Documents/Projects/GimbalProject/test_videos/antiuav_rgbt_train_20190925_205804_1_2_infrared.mp4,442,1,459,394,504,440,propagated:0.970
/Users/bround/Documents/Projects/GimbalProject/test_videos/antiuav_rgbt_train_20190925_205804_1_2_infrared.mp4,443,1,458,395,503,441,propagated:0.963
/Users/bround/Documents/Projects/GimbalProject/test_videos/antiuav_rgbt_train_20190925_205804_1_2_infrared.mp4,444,1,458,395,503,441,propagated:0.971
/Users/bround/Documents/Projects/GimbalProject/test_videos/antiuav_rgbt_train_20190925_205804_1_2_infrared.mp4,445,0,,,,,invisible
/Users/bround/Documents/Projects/GimbalProject/test_videos/antiuav_rgbt_train_20190925_205804_1_2_infrared.mp4,446,1,456,398,501,444,propagated:0.972
/Users/bround/Documents/Projects/GimbalProject/test_videos/antiuav_rgbt_train_20190925_205804_1_2_infrared.mp4,447,1,456,397,501,443,propagated:0.973
/Users/bround/Documents/Projects/GimbalProject/test_videos/antiuav_rgbt_train_20190925_205804_1_2_infrared.mp4,448,1,458,394,503,440,propagated:0.966
/Users/bround/Documents/Projects/GimbalProject/test_videos/antiuav_rgbt_train_20190925_205804_1_2_infrared.mp4,449,1,459,391,504,437,propagated:0.966
/Users/bround/Documents/Projects/GimbalProject/test_videos/antiuav_rgbt_train_20190925_205804_1_2_infrared.mp4,450,1,458,397,503,443,propagated:0.958
/Users/bround/Documents/Projects/GimbalProject/test_videos/antiuav_rgbt_train_20190925_205804_1_2_infrared.mp4,451,1,459,396,504,442,propagated:0.952
/Users/bround/Documents/Projects/GimbalProject/test_videos/antiuav_rgbt_train_20190925_205804_1_2_infrared.mp4,452,1,459,398,504,444,propagated:0.952
/Users/bround/Documents/Projects/GimbalProject/test_videos/antiuav_rgbt_train_20190925_205804_1_2_infrared.mp4,453,1,466,388,511,434,propagated:0.948
/Users/bround/Documents/Projects/GimbalProject/test_videos/antiuav_rgbt_train_20190925_205804_1_2_infrared.mp4,454,1,459,398,504,444,propagated:0.958
/Users/bround/Documents/Projects/GimbalProject/test_videos/antiuav_rgbt_train_20190925_205804_1_2_infrared.mp4,455,1,305,248,373,297,manual
/Users/bround/Documents/Projects/GimbalProject/test_videos/antiuav_rgbt_train_20190925_205804_1_2_infrared.mp4,457,1,311,248,379,297,propagated:0.993
/Users/bround/Documents/Projects/GimbalProject/test_videos/antiuav_rgbt_train_20190925_205804_1_2_infrared.mp4,458,1,316,248,384,297,propagated:0.989
/Users/bround/Documents/Projects/GimbalProject/test_videos/antiuav_rgbt_train_20190925_205804_1_2_infrared.mp4,459,1,293,248,361,297,propagated:0.839
/Users/bround/Documents/Projects/GimbalProject/test_videos/antiuav_rgbt_train_20190925_205804_1_2_infrared.mp4,460,1,223,249,291,298,propagated:0.838
/Users/bround/Documents/Projects/GimbalProject/test_videos/antiuav_rgbt_train_20190925_205804_1_2_infrared.mp4,461,1,157,249,225,298,propagated:0.901
/Users/bround/Documents/Projects/GimbalProject/test_videos/antiuav_rgbt_train_20190925_205804_1_2_infrared.mp4,462,1,96,249,164,298,propagated:0.940
/Users/bround/Documents/Projects/GimbalProject/test_videos/antiuav_rgbt_train_20190925_205804_1_2_infrared.mp4,463,1,73,250,141,299,propagated:0.948
/Users/bround/Documents/Projects/GimbalProject/test_videos/antiuav_rgbt_train_20190925_205804_1_2_infrared.mp4,464,1,85,250,153,299,propagated:0.964
/Users/bround/Documents/Projects/GimbalProject/test_videos/antiuav_rgbt_train_20190925_205804_1_2_infrared.mp4,465,1,90,250,158,299,propagated:0.968
/Users/bround/Documents/Projects/GimbalProject/test_videos/antiuav_rgbt_train_20190925_205804_1_2_infrared.mp4,466,1,92,250,160,299,propagated:0.975
/Users/bround/Documents/Projects/GimbalProject/test_videos/antiuav_rgbt_train_20190925_205804_1_2_infrared.mp4,467,1,97,250,165,299,propagated:0.997
/Users/bround/Documents/Projects/GimbalProject/test_videos/antiuav_rgbt_train_20190925_205804_1_2_infrared.mp4,468,1,102,250,170,299,propagated:0.987
/Users/bround/Documents/Projects/GimbalProject/test_videos/antiuav_rgbt_train_20190925_205804_1_2_infrared.mp4,469,1,108,250,176,299,propagated:0.984
/Users/bround/Documents/Projects/GimbalProject/test_videos/antiuav_rgbt_train_20190925_205804_1_2_infrared.mp4,470,1,113,250,181,299,propagated:0.984
/Users/bround/Documents/Projects/GimbalProject/test_videos/antiuav_rgbt_train_20190925_205804_1_2_infrared.mp4,471,1,119,250,187,299,propagated:0.986
/Users/bround/Documents/Projects/GimbalProject/test_videos/antiuav_rgbt_train_20190925_205804_1_2_infrared.mp4,472,1,124,251,192,300,propagated:0.984
/Users/bround/Documents/Projects/GimbalProject/test_videos/antiuav_rgbt_train_20190925_205804_1_2_infrared.mp4,473,1,130,251,198,300,propagated:0.992
/Users/bround/Documents/Projects/GimbalProject/test_videos/antiuav_rgbt_train_20190925_205804_1_2_infrared.mp4,474,1,136,251,204,300,propagated:0.993
/Users/bround/Documents/Projects/GimbalProject/test_videos/antiuav_rgbt_train_20190925_205804_1_2_infrared.mp4,475,1,141,251,209,300,propagated:0.986
/Users/bround/Documents/Projects/GimbalProject/test_videos/antiuav_rgbt_train_20190925_205804_1_2_infrared.mp4,476,1,147,251,215,300,propagated:0.992
/Users/bround/Documents/Projects/GimbalProject/test_videos/antiuav_rgbt_train_20190925_205804_1_2_infrared.mp4,477,1,153,251,221,300,propagated:0.994
/Users/bround/Documents/Projects/GimbalProject/test_videos/antiuav_rgbt_train_20190925_205804_1_2_infrared.mp4,478,1,158,251,226,300,propagated:0.993
/Users/bround/Documents/Projects/GimbalProject/test_videos/antiuav_rgbt_train_20190925_205804_1_2_infrared.mp4,479,1,164,251,232,300,propagated:0.986
/Users/bround/Documents/Projects/GimbalProject/test_videos/antiuav_rgbt_train_20190925_205804_1_2_infrared.mp4,480,1,170,251,238,300,propagated:0.988
/Users/bround/Documents/Projects/GimbalProject/test_videos/antiuav_rgbt_train_20190925_205804_1_2_infrared.mp4,481,1,175,251,243,300,propagated:0.985
/Users/bround/Documents/Projects/GimbalProject/test_videos/antiuav_rgbt_train_20190925_205804_1_2_infrared.mp4,482,1,181,252,249,301,propagated:0.986
/Users/bround/Documents/Projects/GimbalProject/test_videos/antiuav_rgbt_train_20190925_205804_1_2_infrared.mp4,483,1,187,252,255,301,propagated:0.987
/Users/bround/Documents/Projects/GimbalProject/test_videos/antiuav_rgbt_train_20190925_205804_1_2_infrared.mp4,484,1,192,252,260,301,propagated:0.991
/Users/bround/Documents/Projects/GimbalProject/test_videos/antiuav_rgbt_train_20190925_205804_1_2_infrared.mp4,485,1,198,252,266,301,propagated:0.995
/Users/bround/Documents/Projects/GimbalProject/test_videos/antiuav_rgbt_train_20190925_205804_1_2_infrared.mp4,486,1,203,252,271,301,propagated:0.991
/Users/bround/Documents/Projects/GimbalProject/test_videos/antiuav_rgbt_train_20190925_205804_1_2_infrared.mp4,487,1,209,252,277,301,propagated:0.994
/Users/bround/Documents/Projects/GimbalProject/test_videos/antiuav_rgbt_train_20190925_205804_1_2_infrared.mp4,488,1,214,252,282,301,propagated:0.997
/Users/bround/Documents/Projects/GimbalProject/test_videos/antiuav_rgbt_train_20190925_205804_1_2_infrared.mp4,489,1,220,252,288,301,propagated:0.996
/Users/bround/Documents/Projects/GimbalProject/test_videos/antiuav_rgbt_train_20190925_205804_1_2_infrared.mp4,490,1,225,252,293,301,propagated:0.995
/Users/bround/Documents/Projects/GimbalProject/test_videos/antiuav_rgbt_train_20190925_205804_1_2_infrared.mp4,491,1,231,252,299,301,propagated:0.996
/Users/bround/Documents/Projects/GimbalProject/test_videos/antiuav_rgbt_train_20190925_205804_1_2_infrared.mp4,492,1,236,252,304,301,propagated:0.993
/Users/bround/Documents/Projects/GimbalProject/test_videos/antiuav_rgbt_train_20190925_205804_1_2_infrared.mp4,493,1,242,252,310,301,propagated:0.995
/Users/bround/Documents/Projects/GimbalProject/test_videos/antiuav_rgbt_train_20190925_205804_1_2_infrared.mp4,494,1,247,252,315,301,propagated:0.992
/Users/bround/Documents/Projects/GimbalProject/test_videos/antiuav_rgbt_train_20190925_205804_1_2_infrared.mp4,495,1,253,252,321,301,propagated:0.995
/Users/bround/Documents/Projects/GimbalProject/test_videos/antiuav_rgbt_train_20190925_205804_1_2_infrared.mp4,496,1,258,252,326,301,propagated:0.996
/Users/bround/Documents/Projects/GimbalProject/test_videos/antiuav_rgbt_train_20190925_205804_1_2_infrared.mp4,497,1,263,252,331,301,propagated:0.994
/Users/bround/Documents/Projects/GimbalProject/test_videos/antiuav_rgbt_train_20190925_205804_1_2_infrared.mp4,498,1,269,252,337,301,propagated:0.994
/Users/bround/Documents/Projects/GimbalProject/test_videos/antiuav_rgbt_train_20190925_205804_1_2_infrared.mp4,499,1,274,252,342,301,propagated:0.997
/Users/bround/Documents/Projects/GimbalProject/test_videos/antiuav_rgbt_train_20190925_205804_1_2_infrared.mp4,500,1,279,252,347,301,propagated:0.993
/Users/bround/Documents/Projects/GimbalProject/test_videos/antiuav_rgbt_train_20190925_205804_1_2_infrared.mp4,501,1,285,252,353,301,propagated:0.990
/Users/bround/Documents/Projects/GimbalProject/test_videos/antiuav_rgbt_train_20190925_205804_1_2_infrared.mp4,502,1,132,251,200,300,propagated:0.978
/Users/bround/Documents/Projects/GimbalProject/test_videos/antiuav_rgbt_train_20190925_205804_1_2_infrared.mp4,503,1,143,251,211,300,propagated:0.986
/Users/bround/Documents/Projects/GimbalProject/test_videos/antiuav_rgbt_train_20190925_205804_1_2_infrared.mp4,504,1,149,251,217,300,propagated:0.991
/Users/bround/Documents/Projects/GimbalProject/test_videos/antiuav_rgbt_train_20190925_205804_1_2_infrared.mp4,505,1,150,251,218,300,propagated:0.991
/Users/bround/Documents/Projects/GimbalProject/test_videos/antiuav_rgbt_train_20190925_205804_1_2_infrared.mp4,506,1,154,251,222,300,propagated:0.993
/Users/bround/Documents/Projects/GimbalProject/test_videos/antiuav_rgbt_train_20190925_205804_1_2_infrared.mp4,507,1,159,251,227,300,propagated:0.999
/Users/bround/Documents/Projects/GimbalProject/test_videos/antiuav_rgbt_train_20190925_205804_1_2_infrared.mp4,508,1,164,251,232,300,propagated:0.991
/Users/bround/Documents/Projects/GimbalProject/test_videos/antiuav_rgbt_train_20190925_205804_1_2_infrared.mp4,509,1,169,250,237,299,propagated:0.984
/Users/bround/Documents/Projects/GimbalProject/test_videos/antiuav_rgbt_train_20190925_205804_1_2_infrared.mp4,510,1,174,250,242,299,propagated:0.990
/Users/bround/Documents/Projects/GimbalProject/test_videos/antiuav_rgbt_train_20190925_205804_1_2_infrared.mp4,511,1,179,250,247,299,propagated:0.993
/Users/bround/Documents/Projects/GimbalProject/test_videos/antiuav_rgbt_train_20190925_205804_1_2_infrared.mp4,512,1,184,250,252,299,propagated:0.983
/Users/bround/Documents/Projects/GimbalProject/test_videos/antiuav_rgbt_train_20190925_205804_1_2_infrared.mp4,513,1,189,250,257,299,propagated:0.986
/Users/bround/Documents/Projects/GimbalProject/test_videos/antiuav_rgbt_train_20190925_205804_1_2_infrared.mp4,514,1,194,249,262,298,propagated:0.979
/Users/bround/Documents/Projects/GimbalProject/test_videos/antiuav_rgbt_train_20190925_205804_1_2_infrared.mp4,515,1,199,249,267,298,propagated:0.990
/Users/bround/Documents/Projects/GimbalProject/test_videos/antiuav_rgbt_train_20190925_205804_1_2_infrared.mp4,516,1,203,249,271,298,propagated:0.992
/Users/bround/Documents/Projects/GimbalProject/test_videos/antiuav_rgbt_train_20190925_205804_1_2_infrared.mp4,517,1,208,249,276,298,propagated:0.998
/Users/bround/Documents/Projects/GimbalProject/test_videos/antiuav_rgbt_train_20190925_205804_1_2_infrared.mp4,518,1,213,248,281,297,propagated:0.981
/Users/bround/Documents/Projects/GimbalProject/test_videos/antiuav_rgbt_train_20190925_205804_1_2_infrared.mp4,519,1,217,248,285,297,propagated:0.991
/Users/bround/Documents/Projects/GimbalProject/test_videos/antiuav_rgbt_train_20190925_205804_1_2_infrared.mp4,520,1,222,248,290,297,propagated:0.997
/Users/bround/Documents/Projects/GimbalProject/test_videos/antiuav_rgbt_train_20190925_205804_1_2_infrared.mp4,521,1,227,248,295,297,propagated:0.990
/Users/bround/Documents/Projects/GimbalProject/test_videos/antiuav_rgbt_train_20190925_205804_1_2_infrared.mp4,522,1,231,247,299,296,propagated:0.983
/Users/bround/Documents/Projects/GimbalProject/test_videos/antiuav_rgbt_train_20190925_205804_1_2_infrared.mp4,523,1,236,247,304,296,propagated:0.993
/Users/bround/Documents/Projects/GimbalProject/test_videos/antiuav_rgbt_train_20190925_205804_1_2_infrared.mp4,524,1,241,247,309,296,propagated:0.991
/Users/bround/Documents/Projects/GimbalProject/test_videos/antiuav_rgbt_train_20190925_205804_1_2_infrared.mp4,525,1,245,246,313,295,propagated:0.983
/Users/bround/Documents/Projects/GimbalProject/test_videos/antiuav_rgbt_train_20190925_205804_1_2_infrared.mp4,526,1,250,246,318,295,propagated:0.994
/Users/bround/Documents/Projects/GimbalProject/test_videos/antiuav_rgbt_train_20190925_205804_1_2_infrared.mp4,527,1,255,246,323,295,propagated:0.990
/Users/bround/Documents/Projects/GimbalProject/test_videos/antiuav_rgbt_train_20190925_205804_1_2_infrared.mp4,528,1,259,245,327,294,propagated:0.988
/Users/bround/Documents/Projects/GimbalProject/test_videos/antiuav_rgbt_train_20190925_205804_1_2_infrared.mp4,529,1,264,245,332,294,propagated:0.991
/Users/bround/Documents/Projects/GimbalProject/test_videos/antiuav_rgbt_train_20190925_205804_1_2_infrared.mp4,530,1,268,245,336,294,propagated:0.995
/Users/bround/Documents/Projects/GimbalProject/test_videos/antiuav_rgbt_train_20190925_205804_1_2_infrared.mp4,531,1,273,244,341,293,propagated:0.984
/Users/bround/Documents/Projects/GimbalProject/test_videos/antiuav_rgbt_train_20190925_205804_1_2_infrared.mp4,532,1,277,244,345,293,propagated:0.994
/Users/bround/Documents/Projects/GimbalProject/test_videos/antiuav_rgbt_train_20190925_205804_1_2_infrared.mp4,533,1,282,243,350,292,propagated:0.987
/Users/bround/Documents/Projects/GimbalProject/test_videos/antiuav_rgbt_train_20190925_205804_1_2_infrared.mp4,534,1,286,242,354,291,propagated:0.987
/Users/bround/Documents/Projects/GimbalProject/test_videos/antiuav_rgbt_train_20190925_205804_1_2_infrared.mp4,535,1,291,241,359,290,propagated:0.993
/Users/bround/Documents/Projects/GimbalProject/test_videos/antiuav_rgbt_train_20190925_205804_1_2_infrared.mp4,536,1,296,238,364,287,propagated:0.973
/Users/bround/Documents/Projects/GimbalProject/test_videos/antiuav_rgbt_train_20190925_205804_1_2_infrared.mp4,537,1,248,236,316,285,propagated:0.797
/Users/bround/Documents/Projects/GimbalProject/test_videos/antiuav_rgbt_train_20190925_205804_1_2_infrared.mp4,538,1,178,235,246,284,propagated:0.913
/Users/bround/Documents/Projects/GimbalProject/test_videos/antiuav_rgbt_train_20190925_205804_1_2_infrared.mp4,539,1,165,233,233,282,propagated:0.978
/Users/bround/Documents/Projects/GimbalProject/test_videos/antiuav_rgbt_train_20190925_205804_1_2_infrared.mp4,540,1,178,231,246,280,propagated:0.978
/Users/bround/Documents/Projects/GimbalProject/test_videos/antiuav_rgbt_train_20190925_205804_1_2_infrared.mp4,541,1,179,229,247,278,propagated:0.978
/Users/bround/Documents/Projects/GimbalProject/test_videos/antiuav_rgbt_train_20190925_205804_1_2_infrared.mp4,542,1,180,227,248,276,propagated:0.980
/Users/bround/Documents/Projects/GimbalProject/test_videos/antiuav_rgbt_train_20190925_205804_1_2_infrared.mp4,543,1,183,225,251,274,propagated:0.979
/Users/bround/Documents/Projects/GimbalProject/test_videos/antiuav_rgbt_train_20190925_205804_1_2_infrared.mp4,544,1,187,223,255,272,propagated:0.983
/Users/bround/Documents/Projects/GimbalProject/test_videos/antiuav_rgbt_train_20190925_205804_1_2_infrared.mp4,545,1,191,221,259,270,propagated:0.988
/Users/bround/Documents/Projects/GimbalProject/test_videos/antiuav_rgbt_train_20190925_205804_1_2_infrared.mp4,546,1,195,219,263,268,propagated:0.992
/Users/bround/Documents/Projects/GimbalProject/test_videos/antiuav_rgbt_train_20190925_205804_1_2_infrared.mp4,547,1,199,217,267,266,propagated:0.992
/Users/bround/Documents/Projects/GimbalProject/test_videos/antiuav_rgbt_train_20190925_205804_1_2_infrared.mp4,548,1,203,215,271,264,propagated:0.993
/Users/bround/Documents/Projects/GimbalProject/test_videos/antiuav_rgbt_train_20190925_205804_1_2_infrared.mp4,549,1,207,213,275,262,propagated:0.992
/Users/bround/Documents/Projects/GimbalProject/test_videos/antiuav_rgbt_train_20190925_205804_1_2_infrared.mp4,550,1,211,212,279,261,propagated:0.983
/Users/bround/Documents/Projects/GimbalProject/test_videos/antiuav_rgbt_train_20190925_205804_1_2_infrared.mp4,551,1,215,210,283,259,propagated:0.988
/Users/bround/Documents/Projects/GimbalProject/test_videos/antiuav_rgbt_train_20190925_205804_1_2_infrared.mp4,552,1,219,208,287,257,propagated:0.987
/Users/bround/Documents/Projects/GimbalProject/test_videos/antiuav_rgbt_train_20190925_205804_1_2_infrared.mp4,553,1,223,206,291,255,propagated:0.990
/Users/bround/Documents/Projects/GimbalProject/test_videos/antiuav_rgbt_train_20190925_205804_1_2_infrared.mp4,554,1,227,204,295,253,propagated:0.987
/Users/bround/Documents/Projects/GimbalProject/test_videos/antiuav_rgbt_train_20190925_205804_1_2_infrared.mp4,555,1,231,202,299,251,propagated:0.990
/Users/bround/Documents/Projects/GimbalProject/test_videos/antiuav_rgbt_train_20190925_205804_1_2_infrared.mp4,556,1,235,200,303,249,propagated:0.988
/Users/bround/Documents/Projects/GimbalProject/test_videos/antiuav_rgbt_train_20190925_205804_1_2_infrared.mp4,557,1,239,198,307,247,propagated:0.991
/Users/bround/Documents/Projects/GimbalProject/test_videos/antiuav_rgbt_train_20190925_205804_1_2_infrared.mp4,558,1,243,196,311,245,propagated:0.993
/Users/bround/Documents/Projects/GimbalProject/test_videos/antiuav_rgbt_train_20190925_205804_1_2_infrared.mp4,559,1,247,194,315,243,propagated:0.991
/Users/bround/Documents/Projects/GimbalProject/test_videos/antiuav_rgbt_train_20190925_205804_1_2_infrared.mp4,560,1,251,193,319,242,propagated:0.997
/Users/bround/Documents/Projects/GimbalProject/test_videos/antiuav_rgbt_train_20190925_205804_1_2_infrared.mp4,561,1,255,191,323,240,propagated:0.995
/Users/bround/Documents/Projects/GimbalProject/test_videos/antiuav_rgbt_train_20190925_205804_1_2_infrared.mp4,562,1,259,189,327,238,propagated:0.993
/Users/bround/Documents/Projects/GimbalProject/test_videos/antiuav_rgbt_train_20190925_205804_1_2_infrared.mp4,563,1,263,188,331,237,propagated:0.995
/Users/bround/Documents/Projects/GimbalProject/test_videos/antiuav_rgbt_train_20190925_205804_1_2_infrared.mp4,564,1,267,186,335,235,propagated:0.994
/Users/bround/Documents/Projects/GimbalProject/test_videos/antiuav_rgbt_train_20190925_205804_1_2_infrared.mp4,565,1,283,234,351,283,propagated:0.897
/Users/bround/Documents/Projects/GimbalProject/test_videos/antiuav_rgbt_train_20190925_205804_1_2_infrared.mp4,566,1,287,266,355,315,propagated:0.921
/Users/bround/Documents/Projects/GimbalProject/test_videos/antiuav_rgbt_train_20190925_205804_1_2_infrared.mp4,567,1,291,278,359,327,propagated:0.973
/Users/bround/Documents/Projects/GimbalProject/test_videos/antiuav_rgbt_train_20190925_205804_1_2_infrared.mp4,568,1,295,277,363,326,propagated:0.970
/Users/bround/Documents/Projects/GimbalProject/test_videos/antiuav_rgbt_train_20190925_205804_1_2_infrared.mp4,569,1,299,275,367,324,propagated:0.981
/Users/bround/Documents/Projects/GimbalProject/test_videos/antiuav_rgbt_train_20190925_205804_1_2_infrared.mp4,570,1,302,273,370,322,propagated:0.979
/Users/bround/Documents/Projects/GimbalProject/test_videos/antiuav_rgbt_train_20190925_205804_1_2_infrared.mp4,571,1,306,271,374,320,propagated:0.999
/Users/bround/Documents/Projects/GimbalProject/test_videos/antiuav_rgbt_train_20190925_205804_1_2_infrared.mp4,572,1,310,269,378,318,propagated:0.992
/Users/bround/Documents/Projects/GimbalProject/test_videos/antiuav_rgbt_train_20190925_205804_1_2_infrared.mp4,573,1,314,268,382,317,propagated:0.986
/Users/bround/Documents/Projects/GimbalProject/test_videos/antiuav_rgbt_train_20190925_205804_1_2_infrared.mp4,574,1,317,266,385,315,propagated:0.989
/Users/bround/Documents/Projects/GimbalProject/test_videos/antiuav_rgbt_train_20190925_205804_1_2_infrared.mp4,575,1,321,264,389,313,propagated:0.994
/Users/bround/Documents/Projects/GimbalProject/test_videos/antiuav_rgbt_train_20190925_205804_1_2_infrared.mp4,576,1,325,262,393,311,propagated:0.985
/Users/bround/Documents/Projects/GimbalProject/test_videos/antiuav_rgbt_train_20190925_205804_1_2_infrared.mp4,577,1,329,261,397,310,propagated:0.994
/Users/bround/Documents/Projects/GimbalProject/test_videos/antiuav_rgbt_train_20190925_205804_1_2_infrared.mp4,578,1,333,259,401,308,propagated:0.993
/Users/bround/Documents/Projects/GimbalProject/test_videos/antiuav_rgbt_train_20190925_205804_1_2_infrared.mp4,579,1,336,257,404,306,propagated:0.984
/Users/bround/Documents/Projects/GimbalProject/test_videos/antiuav_rgbt_train_20190925_205804_1_2_infrared.mp4,580,1,340,256,408,305,propagated:0.988
/Users/bround/Documents/Projects/GimbalProject/test_videos/antiuav_rgbt_train_20190925_205804_1_2_infrared.mp4,581,1,344,254,412,303,propagated:0.988
/Users/bround/Documents/Projects/GimbalProject/test_videos/antiuav_rgbt_train_20190925_205804_1_2_infrared.mp4,582,1,348,252,416,301,propagated:0.985
/Users/bround/Documents/Projects/GimbalProject/test_videos/antiuav_rgbt_train_20190925_205804_1_2_infrared.mp4,583,1,351,251,419,300,propagated:0.992
/Users/bround/Documents/Projects/GimbalProject/test_videos/antiuav_rgbt_train_20190925_205804_1_2_infrared.mp4,584,1,250,245,318,294,propagated:0.778
/Users/bround/Documents/Projects/GimbalProject/test_videos/antiuav_rgbt_train_20190925_205804_1_2_infrared.mp4,585,1,185,244,253,293,propagated:0.902
/Users/bround/Documents/Projects/GimbalProject/test_videos/antiuav_rgbt_train_20190925_205804_1_2_infrared.mp4,586,1,174,242,242,291,propagated:0.974
/Users/bround/Documents/Projects/GimbalProject/test_videos/antiuav_rgbt_train_20190925_205804_1_2_infrared.mp4,587,1,185,241,253,290,propagated:0.983
/Users/bround/Documents/Projects/GimbalProject/test_videos/antiuav_rgbt_train_20190925_205804_1_2_infrared.mp4,588,1,187,240,255,289,propagated:0.979
/Users/bround/Documents/Projects/GimbalProject/test_videos/antiuav_rgbt_train_20190925_205804_1_2_infrared.mp4,589,1,187,238,255,287,propagated:0.991
/Users/bround/Documents/Projects/GimbalProject/test_videos/antiuav_rgbt_train_20190925_205804_1_2_infrared.mp4,590,1,190,237,258,286,propagated:0.992
/Users/bround/Documents/Projects/GimbalProject/test_videos/antiuav_rgbt_train_20190925_205804_1_2_infrared.mp4,591,1,194,236,262,285,propagated:0.989
/Users/bround/Documents/Projects/GimbalProject/test_videos/antiuav_rgbt_train_20190925_205804_1_2_infrared.mp4,592,1,197,234,265,283,propagated:0.996
/Users/bround/Documents/Projects/GimbalProject/test_videos/antiuav_rgbt_train_20190925_205804_1_2_infrared.mp4,593,1,201,233,269,282,propagated:0.992
/Users/bround/Documents/Projects/GimbalProject/test_videos/antiuav_rgbt_train_20190925_205804_1_2_infrared.mp4,594,1,204,232,272,281,propagated:0.994
/Users/bround/Documents/Projects/GimbalProject/test_videos/antiuav_rgbt_train_20190925_205804_1_2_infrared.mp4,595,1,208,230,276,279,propagated:0.993
/Users/bround/Documents/Projects/GimbalProject/test_videos/antiuav_rgbt_train_20190925_205804_1_2_infrared.mp4,596,1,212,229,280,278,propagated:0.994
/Users/bround/Documents/Projects/GimbalProject/test_videos/antiuav_rgbt_train_20190925_205804_1_2_infrared.mp4,597,1,216,228,284,277,propagated:0.992
/Users/bround/Documents/Projects/GimbalProject/test_videos/antiuav_rgbt_train_20190925_205804_1_2_infrared.mp4,598,1,219,227,287,276,propagated:0.984
/Users/bround/Documents/Projects/GimbalProject/test_videos/antiuav_rgbt_train_20190925_205804_1_2_infrared.mp4,599,1,223,225,291,274,propagated:0.996
/Users/bround/Documents/Projects/GimbalProject/test_videos/antiuav_rgbt_train_20190925_205804_1_2_infrared.mp4,600,1,227,224,295,273,propagated:0.996
/Users/bround/Documents/Projects/GimbalProject/test_videos/antiuav_rgbt_train_20190925_205804_1_2_infrared.mp4,601,1,231,223,299,272,propagated:0.997
/Users/bround/Documents/Projects/GimbalProject/test_videos/antiuav_rgbt_train_20190925_205804_1_2_infrared.mp4,602,1,235,221,303,270,propagated:0.983
/Users/bround/Documents/Projects/GimbalProject/test_videos/antiuav_rgbt_train_20190925_205804_1_2_infrared.mp4,603,1,239,220,307,269,propagated:0.987
/Users/bround/Documents/Projects/GimbalProject/test_videos/antiuav_rgbt_train_20190925_205804_1_2_infrared.mp4,604,1,242,219,310,268,propagated:0.992
/Users/bround/Documents/Projects/GimbalProject/test_videos/antiuav_rgbt_train_20190925_205804_1_2_infrared.mp4,605,1,246,218,314,267,propagated:0.995
/Users/bround/Documents/Projects/GimbalProject/test_videos/antiuav_rgbt_train_20190925_205804_1_2_infrared.mp4,606,1,250,217,318,266,propagated:0.992
/Users/bround/Documents/Projects/GimbalProject/test_videos/antiuav_rgbt_train_20190925_205804_1_2_infrared.mp4,607,1,254,216,322,265,propagated:0.992
/Users/bround/Documents/Projects/GimbalProject/test_videos/antiuav_rgbt_train_20190925_205804_1_2_infrared.mp4,608,1,265,253,333,302,propagated:0.899
/Users/bround/Documents/Projects/GimbalProject/test_videos/antiuav_rgbt_train_20190925_205804_1_2_infrared.mp4,609,1,269,285,337,334,propagated:0.974
/Users/bround/Documents/Projects/GimbalProject/test_videos/antiuav_rgbt_train_20190925_205804_1_2_infrared.mp4,610,1,273,285,341,334,propagated:0.982
/Users/bround/Documents/Projects/GimbalProject/test_videos/antiuav_rgbt_train_20190925_205804_1_2_infrared.mp4,611,1,277,283,345,332,propagated:0.992
/Users/bround/Documents/Projects/GimbalProject/test_videos/antiuav_rgbt_train_20190925_205804_1_2_infrared.mp4,612,1,281,282,349,331,propagated:0.980
/Users/bround/Documents/Projects/GimbalProject/test_videos/antiuav_rgbt_train_20190925_205804_1_2_infrared.mp4,613,1,284,282,352,331,propagated:0.983
/Users/bround/Documents/Projects/GimbalProject/test_videos/antiuav_rgbt_train_20190925_205804_1_2_infrared.mp4,614,1,288,280,356,329,propagated:0.994
/Users/bround/Documents/Projects/GimbalProject/test_videos/antiuav_rgbt_train_20190925_205804_1_2_infrared.mp4,615,1,292,279,360,328,propagated:0.995
/Users/bround/Documents/Projects/GimbalProject/test_videos/antiuav_rgbt_train_20190925_205804_1_2_infrared.mp4,616,1,296,278,364,327,propagated:0.981
/Users/bround/Documents/Projects/GimbalProject/test_videos/antiuav_rgbt_train_20190925_205804_1_2_infrared.mp4,617,1,299,277,367,326,propagated:0.991
/Users/bround/Documents/Projects/GimbalProject/test_videos/antiuav_rgbt_train_20190925_205804_1_2_infrared.mp4,618,1,303,276,371,325,propagated:0.992
/Users/bround/Documents/Projects/GimbalProject/test_videos/antiuav_rgbt_train_20190925_205804_1_2_infrared.mp4,619,1,307,275,375,324,propagated:0.993
/Users/bround/Documents/Projects/GimbalProject/test_videos/antiuav_rgbt_train_20190925_205804_1_2_infrared.mp4,620,1,310,274,378,323,propagated:0.989
/Users/bround/Documents/Projects/GimbalProject/test_videos/antiuav_rgbt_train_20190925_205804_1_2_infrared.mp4,621,1,321,298,389,347,propagated:0.908
/Users/bround/Documents/Projects/GimbalProject/test_videos/antiuav_rgbt_train_20190925_205804_1_2_infrared.mp4,622,1,325,330,393,379,propagated:0.925
/Users/bround/Documents/Projects/GimbalProject/test_videos/antiuav_rgbt_train_20190925_205804_1_2_infrared.mp4,623,1,329,349,397,398,propagated:0.983
/Users/bround/Documents/Projects/GimbalProject/test_videos/antiuav_rgbt_train_20190925_205804_1_2_infrared.mp4,624,1,332,349,400,398,propagated:0.981
/Users/bround/Documents/Projects/GimbalProject/test_videos/antiuav_rgbt_train_20190925_205804_1_2_infrared.mp4,625,1,336,347,404,396,propagated:0.989
/Users/bround/Documents/Projects/GimbalProject/test_videos/antiuav_rgbt_train_20190925_205804_1_2_infrared.mp4,626,1,340,346,408,395,propagated:0.978
/Users/bround/Documents/Projects/GimbalProject/test_videos/antiuav_rgbt_train_20190925_205804_1_2_infrared.mp4,627,1,343,346,411,395,propagated:0.991
/Users/bround/Documents/Projects/GimbalProject/test_videos/antiuav_rgbt_train_20190925_205804_1_2_infrared.mp4,628,1,347,345,415,394,propagated:0.988
/Users/bround/Documents/Projects/GimbalProject/test_videos/antiuav_rgbt_train_20190925_205804_1_2_infrared.mp4,629,1,351,344,419,393,propagated:0.983
/Users/bround/Documents/Projects/GimbalProject/test_videos/antiuav_rgbt_train_20190925_205804_1_2_infrared.mp4,630,1,354,343,422,392,propagated:0.990
/Users/bround/Documents/Projects/GimbalProject/test_videos/antiuav_rgbt_train_20190925_205804_1_2_infrared.mp4,631,1,358,342,426,391,propagated:0.994
/Users/bround/Documents/Projects/GimbalProject/test_videos/antiuav_rgbt_train_20190925_205804_1_2_infrared.mp4,632,1,256,338,324,387,propagated:0.787
/Users/bround/Documents/Projects/GimbalProject/test_videos/antiuav_rgbt_train_20190925_205804_1_2_infrared.mp4,633,1,191,337,259,386,propagated:0.904
/Users/bround/Documents/Projects/GimbalProject/test_videos/antiuav_rgbt_train_20190925_205804_1_2_infrared.mp4,634,1,181,337,249,386,propagated:0.976
/Users/bround/Documents/Projects/GimbalProject/test_videos/antiuav_rgbt_train_20190925_205804_1_2_infrared.mp4,635,1,191,335,259,384,propagated:0.986
/Users/bround/Documents/Projects/GimbalProject/test_videos/antiuav_rgbt_train_20190925_205804_1_2_infrared.mp4,636,1,192,334,260,383,propagated:0.985
/Users/bround/Documents/Projects/GimbalProject/test_videos/antiuav_rgbt_train_20190925_205804_1_2_infrared.mp4,637,1,193,333,261,382,propagated:0.991
/Users/bround/Documents/Projects/GimbalProject/test_videos/antiuav_rgbt_train_20190925_205804_1_2_infrared.mp4,638,1,196,332,264,381,propagated:0.993
/Users/bround/Documents/Projects/GimbalProject/test_videos/antiuav_rgbt_train_20190925_205804_1_2_infrared.mp4,639,1,200,330,268,379,propagated:0.984
/Users/bround/Documents/Projects/GimbalProject/test_videos/antiuav_rgbt_train_20190925_205804_1_2_infrared.mp4,640,1,203,329,271,378,propagated:0.992
/Users/bround/Documents/Projects/GimbalProject/test_videos/antiuav_rgbt_train_20190925_205804_1_2_infrared.mp4,641,1,206,328,274,377,propagated:0.987
/Users/bround/Documents/Projects/GimbalProject/test_videos/antiuav_rgbt_train_20190925_205804_1_2_infrared.mp4,642,1,210,327,278,376,propagated:0.994
/Users/bround/Documents/Projects/GimbalProject/test_videos/antiuav_rgbt_train_20190925_205804_1_2_infrared.mp4,643,1,214,326,282,375,propagated:0.987
/Users/bround/Documents/Projects/GimbalProject/test_videos/antiuav_rgbt_train_20190925_205804_1_2_infrared.mp4,644,1,217,325,285,374,propagated:0.994
/Users/bround/Documents/Projects/GimbalProject/test_videos/antiuav_rgbt_train_20190925_205804_1_2_infrared.mp4,645,1,221,324,289,373,propagated:0.996
/Users/bround/Documents/Projects/GimbalProject/test_videos/antiuav_rgbt_train_20190925_205804_1_2_infrared.mp4,646,1,225,323,293,372,propagated:0.984
/Users/bround/Documents/Projects/GimbalProject/test_videos/antiuav_rgbt_train_20190925_205804_1_2_infrared.mp4,647,1,228,322,296,371,propagated:0.992
/Users/bround/Documents/Projects/GimbalProject/test_videos/antiuav_rgbt_train_20190925_205804_1_2_infrared.mp4,648,1,232,321,300,370,propagated:0.997
/Users/bround/Documents/Projects/GimbalProject/test_videos/antiuav_rgbt_train_20190925_205804_1_2_infrared.mp4,649,1,236,320,304,369,propagated:0.990
/Users/bround/Documents/Projects/GimbalProject/test_videos/antiuav_rgbt_train_20190925_205804_1_2_infrared.mp4,650,1,239,319,307,368,propagated:0.990
/Users/bround/Documents/Projects/GimbalProject/test_videos/antiuav_rgbt_train_20190925_205804_1_2_infrared.mp4,651,1,243,318,311,367,propagated:0.992
/Users/bround/Documents/Projects/GimbalProject/test_videos/antiuav_rgbt_train_20190925_205804_1_2_infrared.mp4,652,1,246,317,314,366,propagated:0.990
/Users/bround/Documents/Projects/GimbalProject/test_videos/antiuav_rgbt_train_20190925_205804_1_2_infrared.mp4,653,1,250,316,318,365,propagated:0.998
/Users/bround/Documents/Projects/GimbalProject/test_videos/antiuav_rgbt_train_20190925_205804_1_2_infrared.mp4,654,1,254,315,322,364,propagated:0.985
/Users/bround/Documents/Projects/GimbalProject/test_videos/antiuav_rgbt_train_20190925_205804_1_2_infrared.mp4,655,1,257,314,325,363,propagated:0.986
/Users/bround/Documents/Projects/GimbalProject/test_videos/antiuav_rgbt_train_20190925_205804_1_2_infrared.mp4,656,1,261,313,329,362,propagated:0.996
/Users/bround/Documents/Projects/GimbalProject/test_videos/antiuav_rgbt_train_20190925_205804_1_2_infrared.mp4,657,1,265,313,333,362,propagated:0.985
/Users/bround/Documents/Projects/GimbalProject/test_videos/antiuav_rgbt_train_20190925_205804_1_2_infrared.mp4,658,1,268,312,336,361,propagated:0.992
/Users/bround/Documents/Projects/GimbalProject/test_videos/antiuav_rgbt_train_20190925_205804_1_2_infrared.mp4,659,1,272,311,340,360,propagated:0.995
/Users/bround/Documents/Projects/GimbalProject/test_videos/antiuav_rgbt_train_20190925_205804_1_2_infrared.mp4,660,1,276,310,344,359,propagated:0.990
/Users/bround/Documents/Projects/GimbalProject/test_videos/antiuav_rgbt_train_20190925_205804_1_2_infrared.mp4,661,1,280,310,348,359,propagated:0.985
/Users/bround/Documents/Projects/GimbalProject/test_videos/antiuav_rgbt_train_20190925_205804_1_2_infrared.mp4,662,1,283,309,351,358,propagated:0.986
/Users/bround/Documents/Projects/GimbalProject/test_videos/antiuav_rgbt_train_20190925_205804_1_2_infrared.mp4,663,1,287,308,355,357,propagated:0.992
/Users/bround/Documents/Projects/GimbalProject/test_videos/antiuav_rgbt_train_20190925_205804_1_2_infrared.mp4,664,1,291,307,359,356,propagated:0.991
/Users/bround/Documents/Projects/GimbalProject/test_videos/antiuav_rgbt_train_20190925_205804_1_2_infrared.mp4,665,1,294,306,362,355,propagated:0.994
/Users/bround/Documents/Projects/GimbalProject/test_videos/antiuav_rgbt_train_20190925_205804_1_2_infrared.mp4,666,1,298,305,366,354,propagated:0.997
/Users/bround/Documents/Projects/GimbalProject/test_videos/antiuav_rgbt_train_20190925_205804_1_2_infrared.mp4,667,1,301,304,369,353,propagated:0.983
/Users/bround/Documents/Projects/GimbalProject/test_videos/antiuav_rgbt_train_20190925_205804_1_2_infrared.mp4,668,1,305,304,373,353,propagated:0.988
/Users/bround/Documents/Projects/GimbalProject/test_videos/antiuav_rgbt_train_20190925_205804_1_2_infrared.mp4,669,1,309,303,377,352,propagated:0.985
/Users/bround/Documents/Projects/GimbalProject/test_videos/antiuav_rgbt_train_20190925_205804_1_2_infrared.mp4,670,1,312,302,380,351,propagated:0.988
/Users/bround/Documents/Projects/GimbalProject/test_videos/antiuav_rgbt_train_20190925_205804_1_2_infrared.mp4,671,1,316,301,384,350,propagated:0.983
/Users/bround/Documents/Projects/GimbalProject/test_videos/antiuav_rgbt_train_20190925_205804_1_2_infrared.mp4,672,1,319,300,387,349,propagated:0.985
/Users/bround/Documents/Projects/GimbalProject/test_videos/antiuav_rgbt_train_20190925_205804_1_2_infrared.mp4,673,1,323,299,391,348,propagated:0.994
/Users/bround/Documents/Projects/GimbalProject/test_videos/antiuav_rgbt_train_20190925_205804_1_2_infrared.mp4,674,1,327,299,395,348,propagated:0.985
/Users/bround/Documents/Projects/GimbalProject/test_videos/antiuav_rgbt_train_20190925_205804_1_2_infrared.mp4,675,1,330,298,398,347,propagated:0.992
/Users/bround/Documents/Projects/GimbalProject/test_videos/antiuav_rgbt_train_20190925_205804_1_2_infrared.mp4,676,1,334,297,402,346,propagated:0.991
/Users/bround/Documents/Projects/GimbalProject/test_videos/antiuav_rgbt_train_20190925_205804_1_2_infrared.mp4,677,1,338,296,406,345,propagated:0.991
/Users/bround/Documents/Projects/GimbalProject/test_videos/antiuav_rgbt_train_20190925_205804_1_2_infrared.mp4,678,1,341,295,409,344,propagated:0.990
/Users/bround/Documents/Projects/GimbalProject/test_videos/antiuav_rgbt_train_20190925_205804_1_2_infrared.mp4,679,1,345,294,413,343,propagated:0.995
/Users/bround/Documents/Projects/GimbalProject/test_videos/antiuav_rgbt_train_20190925_205804_1_2_infrared.mp4,680,1,348,293,416,342,propagated:0.987
/Users/bround/Documents/Projects/GimbalProject/test_videos/antiuav_rgbt_train_20190925_205804_1_2_infrared.mp4,681,1,260,290,328,339,propagated:0.779
/Users/bround/Documents/Projects/GimbalProject/test_videos/antiuav_rgbt_train_20190925_205804_1_2_infrared.mp4,682,1,225,289,293,338,propagated:0.984
/Users/bround/Documents/Projects/GimbalProject/test_videos/antiuav_rgbt_train_20190925_205804_1_2_infrared.mp4,683,1,235,288,303,337,propagated:0.991
/Users/bround/Documents/Projects/GimbalProject/test_videos/antiuav_rgbt_train_20190925_205804_1_2_infrared.mp4,684,1,239,288,307,337,propagated:0.990
/Users/bround/Documents/Projects/GimbalProject/test_videos/antiuav_rgbt_train_20190925_205804_1_2_infrared.mp4,685,1,238,287,306,336,propagated:0.993
/Users/bround/Documents/Projects/GimbalProject/test_videos/antiuav_rgbt_train_20190925_205804_1_2_infrared.mp4,686,1,240,286,308,335,propagated:0.992
/Users/bround/Documents/Projects/GimbalProject/test_videos/antiuav_rgbt_train_20190925_205804_1_2_infrared.mp4,687,1,244,285,312,334,propagated:0.985
/Users/bround/Documents/Projects/GimbalProject/test_videos/antiuav_rgbt_train_20190925_205804_1_2_infrared.mp4,688,1,247,285,315,334,propagated:0.995
/Users/bround/Documents/Projects/GimbalProject/test_videos/antiuav_rgbt_train_20190925_205804_1_2_infrared.mp4,689,1,250,284,318,333,propagated:0.997
/Users/bround/Documents/Projects/GimbalProject/test_videos/antiuav_rgbt_train_20190925_205804_1_2_infrared.mp4,690,1,253,283,321,332,propagated:0.989
/Users/bround/Documents/Projects/GimbalProject/test_videos/antiuav_rgbt_train_20190925_205804_1_2_infrared.mp4,691,1,256,283,324,332,propagated:0.987
/Users/bround/Documents/Projects/GimbalProject/test_videos/antiuav_rgbt_train_20190925_205804_1_2_infrared.mp4,692,1,260,282,328,331,propagated:0.993
/Users/bround/Documents/Projects/GimbalProject/test_videos/antiuav_rgbt_train_20190925_205804_1_2_infrared.mp4,693,1,263,281,331,330,propagated:0.997
/Users/bround/Documents/Projects/GimbalProject/test_videos/antiuav_rgbt_train_20190925_205804_1_2_infrared.mp4,694,1,266,281,334,330,propagated:0.984
/Users/bround/Documents/Projects/GimbalProject/test_videos/antiuav_rgbt_train_20190925_205804_1_2_infrared.mp4,695,1,270,280,338,329,propagated:0.995
/Users/bround/Documents/Projects/GimbalProject/test_videos/antiuav_rgbt_train_20190925_205804_1_2_infrared.mp4,696,1,273,279,341,328,propagated:0.995
/Users/bround/Documents/Projects/GimbalProject/test_videos/antiuav_rgbt_train_20190925_205804_1_2_infrared.mp4,697,1,277,278,345,327,propagated:0.984
/Users/bround/Documents/Projects/GimbalProject/test_videos/antiuav_rgbt_train_20190925_205804_1_2_infrared.mp4,698,1,280,278,348,327,propagated:0.994
/Users/bround/Documents/Projects/GimbalProject/test_videos/antiuav_rgbt_train_20190925_205804_1_2_infrared.mp4,699,1,283,276,351,325,propagated:0.980
/Users/bround/Documents/Projects/GimbalProject/test_videos/antiuav_rgbt_train_20190925_205804_1_2_infrared.mp4,700,1,287,276,355,325,propagated:0.985
/Users/bround/Documents/Projects/GimbalProject/test_videos/antiuav_rgbt_train_20190925_205804_1_2_infrared.mp4,701,1,290,275,358,324,propagated:0.982
/Users/bround/Documents/Projects/GimbalProject/test_videos/antiuav_rgbt_train_20190925_205804_1_2_infrared.mp4,702,1,294,274,362,323,propagated:0.989
/Users/bround/Documents/Projects/GimbalProject/test_videos/antiuav_rgbt_train_20190925_205804_1_2_infrared.mp4,703,1,297,273,365,322,propagated:0.993
/Users/bround/Documents/Projects/GimbalProject/test_videos/antiuav_rgbt_train_20190925_205804_1_2_infrared.mp4,704,1,301,273,369,322,propagated:0.988
/Users/bround/Documents/Projects/GimbalProject/test_videos/antiuav_rgbt_train_20190925_205804_1_2_infrared.mp4,705,1,304,272,372,321,propagated:0.997
/Users/bround/Documents/Projects/GimbalProject/test_videos/antiuav_rgbt_train_20190925_205804_1_2_infrared.mp4,706,1,308,271,376,320,propagated:0.989
/Users/bround/Documents/Projects/GimbalProject/test_videos/antiuav_rgbt_train_20190925_205804_1_2_infrared.mp4,707,1,311,270,379,319,propagated:0.990
/Users/bround/Documents/Projects/GimbalProject/test_videos/antiuav_rgbt_train_20190925_205804_1_2_infrared.mp4,708,1,314,270,382,319,propagated:0.986
/Users/bround/Documents/Projects/GimbalProject/test_videos/antiuav_rgbt_train_20190925_205804_1_2_infrared.mp4,709,1,318,269,386,318,propagated:0.994
/Users/bround/Documents/Projects/GimbalProject/test_videos/antiuav_rgbt_train_20190925_205804_1_2_infrared.mp4,710,1,321,268,389,317,propagated:0.993
/Users/bround/Documents/Projects/GimbalProject/test_videos/antiuav_rgbt_train_20190925_205804_1_2_infrared.mp4,711,1,324,267,392,316,propagated:0.979
/Users/bround/Documents/Projects/GimbalProject/test_videos/antiuav_rgbt_train_20190925_205804_1_2_infrared.mp4,712,1,328,266,396,315,propagated:0.988
/Users/bround/Documents/Projects/GimbalProject/test_videos/antiuav_rgbt_train_20190925_205804_1_2_infrared.mp4,713,1,331,265,399,314,propagated:0.986
/Users/bround/Documents/Projects/GimbalProject/test_videos/antiuav_rgbt_train_20190925_205804_1_2_infrared.mp4,714,1,335,265,403,314,propagated:0.996
/Users/bround/Documents/Projects/GimbalProject/test_videos/antiuav_rgbt_train_20190925_205804_1_2_infrared.mp4,715,1,338,264,406,313,propagated:0.993
/Users/bround/Documents/Projects/GimbalProject/test_videos/antiuav_rgbt_train_20190925_205804_1_2_infrared.mp4,716,1,342,263,410,312,propagated:0.997
/Users/bround/Documents/Projects/GimbalProject/test_videos/antiuav_rgbt_train_20190925_205804_1_2_infrared.mp4,717,1,267,261,335,310,propagated:0.784
/Users/bround/Documents/Projects/GimbalProject/test_videos/antiuav_rgbt_train_20190925_205804_1_2_infrared.mp4,718,1,204,260,272,309,propagated:0.939
/Users/bround/Documents/Projects/GimbalProject/test_videos/antiuav_rgbt_train_20190925_205804_1_2_infrared.mp4,719,1,202,260,270,309,propagated:0.979
/Users/bround/Documents/Projects/GimbalProject/test_videos/antiuav_rgbt_train_20190925_205804_1_2_infrared.mp4,720,1,212,259,280,308,propagated:0.989
/Users/bround/Documents/Projects/GimbalProject/test_videos/antiuav_rgbt_train_20190925_205804_1_2_infrared.mp4,721,1,212,258,280,307,propagated:0.999
/Users/bround/Documents/Projects/GimbalProject/test_videos/antiuav_rgbt_train_20190925_205804_1_2_infrared.mp4,722,1,213,257,281,306,propagated:0.998
/Users/bround/Documents/Projects/GimbalProject/test_videos/antiuav_rgbt_train_20190925_205804_1_2_infrared.mp4,723,1,216,257,284,306,propagated:0.988
/Users/bround/Documents/Projects/GimbalProject/test_videos/antiuav_rgbt_train_20190925_205804_1_2_infrared.mp4,724,1,220,256,288,305,propagated:0.993
/Users/bround/Documents/Projects/GimbalProject/test_videos/antiuav_rgbt_train_20190925_205804_1_2_infrared.mp4,725,1,223,255,291,304,propagated:0.996
/Users/bround/Documents/Projects/GimbalProject/test_videos/antiuav_rgbt_train_20190925_205804_1_2_infrared.mp4,726,1,227,254,295,303,propagated:0.985
/Users/bround/Documents/Projects/GimbalProject/test_videos/antiuav_rgbt_train_20190925_205804_1_2_infrared.mp4,727,1,230,254,298,303,propagated:0.989
/Users/bround/Documents/Projects/GimbalProject/test_videos/antiuav_rgbt_train_20190925_205804_1_2_infrared.mp4,728,1,234,253,302,302,propagated:0.997
/Users/bround/Documents/Projects/GimbalProject/test_videos/antiuav_rgbt_train_20190925_205804_1_2_infrared.mp4,729,1,238,252,306,301,propagated:0.987
/Users/bround/Documents/Projects/GimbalProject/test_videos/antiuav_rgbt_train_20190925_205804_1_2_infrared.mp4,730,1,242,252,310,301,propagated:0.996
/Users/bround/Documents/Projects/GimbalProject/test_videos/antiuav_rgbt_train_20190925_205804_1_2_infrared.mp4,731,1,246,251,314,300,propagated:0.996
/Users/bround/Documents/Projects/GimbalProject/test_videos/antiuav_rgbt_train_20190925_205804_1_2_infrared.mp4,732,1,250,251,318,300,propagated:0.991
/Users/bround/Documents/Projects/GimbalProject/test_videos/antiuav_rgbt_train_20190925_205804_1_2_infrared.mp4,733,1,254,250,322,299,propagated:0.992
/Users/bround/Documents/Projects/GimbalProject/test_videos/antiuav_rgbt_train_20190925_205804_1_2_infrared.mp4,734,1,258,249,326,298,propagated:0.986
/Users/bround/Documents/Projects/GimbalProject/test_videos/antiuav_rgbt_train_20190925_205804_1_2_infrared.mp4,735,1,262,249,330,298,propagated:0.993
/Users/bround/Documents/Projects/GimbalProject/test_videos/antiuav_rgbt_train_20190925_205804_1_2_infrared.mp4,736,1,266,248,334,297,propagated:0.991
/Users/bround/Documents/Projects/GimbalProject/test_videos/antiuav_rgbt_train_20190925_205804_1_2_infrared.mp4,737,1,270,248,338,297,propagated:0.996
/Users/bround/Documents/Projects/GimbalProject/test_videos/antiuav_rgbt_train_20190925_205804_1_2_infrared.mp4,738,1,274,247,342,296,propagated:0.997
/Users/bround/Documents/Projects/GimbalProject/test_videos/antiuav_rgbt_train_20190925_205804_1_2_infrared.mp4,739,1,278,247,346,296,propagated:0.986
/Users/bround/Documents/Projects/GimbalProject/test_videos/antiuav_rgbt_train_20190925_205804_1_2_infrared.mp4,740,1,282,246,350,295,propagated:0.992
/Users/bround/Documents/Projects/GimbalProject/test_videos/antiuav_rgbt_train_20190925_205804_1_2_infrared.mp4,741,1,286,245,354,294,propagated:0.996
/Users/bround/Documents/Projects/GimbalProject/test_videos/antiuav_rgbt_train_20190925_205804_1_2_infrared.mp4,742,1,290,245,358,294,propagated:0.988
/Users/bround/Documents/Projects/GimbalProject/test_videos/antiuav_rgbt_train_20190925_205804_1_2_infrared.mp4,743,1,295,244,363,293,propagated:0.986
/Users/bround/Documents/Projects/GimbalProject/test_videos/antiuav_rgbt_train_20190925_205804_1_2_infrared.mp4,744,1,299,244,367,293,propagated:0.993
/Users/bround/Documents/Projects/GimbalProject/test_videos/antiuav_rgbt_train_20190925_205804_1_2_infrared.mp4,745,1,303,243,371,292,propagated:0.993
/Users/bround/Documents/Projects/GimbalProject/test_videos/antiuav_rgbt_train_20190925_205804_1_2_infrared.mp4,746,1,308,243,376,292,propagated:0.992
/Users/bround/Documents/Projects/GimbalProject/test_videos/antiuav_rgbt_train_20190925_205804_1_2_infrared.mp4,747,1,312,242,380,291,propagated:0.993
/Users/bround/Documents/Projects/GimbalProject/test_videos/antiuav_rgbt_train_20190925_205804_1_2_infrared.mp4,748,1,316,242,384,291,propagated:0.986
/Users/bround/Documents/Projects/GimbalProject/test_videos/antiuav_rgbt_train_20190925_205804_1_2_infrared.mp4,749,1,321,241,389,290,propagated:0.992
/Users/bround/Documents/Projects/GimbalProject/test_videos/antiuav_rgbt_train_20190925_205804_1_2_infrared.mp4,750,1,325,241,393,290,propagated:0.996
/Users/bround/Documents/Projects/GimbalProject/test_videos/antiuav_rgbt_train_20190925_205804_1_2_infrared.mp4,751,1,329,240,397,289,propagated:0.985
/Users/bround/Documents/Projects/GimbalProject/test_videos/antiuav_rgbt_train_20190925_205804_1_2_infrared.mp4,752,1,334,240,402,289,propagated:0.997
/Users/bround/Documents/Projects/GimbalProject/test_videos/antiuav_rgbt_train_20190925_205804_1_2_infrared.mp4,753,1,338,240,406,289,propagated:0.990
/Users/bround/Documents/Projects/GimbalProject/test_videos/antiuav_rgbt_train_20190925_205804_1_2_infrared.mp4,754,1,343,239,411,288,propagated:0.996
/Users/bround/Documents/Projects/GimbalProject/test_videos/antiuav_rgbt_train_20190925_205804_1_2_infrared.mp4,755,1,347,239,415,288,propagated:0.986
/Users/bround/Documents/Projects/GimbalProject/test_videos/antiuav_rgbt_train_20190925_205804_1_2_infrared.mp4,756,1,311,237,379,286,propagated:0.798
/Users/bround/Documents/Projects/GimbalProject/test_videos/antiuav_rgbt_train_20190925_205804_1_2_infrared.mp4,757,1,238,237,306,286,propagated:0.853
/Users/bround/Documents/Projects/GimbalProject/test_videos/antiuav_rgbt_train_20190925_205804_1_2_infrared.mp4,758,1,182,237,250,286,propagated:0.960
/Users/bround/Documents/Projects/GimbalProject/test_videos/antiuav_rgbt_train_20190925_205804_1_2_infrared.mp4,759,1,182,237,250,286,propagated:0.978
/Users/bround/Documents/Projects/GimbalProject/test_videos/antiuav_rgbt_train_20190925_205804_1_2_infrared.mp4,760,1,192,237,260,286,propagated:0.980
/Users/bround/Documents/Projects/GimbalProject/test_videos/antiuav_rgbt_train_20190925_205804_1_2_infrared.mp4,761,1,193,237,261,286,propagated:0.985
/Users/bround/Documents/Projects/GimbalProject/test_videos/antiuav_rgbt_train_20190925_205804_1_2_infrared.mp4,762,1,196,236,264,285,propagated:0.993
/Users/bround/Documents/Projects/GimbalProject/test_videos/antiuav_rgbt_train_20190925_205804_1_2_infrared.mp4,763,1,200,236,268,285,propagated:0.994
/Users/bround/Documents/Projects/GimbalProject/test_videos/antiuav_rgbt_train_20190925_205804_1_2_infrared.mp4,764,1,205,236,273,285,propagated:0.997
/Users/bround/Documents/Projects/GimbalProject/test_videos/antiuav_rgbt_train_20190925_205804_1_2_infrared.mp4,765,1,209,235,277,284,propagated:0.990
/Users/bround/Documents/Projects/GimbalProject/test_videos/antiuav_rgbt_train_20190925_205804_1_2_infrared.mp4,766,1,214,235,282,284,propagated:0.994
/Users/bround/Documents/Projects/GimbalProject/test_videos/antiuav_rgbt_train_20190925_205804_1_2_infrared.mp4,767,1,219,235,287,284,propagated:0.993
/Users/bround/Documents/Projects/GimbalProject/test_videos/antiuav_rgbt_train_20190925_205804_1_2_infrared.mp4,768,1,224,235,292,284,propagated:0.986
/Users/bround/Documents/Projects/GimbalProject/test_videos/antiuav_rgbt_train_20190925_205804_1_2_infrared.mp4,769,1,228,234,296,283,propagated:0.986
/Users/bround/Documents/Projects/GimbalProject/test_videos/antiuav_rgbt_train_20190925_205804_1_2_infrared.mp4,770,1,233,234,301,283,propagated:0.989
/Users/bround/Documents/Projects/GimbalProject/test_videos/antiuav_rgbt_train_20190925_205804_1_2_infrared.mp4,771,1,238,234,306,283,propagated:0.992
/Users/bround/Documents/Projects/GimbalProject/test_videos/antiuav_rgbt_train_20190925_205804_1_2_infrared.mp4,772,1,243,233,311,282,propagated:0.994
/Users/bround/Documents/Projects/GimbalProject/test_videos/antiuav_rgbt_train_20190925_205804_1_2_infrared.mp4,773,1,248,233,316,282,propagated:0.995
/Users/bround/Documents/Projects/GimbalProject/test_videos/antiuav_rgbt_train_20190925_205804_1_2_infrared.mp4,774,1,253,233,321,282,propagated:0.994
/Users/bround/Documents/Projects/GimbalProject/test_videos/antiuav_rgbt_train_20190925_205804_1_2_infrared.mp4,775,1,258,232,326,281,propagated:0.986
/Users/bround/Documents/Projects/GimbalProject/test_videos/antiuav_rgbt_train_20190925_205804_1_2_infrared.mp4,776,1,263,232,331,281,propagated:0.989
/Users/bround/Documents/Projects/GimbalProject/test_videos/antiuav_rgbt_train_20190925_205804_1_2_infrared.mp4,777,1,268,232,336,281,propagated:0.992
/Users/bround/Documents/Projects/GimbalProject/test_videos/antiuav_rgbt_train_20190925_205804_1_2_infrared.mp4,778,1,273,232,341,281,propagated:0.986
/Users/bround/Documents/Projects/GimbalProject/test_videos/antiuav_rgbt_train_20190925_205804_1_2_infrared.mp4,779,1,278,231,346,280,propagated:0.989
/Users/bround/Documents/Projects/GimbalProject/test_videos/antiuav_rgbt_train_20190925_205804_1_2_infrared.mp4,780,1,283,231,351,280,propagated:0.988
/Users/bround/Documents/Projects/GimbalProject/test_videos/antiuav_rgbt_train_20190925_205804_1_2_infrared.mp4,781,1,288,231,356,280,propagated:0.990
/Users/bround/Documents/Projects/GimbalProject/test_videos/antiuav_rgbt_train_20190925_205804_1_2_infrared.mp4,782,1,293,230,361,279,propagated:0.997
/Users/bround/Documents/Projects/GimbalProject/test_videos/antiuav_rgbt_train_20190925_205804_1_2_infrared.mp4,783,1,298,230,366,279,propagated:0.997
/Users/bround/Documents/Projects/GimbalProject/test_videos/antiuav_rgbt_train_20190925_205804_1_2_infrared.mp4,784,1,303,230,371,279,propagated:0.998
/Users/bround/Documents/Projects/GimbalProject/test_videos/antiuav_rgbt_train_20190925_205804_1_2_infrared.mp4,785,1,308,230,376,279,propagated:0.992
/Users/bround/Documents/Projects/GimbalProject/test_videos/antiuav_rgbt_train_20190925_205804_1_2_infrared.mp4,786,1,313,230,381,279,propagated:0.993
/Users/bround/Documents/Projects/GimbalProject/test_videos/antiuav_rgbt_train_20190925_205804_1_2_infrared.mp4,787,1,318,230,386,279,propagated:0.994
/Users/bround/Documents/Projects/GimbalProject/test_videos/antiuav_rgbt_train_20190925_205804_1_2_infrared.mp4,788,1,323,229,391,278,propagated:0.987
/Users/bround/Documents/Projects/GimbalProject/test_videos/antiuav_rgbt_train_20190925_205804_1_2_infrared.mp4,789,1,328,229,396,278,propagated:0.991
/Users/bround/Documents/Projects/GimbalProject/test_videos/antiuav_rgbt_train_20190925_205804_1_2_infrared.mp4,790,1,333,229,401,278,propagated:0.990
/Users/bround/Documents/Projects/GimbalProject/test_videos/antiuav_rgbt_train_20190925_205804_1_2_infrared.mp4,791,1,268,228,336,277,propagated:0.793
/Users/bround/Documents/Projects/GimbalProject/test_videos/antiuav_rgbt_train_20190925_205804_1_2_infrared.mp4,792,1,198,228,266,277,propagated:0.867
/Users/bround/Documents/Projects/GimbalProject/test_videos/antiuav_rgbt_train_20190925_205804_1_2_infrared.mp4,793,1,164,228,232,277,propagated:0.982
/Users/bround/Documents/Projects/GimbalProject/test_videos/antiuav_rgbt_train_20190925_205804_1_2_infrared.mp4,794,1,175,228,243,277,propagated:0.988
/Users/bround/Documents/Projects/GimbalProject/test_videos/antiuav_rgbt_train_20190925_205804_1_2_infrared.mp4,795,1,181,228,249,277,propagated:0.980
/Users/bround/Documents/Projects/GimbalProject/test_videos/antiuav_rgbt_train_20190925_205804_1_2_infrared.mp4,796,1,182,227,250,276,propagated:0.984
/Users/bround/Documents/Projects/GimbalProject/test_videos/antiuav_rgbt_train_20190925_205804_1_2_infrared.mp4,797,1,186,227,254,276,propagated:0.986
/Users/bround/Documents/Projects/GimbalProject/test_videos/antiuav_rgbt_train_20190925_205804_1_2_infrared.mp4,798,1,191,227,259,276,propagated:0.989
/Users/bround/Documents/Projects/GimbalProject/test_videos/antiuav_rgbt_train_20190925_205804_1_2_infrared.mp4,799,1,196,227,264,276,propagated:0.995
/Users/bround/Documents/Projects/GimbalProject/test_videos/antiuav_rgbt_train_20190925_205804_1_2_infrared.mp4,800,1,201,227,269,276,propagated:0.996
/Users/bround/Documents/Projects/GimbalProject/test_videos/antiuav_rgbt_train_20190925_205804_1_2_infrared.mp4,801,1,206,227,274,276,propagated:0.998
/Users/bround/Documents/Projects/GimbalProject/test_videos/antiuav_rgbt_train_20190925_205804_1_2_infrared.mp4,802,1,211,227,279,276,propagated:0.996
/Users/bround/Documents/Projects/GimbalProject/test_videos/antiuav_rgbt_train_20190925_205804_1_2_infrared.mp4,803,1,216,227,284,276,propagated:0.993
/Users/bround/Documents/Projects/GimbalProject/test_videos/antiuav_rgbt_train_20190925_205804_1_2_infrared.mp4,804,1,222,227,290,276,propagated:0.994
/Users/bround/Documents/Projects/GimbalProject/test_videos/antiuav_rgbt_train_20190925_205804_1_2_infrared.mp4,805,1,227,227,295,276,propagated:0.997
/Users/bround/Documents/Projects/GimbalProject/test_videos/antiuav_rgbt_train_20190925_205804_1_2_infrared.mp4,806,1,232,227,300,276,propagated:0.988
/Users/bround/Documents/Projects/GimbalProject/test_videos/antiuav_rgbt_train_20190925_205804_1_2_infrared.mp4,807,1,238,227,306,276,propagated:0.993
/Users/bround/Documents/Projects/GimbalProject/test_videos/antiuav_rgbt_train_20190925_205804_1_2_infrared.mp4,808,1,243,227,311,276,propagated:0.997
/Users/bround/Documents/Projects/GimbalProject/test_videos/antiuav_rgbt_train_20190925_205804_1_2_infrared.mp4,809,1,248,227,316,276,propagated:0.992
/Users/bround/Documents/Projects/GimbalProject/test_videos/antiuav_rgbt_train_20190925_205804_1_2_infrared.mp4,810,1,254,227,322,276,propagated:0.995
/Users/bround/Documents/Projects/GimbalProject/test_videos/antiuav_rgbt_train_20190925_205804_1_2_infrared.mp4,811,1,259,227,327,276,propagated:0.989
/Users/bround/Documents/Projects/GimbalProject/test_videos/antiuav_rgbt_train_20190925_205804_1_2_infrared.mp4,812,1,265,227,333,276,propagated:0.993
/Users/bround/Documents/Projects/GimbalProject/test_videos/antiuav_rgbt_train_20190925_205804_1_2_infrared.mp4,813,1,270,227,338,276,propagated:0.996
/Users/bround/Documents/Projects/GimbalProject/test_videos/antiuav_rgbt_train_20190925_205804_1_2_infrared.mp4,814,1,275,228,343,277,propagated:0.986
/Users/bround/Documents/Projects/GimbalProject/test_videos/antiuav_rgbt_train_20190925_205804_1_2_infrared.mp4,815,1,281,228,349,277,propagated:0.991
/Users/bround/Documents/Projects/GimbalProject/test_videos/antiuav_rgbt_train_20190925_205804_1_2_infrared.mp4,816,1,286,228,354,277,propagated:0.992
/Users/bround/Documents/Projects/GimbalProject/test_videos/antiuav_rgbt_train_20190925_205804_1_2_infrared.mp4,817,1,292,228,360,277,propagated:0.993
/Users/bround/Documents/Projects/GimbalProject/test_videos/antiuav_rgbt_train_20190925_205804_1_2_infrared.mp4,818,1,297,228,365,277,propagated:0.993
/Users/bround/Documents/Projects/GimbalProject/test_videos/antiuav_rgbt_train_20190925_205804_1_2_infrared.mp4,819,1,303,228,371,277,propagated:0.991
/Users/bround/Documents/Projects/GimbalProject/test_videos/antiuav_rgbt_train_20190925_205804_1_2_infrared.mp4,820,1,308,228,376,277,propagated:0.986
/Users/bround/Documents/Projects/GimbalProject/test_videos/antiuav_rgbt_train_20190925_205804_1_2_infrared.mp4,821,1,313,228,381,277,propagated:0.983
/Users/bround/Documents/Projects/GimbalProject/test_videos/antiuav_rgbt_train_20190925_205804_1_2_infrared.mp4,822,1,319,228,387,277,propagated:0.989
/Users/bround/Documents/Projects/GimbalProject/test_videos/antiuav_rgbt_train_20190925_205804_1_2_infrared.mp4,823,1,324,229,392,278,propagated:0.992
/Users/bround/Documents/Projects/GimbalProject/test_videos/antiuav_rgbt_train_20190925_205804_1_2_infrared.mp4,824,1,330,229,398,278,propagated:0.993
/Users/bround/Documents/Projects/GimbalProject/test_videos/antiuav_rgbt_train_20190925_205804_1_2_infrared.mp4,825,1,255,231,323,280,propagated:0.807
/Users/bround/Documents/Projects/GimbalProject/test_videos/antiuav_rgbt_train_20190925_205804_1_2_infrared.mp4,826,1,188,231,256,280,propagated:0.878
/Users/bround/Documents/Projects/GimbalProject/test_videos/antiuav_rgbt_train_20190925_205804_1_2_infrared.mp4,827,1,126,232,194,281,propagated:0.923
/Users/bround/Documents/Projects/GimbalProject/test_videos/antiuav_rgbt_train_20190925_205804_1_2_infrared.mp4,828,1,103,232,171,281,propagated:0.972
/Users/bround/Documents/Projects/GimbalProject/test_videos/antiuav_rgbt_train_20190925_205804_1_2_infrared.mp4,829,1,115,232,183,281,propagated:0.983
/Users/bround/Documents/Projects/GimbalProject/test_videos/antiuav_rgbt_train_20190925_205804_1_2_infrared.mp4,830,1,120,233,188,282,propagated:0.979
/Users/bround/Documents/Projects/GimbalProject/test_videos/antiuav_rgbt_train_20190925_205804_1_2_infrared.mp4,831,1,122,233,190,282,propagated:0.992
/Users/bround/Documents/Projects/GimbalProject/test_videos/antiuav_rgbt_train_20190925_205804_1_2_infrared.mp4,832,1,126,233,194,282,propagated:0.991
/Users/bround/Documents/Projects/GimbalProject/test_videos/antiuav_rgbt_train_20190925_205804_1_2_infrared.mp4,833,1,132,234,200,283,propagated:0.997
/Users/bround/Documents/Projects/GimbalProject/test_videos/antiuav_rgbt_train_20190925_205804_1_2_infrared.mp4,834,1,137,234,205,283,propagated:0.993
/Users/bround/Documents/Projects/GimbalProject/test_videos/antiuav_rgbt_train_20190925_205804_1_2_infrared.mp4,835,1,142,234,210,283,propagated:0.991
/Users/bround/Documents/Projects/GimbalProject/test_videos/antiuav_rgbt_train_20190925_205804_1_2_infrared.mp4,836,1,148,235,216,284,propagated:0.994
/Users/bround/Documents/Projects/GimbalProject/test_videos/antiuav_rgbt_train_20190925_205804_1_2_infrared.mp4,837,1,153,235,221,284,propagated:0.992
/Users/bround/Documents/Projects/GimbalProject/test_videos/antiuav_rgbt_train_20190925_205804_1_2_infrared.mp4,838,1,159,235,227,284,propagated:0.992
/Users/bround/Documents/Projects/GimbalProject/test_videos/antiuav_rgbt_train_20190925_205804_1_2_infrared.mp4,839,1,164,236,232,285,propagated:0.986
/Users/bround/Documents/Projects/GimbalProject/test_videos/antiuav_rgbt_train_20190925_205804_1_2_infrared.mp4,840,1,170,236,238,285,propagated:0.995
/Users/bround/Documents/Projects/GimbalProject/test_videos/antiuav_rgbt_train_20190925_205804_1_2_infrared.mp4,841,1,176,236,244,285,propagated:0.994
/Users/bround/Documents/Projects/GimbalProject/test_videos/antiuav_rgbt_train_20190925_205804_1_2_infrared.mp4,842,1,181,236,249,285,propagated:0.995
/Users/bround/Documents/Projects/GimbalProject/test_videos/antiuav_rgbt_train_20190925_205804_1_2_infrared.mp4,843,1,187,237,255,286,propagated:0.990
/Users/bround/Documents/Projects/GimbalProject/test_videos/antiuav_rgbt_train_20190925_205804_1_2_infrared.mp4,844,1,193,237,261,286,propagated:0.996
/Users/bround/Documents/Projects/GimbalProject/test_videos/antiuav_rgbt_train_20190925_205804_1_2_infrared.mp4,845,1,199,237,267,286,propagated:0.993
/Users/bround/Documents/Projects/GimbalProject/test_videos/antiuav_rgbt_train_20190925_205804_1_2_infrared.mp4,846,1,204,237,272,286,propagated:0.993
/Users/bround/Documents/Projects/GimbalProject/test_videos/antiuav_rgbt_train_20190925_205804_1_2_infrared.mp4,847,1,210,238,278,287,propagated:0.996
/Users/bround/Documents/Projects/GimbalProject/test_videos/antiuav_rgbt_train_20190925_205804_1_2_infrared.mp4,848,1,216,238,284,287,propagated:0.995
/Users/bround/Documents/Projects/GimbalProject/test_videos/antiuav_rgbt_train_20190925_205804_1_2_infrared.mp4,849,1,221,238,289,287,propagated:0.992
/Users/bround/Documents/Projects/GimbalProject/test_videos/antiuav_rgbt_train_20190925_205804_1_2_infrared.mp4,850,1,227,239,295,288,propagated:0.988
/Users/bround/Documents/Projects/GimbalProject/test_videos/antiuav_rgbt_train_20190925_205804_1_2_infrared.mp4,851,1,233,239,301,288,propagated:0.994
/Users/bround/Documents/Projects/GimbalProject/test_videos/antiuav_rgbt_train_20190925_205804_1_2_infrared.mp4,852,1,239,239,307,288,propagated:0.988
/Users/bround/Documents/Projects/GimbalProject/test_videos/antiuav_rgbt_train_20190925_205804_1_2_infrared.mp4,853,1,244,240,312,289,propagated:0.988
/Users/bround/Documents/Projects/GimbalProject/test_videos/antiuav_rgbt_train_20190925_205804_1_2_infrared.mp4,854,1,250,240,318,289,propagated:0.995
/Users/bround/Documents/Projects/GimbalProject/test_videos/antiuav_rgbt_train_20190925_205804_1_2_infrared.mp4,855,1,256,240,324,289,propagated:0.996
/Users/bround/Documents/Projects/GimbalProject/test_videos/antiuav_rgbt_train_20190925_205804_1_2_infrared.mp4,856,1,262,240,330,289,propagated:0.986
/Users/bround/Documents/Projects/GimbalProject/test_videos/antiuav_rgbt_train_20190925_205804_1_2_infrared.mp4,857,1,268,241,336,290,propagated:0.993
/Users/bround/Documents/Projects/GimbalProject/test_videos/antiuav_rgbt_train_20190925_205804_1_2_infrared.mp4,858,1,273,241,341,290,propagated:0.993
/Users/bround/Documents/Projects/GimbalProject/test_videos/antiuav_rgbt_train_20190925_205804_1_2_infrared.mp4,859,1,279,241,347,290,propagated:0.995
/Users/bround/Documents/Projects/GimbalProject/test_videos/antiuav_rgbt_train_20190925_205804_1_2_infrared.mp4,860,1,285,242,353,291,propagated:0.991
/Users/bround/Documents/Projects/GimbalProject/test_videos/antiuav_rgbt_train_20190925_205804_1_2_infrared.mp4,861,1,291,242,359,291,propagated:0.992
/Users/bround/Documents/Projects/GimbalProject/test_videos/antiuav_rgbt_train_20190925_205804_1_2_infrared.mp4,862,1,297,242,365,291,propagated:0.993
/Users/bround/Documents/Projects/GimbalProject/test_videos/antiuav_rgbt_train_20190925_205804_1_2_infrared.mp4,863,1,303,243,371,292,propagated:0.988
/Users/bround/Documents/Projects/GimbalProject/test_videos/antiuav_rgbt_train_20190925_205804_1_2_infrared.mp4,864,1,298,244,366,293,propagated:0.843
/Users/bround/Documents/Projects/GimbalProject/test_videos/antiuav_rgbt_train_20190925_205804_1_2_infrared.mp4,865,1,230,244,298,293,propagated:0.845
/Users/bround/Documents/Projects/GimbalProject/test_videos/antiuav_rgbt_train_20190925_205804_1_2_infrared.mp4,866,1,164,244,232,293,propagated:0.915
/Users/bround/Documents/Projects/GimbalProject/test_videos/antiuav_rgbt_train_20190925_205804_1_2_infrared.mp4,867,1,143,245,211,294,propagated:0.978
/Users/bround/Documents/Projects/GimbalProject/test_videos/antiuav_rgbt_train_20190925_205804_1_2_infrared.mp4,868,1,156,245,224,294,propagated:0.977
/Users/bround/Documents/Projects/GimbalProject/test_videos/antiuav_rgbt_train_20190925_205804_1_2_infrared.mp4,869,1,161,245,229,294,propagated:0.977
/Users/bround/Documents/Projects/GimbalProject/test_videos/antiuav_rgbt_train_20190925_205804_1_2_infrared.mp4,870,1,163,246,231,295,propagated:0.984
/Users/bround/Documents/Projects/GimbalProject/test_videos/antiuav_rgbt_train_20190925_205804_1_2_infrared.mp4,871,1,168,247,236,296,propagated:0.991
/Users/bround/Documents/Projects/GimbalProject/test_videos/antiuav_rgbt_train_20190925_205804_1_2_infrared.mp4,872,1,174,247,242,296,propagated:0.998
/Users/bround/Documents/Projects/GimbalProject/test_videos/antiuav_rgbt_train_20190925_205804_1_2_infrared.mp4,873,1,179,247,247,296,propagated:0.994
/Users/bround/Documents/Projects/GimbalProject/test_videos/antiuav_rgbt_train_20190925_205804_1_2_infrared.mp4,874,1,185,248,253,297,propagated:0.995
/Users/bround/Documents/Projects/GimbalProject/test_videos/antiuav_rgbt_train_20190925_205804_1_2_infrared.mp4,875,1,191,248,259,297,propagated:0.996
/Users/bround/Documents/Projects/GimbalProject/test_videos/antiuav_rgbt_train_20190925_205804_1_2_infrared.mp4,876,1,197,248,265,297,propagated:0.994
/Users/bround/Documents/Projects/GimbalProject/test_videos/antiuav_rgbt_train_20190925_205804_1_2_infrared.mp4,877,1,203,249,271,298,propagated:0.996
/Users/bround/Documents/Projects/GimbalProject/test_videos/antiuav_rgbt_train_20190925_205804_1_2_infrared.mp4,878,1,209,249,277,298,propagated:0.993
/Users/bround/Documents/Projects/GimbalProject/test_videos/antiuav_rgbt_train_20190925_205804_1_2_infrared.mp4,879,1,215,250,283,299,propagated:0.990
/Users/bround/Documents/Projects/GimbalProject/test_videos/antiuav_rgbt_train_20190925_205804_1_2_infrared.mp4,880,1,221,250,289,299,propagated:0.997
/Users/bround/Documents/Projects/GimbalProject/test_videos/antiuav_rgbt_train_20190925_205804_1_2_infrared.mp4,881,1,227,251,295,300,propagated:0.992
/Users/bround/Documents/Projects/GimbalProject/test_videos/antiuav_rgbt_train_20190925_205804_1_2_infrared.mp4,882,1,233,251,301,300,propagated:0.998
/Users/bround/Documents/Projects/GimbalProject/test_videos/antiuav_rgbt_train_20190925_205804_1_2_infrared.mp4,883,1,239,251,307,300,propagated:0.996
/Users/bround/Documents/Projects/GimbalProject/test_videos/antiuav_rgbt_train_20190925_205804_1_2_infrared.mp4,884,1,245,252,313,301,propagated:0.994
/Users/bround/Documents/Projects/GimbalProject/test_videos/antiuav_rgbt_train_20190925_205804_1_2_infrared.mp4,885,1,251,252,319,301,propagated:0.993
/Users/bround/Documents/Projects/GimbalProject/test_videos/antiuav_rgbt_train_20190925_205804_1_2_infrared.mp4,886,1,257,252,325,301,propagated:0.990
/Users/bround/Documents/Projects/GimbalProject/test_videos/antiuav_rgbt_train_20190925_205804_1_2_infrared.mp4,887,1,263,253,331,302,propagated:0.992
/Users/bround/Documents/Projects/GimbalProject/test_videos/antiuav_rgbt_train_20190925_205804_1_2_infrared.mp4,888,1,269,253,337,302,propagated:0.990
/Users/bround/Documents/Projects/GimbalProject/test_videos/antiuav_rgbt_train_20190925_205804_1_2_infrared.mp4,889,1,275,253,343,302,propagated:0.988
/Users/bround/Documents/Projects/GimbalProject/test_videos/antiuav_rgbt_train_20190925_205804_1_2_infrared.mp4,890,1,281,254,349,303,propagated:0.988
/Users/bround/Documents/Projects/GimbalProject/test_videos/antiuav_rgbt_train_20190925_205804_1_2_infrared.mp4,891,1,287,255,355,304,propagated:0.989
/Users/bround/Documents/Projects/GimbalProject/test_videos/antiuav_rgbt_train_20190925_205804_1_2_infrared.mp4,892,1,293,255,361,304,propagated:0.998
/Users/bround/Documents/Projects/GimbalProject/test_videos/antiuav_rgbt_train_20190925_205804_1_2_infrared.mp4,893,1,299,255,367,304,propagated:0.997
